surface,route-or-file,source,access-definition,devices,languages,required-states,evidence-status
registered-feature,/tdf,tdf-hq/assets/feature-registry.json,"{""auth"":""public"",""permissions"":{""discover"":{},""view"":{}},""scope"":""none"",""flag"":null,""mobile"":{""kind"":""external-web"",""destination"":""https://tdf-app.pages.dev/tdf"",""documentedException"":null}}",desktop;tablet;phone;native-where-mapped,es;en,loading;empty;validation;denied;expired-session;cancel;slow;interrupted;retry;recovery;return;deep-link;partial-progress,"Observed public arrival: Chromium production bundle, isolated actual backend/PostgreSQL17, es-EC,320/1280px; final84-case evidence/public-runtime-final.json: zero axe violations, horizontal overflow, page errors or HTTP5xx. Other roles/states/languages/native remain untested unless separately evidenced."
registered-feature,/comercio,tdf-hq/assets/feature-registry.json,"{""auth"":""public"",""permissions"":{""discover"":{},""view"":{}},""scope"":""none"",""flag"":null,""mobile"":{""kind"":""external-web"",""destination"":""https://tdf-app.pages.dev/comercio"",""documentedException"":null}}",desktop;tablet;phone;native-where-mapped,es;en,loading;empty;validation;denied;expired-session;cancel;slow;interrupted;retry;recovery;return;deep-link;partial-progress,"Observed public arrival: Chromium production bundle, isolated actual backend/PostgreSQL17, es-EC,320/1280px; final84-case evidence/public-runtime-final.json: zero axe violations, horizontal overflow, page errors or HTTP5xx. Other roles/states/languages/native remain untested unless separately evidenced."
registered-feature,/distribucion,tdf-hq/assets/feature-registry.json,"{""auth"":""public"",""permissions"":{""discover"":{},""view"":{}},""scope"":""none"",""flag"":""distribution.public_storefront"",""mobile"":{""kind"":""external-web"",""destination"":""https://tdf-app.pages.dev/distribucion"",""documentedException"":""Protected release management remains authenticated.""}}",desktop;tablet;phone;native-where-mapped,es;en,loading;empty;validation;denied;expired-session;cancel;slow;interrupted;retry;recovery;return;deep-link;partial-progress,"Observed public arrival: Chromium production bundle, isolated actual backend/PostgreSQL17, es-EC,320/1280px; final84-case evidence/public-runtime-final.json: zero axe violations, horizontal overflow, page errors or HTTP5xx. Other roles/states/languages/native remain untested unless separately evidenced."
registered-feature,/inicio,tdf-hq/assets/feature-registry.json,"{""auth"":""public"",""permissions"":{""discover"":{},""view"":{}},""scope"":""none"",""flag"":null,""mobile"":{""kind"":""external-web"",""destination"":""https://tdf-app.pages.dev/inicio"",""documentedException"":""The pinned native client does not yet include the directory landing route; use the public responsive web home.""}}",desktop;tablet;phone;native-where-mapped,es;en,loading;empty;validation;denied;expired-session;cancel;slow;interrupted;retry;recovery;return;deep-link;partial-progress,"Observed public arrival: Chromium production bundle, isolated actual backend/PostgreSQL17, es-EC,320/1280px; final84-case evidence/public-runtime-final.json: zero axe violations, horizontal overflow, page errors or HTTP5xx. Other roles/states/languages/native remain untested unless separately evidenced."
registered-feature,/buscar,tdf-hq/assets/feature-registry.json,"{""auth"":""public"",""permissions"":{""discover"":{},""view"":{}},""scope"":""public-published-current-moderated"",""flag"":null,""mobile"":{""kind"":""native"",""destination"":""/(tabs)/directory"",""documentedException"":null}}",desktop;tablet;phone;native-where-mapped,es;en,loading;empty;validation;denied;expired-session;cancel;slow;interrupted;retry;recovery;return;deep-link;partial-progress,"Observed public arrival: Chromium production bundle, isolated actual backend/PostgreSQL17, es-EC,320/1280px; final84-case evidence/public-runtime-final.json: zero axe violations, horizontal overflow, page errors or HTTP5xx. Other roles/states/languages/native remain untested unless separately evidenced."
registered-feature,/directorio/:slug,tdf-hq/assets/feature-registry.json,"{""auth"":""public"",""permissions"":{""discover"":{},""view"":{}},""scope"":""none"",""flag"":null,""mobile"":{""kind"":""native-contextual"",""destination"":""/directory/profile/[slug]"",""documentedException"":null}}",desktop;tablet;phone;native-where-mapped,es;en,loading;empty;validation;denied;expired-session;cancel;slow;interrupted;retry;recovery;return;deep-link;partial-progress,inventoried;runtime coverage pending unless evidence register names exact journey
registered-feature,/clasificados/:slug,tdf-hq/assets/feature-registry.json,"{""auth"":""public"",""permissions"":{""discover"":{},""view"":{}},""scope"":""none"",""flag"":null,""mobile"":{""kind"":""native-contextual"",""destination"":""/directory/classified/[slug]"",""documentedException"":null}}",desktop;tablet;phone;native-where-mapped,es;en,loading;empty;validation;denied;expired-session;cancel;slow;interrupted;retry;recovery;return;deep-link;partial-progress,inventoried;runtime coverage pending unless evidence register names exact journey
registered-feature,/eventos/:eventId,tdf-hq/assets/feature-registry.json,"{""auth"":""public"",""permissions"":{""discover"":{},""view"":{}},""scope"":""none"",""flag"":null,""mobile"":{""kind"":""native-contextual"",""destination"":""/directory/event/[id]"",""documentedException"":null}}",desktop;tablet;phone;native-where-mapped,es;en,loading;empty;validation;denied;expired-session;cancel;slow;interrupted;retry;recovery;return;deep-link;partial-progress,inventoried;runtime coverage pending unless evidence register names exact journey
registered-feature,/venues/:venueId,tdf-hq/assets/feature-registry.json,"{""auth"":""public"",""permissions"":{""discover"":{},""view"":{}},""scope"":""none"",""flag"":null,""mobile"":{""kind"":""native-contextual"",""destination"":""/directory/venue/[id]"",""documentedException"":null}}",desktop;tablet;phone;native-where-mapped,es;en,loading;empty;validation;denied;expired-session;cancel;slow;interrupted;retry;recovery;return;deep-link;partial-progress,inventoried;runtime coverage pending unless evidence register names exact journey
registered-feature,/mis-clasificados,tdf-hq/assets/feature-registry.json,"{""auth"":""authenticated"",""permissions"":{""discover"":{},""view"":{""recordScope"":""explicit-manager""},""create"":{""recordScope"":""authenticated-adult-or-guardian-approved""},""edit"":{""recordScope"":""explicit-manager""},""submit"":{""recordScope"":""authenticated-adult-or-guardian-approved""}},""scope"":""explicit-manager"",""flag"":null,""mobile"":{""kind"":""native"",""destination"":""/directory/manage"",""documentedException"":null}}",desktop;tablet;phone;native-where-mapped,es;en,loading;empty;validation;denied;expired-session;cancel;slow;interrupted;retry;recovery;return;deep-link;partial-progress,"inventoried;runtime coverage pending unless evidence register names exact journey; Operational initial arrival: actual isolated Admin+Customer and Customer sessions, Chromium production bundle320/1280, operational-*-after.json. Denials/redirects recorded per route. Integrated28 affected cases: operational-focused-final.json. Missing local calendar OAuth returns500. Other roles/states/engines/native untested. Manager arrival:198 isolated real-session/PostgreSQL17 cases,320/1280,dbf548172 bundle; zero axe/overflow/pageerror/5xx (evidence/manager-runtime-dbf.json). Other journey states remain separately pending. Additional initial arrival coverage: 19 role fixtures x320/1280 Chromium es-EC, actual isolated session/API; see evidence/remaining-role-arrivals.json. Denials included; actions/other states/native remain untested unless separately evidenced."
registered-feature,/admin/directorio,tdf-hq/assets/feature-registry.json,"{""auth"":""authenticated"",""permissions"":{""discover"":{},""view"":{},""administer"":{}},""scope"":""admin-audited-review"",""flag"":null,""mobile"":{""kind"":""web-only"",""destination"":null,""documentedException"":""Administrative evidence review uses the responsive web control surface and is intentionally excluded from the native client.""}}",desktop;tablet;phone;native-where-mapped,es;en,loading;empty;validation;denied;expired-session;cancel;slow;interrupted;retry;recovery;return;deep-link;partial-progress,"inventoried;runtime coverage pending unless evidence register names exact journey; Operational initial arrival: actual isolated Admin+Customer and Customer sessions, Chromium production bundle320/1280, operational-*-after.json. Denials/redirects recorded per route. Integrated28 affected cases: operational-focused-final.json. Missing local calendar OAuth returns500. Other roles/states/engines/native untested. Manager arrival:198 isolated real-session/PostgreSQL17 cases,320/1280,dbf548172 bundle; zero axe/overflow/pageerror/5xx (evidence/manager-runtime-dbf.json). Other journey states remain separately pending. Additional initial arrival coverage: 19 role fixtures x320/1280 Chromium es-EC, actual isolated session/API; see evidence/remaining-role-arrivals.json. Denials included; actions/other states/native remain untested unless separately evidenced."
registered-feature,/fans,tdf-hq/assets/feature-registry.json,"{""auth"":""optional"",""permissions"":{""discover"":{},""view"":{},""create"":{""recordScope"":""authenticated-member""},""edit"":{""recordScope"":""owner-or-club-moderator""},""delete"":{""recordScope"":""owner-or-club-moderator""}},""scope"":""none"",""flag"":null,""mobile"":{""kind"":""native"",""destination"":""/(tabs)/social"",""documentedException"":null}}",desktop;tablet;phone;native-where-mapped,es;en,loading;empty;validation;denied;expired-session;cancel;slow;interrupted;retry;recovery;return;deep-link;partial-progress,"Observed public arrival: Chromium production bundle, isolated actual backend/PostgreSQL17, es-EC,320/1280px; final84-case evidence/public-runtime-final.json: zero axe violations, horizontal overflow, page errors or HTTP5xx. Other roles/states/languages/native remain untested unless separately evidenced."
registered-feature,/fans/clubs/:artistId,tdf-hq/assets/feature-registry.json,"{""auth"":""optional"",""permissions"":{""discover"":{},""view"":{},""create"":{""recordScope"":""authenticated-member""},""edit"":{""recordScope"":""owner-or-club-moderator""},""delete"":{""recordScope"":""owner-or-club-moderator""}},""scope"":""none"",""flag"":null,""mobile"":{""kind"":""native-contextual"",""destination"":""/artistDetail"",""documentedException"":null}}",desktop;tablet;phone;native-where-mapped,es;en,loading;empty;validation;denied;expired-session;cancel;slow;interrupted;retry;recovery;return;deep-link;partial-progress,inventoried;runtime coverage pending unless evidence register names exact journey
registered-feature,/fans/clubs/:artistId/members/:partyId,tdf-hq/assets/feature-registry.json,"{""auth"":""authenticated"",""permissions"":{""discover"":{},""view"":{}},""scope"":""none"",""flag"":null,""mobile"":{""kind"":""web-only"",""destination"":null,""documentedException"":""No native equivalent yet.""}}",desktop;tablet;phone;native-where-mapped,es;en,loading;empty;validation;denied;expired-session;cancel;slow;interrupted;retry;recovery;return;deep-link;partial-progress,inventoried;runtime coverage pending unless evidence register names exact journey
registered-feature,/artista/:slugOrId,tdf-hq/assets/feature-registry.json,"{""auth"":""public"",""permissions"":{""discover"":{},""view"":{}},""scope"":""none"",""flag"":null,""mobile"":{""kind"":""native-contextual"",""destination"":""/artistDetail"",""documentedException"":null}}",desktop;tablet;phone;native-where-mapped,es;en,loading;empty;validation;denied;expired-session;cancel;slow;interrupted;retry;recovery;return;deep-link;partial-progress,inventoried;runtime coverage pending unless evidence register names exact journey
registered-feature,/artista/crear,tdf-hq/assets/feature-registry.json,"{""auth"":""optional"",""permissions"":{""discover"":{},""view"":{},""create"":{""rolesAny"":[""Admin"",""Artist"",""Artista""]}},""scope"":""none"",""flag"":null,""mobile"":{""kind"":""native"",""destination"":""/createArtistProfile"",""documentedException"":null}}",desktop;tablet;phone;native-where-mapped,es;en,loading;empty;validation;denied;expired-session;cancel;slow;interrupted;retry;recovery;return;deep-link;partial-progress,"Observed public arrival: Chromium production bundle, isolated actual backend/PostgreSQL17, es-EC,320/1280px; final84-case evidence/public-runtime-final.json: zero axe violations, horizontal overflow, page errors or HTTP5xx. Other roles/states/languages/native remain untested unless separately evidenced."
registered-feature,/marketplace,tdf-hq/assets/feature-registry.json,"{""auth"":""optional"",""permissions"":{""discover"":{},""view"":{},""create"":{""recordScope"":""cart-or-customer""},""edit"":{""recordScope"":""order-owner-or-fulfillment-staff""},""delete"":{""recordScope"":""cart-owner-or-admin""}},""scope"":""none"",""flag"":null,""mobile"":{""kind"":""external-web"",""destination"":""https://tdf-app.pages.dev/marketplace"",""documentedException"":""Native commerce catalog is not implemented; secure checkout remains web based.""}}",desktop;tablet;phone;native-where-mapped,es;en,loading;empty;validation;denied;expired-session;cancel;slow;interrupted;retry;recovery;return;deep-link;partial-progress,"Observed public arrival: Chromium production bundle, isolated actual backend/PostgreSQL17, es-EC,320/1280px; final84-case evidence/public-runtime-final.json: zero axe violations, horizontal overflow, page errors or HTTP5xx. Other roles/states/languages/native remain untested unless separately evidenced."
registered-feature,/marketplace/orden/:orderId,tdf-hq/assets/feature-registry.json,"{""auth"":""public"",""permissions"":{""discover"":{},""view"":{}},""scope"":""none"",""flag"":null,""mobile"":{""kind"":""external-web"",""destination"":null,""documentedException"":""Order links are opened contextually from confirmations.""}}",desktop;tablet;phone;native-where-mapped,es;en,loading;empty;validation;denied;expired-session;cancel;slow;interrupted;retry;recovery;return;deep-link;partial-progress,inventoried;runtime coverage pending unless evidence register names exact journey
registered-feature,/tiendas,tdf-hq/assets/feature-registry.json,"{""auth"":""public"",""permissions"":{""discover"":{},""view"":{}},""scope"":""none"",""flag"":""merch.storefronts"",""mobile"":{""kind"":""native"",""destination"":""/merch"",""documentedException"":null}}",desktop;tablet;phone;native-where-mapped,es;en,loading;empty;validation;denied;expired-session;cancel;slow;interrupted;retry;recovery;return;deep-link;partial-progress,"Observed public arrival: Chromium production bundle, isolated actual backend/PostgreSQL17, es-EC,320/1280px; final84-case evidence/public-runtime-final.json: zero axe violations, horizontal overflow, page errors or HTTP5xx. Other roles/states/languages/native remain untested unless separately evidenced."
registered-feature,/tienda/:storeSlug/producto/:productSlug,tdf-hq/assets/feature-registry.json,"{""auth"":""public"",""permissions"":{""view"":{}},""scope"":""none"",""flag"":""merch.public_catalog"",""mobile"":{""kind"":""native-contextual"",""destination"":""/merch"",""documentedException"":null}}",desktop;tablet;phone;native-where-mapped,es;en,loading;empty;validation;denied;expired-session;cancel;slow;interrupted;retry;recovery;return;deep-link;partial-progress,inventoried;runtime coverage pending unless evidence register names exact journey
registered-feature,/tienda/:storeSlug/carrito,tdf-hq/assets/feature-registry.json,"{""auth"":""public"",""permissions"":{""view"":{""recordScope"":""unguessable-cart-capability""},""create"":{""recordScope"":""single-seller-cart""},""edit"":{""recordScope"":""unguessable-cart-capability""},""delete"":{""recordScope"":""unguessable-cart-capability""}},""scope"":""none"",""flag"":""merch.checkout"",""mobile"":{""kind"":""native-contextual"",""destination"":""/merch"",""documentedException"":null}}",desktop;tablet;phone;native-where-mapped,es;en,loading;empty;validation;denied;expired-session;cancel;slow;interrupted;retry;recovery;return;deep-link;partial-progress,inventoried;runtime coverage pending unless evidence register names exact journey
registered-feature,/tienda/orden/:orderId,tdf-hq/assets/feature-registry.json,"{""auth"":""public"",""permissions"":{""view"":{""recordScope"":""unguessable-order-capability""},""create"":{""recordScope"":""order-issue-capability""}},""scope"":""none"",""flag"":null,""mobile"":{""kind"":""native-contextual"",""destination"":""/merch"",""documentedException"":null}}",desktop;tablet;phone;native-where-mapped,es;en,loading;empty;validation;denied;expired-session;cancel;slow;interrupted;retry;recovery;return;deep-link;partial-progress,inventoried;runtime coverage pending unless evidence register names exact journey
registered-feature,/mi-tienda,tdf-hq/assets/feature-registry.json,"{""auth"":""authenticated"",""permissions"":{""discover"":{},""view"":{""recordScope"":""store-member""},""create"":{""recordScope"":""claimed-or-verified-profile""},""edit"":{""recordScope"":""scoped-store-permission""}},""scope"":""none"",""flag"":null,""mobile"":{""kind"":""native"",""destination"":""/merchSeller"",""documentedException"":""Store application, catalog composition, image moderation, and policy setup remain on responsive web; mobile includes essential fulfillment operations.""}}",desktop;tablet;phone;native-where-mapped,es;en,loading;empty;validation;denied;expired-session;cancel;slow;interrupted;retry;recovery;return;deep-link;partial-progress,"inventoried;runtime coverage pending unless evidence register names exact journey; Operational initial arrival: actual isolated Admin+Customer and Customer sessions, Chromium production bundle320/1280, operational-*-after.json. Denials/redirects recorded per route. Integrated28 affected cases: operational-focused-final.json. Missing local calendar OAuth returns500. Other roles/states/engines/native untested. Manager arrival:198 isolated real-session/PostgreSQL17 cases,320/1280,dbf548172 bundle; zero axe/overflow/pageerror/5xx (evidence/manager-runtime-dbf.json). Other journey states remain separately pending. Additional initial arrival coverage: 19 role fixtures x320/1280 Chromium es-EC, actual isolated session/API; see evidence/remaining-role-arrivals.json. Denials included; actions/other states/native remain untested unless separately evidenced."
registered-feature,/admin/merch,tdf-hq/assets/feature-registry.json,"{""auth"":""authenticated"",""permissions"":{""discover"":{""rolesAny"":[""Admin""]},""view"":{""rolesAny"":[""Admin""]},""administer"":{""rolesAny"":[""Admin""],""recordScope"":""all-merch-stores""}},""scope"":""none"",""flag"":null,""mobile"":{""kind"":""web-only"",""destination"":null,""documentedException"":""Moderation and dual-control settlements remain on responsive web during the pilot.""}}",desktop;tablet;phone;native-where-mapped,es;en,loading;empty;validation;denied;expired-session;cancel;slow;interrupted;retry;recovery;return;deep-link;partial-progress,"inventoried;runtime coverage pending unless evidence register names exact journey; Operational initial arrival: actual isolated Admin+Customer and Customer sessions, Chromium production bundle320/1280, operational-*-after.json. Denials/redirects recorded per route. Integrated28 affected cases: operational-focused-final.json. Missing local calendar OAuth returns500. Other roles/states/engines/native untested. Manager arrival:198 isolated real-session/PostgreSQL17 cases,320/1280,dbf548172 bundle; zero axe/overflow/pageerror/5xx (evidence/manager-runtime-dbf.json). Other journey states remain separately pending. Additional initial arrival coverage: 19 role fixtures x320/1280 Chromium es-EC, actual isolated session/API; see evidence/remaining-role-arrivals.json. Denials included; actions/other states/native remain untested unless separately evidenced."
registered-feature,/mezcla-mastering,tdf-hq/assets/feature-registry.json,"{""auth"":""public"",""permissions"":{""discover"":{},""view"":{}},""scope"":""none"",""flag"":null,""mobile"":{""kind"":""external-web"",""destination"":null,""documentedException"":""Quote intake remains web based.""}}",desktop;tablet;phone;native-where-mapped,es;en,loading;empty;validation;denied;expired-session;cancel;slow;interrupted;retry;recovery;return;deep-link;partial-progress,"Observed public arrival: Chromium production bundle, isolated actual backend/PostgreSQL17, es-EC,320/1280px; final84-case evidence/public-runtime-final.json: zero axe violations, horizontal overflow, page errors or HTTP5xx. Other roles/states/languages/native remain untested unless separately evidenced."
registered-feature,/reservar,tdf-hq/assets/feature-registry.json,"{""auth"":""public"",""permissions"":{""discover"":{},""view"":{},""create"":{}},""scope"":""none"",""flag"":null,""mobile"":{""kind"":""native"",""destination"":""/(tabs)/bookings"",""documentedException"":null}}",desktop;tablet;phone;native-where-mapped,es;en,loading;empty;validation;denied;expired-session;cancel;slow;interrupted;retry;recovery;return;deep-link;partial-progress,"Observed public arrival: Chromium production bundle, isolated actual backend/PostgreSQL17, es-EC,320/1280px; final84-case evidence/public-runtime-final.json: zero axe violations, horizontal overflow, page errors or HTTP5xx. Other roles/states/languages/native remain untested unless separately evidenced."
registered-feature,/reservas/orden/:bookingId,tdf-hq/assets/feature-registry.json,"{""auth"":""public"",""permissions"":{""view"":{},""create"":{}},""scope"":""none"",""flag"":null,""mobile"":{""kind"":""external-web"",""destination"":null,""documentedException"":""Secure guest tracking links are opened contextually from booking confirmations.""}}",desktop;tablet;phone;native-where-mapped,es;en,loading;empty;validation;denied;expired-session;cancel;slow;interrupted;retry;recovery;return;deep-link;partial-progress,inventoried;runtime coverage pending unless evidence register names exact journey
registered-feature,/dj-booth,tdf-hq/assets/feature-registry.json,"{""auth"":""public"",""permissions"":{""discover"":{},""view"":{}},""scope"":""none"",""flag"":null,""mobile"":{""kind"":""native"",""destination"":""/(tabs)/bookings"",""documentedException"":null}}",desktop;tablet;phone;native-where-mapped,es;en,loading;empty;validation;denied;expired-session;cancel;slow;interrupted;retry;recovery;return;deep-link;partial-progress,"Observed public arrival: Chromium production bundle, isolated actual backend/PostgreSQL17, es-EC,320/1280px; final84-case evidence/public-runtime-final.json: zero axe violations, horizontal overflow, page errors or HTTP5xx. Other roles/states/languages/native remain untested unless separately evidenced."
registered-feature,/trials,tdf-hq/assets/feature-registry.json,"{""auth"":""public"",""permissions"":{""discover"":{},""view"":{},""create"":{},""edit"":{""recordScope"":""registration-token-or-staff""},""delete"":{""recordScope"":""registration-token-or-staff""}},""scope"":""none"",""flag"":null,""mobile"":{""kind"":""external-web"",""destination"":null,""documentedException"":""Public trial scheduling is currently web based.""}}",desktop;tablet;phone;native-where-mapped,es;en,loading;empty;validation;denied;expired-session;cancel;slow;interrupted;retry;recovery;return;deep-link;partial-progress,"Observed public arrival: Chromium production bundle, isolated actual backend/PostgreSQL17, es-EC,320/1280px; final84-case evidence/public-runtime-final.json: zero axe violations, horizontal overflow, page errors or HTTP5xx. Other roles/states/languages/native remain untested unless separately evidenced."
registered-feature,/live-sessions/registro,tdf-hq/assets/feature-registry.json,"{""auth"":""public"",""permissions"":{""discover"":{},""view"":{},""create"":{}},""scope"":""none"",""flag"":null,""mobile"":{""kind"":""external-web"",""destination"":null,""documentedException"":""File-heavy intake is web based.""}}",desktop;tablet;phone;native-where-mapped,es;en,loading;empty;validation;denied;expired-session;cancel;slow;interrupted;retry;recovery;return;deep-link;partial-progress,"Observed public arrival: Chromium production bundle, isolated actual backend/PostgreSQL17, es-EC,320/1280px; final84-case evidence/public-runtime-final.json: zero axe violations, horizontal overflow, page errors or HTTP5xx. Other roles/states/languages/native remain untested unless separately evidenced."
registered-feature,/records,tdf-hq/assets/feature-registry.json,"{""auth"":""public"",""permissions"":{""discover"":{},""view"":{}},""scope"":""none"",""flag"":null,""mobile"":{""kind"":""external-web"",""destination"":null,""documentedException"":""The native app exposes releases through artist profiles.""}}",desktop;tablet;phone;native-where-mapped,es;en,loading;empty;validation;denied;expired-session;cancel;slow;interrupted;retry;recovery;return;deep-link;partial-progress,"Observed public arrival: Chromium production bundle, isolated actual backend/PostgreSQL17, es-EC,320/1280px; final84-case evidence/public-runtime-final.json: zero axe violations, horizontal overflow, page errors or HTTP5xx. Other roles/states/languages/native remain untested unless separately evidenced."
registered-feature,/donar,tdf-hq/assets/feature-registry.json,"{""auth"":""public"",""permissions"":{""discover"":{},""view"":{}},""scope"":""none"",""flag"":null,""mobile"":{""kind"":""external-web"",""destination"":""https://tdf-app.pages.dev/donar"",""documentedException"":null}}",desktop;tablet;phone;native-where-mapped,es;en,loading;empty;validation;denied;expired-session;cancel;slow;interrupted;retry;recovery;return;deep-link;partial-progress,"Observed public arrival: Chromium production bundle, isolated actual backend/PostgreSQL17, es-EC,320/1280px; final84-case evidence/public-runtime-final.json: zero axe violations, horizontal overflow, page errors or HTTP5xx. Other roles/states/languages/native remain untested unless separately evidenced."
registered-feature,/domo-del-pululahua,tdf-hq/assets/feature-registry.json,"{""auth"":""public"",""permissions"":{""discover"":{},""view"":{}},""scope"":""none"",""flag"":null,""mobile"":{""kind"":""external-web"",""destination"":""https://tdf-app.pages.dev/domo-del-pululahua"",""documentedException"":null}}",desktop;tablet;phone;native-where-mapped,es;en,loading;empty;validation;denied;expired-session;cancel;slow;interrupted;retry;recovery;return;deep-link;partial-progress,"Observed public arrival: Chromium production bundle, isolated actual backend/PostgreSQL17, es-EC,320/1280px; final84-case evidence/public-runtime-final.json: zero axe violations, horizontal overflow, page errors or HTTP5xx. Other roles/states/languages/native remain untested unless separately evidenced."
registered-feature,/domo-del-pululahua/cotizaciones/:quoteId,tdf-hq/assets/feature-registry.json,"{""auth"":""public"",""permissions"":{""discover"":{},""view"":{""recordScope"":""guest-capability""},""create"":{""recordScope"":""guest-capability""}},""scope"":""none"",""flag"":""commerce.domo_quotes"",""mobile"":{""kind"":""web-only"",""destination"":null,""documentedException"":""The Domo guest lookup token is intentionally device-scoped; mobile has generated API types but no equivalent secure quote/deposit screen yet.""}}",desktop;tablet;phone;native-where-mapped,es;en,loading;empty;validation;denied;expired-session;cancel;slow;interrupted;retry;recovery;return;deep-link;partial-progress,inventoried;runtime coverage pending unless evidence register names exact journey
registered-feature,/perfil/:partyId,tdf-hq/assets/feature-registry.json,"{""auth"":""authenticated"",""permissions"":{""discover"":{},""view"":{}},""scope"":""none"",""flag"":null,""mobile"":{""kind"":""native-contextual"",""destination"":""/userProfile"",""documentedException"":null}}",desktop;tablet;phone;native-where-mapped,es;en,loading;empty;validation;denied;expired-session;cancel;slow;interrupted;retry;recovery;return;deep-link;partial-progress,inventoried;runtime coverage pending unless evidence register names exact journey
registered-feature,/social,tdf-hq/assets/feature-registry.json,"{""auth"":""authenticated"",""permissions"":{""discover"":{},""view"":{},""create"":{""recordScope"":""authenticated-party""},""delete"":{""recordScope"":""authenticated-party""}},""scope"":""none"",""flag"":null,""mobile"":{""kind"":""native"",""destination"":""/(tabs)/social"",""documentedException"":null}}",desktop;tablet;phone;native-where-mapped,es;en,loading;empty;validation;denied;expired-session;cancel;slow;interrupted;retry;recovery;return;deep-link;partial-progress,"inventoried;runtime coverage pending unless evidence register names exact journey; Operational initial arrival: actual isolated Admin+Customer and Customer sessions, Chromium production bundle320/1280, operational-*-after.json. Denials/redirects recorded per route. Integrated28 affected cases: operational-focused-final.json. Missing local calendar OAuth returns500. Other roles/states/engines/native untested. Manager arrival:198 isolated real-session/PostgreSQL17 cases,320/1280,dbf548172 bundle; zero axe/overflow/pageerror/5xx (evidence/manager-runtime-dbf.json). Other journey states remain separately pending. Additional initial arrival coverage: 19 role fixtures x320/1280 Chromium es-EC, actual isolated session/API; see evidence/remaining-role-arrivals.json. Denials included; actions/other states/native remain untested unless separately evidenced."
registered-feature,/social/instagram,tdf-hq/assets/feature-registry.json,"{""auth"":""authenticated"",""permissions"":{""discover"":{},""view"":{},""administer"":{""rolesAny"":[""Admin"",""Webmaster""],""modulesAll"":[""Admin""]}},""scope"":""none"",""flag"":null,""mobile"":{""kind"":""web-only"",""destination"":null,""documentedException"":""Provider OAuth administration is intentionally web only.""}}",desktop;tablet;phone;native-where-mapped,es;en,loading;empty;validation;denied;expired-session;cancel;slow;interrupted;retry;recovery;return;deep-link;partial-progress,"inventoried;runtime coverage pending unless evidence register names exact journey; Operational initial arrival: actual isolated Admin+Customer and Customer sessions, Chromium production bundle320/1280, operational-*-after.json. Denials/redirects recorded per route. Integrated28 affected cases: operational-focused-final.json. Missing local calendar OAuth returns500. Other roles/states/engines/native untested. Manager arrival:198 isolated real-session/PostgreSQL17 cases,320/1280,dbf548172 bundle; zero axe/overflow/pageerror/5xx (evidence/manager-runtime-dbf.json). Other journey states remain separately pending. Additional initial arrival coverage: 19 role fixtures x320/1280 Chromium es-EC, actual isolated session/API; see evidence/remaining-role-arrivals.json. Denials included; actions/other states/native remain untested unless separately evidenced."
registered-feature,social.vcard,tdf-hq/assets/feature-registry.json,"{""auth"":""authenticated"",""permissions"":{""discover"":{},""view"":{},""create"":{""recordScope"":""authenticated-party""}},""scope"":""none"",""flag"":null,""mobile"":{""kind"":""native"",""destination"":""/(tabs)/vcard"",""documentedException"":""On web, vCard exchange is contextual inside Connections.""}}",desktop;tablet;phone;native-where-mapped,es;en,loading;empty;validation;denied;expired-session;cancel;slow;interrupted;retry;recovery;return;deep-link;partial-progress,inventoried;runtime coverage pending unless evidence register names exact journey
registered-feature,/social/inbox,tdf-hq/assets/feature-registry.json,"{""auth"":""authenticated"",""permissions"":{""discover"":{""rolesAny"":[""Admin"",""Manager"",""StudioManager"",""Reception"",""LiveSessionsProducer"",""Producer"",""AandR"",""Webmaster""],""modulesAll"":[""CRM""]},""view"":{""rolesAny"":[""Admin"",""Manager"",""StudioManager"",""Reception"",""LiveSessionsProducer"",""Producer"",""AandR"",""Webmaster""],""modulesAll"":[""CRM""]},""create"":{""rolesAny"":[""Admin"",""Manager"",""StudioManager"",""Reception"",""LiveSessionsProducer"",""Producer"",""AandR"",""Webmaster""],""modulesAll"":[""CRM""]}},""scope"":""none"",""flag"":null,""mobile"":{""kind"":""web-only"",""destination"":null,""documentedException"":""Provider message administration requires the wider web workspace.""}}",desktop;tablet;phone;native-where-mapped,es;en,loading;empty;validation;denied;expired-session;cancel;slow;interrupted;retry;recovery;return;deep-link;partial-progress,"inventoried;runtime coverage pending unless evidence register names exact journey; Operational initial arrival: actual isolated Admin+Customer and Customer sessions, Chromium production bundle320/1280, operational-*-after.json. Denials/redirects recorded per route. Integrated28 affected cases: operational-focused-final.json. Missing local calendar OAuth returns500. Other roles/states/engines/native untested. Manager arrival:198 isolated real-session/PostgreSQL17 cases,320/1280,dbf548172 bundle; zero axe/overflow/pageerror/5xx (evidence/manager-runtime-dbf.json). Other journey states remain separately pending. Additional initial arrival coverage: 19 role fixtures x320/1280 Chromium es-EC, actual isolated session/API; see evidence/remaining-role-arrivals.json. Denials included; actions/other states/native remain untested unless separately evidenced."
registered-feature,/social/eventos,tdf-hq/assets/feature-registry.json,"{""auth"":""authenticated"",""permissions"":{""discover"":{},""view"":{},""create"":{},""edit"":{""recordScope"":""owner-or-admin""},""delete"":{""recordScope"":""owner-or-admin""},""publish"":{""recordScope"":""owner-or-admin""}},""scope"":""none"",""flag"":null,""mobile"":{""kind"":""native"",""destination"":""/(tabs)/events"",""documentedException"":null}}",desktop;tablet;phone;native-where-mapped,es;en,loading;empty;validation;denied;expired-session;cancel;slow;interrupted;retry;recovery;return;deep-link;partial-progress,"inventoried;runtime coverage pending unless evidence register names exact journey; Operational initial arrival: actual isolated Admin+Customer and Customer sessions, Chromium production bundle320/1280, operational-*-after.json. Denials/redirects recorded per route. Integrated28 affected cases: operational-focused-final.json. Missing local calendar OAuth returns500. Other roles/states/engines/native untested. Manager arrival:198 isolated real-session/PostgreSQL17 cases,320/1280,dbf548172 bundle; zero axe/overflow/pageerror/5xx (evidence/manager-runtime-dbf.json). Other journey states remain separately pending.; checkout readiness ES/EN10cases5profiles3engines, synthetic transport; radio occlusion reproduced/repaired UX030 Additional initial arrival coverage: 19 role fixtures x320/1280 Chromium es-EC, actual isolated session/API; see evidence/remaining-role-arrivals.json. Denials included; actions/other states/native remain untested unless separately evidenced."
registered-feature,/social/eventos/nuevo,tdf-hq/assets/feature-registry.json,"{""auth"":""authenticated"",""permissions"":{""discover"":{},""view"":{},""create"":{}},""scope"":""none"",""flag"":null,""mobile"":{""kind"":""native"",""destination"":""/createEvent"",""documentedException"":null}}",desktop;tablet;phone;native-where-mapped,es;en,loading;empty;validation;denied;expired-session;cancel;slow;interrupted;retry;recovery;return;deep-link;partial-progress,"inventoried;runtime coverage pending unless evidence register names exact journey; Operational initial arrival: actual isolated Admin+Customer and Customer sessions, Chromium production bundle320/1280, operational-*-after.json. Denials/redirects recorded per route. Integrated28 affected cases: operational-focused-final.json. Missing local calendar OAuth returns500. Other roles/states/engines/native untested. Manager arrival:198 isolated real-session/PostgreSQL17 cases,320/1280,dbf548172 bundle; zero axe/overflow/pageerror/5xx (evidence/manager-runtime-dbf.json). Other journey states remain separately pending. Additional initial arrival coverage: 19 role fixtures x320/1280 Chromium es-EC, actual isolated session/API; see evidence/remaining-role-arrivals.json. Denials included; actions/other states/native remain untested unless separately evidenced."
registered-feature,/social/eventos/:eventId,tdf-hq/assets/feature-registry.json,"{""auth"":""authenticated"",""permissions"":{""discover"":{},""view"":{}},""scope"":""none"",""flag"":null,""mobile"":{""kind"":""native-contextual"",""destination"":""/eventDetail"",""documentedException"":null}}",desktop;tablet;phone;native-where-mapped,es;en,loading;empty;validation;denied;expired-session;cancel;slow;interrupted;retry;recovery;return;deep-link;partial-progress,inventoried;runtime coverage pending unless evidence register names exact journey
registered-feature,/social/eventos/:eventId/logistica,tdf-hq/assets/feature-registry.json,"{""auth"":""authenticated"",""permissions"":{""discover"":{""modulesAll"":[""Scheduling""]},""view"":{""modulesAll"":[""Scheduling""],""recordScope"":""event-member-or-admin""},""create"":{""modulesAll"":[""Scheduling""],""recordScope"":""event-manager-or-admin""},""edit"":{""modulesAll"":[""Scheduling""],""recordScope"":""event-manager-or-admin""},""delete"":{""modulesAll"":[""Scheduling""],""recordScope"":""event-manager-or-admin""},""assign"":{""modulesAll"":[""Scheduling""],""recordScope"":""event-manager-or-admin""}},""scope"":""none"",""flag"":null,""mobile"":{""kind"":""native-contextual"",""destination"":""/eventDetail"",""documentedException"":""Native logistics remains embedded in event detail.""}}",desktop;tablet;phone;native-where-mapped,es;en,loading;empty;validation;denied;expired-session;cancel;slow;interrupted;retry;recovery;return;deep-link;partial-progress,inventoried;runtime coverage pending unless evidence register names exact journey
registered-feature,/social/eventos-descubiertos,tdf-hq/assets/feature-registry.json,"{""auth"":""authenticated"",""permissions"":{""discover"":{},""view"":{},""administer"":{""rolesAny"":[""Admin"",""Manager"",""StudioManager""],""modulesAny"":[""Admin"",""Ops""]}},""scope"":""none"",""flag"":""EVENT_DISCOVERY_ENABLED"",""mobile"":{""kind"":""native"",""destination"":""/(tabs)/events"",""documentedException"":null}}",desktop;tablet;phone;native-where-mapped,es;en,loading;empty;validation;denied;expired-session;cancel;slow;interrupted;retry;recovery;return;deep-link;partial-progress,"inventoried;runtime coverage pending unless evidence register names exact journey; Operational initial arrival: actual isolated Admin+Customer and Customer sessions, Chromium production bundle320/1280, operational-*-after.json. Denials/redirects recorded per route. Integrated28 affected cases: operational-focused-final.json. Missing local calendar OAuth returns500. Other roles/states/engines/native untested. Manager arrival:198 isolated real-session/PostgreSQL17 cases,320/1280,dbf548172 bundle; zero axe/overflow/pageerror/5xx (evidence/manager-runtime-dbf.json). Other journey states remain separately pending. Additional initial arrival coverage: 19 role fixtures x320/1280 Chromium es-EC, actual isolated session/API; see evidence/remaining-role-arrivals.json. Denials included; actions/other states/native remain untested unless separately evidenced."
registered-feature,/chat,tdf-hq/assets/feature-registry.json,"{""auth"":""authenticated"",""permissions"":{""discover"":{},""view"":{},""create"":{""recordScope"":""thread-member""}},""scope"":""none"",""flag"":null,""mobile"":{""kind"":""web-only"",""destination"":null,""documentedException"":""Native direct-message screen is not implemented.""}}",desktop;tablet;phone;native-where-mapped,es;en,loading;empty;validation;denied;expired-session;cancel;slow;interrupted;retry;recovery;return;deep-link;partial-progress,"inventoried;runtime coverage pending unless evidence register names exact journey; Operational initial arrival: actual isolated Admin+Customer and Customer sessions, Chromium production bundle320/1280, operational-*-after.json. Denials/redirects recorded per route. Integrated28 affected cases: operational-focused-final.json. Missing local calendar OAuth returns500. Other roles/states/engines/native untested. Manager arrival:198 isolated real-session/PostgreSQL17 cases,320/1280,dbf548172 bundle; zero axe/overflow/pageerror/5xx (evidence/manager-runtime-dbf.json). Other journey states remain separately pending. Additional initial arrival coverage: 19 role fixtures x320/1280 Chromium es-EC, actual isolated session/API; see evidence/remaining-role-arrivals.json. Denials included; actions/other states/native remain untested unless separately evidenced."
registered-feature,/crm/contactos,tdf-hq/assets/feature-registry.json,"{""auth"":""authenticated"",""permissions"":{""discover"":{""modulesAll"":[""CRM""]},""view"":{""modulesAll"":[""CRM""]},""create"":{""modulesAll"":[""CRM""]},""edit"":{""modulesAll"":[""CRM""]},""delete"":{""rolesAny"":[""Admin"",""Manager""],""modulesAll"":[""CRM""]},""assign"":{""rolesAny"":[""Admin""],""modulesAll"":[""Admin""]},""export"":{""modulesAll"":[""CRM""]}},""scope"":""none"",""flag"":null,""mobile"":{""kind"":""native"",""destination"":""/(tabs)/parties"",""documentedException"":null}}",desktop;tablet;phone;native-where-mapped,es;en,loading;empty;validation;denied;expired-session;cancel;slow;interrupted;retry;recovery;return;deep-link;partial-progress,"inventoried;runtime coverage pending unless evidence register names exact journey; Operational initial arrival: actual isolated Admin+Customer and Customer sessions, Chromium production bundle320/1280, operational-*-after.json. Denials/redirects recorded per route. Integrated28 affected cases: operational-focused-final.json. Missing local calendar OAuth returns500. Other roles/states/engines/native untested. Manager arrival:198 isolated real-session/PostgreSQL17 cases,320/1280,dbf548172 bundle; zero axe/overflow/pageerror/5xx (evidence/manager-runtime-dbf.json). Other journey states remain separately pending. Additional initial arrival coverage: 19 role fixtures x320/1280 Chromium es-EC, actual isolated session/API; see evidence/remaining-role-arrivals.json. Denials included; actions/other states/native remain untested unless separately evidenced."
registered-feature,/crm/empresas,tdf-hq/assets/feature-registry.json,"{""auth"":""authenticated"",""permissions"":{""discover"":{""modulesAll"":[""CRM""]},""view"":{""modulesAll"":[""CRM""]},""create"":{""modulesAll"":[""CRM""]},""edit"":{""modulesAll"":[""CRM""]}},""scope"":""none"",""flag"":null,""mobile"":{""kind"":""native"",""destination"":""/(tabs)/parties"",""documentedException"":""Native company records share the contacts screen.""}}",desktop;tablet;phone;native-where-mapped,es;en,loading;empty;validation;denied;expired-session;cancel;slow;interrupted;retry;recovery;return;deep-link;partial-progress,"inventoried;runtime coverage pending unless evidence register names exact journey; Operational initial arrival: actual isolated Admin+Customer and Customer sessions, Chromium production bundle320/1280, operational-*-after.json. Denials/redirects recorded per route. Integrated28 affected cases: operational-focused-final.json. Missing local calendar OAuth returns500. Other roles/states/engines/native untested. Manager arrival:198 isolated real-session/PostgreSQL17 cases,320/1280,dbf548172 bundle; zero axe/overflow/pageerror/5xx (evidence/manager-runtime-dbf.json). Other journey states remain separately pending. Additional initial arrival coverage: 19 role fixtures x320/1280 Chromium es-EC, actual isolated session/API; see evidence/remaining-role-arrivals.json. Denials included; actions/other states/native remain untested unless separately evidenced."
registered-feature,/crm/leads,tdf-hq/assets/feature-registry.json,"{""auth"":""authenticated"",""permissions"":{""discover"":{""modulesAll"":[""CRM""]},""view"":{""modulesAll"":[""CRM""]},""create"":{""modulesAll"":[""CRM""]},""edit"":{""modulesAll"":[""CRM""]},""assign"":{""modulesAll"":[""CRM""]}},""scope"":""none"",""flag"":null,""mobile"":{""kind"":""web-only"",""destination"":null,""documentedException"":""Lead qualification remains web only.""}}",desktop;tablet;phone;native-where-mapped,es;en,loading;empty;validation;denied;expired-session;cancel;slow;interrupted;retry;recovery;return;deep-link;partial-progress,"inventoried;runtime coverage pending unless evidence register names exact journey; Operational initial arrival: actual isolated Admin+Customer and Customer sessions, Chromium production bundle320/1280, operational-*-after.json. Denials/redirects recorded per route. Integrated28 affected cases: operational-focused-final.json. Missing local calendar OAuth returns500. Other roles/states/engines/native untested. Manager arrival:198 isolated real-session/PostgreSQL17 cases,320/1280,dbf548172 bundle; zero axe/overflow/pageerror/5xx (evidence/manager-runtime-dbf.json). Other journey states remain separately pending. Additional initial arrival coverage: 19 role fixtures x320/1280 Chromium es-EC, actual isolated session/API; see evidence/remaining-role-arrivals.json. Denials included; actions/other states/native remain untested unless separately evidenced."
registered-feature,/estudio/calendario,tdf-hq/assets/feature-registry.json,"{""auth"":""authenticated"",""permissions"":{""discover"":{""modulesAll"":[""Scheduling""]},""view"":{""modulesAll"":[""Scheduling""]},""create"":{""modulesAll"":[""Scheduling""]},""edit"":{""modulesAll"":[""Scheduling""]},""delete"":{""rolesAny"":[""Admin"",""Manager"",""StudioManager""],""modulesAll"":[""Scheduling""]}},""scope"":""none"",""flag"":null,""mobile"":{""kind"":""native"",""destination"":""/(tabs)/bookings"",""documentedException"":null}}",desktop;tablet;phone;native-where-mapped,es;en,loading;empty;validation;denied;expired-session;cancel;slow;interrupted;retry;recovery;return;deep-link;partial-progress,"inventoried;runtime coverage pending unless evidence register names exact journey; Operational initial arrival: actual isolated Admin+Customer and Customer sessions, Chromium production bundle320/1280, operational-*-after.json. Denials/redirects recorded per route. Integrated28 affected cases: operational-focused-final.json. Missing local calendar OAuth returns500. Other roles/states/engines/native untested. Manager arrival:198 isolated real-session/PostgreSQL17 cases,320/1280,dbf548172 bundle; zero axe/overflow/pageerror/5xx (evidence/manager-runtime-dbf.json). Other journey states remain separately pending. Additional initial arrival coverage: 19 role fixtures x320/1280 Chromium es-EC, actual isolated session/API; see evidence/remaining-role-arrivals.json. Denials included; actions/other states/native remain untested unless separately evidenced."
registered-feature,/estudio/salas,tdf-hq/assets/feature-registry.json,"{""auth"":""authenticated"",""permissions"":{""discover"":{""modulesAll"":[""Scheduling""]},""view"":{""modulesAll"":[""Scheduling""]},""create"":{""rolesAny"":[""Admin"",""Manager"",""StudioManager""],""modulesAll"":[""Scheduling""]},""edit"":{""rolesAny"":[""Admin"",""Manager"",""StudioManager""],""modulesAll"":[""Scheduling""]}},""scope"":""none"",""flag"":null,""mobile"":{""kind"":""native"",""destination"":""/(tabs)/bookings"",""documentedException"":""Room choice is contextual in mobile bookings.""}}",desktop;tablet;phone;native-where-mapped,es;en,loading;empty;validation;denied;expired-session;cancel;slow;interrupted;retry;recovery;return;deep-link;partial-progress,"inventoried;runtime coverage pending unless evidence register names exact journey; Operational initial arrival: actual isolated Admin+Customer and Customer sessions, Chromium production bundle320/1280, operational-*-after.json. Denials/redirects recorded per route. Integrated28 affected cases: operational-focused-final.json. Missing local calendar OAuth returns500. Other roles/states/engines/native untested. Manager arrival:198 isolated real-session/PostgreSQL17 cases,320/1280,dbf548172 bundle; zero axe/overflow/pageerror/5xx (evidence/manager-runtime-dbf.json). Other journey states remain separately pending. Additional initial arrival coverage: 19 role fixtures x320/1280 Chromium es-EC, actual isolated session/API; see evidence/remaining-role-arrivals.json. Denials included; actions/other states/native remain untested unless separately evidenced."
registered-feature,/estudio/ordenes,tdf-hq/assets/feature-registry.json,"{""auth"":""authenticated"",""permissions"":{""discover"":{""modulesAll"":[""Scheduling""]},""view"":{""modulesAll"":[""Scheduling""]},""create"":{""modulesAll"":[""Scheduling""]},""edit"":{""modulesAll"":[""Scheduling""]},""approve"":{""rolesAny"":[""Admin"",""Manager"",""StudioManager""]}},""scope"":""none"",""flag"":null,""mobile"":{""kind"":""web-only"",""destination"":null,""documentedException"":""Full studio-order editing is not available natively.""}}",desktop;tablet;phone;native-where-mapped,es;en,loading;empty;validation;denied;expired-session;cancel;slow;interrupted;retry;recovery;return;deep-link;partial-progress,"inventoried;runtime coverage pending unless evidence register names exact journey; Operational initial arrival: actual isolated Admin+Customer and Customer sessions, Chromium production bundle320/1280, operational-*-after.json. Denials/redirects recorded per route. Integrated28 affected cases: operational-focused-final.json. Missing local calendar OAuth returns500. Other roles/states/engines/native untested. Manager arrival:198 isolated real-session/PostgreSQL17 cases,320/1280,dbf548172 bundle; zero axe/overflow/pageerror/5xx (evidence/manager-runtime-dbf.json). Other journey states remain separately pending. Additional initial arrival coverage: 19 role fixtures x320/1280 Chromium es-EC, actual isolated session/API; see evidence/remaining-role-arrivals.json. Denials included; actions/other states/native remain untested unless separately evidenced."
registered-feature,/estudio/servicios,tdf-hq/assets/feature-registry.json,"{""auth"":""authenticated"",""permissions"":{""discover"":{""modulesAll"":[""Scheduling""]},""view"":{""modulesAll"":[""Scheduling""]},""create"":{""rolesAny"":[""Admin"",""Manager"",""StudioManager""]},""edit"":{""rolesAny"":[""Admin"",""Manager"",""StudioManager""]},""delete"":{""rolesAny"":[""Admin"",""Manager"",""StudioManager""]}},""scope"":""none"",""flag"":null,""mobile"":{""kind"":""web-only"",""destination"":null,""documentedException"":""Catalog administration is web only.""}}",desktop;tablet;phone;native-where-mapped,es;en,loading;empty;validation;denied;expired-session;cancel;slow;interrupted;retry;recovery;return;deep-link;partial-progress,"inventoried;runtime coverage pending unless evidence register names exact journey; Operational initial arrival: actual isolated Admin+Customer and Customer sessions, Chromium production bundle320/1280, operational-*-after.json. Denials/redirects recorded per route. Integrated28 affected cases: operational-focused-final.json. Missing local calendar OAuth returns500. Other roles/states/engines/native untested. Manager arrival:198 isolated real-session/PostgreSQL17 cases,320/1280,dbf548172 bundle; zero axe/overflow/pageerror/5xx (evidence/manager-runtime-dbf.json). Other journey states remain separately pending. Additional initial arrival coverage: 19 role fixtures x320/1280 Chromium es-EC, actual isolated session/API; see evidence/remaining-role-arrivals.json. Denials included; actions/other states/native remain untested unless separately evidenced."
registered-feature,/estudio/pipelines,tdf-hq/assets/feature-registry.json,"{""auth"":""authenticated"",""permissions"":{""discover"":{""modulesAll"":[""Scheduling""]},""view"":{""modulesAll"":[""Scheduling""]},""create"":{""modulesAll"":[""Scheduling""]},""edit"":{""modulesAll"":[""Scheduling""]},""delete"":{""rolesAny"":[""Admin"",""Manager"",""StudioManager""],""modulesAll"":[""Scheduling""]},""assign"":{""modulesAll"":[""Scheduling""]}},""scope"":""none"",""flag"":null,""mobile"":{""kind"":""native"",""destination"":""/(tabs)/pipelines"",""documentedException"":null}}",desktop;tablet;phone;native-where-mapped,es;en,loading;empty;validation;denied;expired-session;cancel;slow;interrupted;retry;recovery;return;deep-link;partial-progress,"inventoried;runtime coverage pending unless evidence register names exact journey; Operational initial arrival: actual isolated Admin+Customer and Customer sessions, Chromium production bundle320/1280, operational-*-after.json. Denials/redirects recorded per route. Integrated28 affected cases: operational-focused-final.json. Missing local calendar OAuth returns500. Other roles/states/engines/native untested. Manager arrival:198 isolated real-session/PostgreSQL17 cases,320/1280,dbf548172 bundle; zero axe/overflow/pageerror/5xx (evidence/manager-runtime-dbf.json). Other journey states remain separately pending. Additional initial arrival coverage: 19 role fixtures x320/1280 Chromium es-EC, actual isolated session/API; see evidence/remaining-role-arrivals.json. Denials included; actions/other states/native remain untested unless separately evidenced."
registered-feature,/estudio/live-sessions,tdf-hq/assets/feature-registry.json,"{""auth"":""authenticated"",""permissions"":{""discover"":{""modulesAll"":[""Scheduling""]},""view"":{""modulesAll"":[""Scheduling""]},""create"":{""modulesAll"":[""Scheduling""]},""edit"":{""modulesAll"":[""Scheduling""]}},""scope"":""none"",""flag"":null,""mobile"":{""kind"":""web-only"",""destination"":null,""documentedException"":""Rider and file intake remains web only.""}}",desktop;tablet;phone;native-where-mapped,es;en,loading;empty;validation;denied;expired-session;cancel;slow;interrupted;retry;recovery;return;deep-link;partial-progress,"inventoried;runtime coverage pending unless evidence register names exact journey; Operational initial arrival: actual isolated Admin+Customer and Customer sessions, Chromium production bundle320/1280, operational-*-after.json. Denials/redirects recorded per route. Integrated28 affected cases: operational-focused-final.json. Missing local calendar OAuth returns500. Other roles/states/engines/native untested. Manager arrival:198 isolated real-session/PostgreSQL17 cases,320/1280,dbf548172 bundle; zero axe/overflow/pageerror/5xx (evidence/manager-runtime-dbf.json). Other journey states remain separately pending. Additional initial arrival coverage: 19 role fixtures x320/1280 Chromium es-EC, actual isolated session/API; see evidence/remaining-role-arrivals.json. Denials included; actions/other states/native remain untested unless separately evidenced."
registered-feature,/estudio/campanas/tdf-sessions-domo,tdf-hq/assets/feature-registry.json,"{""auth"":""authenticated"",""permissions"":{""discover"":{""modulesAll"":[""Scheduling""]},""view"":{""modulesAll"":[""Scheduling""]},""edit"":{""rolesAny"":[""Admin"",""Manager"",""Producer""]}},""scope"":""none"",""flag"":null,""mobile"":{""kind"":""web-only"",""destination"":null,""documentedException"":""Campaign production is web only.""}}",desktop;tablet;phone;native-where-mapped,es;en,loading;empty;validation;denied;expired-session;cancel;slow;interrupted;retry;recovery;return;deep-link;partial-progress,"inventoried;runtime coverage pending unless evidence register names exact journey; Operational initial arrival: actual isolated Admin+Customer and Customer sessions, Chromium production bundle320/1280, operational-*-after.json. Denials/redirects recorded per route. Integrated28 affected cases: operational-focused-final.json. Missing local calendar OAuth returns500. Other roles/states/engines/native untested. Manager arrival:198 isolated real-session/PostgreSQL17 cases,320/1280,dbf548172 bundle; zero axe/overflow/pageerror/5xx (evidence/manager-runtime-dbf.json). Other journey states remain separately pending. Additional initial arrival coverage: 19 role fixtures x320/1280 Chromium es-EC, actual isolated session/API; see evidence/remaining-role-arrivals.json. Denials included; actions/other states/native remain untested unless separately evidenced."
registered-feature,/estudio/reportes,tdf-hq/assets/feature-registry.json,"{""auth"":""authenticated"",""permissions"":{""discover"":{""modulesAll"":[""Scheduling""]},""view"":{""modulesAll"":[""Scheduling""]},""export"":{""modulesAll"":[""Scheduling""]},""report"":{""modulesAll"":[""Scheduling""]}},""scope"":""none"",""flag"":null,""mobile"":{""kind"":""web-only"",""destination"":null,""documentedException"":""Report authoring/export is web only.""}}",desktop;tablet;phone;native-where-mapped,es;en,loading;empty;validation;denied;expired-session;cancel;slow;interrupted;retry;recovery;return;deep-link;partial-progress,"inventoried;runtime coverage pending unless evidence register names exact journey; Operational initial arrival: actual isolated Admin+Customer and Customer sessions, Chromium production bundle320/1280, operational-*-after.json. Denials/redirects recorded per route. Integrated28 affected cases: operational-focused-final.json. Missing local calendar OAuth returns500. Other roles/states/engines/native untested. Manager arrival:198 isolated real-session/PostgreSQL17 cases,320/1280,dbf548172 bundle; zero axe/overflow/pageerror/5xx (evidence/manager-runtime-dbf.json). Other journey states remain separately pending. Additional initial arrival coverage: 19 role fixtures x320/1280 Chromium es-EC, actual isolated session/API; see evidence/remaining-role-arrivals.json. Denials included; actions/other states/native remain untested unless separately evidenced."
registered-feature,/mi-profesor,tdf-hq/assets/feature-registry.json,"{""auth"":""authenticated"",""permissions"":{""discover"":{""rolesAny"":[""Teacher"",""Admin"",""Manager"",""StudioManager"",""Reception""],""modulesAll"":[""Scheduling""]},""view"":{""rolesAny"":[""Teacher"",""Admin"",""Manager"",""StudioManager"",""Reception""],""modulesAll"":[""Scheduling""]},""create"":{""rolesAny"":[""Admin"",""Manager"",""StudioManager"",""Reception""],""modulesAll"":[""Scheduling""]},""edit"":{""rolesAny"":[""Teacher"",""Admin"",""Manager"",""StudioManager"",""Reception""],""modulesAll"":[""Scheduling""],""recordScope"":""teacher-self-or-school-staff""},""delete"":{""rolesAny"":[""Admin"",""Manager"",""StudioManager""],""modulesAll"":[""Scheduling""]}},""scope"":""none"",""flag"":null,""mobile"":{""kind"":""web-only"",""destination"":null,""documentedException"":""Dedicated native teacher portal is pending.""}}",desktop;tablet;phone;native-where-mapped,es;en,loading;empty;validation;denied;expired-session;cancel;slow;interrupted;retry;recovery;return;deep-link;partial-progress,"inventoried;runtime coverage pending unless evidence register names exact journey; Operational initial arrival: actual isolated Admin+Customer and Customer sessions, Chromium production bundle320/1280, operational-*-after.json. Denials/redirects recorded per route. Integrated28 affected cases: operational-focused-final.json. Missing local calendar OAuth returns500. Other roles/states/engines/native untested. Manager arrival:198 isolated real-session/PostgreSQL17 cases,320/1280,dbf548172 bundle; zero axe/overflow/pageerror/5xx (evidence/manager-runtime-dbf.json). Other journey states remain separately pending. Additional initial arrival coverage: 19 role fixtures x320/1280 Chromium es-EC, actual isolated session/API; see evidence/remaining-role-arrivals.json. Denials included; actions/other states/native remain untested unless separately evidenced."
registered-feature,/escuela/profesores,tdf-hq/assets/feature-registry.json,"{""auth"":""authenticated"",""permissions"":{""discover"":{""rolesAny"":[""Admin"",""Manager"",""StudioManager"",""Reception""],""modulesAll"":[""Scheduling""]},""view"":{""rolesAny"":[""Admin"",""Manager"",""StudioManager"",""Reception""],""modulesAll"":[""Scheduling""]},""create"":{""rolesAny"":[""Admin"",""Manager"",""StudioManager""]},""edit"":{""rolesAny"":[""Admin"",""Manager"",""StudioManager""]}},""scope"":""none"",""flag"":null,""mobile"":{""kind"":""web-only"",""destination"":null,""documentedException"":""Teacher administration is web only.""}}",desktop;tablet;phone;native-where-mapped,es;en,loading;empty;validation;denied;expired-session;cancel;slow;interrupted;retry;recovery;return;deep-link;partial-progress,"inventoried;runtime coverage pending unless evidence register names exact journey; Operational initial arrival: actual isolated Admin+Customer and Customer sessions, Chromium production bundle320/1280, operational-*-after.json. Denials/redirects recorded per route. Integrated28 affected cases: operational-focused-final.json. Missing local calendar OAuth returns500. Other roles/states/engines/native untested. Manager arrival:198 isolated real-session/PostgreSQL17 cases,320/1280,dbf548172 bundle; zero axe/overflow/pageerror/5xx (evidence/manager-runtime-dbf.json). Other journey states remain separately pending. Additional initial arrival coverage: 19 role fixtures x320/1280 Chromium es-EC, actual isolated session/API; see evidence/remaining-role-arrivals.json. Denials included; actions/other states/native remain untested unless separately evidenced."
registered-feature,/escuela/clases,tdf-hq/assets/feature-registry.json,"{""auth"":""authenticated"",""permissions"":{""discover"":{""rolesAny"":[""Admin"",""Manager"",""StudioManager"",""Reception""],""modulesAll"":[""Scheduling""]},""view"":{""rolesAny"":[""Admin"",""Manager"",""StudioManager"",""Reception""],""modulesAll"":[""Scheduling""]},""create"":{""rolesAny"":[""Admin"",""Manager"",""StudioManager"",""Reception""]},""edit"":{""rolesAny"":[""Admin"",""Manager"",""StudioManager"",""Reception""]}},""scope"":""none"",""flag"":null,""mobile"":{""kind"":""web-only"",""destination"":null,""documentedException"":""Class administration is web only.""}}",desktop;tablet;phone;native-where-mapped,es;en,loading;empty;validation;denied;expired-session;cancel;slow;interrupted;retry;recovery;return;deep-link;partial-progress,"inventoried;runtime coverage pending unless evidence register names exact journey; Operational initial arrival: actual isolated Admin+Customer and Customer sessions, Chromium production bundle320/1280, operational-*-after.json. Denials/redirects recorded per route. Integrated28 affected cases: operational-focused-final.json. Missing local calendar OAuth returns500. Other roles/states/engines/native untested. Manager arrival:198 isolated real-session/PostgreSQL17 cases,320/1280,dbf548172 bundle; zero axe/overflow/pageerror/5xx (evidence/manager-runtime-dbf.json). Other journey states remain separately pending. Additional initial arrival coverage: 19 role fixtures x320/1280 Chromium es-EC, actual isolated session/API; see evidence/remaining-role-arrivals.json. Denials included; actions/other states/native remain untested unless separately evidenced."
registered-feature,/escuela/trial-lessons,tdf-hq/assets/feature-registry.json,"{""auth"":""authenticated"",""permissions"":{""discover"":{""rolesAny"":[""Admin"",""Manager"",""StudioManager"",""Reception""],""modulesAll"":[""Scheduling""]},""view"":{""rolesAny"":[""Admin"",""Manager"",""StudioManager"",""Reception""],""modulesAll"":[""Scheduling""]},""create"":{""rolesAny"":[""Admin"",""Manager"",""StudioManager"",""Reception""]},""assign"":{""rolesAny"":[""Admin"",""Manager"",""StudioManager"",""Reception""]}},""scope"":""none"",""flag"":null,""mobile"":{""kind"":""web-only"",""destination"":null,""documentedException"":""Trial administration is web only.""}}",desktop;tablet;phone;native-where-mapped,es;en,loading;empty;validation;denied;expired-session;cancel;slow;interrupted;retry;recovery;return;deep-link;partial-progress,"inventoried;runtime coverage pending unless evidence register names exact journey; Operational initial arrival: actual isolated Admin+Customer and Customer sessions, Chromium production bundle320/1280, operational-*-after.json. Denials/redirects recorded per route. Integrated28 affected cases: operational-focused-final.json. Missing local calendar OAuth returns500. Other roles/states/engines/native untested. Manager arrival:198 isolated real-session/PostgreSQL17 cases,320/1280,dbf548172 bundle; zero axe/overflow/pageerror/5xx (evidence/manager-runtime-dbf.json). Other journey states remain separately pending. Additional initial arrival coverage: 19 role fixtures x320/1280 Chromium es-EC, actual isolated session/API; see evidence/remaining-role-arrivals.json. Denials included; actions/other states/native remain untested unless separately evidenced."
registered-feature,/escuela/trial-queue,tdf-hq/assets/feature-registry.json,"{""auth"":""authenticated"",""permissions"":{""discover"":{""rolesAny"":[""Admin"",""Manager"",""StudioManager"",""Reception""],""modulesAll"":[""Scheduling""]},""view"":{""rolesAny"":[""Admin"",""Manager"",""StudioManager"",""Reception""],""modulesAll"":[""Scheduling""]},""assign"":{""rolesAny"":[""Admin"",""Manager"",""StudioManager"",""Reception""]}},""scope"":""none"",""flag"":null,""mobile"":{""kind"":""web-only"",""destination"":null,""documentedException"":""Trial-request review is web only.""}}",desktop;tablet;phone;native-where-mapped,es;en,loading;empty;validation;denied;expired-session;cancel;slow;interrupted;retry;recovery;return;deep-link;partial-progress,"inventoried;runtime coverage pending unless evidence register names exact journey; Operational initial arrival: actual isolated Admin+Customer and Customer sessions, Chromium production bundle320/1280, operational-*-after.json. Denials/redirects recorded per route. Integrated28 affected cases: operational-focused-final.json. Missing local calendar OAuth returns500. Other roles/states/engines/native untested. Manager arrival:198 isolated real-session/PostgreSQL17 cases,320/1280,dbf548172 bundle; zero axe/overflow/pageerror/5xx (evidence/manager-runtime-dbf.json). Other journey states remain separately pending. Additional initial arrival coverage: 19 role fixtures x320/1280 Chromium es-EC, actual isolated session/API; see evidence/remaining-role-arrivals.json. Denials included; actions/other states/native remain untested unless separately evidenced."
registered-feature,/practicas,tdf-hq/assets/feature-registry.json,"{""auth"":""authenticated"",""permissions"":{""discover"":{""rolesAny"":[""Intern"",""Admin"",""Manager"",""StudioManager""],""modulesAll"":[""Internships""]},""view"":{""rolesAny"":[""Intern"",""Admin"",""Manager"",""StudioManager""],""modulesAll"":[""Internships""],""recordScope"":""self-or-internship-admin""},""create"":{""rolesAny"":[""Admin"",""Manager"",""StudioManager""],""modulesAll"":[""Internships""]},""edit"":{""rolesAny"":[""Intern"",""Admin"",""Manager"",""StudioManager""],""modulesAll"":[""Internships""],""recordScope"":""self-or-internship-admin""},""delete"":{""rolesAny"":[""Admin"",""Manager"",""StudioManager""],""modulesAll"":[""Internships""]},""approve"":{""rolesAny"":[""Admin"",""Manager"",""StudioManager""],""modulesAll"":[""Internships""]}},""scope"":""none"",""flag"":null,""mobile"":{""kind"":""web-only"",""destination"":null,""documentedException"":""Intern time/project management is web only.""}}",desktop;tablet;phone;native-where-mapped,es;en,loading;empty;validation;denied;expired-session;cancel;slow;interrupted;retry;recovery;return;deep-link;partial-progress,"inventoried;runtime coverage pending unless evidence register names exact journey; Operational initial arrival: actual isolated Admin+Customer and Customer sessions, Chromium production bundle320/1280, operational-*-after.json. Denials/redirects recorded per route. Integrated28 affected cases: operational-focused-final.json. Missing local calendar OAuth returns500. Other roles/states/engines/native untested. Manager arrival:198 isolated real-session/PostgreSQL17 cases,320/1280,dbf548172 bundle; zero axe/overflow/pageerror/5xx (evidence/manager-runtime-dbf.json). Other journey states remain separately pending. Additional initial arrival coverage: 19 role fixtures x320/1280 Chromium es-EC, actual isolated session/API; see evidence/remaining-role-arrivals.json. Denials included; actions/other states/native remain untested unless separately evidenced."
registered-feature,/practicas/auditorias/:planId,tdf-hq/assets/feature-registry.json,"{""auth"":""authenticated"",""permissions"":{""discover"":{""rolesAny"":[""Intern"",""Admin"",""Manager"",""StudioManager""],""modulesAll"":[""Internships""]},""view"":{""rolesAny"":[""Intern"",""Admin"",""Manager"",""StudioManager""],""modulesAll"":[""Internships""],""recordScope"":""self-or-internship-admin""},""create"":{""rolesAny"":[""Admin"",""Manager"",""StudioManager""],""modulesAll"":[""Internships""]},""edit"":{""rolesAny"":[""Intern"",""Admin"",""Manager"",""StudioManager""],""modulesAll"":[""Internships""],""recordScope"":""self-or-internship-admin""},""approve"":{""rolesAny"":[""Admin"",""Manager"",""StudioManager""],""modulesAll"":[""Internships""]}},""scope"":""none"",""flag"":null,""mobile"":{""kind"":""external-web"",""destination"":""https://tdf-app.pages.dev/practicas/auditorias/:planId"",""documentedException"":""The audit checklist uses the responsive authenticated web workflow on mobile.""}}",desktop;tablet;phone;native-where-mapped,es;en,loading;empty;validation;denied;expired-session;cancel;slow;interrupted;retry;recovery;return;deep-link;partial-progress,inventoried;runtime coverage pending unless evidence register names exact journey
registered-feature,/label/artistas,tdf-hq/assets/feature-registry.json,"{""auth"":""authenticated"",""permissions"":{""discover"":{""rolesAny"":[""Admin"",""StudioManager"",""Webmaster""],""modulesAll"":[""Admin""]},""view"":{""rolesAny"":[""Admin"",""StudioManager"",""Webmaster""],""modulesAll"":[""Admin""]},""create"":{""rolesAny"":[""Admin"",""StudioManager""],""modulesAll"":[""Admin""]},""edit"":{""rolesAny"":[""Admin"",""StudioManager""],""modulesAll"":[""Admin""]},""delete"":{""rolesAny"":[""Admin"",""StudioManager""],""modulesAll"":[""Admin""]},""report"":{""rolesAny"":[""Admin"",""StudioManager""],""modulesAll"":[""Admin""]}},""scope"":""none"",""flag"":null,""mobile"":{""kind"":""native"",""destination"":""/(tabs)/events"",""documentedException"":""Native artist discovery is contextual to events and profiles.""}}",desktop;tablet;phone;native-where-mapped,es;en,loading;empty;validation;denied;expired-session;cancel;slow;interrupted;retry;recovery;return;deep-link;partial-progress,"inventoried;runtime coverage pending unless evidence register names exact journey; Operational initial arrival: actual isolated Admin+Customer and Customer sessions, Chromium production bundle320/1280, operational-*-after.json. Denials/redirects recorded per route. Integrated28 affected cases: operational-focused-final.json. Missing local calendar OAuth returns500. Other roles/states/engines/native untested. Manager arrival:198 isolated real-session/PostgreSQL17 cases,320/1280,dbf548172 bundle; zero axe/overflow/pageerror/5xx (evidence/manager-runtime-dbf.json). Other journey states remain separately pending. Additional initial arrival coverage: 19 role fixtures x320/1280 Chromium es-EC, actual isolated session/API; see evidence/remaining-role-arrivals.json. Denials included; actions/other states/native remain untested unless separately evidenced."
registered-feature,/label/proyectos,tdf-hq/assets/feature-registry.json,"{""auth"":""authenticated"",""permissions"":{""discover"":{""rolesAny"":[""Admin"",""Webmaster""],""modulesAll"":[""Admin""]},""view"":{""rolesAny"":[""Admin"",""Webmaster""],""modulesAll"":[""Admin""]},""create"":{""rolesAny"":[""Admin"",""Webmaster""],""modulesAll"":[""Admin""]},""edit"":{""rolesAny"":[""Admin"",""Webmaster""],""modulesAll"":[""Admin""]},""assign"":{""rolesAny"":[""Admin"",""Webmaster""],""modulesAll"":[""Admin""]}},""scope"":""none"",""flag"":null,""mobile"":{""kind"":""web-only"",""destination"":null,""documentedException"":""Project planning is web only.""}}",desktop;tablet;phone;native-where-mapped,es;en,loading;empty;validation;denied;expired-session;cancel;slow;interrupted;retry;recovery;return;deep-link;partial-progress,"inventoried;runtime coverage pending unless evidence register names exact journey; Operational initial arrival: actual isolated Admin+Customer and Customer sessions, Chromium production bundle320/1280, operational-*-after.json. Denials/redirects recorded per route. Integrated28 affected cases: operational-focused-final.json. Missing local calendar OAuth returns500. Other roles/states/engines/native untested. Manager arrival:198 isolated real-session/PostgreSQL17 cases,320/1280,dbf548172 bundle; zero axe/overflow/pageerror/5xx (evidence/manager-runtime-dbf.json). Other journey states remain separately pending. Additional initial arrival coverage: 19 role fixtures x320/1280 Chromium es-EC, actual isolated session/API; see evidence/remaining-role-arrivals.json. Denials included; actions/other states/native remain untested unless separately evidenced."
registered-feature,/label/releases,tdf-hq/assets/feature-registry.json,"{""auth"":""authenticated"",""permissions"":{""discover"":{""rolesAny"":[""Admin"",""StudioManager""],""modulesAll"":[""Admin""]},""view"":{""rolesAny"":[""Admin"",""StudioManager""],""modulesAll"":[""Admin""]},""create"":{""rolesAny"":[""Admin"",""StudioManager""],""modulesAll"":[""Admin""]},""edit"":{""rolesAny"":[""Admin"",""StudioManager""],""modulesAll"":[""Admin""],""recordScope"":""owner-or-catalog-manager""},""delete"":{""rolesAny"":[""Admin"",""StudioManager""],""modulesAll"":[""Admin""]},""publish"":{""rolesAny"":[""Admin"",""StudioManager""],""modulesAll"":[""Admin""]},""export"":{""rolesAny"":[""Admin"",""StudioManager""],""modulesAll"":[""Admin""]}},""scope"":""none"",""flag"":null,""mobile"":{""kind"":""external-web"",""destination"":null,""documentedException"":""Native release creation is not implemented; artist releases remain viewable contextually.""}}",desktop;tablet;phone;native-where-mapped,es;en,loading;empty;validation;denied;expired-session;cancel;slow;interrupted;retry;recovery;return;deep-link;partial-progress,"inventoried;runtime coverage pending unless evidence register names exact journey; Operational initial arrival: actual isolated Admin+Customer and Customer sessions, Chromium production bundle320/1280, operational-*-after.json. Denials/redirects recorded per route. Integrated28 affected cases: operational-focused-final.json. Missing local calendar OAuth returns500. Other roles/states/engines/native untested. Manager arrival:198 isolated real-session/PostgreSQL17 cases,320/1280,dbf548172 bundle; zero axe/overflow/pageerror/5xx (evidence/manager-runtime-dbf.json). Other journey states remain separately pending. Additional initial arrival coverage: 19 role fixtures x320/1280 Chromium es-EC, actual isolated session/API; see evidence/remaining-role-arrivals.json. Denials included; actions/other states/native remain untested unless separately evidenced."
registered-feature,/label/assets,tdf-hq/assets/feature-registry.json,"{""auth"":""authenticated"",""permissions"":{""discover"":{""modulesAll"":[""Ops""]},""view"":{""modulesAll"":[""Ops""]},""create"":{""modulesAll"":[""Ops""]},""edit"":{""modulesAll"":[""Ops""]},""delete"":{""rolesAny"":[""Admin"",""Manager"",""StudioManager""]}},""scope"":""none"",""flag"":null,""mobile"":{""kind"":""web-only"",""destination"":null,""documentedException"":""Asset upload/preview is web only.""}}",desktop;tablet;phone;native-where-mapped,es;en,loading;empty;validation;denied;expired-session;cancel;slow;interrupted;retry;recovery;return;deep-link;partial-progress,"inventoried;runtime coverage pending unless evidence register names exact journey; Operational initial arrival: actual isolated Admin+Customer and Customer sessions, Chromium production bundle320/1280, operational-*-after.json. Denials/redirects recorded per route. Integrated28 affected cases: operational-focused-final.json. Missing local calendar OAuth returns500. Other roles/states/engines/native untested. Manager arrival:198 isolated real-session/PostgreSQL17 cases,320/1280,dbf548172 bundle; zero axe/overflow/pageerror/5xx (evidence/manager-runtime-dbf.json). Other journey states remain separately pending. Additional initial arrival coverage: 19 role fixtures x320/1280 Chromium es-EC, actual isolated session/API; see evidence/remaining-role-arrivals.json. Denials included; actions/other states/native remain untested unless separately evidenced."
registered-feature,/label/tracks,tdf-hq/assets/feature-registry.json,"{""auth"":""authenticated"",""permissions"":{""discover"":{""rolesAny"":[""Artist"",""Artista"",""Admin""]},""view"":{""rolesAny"":[""Artist"",""Artista"",""Admin""],""recordScope"":""owner-or-admin""},""create"":{""rolesAny"":[""Artist"",""Artista"",""Admin""],""recordScope"":""owner-or-admin""},""edit"":{""rolesAny"":[""Artist"",""Artista"",""Admin""],""recordScope"":""owner-or-admin""},""delete"":{""rolesAny"":[""Artist"",""Artista"",""Admin""],""recordScope"":""owner-or-admin""}},""scope"":""none"",""flag"":null,""mobile"":{""kind"":""web-only"",""destination"":null,""documentedException"":""Track management is web only.""}}",desktop;tablet;phone;native-where-mapped,es;en,loading;empty;validation;denied;expired-session;cancel;slow;interrupted;retry;recovery;return;deep-link;partial-progress,"inventoried;runtime coverage pending unless evidence register names exact journey; Operational initial arrival: actual isolated Admin+Customer and Customer sessions, Chromium production bundle320/1280, operational-*-after.json. Denials/redirects recorded per route. Integrated28 affected cases: operational-focused-final.json. Missing local calendar OAuth returns500. Other roles/states/engines/native untested. Manager arrival:198 isolated real-session/PostgreSQL17 cases,320/1280,dbf548172 bundle; zero axe/overflow/pageerror/5xx (evidence/manager-runtime-dbf.json). Other journey states remain separately pending. Additional initial arrival coverage: 19 role fixtures x320/1280 Chromium es-EC, actual isolated session/API; see evidence/remaining-role-arrivals.json. Denials included; actions/other states/native remain untested unless separately evidenced."
registered-feature,/label/ddex,tdf-hq/assets/feature-registry.json,"{""auth"":""authenticated"",""permissions"":{""discover"":{""modulesAll"":[""Catalog""]},""view"":{""modulesAll"":[""Catalog""]},""import"":{""rolesAny"":[""Admin"",""Manager"",""StudioManager"",""LabelRep"",""AandR""],""modulesAll"":[""Catalog""]},""validate"":{""modulesAll"":[""Catalog""]},""export"":{""rolesAny"":[""Admin"",""Manager"",""StudioManager"",""LabelRep"",""AandR""],""modulesAll"":[""Catalog""]}},""scope"":""none"",""flag"":null,""mobile"":{""kind"":""native"",""destination"":""/ddex"",""documentedException"":null}}",desktop;tablet;phone;native-where-mapped,es;en,loading;empty;validation;denied;expired-session;cancel;slow;interrupted;retry;recovery;return;deep-link;partial-progress,"inventoried;runtime coverage pending unless evidence register names exact journey; Operational initial arrival: actual isolated Admin+Customer and Customer sessions, Chromium production bundle320/1280, operational-*-after.json. Denials/redirects recorded per route. Integrated28 affected cases: operational-focused-final.json. Missing local calendar OAuth returns500. Other roles/states/engines/native untested. Manager arrival:198 isolated real-session/PostgreSQL17 cases,320/1280,dbf548172 bundle; zero axe/overflow/pageerror/5xx (evidence/manager-runtime-dbf.json). Other journey states remain separately pending. Additional initial arrival coverage: 19 role fixtures x320/1280 Chromium es-EC, actual isolated session/API; see evidence/remaining-role-arrivals.json. Denials included; actions/other states/native remain untested unless separately evidenced."
registered-feature,/label/ddex/documents/:id,tdf-hq/assets/feature-registry.json,"{""auth"":""authenticated"",""permissions"":{""discover"":{""modulesAll"":[""Catalog""]},""view"":{""modulesAll"":[""Catalog""]},""validate"":{""modulesAll"":[""Catalog""]}},""scope"":""none"",""flag"":null,""mobile"":{""kind"":""native-contextual"",""destination"":""/ddex/document/[id]"",""documentedException"":null}}",desktop;tablet;phone;native-where-mapped,es;en,loading;empty;validation;denied;expired-session;cancel;slow;interrupted;retry;recovery;return;deep-link;partial-progress,inventoried;runtime coverage pending unless evidence register names exact journey
registered-feature,/label/ddex/documents/:id/import,tdf-hq/assets/feature-registry.json,"{""auth"":""authenticated"",""permissions"":{""discover"":{""rolesAny"":[""Admin"",""Manager"",""StudioManager"",""LabelRep"",""AandR""],""modulesAll"":[""Catalog""]},""view"":{""rolesAny"":[""Admin"",""Manager"",""StudioManager"",""LabelRep"",""AandR""],""modulesAll"":[""Catalog""]},""import"":{""rolesAny"":[""Admin"",""Manager"",""StudioManager"",""LabelRep"",""AandR""],""modulesAll"":[""Catalog""]},""approve"":{""rolesAny"":[""Admin"",""Manager"",""StudioManager"",""LabelRep"",""AandR""],""modulesAll"":[""Catalog""]}},""scope"":""none"",""flag"":null,""mobile"":{""kind"":""security-concealed"",""destination"":null,""documentedException"":""The import engine and conflict resolution are not implemented; the inbox explains this limitation.""}}",desktop;tablet;phone;native-where-mapped,es;en,loading;empty;validation;denied;expired-session;cancel;slow;interrupted;retry;recovery;return;deep-link;partial-progress,inventoried;runtime coverage pending unless evidence register names exact journey
registered-feature,/label/ddex/partners,tdf-hq/assets/feature-registry.json,"{""auth"":""authenticated"",""permissions"":{""discover"":{""rolesAny"":[""Admin"",""StudioManager"",""LabelRep"",""AandR""],""modulesAll"":[""Catalog""]},""view"":{""rolesAny"":[""Admin"",""StudioManager"",""LabelRep"",""AandR""],""modulesAll"":[""Catalog""]},""create"":{""rolesAny"":[""Admin"",""StudioManager"",""LabelRep"",""AandR""],""modulesAll"":[""Catalog""]},""edit"":{""rolesAny"":[""Admin"",""StudioManager"",""LabelRep"",""AandR""],""modulesAll"":[""Catalog""]},""delete"":{""rolesAny"":[""Admin"",""StudioManager"",""LabelRep"",""AandR""],""modulesAll"":[""Catalog""]},""administer"":{""rolesAny"":[""Admin"",""StudioManager"",""LabelRep"",""AandR""],""modulesAll"":[""Catalog""]}},""scope"":""none"",""flag"":null,""mobile"":{""kind"":""native"",""destination"":""/ddex/partners"",""documentedException"":null}}",desktop;tablet;phone;native-where-mapped,es;en,loading;empty;validation;denied;expired-session;cancel;slow;interrupted;retry;recovery;return;deep-link;partial-progress,"inventoried;runtime coverage pending unless evidence register names exact journey; Operational initial arrival: actual isolated Admin+Customer and Customer sessions, Chromium production bundle320/1280, operational-*-after.json. Denials/redirects recorded per route. Integrated28 affected cases: operational-focused-final.json. Missing local calendar OAuth returns500. Other roles/states/engines/native untested. Manager arrival:198 isolated real-session/PostgreSQL17 cases,320/1280,dbf548172 bundle; zero axe/overflow/pageerror/5xx (evidence/manager-runtime-dbf.json). Other journey states remain separately pending. Additional initial arrival coverage: 19 role fixtures x320/1280 Chromium es-EC, actual isolated session/API; see evidence/remaining-role-arrivals.json. Denials included; actions/other states/native remain untested unless separately evidenced."
registered-feature,/dashboard/operations,tdf-hq/assets/feature-registry.json,"{""auth"":""authenticated"",""permissions"":{""discover"":{""rolesAny"":[""Admin"",""Manager"",""StudioManager"",""Accounting"",""Reception"",""Teacher"",""Engineer"",""LiveSessionsProducer"",""Producer"",""AandR"",""Maintenance"",""ReadOnly""]},""view"":{""rolesAny"":[""Admin"",""Manager"",""StudioManager"",""Accounting"",""Reception"",""Teacher"",""Engineer"",""LiveSessionsProducer"",""Producer"",""AandR"",""Maintenance"",""ReadOnly""],""recordScope"":""organization-branch-role-assignment""},""create"":{""rolesAny"":[""Admin"",""Manager"",""StudioManager"",""Accounting"",""Reception"",""Teacher"",""Engineer"",""LiveSessionsProducer"",""Producer"",""AandR"",""Maintenance""]},""edit"":{""rolesAny"":[""Admin"",""Manager"",""StudioManager"",""Accounting"",""Reception"",""Teacher"",""Engineer"",""LiveSessionsProducer"",""Producer"",""AandR"",""Maintenance""],""recordScope"":""organization-branch-role-assignment""},""assign"":{""rolesAny"":[""Admin"",""Manager"",""StudioManager"",""Accounting"",""Reception"",""LiveSessionsProducer"",""Producer"",""AandR"",""Maintenance""]},""approve"":{""rolesAny"":[""Admin"",""Manager"",""StudioManager"",""Accounting""]},""administer"":{""rolesAny"":[""Admin"",""Manager"",""StudioManager""]}},""scope"":""organization-branch-role-assignment"",""flag"":""operations_enabled"",""mobile"":{""kind"":""native"",""destination"":""/operations"",""documentedException"":null}}",desktop;tablet;phone;native-where-mapped,es;en,loading;empty;validation;denied;expired-session;cancel;slow;interrupted;retry;recovery;return;deep-link;partial-progress,"inventoried;runtime coverage pending unless evidence register names exact journey; Operational initial arrival: actual isolated Admin+Customer and Customer sessions, Chromium production bundle320/1280, operational-*-after.json. Denials/redirects recorded per route. Integrated28 affected cases: operational-focused-final.json. Missing local calendar OAuth returns500. Other roles/states/engines/native untested. Manager arrival:198 isolated real-session/PostgreSQL17 cases,320/1280,dbf548172 bundle; zero axe/overflow/pageerror/5xx (evidence/manager-runtime-dbf.json). Other journey states remain separately pending. Additional initial arrival coverage: 19 role fixtures x320/1280 Chromium es-EC, actual isolated session/API; see evidence/remaining-role-arrivals.json. Denials included; actions/other states/native remain untested unless separately evidenced."
registered-feature,/operacion/inventario,tdf-hq/assets/feature-registry.json,"{""auth"":""authenticated"",""permissions"":{""discover"":{""rolesAny"":[""Admin"",""Manager"",""StudioManager"",""Webmaster"",""Maintenance""],""modulesAny"":[""Admin"",""Ops""]},""view"":{""rolesAny"":[""Admin"",""Manager"",""StudioManager"",""Webmaster"",""Maintenance""],""modulesAny"":[""Admin"",""Ops""]},""create"":{""rolesAny"":[""Admin"",""Manager"",""StudioManager"",""Webmaster"",""Maintenance""],""modulesAny"":[""Admin"",""Ops""]},""edit"":{""rolesAny"":[""Admin"",""Manager"",""StudioManager"",""Webmaster"",""Maintenance""],""modulesAny"":[""Admin"",""Ops""]},""delete"":{""rolesAny"":[""Admin"",""Manager""],""modulesAny"":[""Admin"",""Ops""]},""assign"":{""rolesAny"":[""Admin"",""Manager"",""StudioManager"",""Webmaster"",""Maintenance""],""modulesAny"":[""Admin"",""Ops""]},""report"":{""rolesAny"":[""Admin"",""Manager"",""StudioManager"",""Webmaster"",""Maintenance""],""modulesAny"":[""Admin"",""Ops""]}},""scope"":""none"",""flag"":null,""mobile"":{""kind"":""native"",""destination"":""/(tabs)/inventory"",""documentedException"":null}}",desktop;tablet;phone;native-where-mapped,es;en,loading;empty;validation;denied;expired-session;cancel;slow;interrupted;retry;recovery;return;deep-link;partial-progress,"inventoried;runtime coverage pending unless evidence register names exact journey; Operational initial arrival: actual isolated Admin+Customer and Customer sessions, Chromium production bundle320/1280, operational-*-after.json. Denials/redirects recorded per route. Integrated28 affected cases: operational-focused-final.json. Missing local calendar OAuth returns500. Other roles/states/engines/native untested. Manager arrival:198 isolated real-session/PostgreSQL17 cases,320/1280,dbf548172 bundle; zero axe/overflow/pageerror/5xx (evidence/manager-runtime-dbf.json). Other journey states remain separately pending. Additional initial arrival coverage: 19 role fixtures x320/1280 Chromium es-EC, actual isolated session/API; see evidence/remaining-role-arrivals.json. Denials included; actions/other states/native remain untested unless separately evidenced."
registered-feature,/operacion/ordenes-marketplace,tdf-hq/assets/feature-registry.json,"{""auth"":""authenticated"",""permissions"":{""discover"":{""rolesAny"":[""Admin"",""Manager"",""StudioManager"",""Webmaster"",""Maintenance""],""modulesAny"":[""Admin"",""Ops""]},""view"":{""rolesAny"":[""Admin"",""Manager"",""StudioManager"",""Webmaster"",""Maintenance""],""modulesAny"":[""Admin"",""Ops""]},""create"":{""rolesAny"":[""Admin"",""Manager"",""StudioManager""],""modulesAny"":[""Admin"",""Ops""]},""edit"":{""rolesAny"":[""Admin"",""Manager"",""StudioManager"",""Webmaster"",""Maintenance""],""modulesAny"":[""Admin"",""Ops""]},""delete"":{""rolesAny"":[""Admin"",""Manager"",""StudioManager""],""modulesAny"":[""Admin"",""Ops""]},""approve"":{""rolesAny"":[""Admin"",""Manager"",""StudioManager""],""modulesAny"":[""Admin"",""Ops""]},""export"":{""rolesAny"":[""Admin"",""Manager"",""StudioManager"",""Webmaster"",""Maintenance""],""modulesAny"":[""Admin"",""Ops""]}},""scope"":""none"",""flag"":null,""mobile"":{""kind"":""web-only"",""destination"":null,""documentedException"":""Order operations and refunds are web only.""}}",desktop;tablet;phone;native-where-mapped,es;en,loading;empty;validation;denied;expired-session;cancel;slow;interrupted;retry;recovery;return;deep-link;partial-progress,"inventoried;runtime coverage pending unless evidence register names exact journey; Operational initial arrival: actual isolated Admin+Customer and Customer sessions, Chromium production bundle320/1280, operational-*-after.json. Denials/redirects recorded per route. Integrated28 affected cases: operational-focused-final.json. Missing local calendar OAuth returns500. Other roles/states/engines/native untested. Manager arrival:198 isolated real-session/PostgreSQL17 cases,320/1280,dbf548172 bundle; zero axe/overflow/pageerror/5xx (evidence/manager-runtime-dbf.json). Other journey states remain separately pending. Additional initial arrival coverage: 19 role fixtures x320/1280 Chromium es-EC, actual isolated session/API; see evidence/remaining-role-arrivals.json. Denials included; actions/other states/native remain untested unless separately evidenced."
registered-feature,/operacion/reservas-equipo,tdf-hq/assets/feature-registry.json,"{""auth"":""authenticated"",""permissions"":{""discover"":{""rolesAny"":[""Admin"",""Manager"",""StudioManager"",""Webmaster"",""Maintenance""],""modulesAny"":[""Admin"",""Ops""]},""view"":{""rolesAny"":[""Admin"",""Manager"",""StudioManager"",""Webmaster"",""Maintenance""],""modulesAny"":[""Admin"",""Ops""]},""create"":{""rolesAny"":[""Admin"",""Manager"",""StudioManager"",""Webmaster"",""Maintenance""],""modulesAny"":[""Admin"",""Ops""]},""edit"":{""rolesAny"":[""Admin"",""Manager"",""StudioManager"",""Webmaster"",""Maintenance""],""modulesAny"":[""Admin"",""Ops""]}},""scope"":""none"",""flag"":null,""mobile"":{""kind"":""native"",""destination"":""/(tabs)/inventory"",""documentedException"":""Equipment reservations are contextual in native inventory.""}}",desktop;tablet;phone;native-where-mapped,es;en,loading;empty;validation;denied;expired-session;cancel;slow;interrupted;retry;recovery;return;deep-link;partial-progress,"inventoried;runtime coverage pending unless evidence register names exact journey; Operational initial arrival: actual isolated Admin+Customer and Customer sessions, Chromium production bundle320/1280, operational-*-after.json. Denials/redirects recorded per route. Integrated28 affected cases: operational-focused-final.json. Missing local calendar OAuth returns500. Other roles/states/engines/native untested. Manager arrival:198 isolated real-session/PostgreSQL17 cases,320/1280,dbf548172 bundle; zero axe/overflow/pageerror/5xx (evidence/manager-runtime-dbf.json). Other journey states remain separately pending. Additional initial arrival coverage: 19 role fixtures x320/1280 Chromium es-EC, actual isolated session/API; see evidence/remaining-role-arrivals.json. Denials included; actions/other states/native remain untested unless separately evidenced."
registered-feature,/finanzas/pagos,tdf-hq/assets/feature-registry.json,"{""auth"":""authenticated"",""permissions"":{""discover"":{""modulesAll"":[""Invoicing""]},""view"":{""modulesAll"":[""Invoicing""]},""create"":{""modulesAll"":[""Invoicing""]},""edit"":{""modulesAll"":[""Invoicing""]},""export"":{""modulesAll"":[""Invoicing""]},""report"":{""modulesAll"":[""Invoicing""]}},""scope"":""none"",""flag"":null,""mobile"":{""kind"":""web-only"",""destination"":null,""documentedException"":""Financial operations are intentionally web only.""}}",desktop;tablet;phone;native-where-mapped,es;en,loading;empty;validation;denied;expired-session;cancel;slow;interrupted;retry;recovery;return;deep-link;partial-progress,"inventoried;runtime coverage pending unless evidence register names exact journey; Operational initial arrival: actual isolated Admin+Customer and Customer sessions, Chromium production bundle320/1280, operational-*-after.json. Denials/redirects recorded per route. Integrated28 affected cases: operational-focused-final.json. Missing local calendar OAuth returns500. Other roles/states/engines/native untested. Manager arrival:198 isolated real-session/PostgreSQL17 cases,320/1280,dbf548172 bundle; zero axe/overflow/pageerror/5xx (evidence/manager-runtime-dbf.json). Other journey states remain separately pending. Additional initial arrival coverage: 19 role fixtures x320/1280 Chromium es-EC, actual isolated session/API; see evidence/remaining-role-arrivals.json. Denials included; actions/other states/native remain untested unless separately evidenced."
registered-feature,/finanzas/creador-reporte-cuenta,tdf-hq/assets/feature-registry.json,"{""auth"":""authenticated"",""permissions"":{""discover"":{""modulesAll"":[""Invoicing""]},""view"":{""modulesAll"":[""Invoicing""]},""report"":{""modulesAll"":[""Invoicing""]},""export"":{""modulesAll"":[""Invoicing""]}},""scope"":""none"",""flag"":null,""mobile"":{""kind"":""web-only"",""destination"":null,""documentedException"":""PDF/report authoring is web only.""}}",desktop;tablet;phone;native-where-mapped,es;en,loading;empty;validation;denied;expired-session;cancel;slow;interrupted;retry;recovery;return;deep-link;partial-progress,"inventoried;runtime coverage pending unless evidence register names exact journey; Operational initial arrival: actual isolated Admin+Customer and Customer sessions, Chromium production bundle320/1280, operational-*-after.json. Denials/redirects recorded per route. Integrated28 affected cases: operational-focused-final.json. Missing local calendar OAuth returns500. Other roles/states/engines/native untested. Manager arrival:198 isolated real-session/PostgreSQL17 cases,320/1280,dbf548172 bundle; zero axe/overflow/pageerror/5xx (evidence/manager-runtime-dbf.json). Other journey states remain separately pending. Additional initial arrival coverage: 19 role fixtures x320/1280 Chromium es-EC, actual isolated session/API; see evidence/remaining-role-arrivals.json. Denials included; actions/other states/native remain untested unless separately evidenced."
registered-feature,/finanzas/reporte-esteban-munoz,tdf-hq/assets/feature-registry.json,"{""auth"":""authenticated"",""permissions"":{""discover"":{""modulesAll"":[""Invoicing""]},""view"":{""modulesAll"":[""Invoicing""]},""report"":{""modulesAll"":[""Invoicing""]},""export"":{""modulesAll"":[""Invoicing""]}},""scope"":""none"",""flag"":null,""mobile"":{""kind"":""web-only"",""destination"":null,""documentedException"":""Named financial report is web only.""}}",desktop;tablet;phone;native-where-mapped,es;en,loading;empty;validation;denied;expired-session;cancel;slow;interrupted;retry;recovery;return;deep-link;partial-progress,"inventoried;runtime coverage pending unless evidence register names exact journey; Operational initial arrival: actual isolated Admin+Customer and Customer sessions, Chromium production bundle320/1280, operational-*-after.json. Denials/redirects recorded per route. Integrated28 affected cases: operational-focused-final.json. Missing local calendar OAuth returns500. Other roles/states/engines/native untested. Manager arrival:198 isolated real-session/PostgreSQL17 cases,320/1280,dbf548172 bundle; zero axe/overflow/pageerror/5xx (evidence/manager-runtime-dbf.json). Other journey states remain separately pending. Additional initial arrival coverage: 19 role fixtures x320/1280 Chromium es-EC, actual isolated session/API; see evidence/remaining-role-arrivals.json. Denials included; actions/other states/native remain untested unless separately evidenced."
registered-feature,/finanzas/reporte-david-celaya,tdf-hq/assets/feature-registry.json,"{""auth"":""authenticated"",""permissions"":{""discover"":{""modulesAll"":[""Invoicing""]},""view"":{""modulesAll"":[""Invoicing""]},""report"":{""modulesAll"":[""Invoicing""]},""export"":{""modulesAll"":[""Invoicing""]}},""scope"":""none"",""flag"":null,""mobile"":{""kind"":""web-only"",""destination"":null,""documentedException"":""Named financial report is web only.""}}",desktop;tablet;phone;native-where-mapped,es;en,loading;empty;validation;denied;expired-session;cancel;slow;interrupted;retry;recovery;return;deep-link;partial-progress,"inventoried;runtime coverage pending unless evidence register names exact journey; Operational initial arrival: actual isolated Admin+Customer and Customer sessions, Chromium production bundle320/1280, operational-*-after.json. Denials/redirects recorded per route. Integrated28 affected cases: operational-focused-final.json. Missing local calendar OAuth returns500. Other roles/states/engines/native untested. Manager arrival:198 isolated real-session/PostgreSQL17 cases,320/1280,dbf548172 bundle; zero axe/overflow/pageerror/5xx (evidence/manager-runtime-dbf.json). Other journey states remain separately pending. Additional initial arrival coverage: 19 role fixtures x320/1280 Chromium es-EC, actual isolated session/API; see evidence/remaining-role-arrivals.json. Denials included; actions/other states/native remain untested unless separately evidenced."
registered-feature,/configuracion/catalogos,tdf-hq/assets/feature-registry.json,"{""auth"":""authenticated"",""permissions"":{""discover"":{""rolesAny"":[""Admin""],""modulesAll"":[""Catalog""]},""view"":{""rolesAny"":[""Admin""],""modulesAll"":[""Catalog""]},""create"":{""rolesAny"":[""Admin""],""modulesAll"":[""Catalog""]},""edit"":{""rolesAny"":[""Admin""],""modulesAll"":[""Catalog""]},""deactivate"":{""rolesAny"":[""Admin""],""modulesAll"":[""Catalog""]},""import"":{""rolesAny"":[""Admin""],""modulesAll"":[""Catalog""]},""export"":{""rolesAny"":[""Admin""],""modulesAll"":[""Catalog""]},""submit"":{""rolesAny"":[""Admin""],""modulesAll"":[""Catalog""]},""approve"":{""rolesAny"":[""Admin""],""modulesAll"":[""Catalog""]},""reject"":{""rolesAny"":[""Admin""],""modulesAll"":[""Catalog""]},""publish"":{""rolesAny"":[""Admin""],""modulesAll"":[""Catalog""]},""administer"":{""rolesAny"":[""Admin""],""modulesAll"":[""Catalog""]}},""scope"":""none"",""flag"":null,""mobile"":{""kind"":""native"",""destination"":""/catalogs"",""documentedException"":null}}",desktop;tablet;phone;native-where-mapped,es;en,loading;empty;validation;denied;expired-session;cancel;slow;interrupted;retry;recovery;return;deep-link;partial-progress,"inventoried;runtime coverage pending unless evidence register names exact journey; Operational initial arrival: actual isolated Admin+Customer and Customer sessions, Chromium production bundle320/1280, operational-*-after.json. Denials/redirects recorded per route. Integrated28 affected cases: operational-focused-final.json. Missing local calendar OAuth returns500. Other roles/states/engines/native untested. Manager arrival:198 isolated real-session/PostgreSQL17 cases,320/1280,dbf548172 bundle; zero axe/overflow/pageerror/5xx (evidence/manager-runtime-dbf.json). Other journey states remain separately pending. Additional initial arrival coverage: 19 role fixtures x320/1280 Chromium es-EC, actual isolated session/API; see evidence/remaining-role-arrivals.json. Denials included; actions/other states/native remain untested unless separately evidenced."
registered-feature,/configuracion/catalogos/radio-auto-stop,tdf-hq/assets/feature-registry.json,"{""auth"":""authenticated"",""permissions"":{""discover"":{""rolesAny"":[""Admin""],""modulesAll"":[""Catalog""]},""view"":{""rolesAny"":[""Admin""],""modulesAll"":[""Catalog""]},""edit"":{""rolesAny"":[""Admin""],""modulesAll"":[""Catalog""]}},""scope"":""none"",""flag"":null,""mobile"":{""kind"":""web-only"",""destination"":null,""documentedException"":""This specialized editor is currently available in web catalog administration.""}}",desktop;tablet;phone;native-where-mapped,es;en,loading;empty;validation;denied;expired-session;cancel;slow;interrupted;retry;recovery;return;deep-link;partial-progress,"inventoried;runtime coverage pending unless evidence register names exact journey; Operational initial arrival: actual isolated Admin+Customer and Customer sessions, Chromium production bundle320/1280, operational-*-after.json. Denials/redirects recorded per route. Integrated28 affected cases: operational-focused-final.json. Missing local calendar OAuth returns500. Other roles/states/engines/native untested. Manager arrival:198 isolated real-session/PostgreSQL17 cases,320/1280,dbf548172 bundle; zero axe/overflow/pageerror/5xx (evidence/manager-runtime-dbf.json). Other journey states remain separately pending. Additional initial arrival coverage: 19 role fixtures x320/1280 Chromium es-EC, actual isolated session/API; see evidence/remaining-role-arrivals.json. Denials included; actions/other states/native remain untested unless separately evidenced."
registered-feature,/configuracion/catalogos/apariencia,tdf-hq/assets/feature-registry.json,"{""auth"":""authenticated"",""permissions"":{""discover"":{""rolesAny"":[""Admin""],""modulesAll"":[""Catalog""]},""view"":{""rolesAny"":[""Admin""],""modulesAll"":[""Catalog""]},""edit"":{""rolesAny"":[""Admin""],""modulesAll"":[""Catalog""]}},""scope"":""none"",""flag"":null,""mobile"":{""kind"":""web-only"",""destination"":null,""documentedException"":""This specialized editor is currently available in web catalog administration.""}}",desktop;tablet;phone;native-where-mapped,es;en,loading;empty;validation;denied;expired-session;cancel;slow;interrupted;retry;recovery;return;deep-link;partial-progress,"inventoried;runtime coverage pending unless evidence register names exact journey; Operational initial arrival: actual isolated Admin+Customer and Customer sessions, Chromium production bundle320/1280, operational-*-after.json. Denials/redirects recorded per route. Integrated28 affected cases: operational-focused-final.json. Missing local calendar OAuth returns500. Other roles/states/engines/native untested. Manager arrival:198 isolated real-session/PostgreSQL17 cases,320/1280,dbf548172 bundle; zero axe/overflow/pageerror/5xx (evidence/manager-runtime-dbf.json). Other journey states remain separately pending. Additional initial arrival coverage: 19 role fixtures x320/1280 Chromium es-EC, actual isolated session/API; see evidence/remaining-role-arrivals.json. Denials included; actions/other states/native remain untested unless separately evidenced."
registered-feature,/configuracion/catalogos/feedback,tdf-hq/assets/feature-registry.json,"{""auth"":""authenticated"",""permissions"":{""discover"":{""rolesAny"":[""Admin""],""modulesAll"":[""Catalog""]},""view"":{""rolesAny"":[""Admin""],""modulesAll"":[""Catalog""]},""edit"":{""rolesAny"":[""Admin""],""modulesAll"":[""Catalog""]}},""scope"":""none"",""flag"":null,""mobile"":{""kind"":""web-only"",""destination"":null,""documentedException"":""This specialized editor is currently available in web catalog administration.""}}",desktop;tablet;phone;native-where-mapped,es;en,loading;empty;validation;denied;expired-session;cancel;slow;interrupted;retry;recovery;return;deep-link;partial-progress,"inventoried;runtime coverage pending unless evidence register names exact journey; Operational initial arrival: actual isolated Admin+Customer and Customer sessions, Chromium production bundle320/1280, operational-*-after.json. Denials/redirects recorded per route. Integrated28 affected cases: operational-focused-final.json. Missing local calendar OAuth returns500. Other roles/states/engines/native untested. Manager arrival:198 isolated real-session/PostgreSQL17 cases,320/1280,dbf548172 bundle; zero axe/overflow/pageerror/5xx (evidence/manager-runtime-dbf.json). Other journey states remain separately pending. Additional initial arrival coverage: 19 role fixtures x320/1280 Chromium es-EC, actual isolated session/API; see evidence/remaining-role-arrivals.json. Denials included; actions/other states/native remain untested unless separately evidenced."
registered-feature,/configuracion/catalogos/reacciones,tdf-hq/assets/feature-registry.json,"{""auth"":""authenticated"",""permissions"":{""discover"":{""rolesAny"":[""Admin""],""modulesAll"":[""Catalog""]},""view"":{""rolesAny"":[""Admin""],""modulesAll"":[""Catalog""]},""edit"":{""rolesAny"":[""Admin""],""modulesAll"":[""Catalog""]}},""scope"":""none"",""flag"":null,""mobile"":{""kind"":""web-only"",""destination"":null,""documentedException"":""This specialized editor is currently available in web catalog administration.""}}",desktop;tablet;phone;native-where-mapped,es;en,loading;empty;validation;denied;expired-session;cancel;slow;interrupted;retry;recovery;return;deep-link;partial-progress,"inventoried;runtime coverage pending unless evidence register names exact journey; Operational initial arrival: actual isolated Admin+Customer and Customer sessions, Chromium production bundle320/1280, operational-*-after.json. Denials/redirects recorded per route. Integrated28 affected cases: operational-focused-final.json. Missing local calendar OAuth returns500. Other roles/states/engines/native untested. Manager arrival:198 isolated real-session/PostgreSQL17 cases,320/1280,dbf548172 bundle; zero axe/overflow/pageerror/5xx (evidence/manager-runtime-dbf.json). Other journey states remain separately pending. Additional initial arrival coverage: 19 role fixtures x320/1280 Chromium es-EC, actual isolated session/API; see evidence/remaining-role-arrivals.json. Denials included; actions/other states/native remain untested unless separately evidenced."
registered-feature,/configuracion/catalogos/reacciones-contenido,tdf-hq/assets/feature-registry.json,"{""auth"":""authenticated"",""permissions"":{""discover"":{""rolesAny"":[""Admin""],""modulesAll"":[""Catalog""]},""view"":{""rolesAny"":[""Admin""],""modulesAll"":[""Catalog""]},""edit"":{""rolesAny"":[""Admin""],""modulesAll"":[""Catalog""]}},""scope"":""none"",""flag"":null,""mobile"":{""kind"":""web-only"",""destination"":null,""documentedException"":""This specialized editor is currently available in web catalog administration.""}}",desktop;tablet;phone;native-where-mapped,es;en,loading;empty;validation;denied;expired-session;cancel;slow;interrupted;retry;recovery;return;deep-link;partial-progress,"inventoried;runtime coverage pending unless evidence register names exact journey; Operational initial arrival: actual isolated Admin+Customer and Customer sessions, Chromium production bundle320/1280, operational-*-after.json. Denials/redirects recorded per route. Integrated28 affected cases: operational-focused-final.json. Missing local calendar OAuth returns500. Other roles/states/engines/native untested. Manager arrival:198 isolated real-session/PostgreSQL17 cases,320/1280,dbf548172 bundle; zero axe/overflow/pageerror/5xx (evidence/manager-runtime-dbf.json). Other journey states remain separately pending. Additional initial arrival coverage: 19 role fixtures x320/1280 Chromium es-EC, actual isolated session/API; see evidence/remaining-role-arrivals.json. Denials included; actions/other states/native remain untested unless separately evidenced."
registered-feature,/configuracion/catalogos/insignias-creadores,tdf-hq/assets/feature-registry.json,"{""auth"":""authenticated"",""permissions"":{""discover"":{""rolesAny"":[""Admin""],""modulesAll"":[""Catalog""]},""view"":{""rolesAny"":[""Admin""],""modulesAll"":[""Catalog""]},""edit"":{""rolesAny"":[""Admin""],""modulesAll"":[""Catalog""]}},""scope"":""none"",""flag"":null,""mobile"":{""kind"":""web-only"",""destination"":null,""documentedException"":""This specialized editor is currently available in web catalog administration.""}}",desktop;tablet;phone;native-where-mapped,es;en,loading;empty;validation;denied;expired-session;cancel;slow;interrupted;retry;recovery;return;deep-link;partial-progress,"inventoried;runtime coverage pending unless evidence register names exact journey; Operational initial arrival: actual isolated Admin+Customer and Customer sessions, Chromium production bundle320/1280, operational-*-after.json. Denials/redirects recorded per route. Integrated28 affected cases: operational-focused-final.json. Missing local calendar OAuth returns500. Other roles/states/engines/native untested. Manager arrival:198 isolated real-session/PostgreSQL17 cases,320/1280,dbf548172 bundle; zero axe/overflow/pageerror/5xx (evidence/manager-runtime-dbf.json). Other journey states remain separately pending. Additional initial arrival coverage: 19 role fixtures x320/1280 Chromium es-EC, actual isolated session/API; see evidence/remaining-role-arrivals.json. Denials included; actions/other states/native remain untested unless separately evidenced."
registered-feature,/configuracion/inscripciones-curso,tdf-hq/assets/feature-registry.json,"{""auth"":""authenticated"",""permissions"":{""discover"":{""modulesAll"":[""Admin""]},""view"":{""modulesAll"":[""Admin""]},""create"":{""modulesAll"":[""Admin""]},""edit"":{""modulesAll"":[""Admin""]},""delete"":{""modulesAll"":[""Admin""]},""approve"":{""modulesAll"":[""Admin""]},""export"":{""modulesAll"":[""Admin""]}},""scope"":""none"",""flag"":null,""mobile"":{""kind"":""web-only"",""destination"":null,""documentedException"":""Registration review is web only.""}}",desktop;tablet;phone;native-where-mapped,es;en,loading;empty;validation;denied;expired-session;cancel;slow;interrupted;retry;recovery;return;deep-link;partial-progress,"inventoried;runtime coverage pending unless evidence register names exact journey; Operational initial arrival: actual isolated Admin+Customer and Customer sessions, Chromium production bundle320/1280, operational-*-after.json. Denials/redirects recorded per route. Integrated28 affected cases: operational-focused-final.json. Missing local calendar OAuth returns500. Other roles/states/engines/native untested. Manager arrival:198 isolated real-session/PostgreSQL17 cases,320/1280,dbf548172 bundle; zero axe/overflow/pageerror/5xx (evidence/manager-runtime-dbf.json). Other journey states remain separately pending. Additional initial arrival coverage: 19 role fixtures x320/1280 Chromium es-EC, actual isolated session/API; see evidence/remaining-role-arrivals.json. Denials included; actions/other states/native remain untested unless separately evidenced."
registered-feature,/configuracion/cursos,tdf-hq/assets/feature-registry.json,"{""auth"":""authenticated"",""permissions"":{""discover"":{""modulesAll"":[""Admin""]},""view"":{""modulesAll"":[""Admin""]},""create"":{""modulesAll"":[""Admin""]},""edit"":{""modulesAll"":[""Admin""]},""publish"":{""modulesAll"":[""Admin""]}},""scope"":""none"",""flag"":null,""mobile"":{""kind"":""web-only"",""destination"":null,""documentedException"":""Course authoring is web only.""}}",desktop;tablet;phone;native-where-mapped,es;en,loading;empty;validation;denied;expired-session;cancel;slow;interrupted;retry;recovery;return;deep-link;partial-progress,"inventoried;runtime coverage pending unless evidence register names exact journey; Operational initial arrival: actual isolated Admin+Customer and Customer sessions, Chromium production bundle320/1280, operational-*-after.json. Denials/redirects recorded per route. Integrated28 affected cases: operational-focused-final.json. Missing local calendar OAuth returns500. Other roles/states/engines/native untested. Manager arrival:198 isolated real-session/PostgreSQL17 cases,320/1280,dbf548172 bundle; zero axe/overflow/pageerror/5xx (evidence/manager-runtime-dbf.json). Other journey states remain separately pending. Additional initial arrival coverage: 19 role fixtures x320/1280 Chromium es-EC, actual isolated session/API; see evidence/remaining-role-arrivals.json. Denials included; actions/other states/native remain untested unless separately evidenced."
registered-feature,/configuracion/usuarios-admin,tdf-hq/assets/feature-registry.json,"{""auth"":""authenticated"",""permissions"":{""discover"":{""rolesAny"":[""Admin""],""modulesAll"":[""Admin""],""strictAdmin"":true},""view"":{""rolesAny"":[""Admin""],""modulesAll"":[""Admin""],""strictAdmin"":true},""create"":{""rolesAny"":[""Admin""],""modulesAll"":[""Admin""],""strictAdmin"":true},""edit"":{""rolesAny"":[""Admin""],""modulesAll"":[""Admin""],""strictAdmin"":true},""delete"":{""rolesAny"":[""Admin""],""modulesAll"":[""Admin""],""strictAdmin"":true},""deactivate"":{""rolesAny"":[""Admin""],""modulesAll"":[""Admin""],""strictAdmin"":true},""administer"":{""rolesAny"":[""Admin""],""modulesAll"":[""Admin""],""strictAdmin"":true}},""scope"":""none"",""flag"":null,""mobile"":{""kind"":""security-concealed"",""destination"":null,""documentedException"":""Sensitive user administration is concealed on mobile.""}}",desktop;tablet;phone;native-where-mapped,es;en,loading;empty;validation;denied;expired-session;cancel;slow;interrupted;retry;recovery;return;deep-link;partial-progress,"inventoried;runtime coverage pending unless evidence register names exact journey; Operational initial arrival: actual isolated Admin+Customer and Customer sessions, Chromium production bundle320/1280, operational-*-after.json. Denials/redirects recorded per route. Integrated28 affected cases: operational-focused-final.json. Missing local calendar OAuth returns500. Other roles/states/engines/native untested. Manager arrival:198 isolated real-session/PostgreSQL17 cases,320/1280,dbf548172 bundle; zero axe/overflow/pageerror/5xx (evidence/manager-runtime-dbf.json). Other journey states remain separately pending. Additional initial arrival coverage: 19 role fixtures x320/1280 Chromium es-EC, actual isolated session/API; see evidence/remaining-role-arrivals.json. Denials included; actions/other states/native remain untested unless separately evidenced."
registered-feature,/configuracion/roles-permisos,tdf-hq/assets/feature-registry.json,"{""auth"":""authenticated"",""permissions"":{""discover"":{""rolesAny"":[""Admin""],""modulesAll"":[""Admin""],""strictAdmin"":true},""view"":{""rolesAny"":[""Admin""],""modulesAll"":[""Admin""],""strictAdmin"":true},""edit"":{""rolesAny"":[""Admin""],""modulesAll"":[""Admin""],""strictAdmin"":true},""administer"":{""rolesAny"":[""Admin""],""modulesAll"":[""Admin""],""strictAdmin"":true}},""scope"":""none"",""flag"":null,""mobile"":{""kind"":""security-concealed"",""destination"":null,""documentedException"":""Sensitive authorization management is concealed on mobile.""}}",desktop;tablet;phone;native-where-mapped,es;en,loading;empty;validation;denied;expired-session;cancel;slow;interrupted;retry;recovery;return;deep-link;partial-progress,"inventoried;runtime coverage pending unless evidence register names exact journey; Operational initial arrival: actual isolated Admin+Customer and Customer sessions, Chromium production bundle320/1280, operational-*-after.json. Denials/redirects recorded per route. Integrated28 affected cases: operational-focused-final.json. Missing local calendar OAuth returns500. Other roles/states/engines/native untested. Manager arrival:198 isolated real-session/PostgreSQL17 cases,320/1280,dbf548172 bundle; zero axe/overflow/pageerror/5xx (evidence/manager-runtime-dbf.json). Other journey states remain separately pending. Additional initial arrival coverage: 19 role fixtures x320/1280 Chromium es-EC, actual isolated session/API; see evidence/remaining-role-arrivals.json. Denials included; actions/other states/native remain untested unless separately evidenced."
registered-feature,/configuracion/estado,tdf-hq/assets/feature-registry.json,"{""auth"":""authenticated"",""permissions"":{""discover"":{""modulesAll"":[""Admin""]},""view"":{""modulesAll"":[""Admin""]}},""scope"":""none"",""flag"":null,""mobile"":{""kind"":""web-only"",""destination"":null,""documentedException"":""Operational status is web only.""}}",desktop;tablet;phone;native-where-mapped,es;en,loading;empty;validation;denied;expired-session;cancel;slow;interrupted;retry;recovery;return;deep-link;partial-progress,"inventoried;runtime coverage pending unless evidence register names exact journey; Operational initial arrival: actual isolated Admin+Customer and Customer sessions, Chromium production bundle320/1280, operational-*-after.json. Denials/redirects recorded per route. Integrated28 affected cases: operational-focused-final.json. Missing local calendar OAuth returns500. Other roles/states/engines/native untested. Manager arrival:198 isolated real-session/PostgreSQL17 cases,320/1280,dbf548172 bundle; zero axe/overflow/pageerror/5xx (evidence/manager-runtime-dbf.json). Other journey states remain separately pending. Additional initial arrival coverage: 19 role fixtures x320/1280 Chromium es-EC, actual isolated session/API; see evidence/remaining-role-arrivals.json. Denials included; actions/other states/native remain untested unless separately evidenced."
registered-feature,/configuracion/actividad,tdf-hq/assets/feature-registry.json,"{""auth"":""authenticated"",""permissions"":{""discover"":{""modulesAll"":[""Admin""]},""view"":{""modulesAll"":[""Admin""]},""export"":{""modulesAll"":[""Admin""]}},""scope"":""none"",""flag"":null,""mobile"":{""kind"":""web-only"",""destination"":null,""documentedException"":""Audit activity is web only.""}}",desktop;tablet;phone;native-where-mapped,es;en,loading;empty;validation;denied;expired-session;cancel;slow;interrupted;retry;recovery;return;deep-link;partial-progress,"inventoried;runtime coverage pending unless evidence register names exact journey; Operational initial arrival: actual isolated Admin+Customer and Customer sessions, Chromium production bundle320/1280, operational-*-after.json. Denials/redirects recorded per route. Integrated28 affected cases: operational-focused-final.json. Missing local calendar OAuth returns500. Other roles/states/engines/native untested. Manager arrival:198 isolated real-session/PostgreSQL17 cases,320/1280,dbf548172 bundle; zero axe/overflow/pageerror/5xx (evidence/manager-runtime-dbf.json). Other journey states remain separately pending.; review successor ES/EN runtime labels verified (locale response fixture, actual isolated API) Additional initial arrival coverage: 19 role fixtures x320/1280 Chromium es-EC, actual isolated session/API; see evidence/remaining-role-arrivals.json. Denials included; actions/other states/native remain untested unless separately evidenced."
registered-feature,/configuracion/logs,tdf-hq/assets/feature-registry.json,"{""auth"":""authenticated"",""permissions"":{""discover"":{""modulesAll"":[""Admin""]},""view"":{""modulesAll"":[""Admin""]},""delete"":{""rolesAny"":[""Admin""],""strictAdmin"":true}},""scope"":""none"",""flag"":null,""mobile"":{""kind"":""web-only"",""destination"":null,""documentedException"":""Logs are web only.""}}",desktop;tablet;phone;native-where-mapped,es;en,loading;empty;validation;denied;expired-session;cancel;slow;interrupted;retry;recovery;return;deep-link;partial-progress,"inventoried;runtime coverage pending unless evidence register names exact journey; Operational initial arrival: actual isolated Admin+Customer and Customer sessions, Chromium production bundle320/1280, operational-*-after.json. Denials/redirects recorded per route. Integrated28 affected cases: operational-focused-final.json. Missing local calendar OAuth returns500. Other roles/states/engines/native untested. Manager arrival:198 isolated real-session/PostgreSQL17 cases,320/1280,dbf548172 bundle; zero axe/overflow/pageerror/5xx (evidence/manager-runtime-dbf.json). Other journey states remain separately pending. Additional initial arrival coverage: 19 role fixtures x320/1280 Chromium es-EC, actual isolated session/API; see evidence/remaining-role-arrivals.json. Denials included; actions/other states/native remain untested unless separately evidenced."
registered-feature,/admin/diagnosticos,tdf-hq/assets/feature-registry.json,"{""auth"":""authenticated"",""permissions"":{""discover"":{""modulesAll"":[""Admin""]},""view"":{""modulesAll"":[""Admin""]},""administer"":{""rolesAny"":[""Admin""],""strictAdmin"":true}},""scope"":""none"",""flag"":null,""mobile"":{""kind"":""web-only"",""destination"":null,""documentedException"":""Diagnostics are web only.""}}",desktop;tablet;phone;native-where-mapped,es;en,loading;empty;validation;denied;expired-session;cancel;slow;interrupted;retry;recovery;return;deep-link;partial-progress,"inventoried;runtime coverage pending unless evidence register names exact journey; Operational initial arrival: actual isolated Admin+Customer and Customer sessions, Chromium production bundle320/1280, operational-*-after.json. Denials/redirects recorded per route. Integrated28 affected cases: operational-focused-final.json. Missing local calendar OAuth returns500. Other roles/states/engines/native untested. Manager arrival:198 isolated real-session/PostgreSQL17 cases,320/1280,dbf548172 bundle; zero axe/overflow/pageerror/5xx (evidence/manager-runtime-dbf.json). Other journey states remain separately pending. Additional initial arrival coverage: 19 role fixtures x320/1280 Chromium es-EC, actual isolated session/API; see evidence/remaining-role-arrivals.json. Denials included; actions/other states/native remain untested unless separately evidenced."
registered-feature,/admin/commerce/provider-events,tdf-hq/assets/feature-registry.json,"{""auth"":""authenticated"",""permissions"":{""discover"":{""rolesAny"":[""Admin""],""modulesAll"":[""Admin""],""strictAdmin"":true},""view"":{""rolesAny"":[""Admin""],""modulesAll"":[""Admin""],""strictAdmin"":true},""administer"":{""rolesAny"":[""Admin""],""modulesAll"":[""Admin""],""strictAdmin"":true}},""scope"":""verified-provider-event"",""flag"":null,""mobile"":{""kind"":""web-only"",""destination"":null,""documentedException"":""Encrypted payment-event operations require the strict-admin desktop workflow.""}}",desktop;tablet;phone;native-where-mapped,es;en,loading;empty;validation;denied;expired-session;cancel;slow;interrupted;retry;recovery;return;deep-link;partial-progress,"inventoried;runtime coverage pending unless evidence register names exact journey; Operational initial arrival: actual isolated Admin+Customer and Customer sessions, Chromium production bundle320/1280, operational-*-after.json. Denials/redirects recorded per route. Integrated28 affected cases: operational-focused-final.json. Missing local calendar OAuth returns500. Other roles/states/engines/native untested. Manager arrival:198 isolated real-session/PostgreSQL17 cases,320/1280,dbf548172 bundle; zero axe/overflow/pageerror/5xx (evidence/manager-runtime-dbf.json). Other journey states remain separately pending. Additional initial arrival coverage: 19 role fixtures x320/1280 Chromium es-EC, actual isolated session/API; see evidence/remaining-role-arrivals.json. Denials included; actions/other states/native remain untested unless separately evidenced."
registered-feature,/admin/artistas-enriquecimiento,tdf-hq/assets/feature-registry.json,"{""auth"":""authenticated"",""permissions"":{""discover"":{""rolesAny"":[""Admin""],""modulesAll"":[""Admin""],""strictAdmin"":true},""view"":{""rolesAny"":[""Admin""],""modulesAll"":[""Admin""],""strictAdmin"":true},""create"":{""rolesAny"":[""Admin""],""modulesAll"":[""Admin""],""strictAdmin"":true},""edit"":{""rolesAny"":[""Admin""],""modulesAll"":[""Admin""],""strictAdmin"":true}},""scope"":""none"",""flag"":null,""mobile"":{""kind"":""security-concealed"",""destination"":null,""documentedException"":""Artist enrichment review is restricted to strict administrators on the web.""}}",desktop;tablet;phone;native-where-mapped,es;en,loading;empty;validation;denied;expired-session;cancel;slow;interrupted;retry;recovery;return;deep-link;partial-progress,"inventoried;runtime coverage pending unless evidence register names exact journey; Operational initial arrival: actual isolated Admin+Customer and Customer sessions, Chromium production bundle320/1280, operational-*-after.json. Denials/redirects recorded per route. Integrated28 affected cases: operational-focused-final.json. Missing local calendar OAuth returns500. Other roles/states/engines/native untested. Manager arrival:198 isolated real-session/PostgreSQL17 cases,320/1280,dbf548172 bundle; zero axe/overflow/pageerror/5xx (evidence/manager-runtime-dbf.json). Other journey states remain separately pending. Additional initial arrival coverage: 19 role fixtures x320/1280 Chromium es-EC, actual isolated session/API; see evidence/remaining-role-arrivals.json. Denials included; actions/other states/native remain untested unless separately evidenced."
registered-feature,/configuracion/brain,tdf-hq/assets/feature-registry.json,"{""auth"":""authenticated"",""permissions"":{""discover"":{""modulesAll"":[""Admin""]},""view"":{""modulesAll"":[""Admin""]},""create"":{""modulesAll"":[""Admin""]},""edit"":{""modulesAll"":[""Admin""]},""administer"":{""rolesAny"":[""Admin""],""strictAdmin"":true}},""scope"":""none"",""flag"":null,""mobile"":{""kind"":""web-only"",""destination"":null,""documentedException"":""Knowledge administration is web only.""}}",desktop;tablet;phone;native-where-mapped,es;en,loading;empty;validation;denied;expired-session;cancel;slow;interrupted;retry;recovery;return;deep-link;partial-progress,"inventoried;runtime coverage pending unless evidence register names exact journey; Operational initial arrival: actual isolated Admin+Customer and Customer sessions, Chromium production bundle320/1280, operational-*-after.json. Denials/redirects recorded per route. Integrated28 affected cases: operational-focused-final.json. Missing local calendar OAuth returns500. Other roles/states/engines/native untested. Manager arrival:198 isolated real-session/PostgreSQL17 cases,320/1280,dbf548172 bundle; zero axe/overflow/pageerror/5xx (evidence/manager-runtime-dbf.json). Other journey states remain separately pending. Additional initial arrival coverage: 19 role fixtures x320/1280 Chromium es-EC, actual isolated session/API; see evidence/remaining-role-arrivals.json. Denials included; actions/other states/native remain untested unless separately evidenced."
registered-feature,/configuracion/integraciones/calendario,tdf-hq/assets/feature-registry.json,"{""auth"":""authenticated"",""permissions"":{""discover"":{""rolesAny"":[""Admin""],""modulesAll"":[""Admin""],""strictAdmin"":true},""view"":{""rolesAny"":[""Admin""],""modulesAll"":[""Admin""],""strictAdmin"":true},""administer"":{""rolesAny"":[""Admin""],""modulesAll"":[""Admin""],""strictAdmin"":true}},""scope"":""none"",""flag"":null,""mobile"":{""kind"":""security-concealed"",""destination"":null,""documentedException"":""OAuth administration is web only.""}}",desktop;tablet;phone;native-where-mapped,es;en,loading;empty;validation;denied;expired-session;cancel;slow;interrupted;retry;recovery;return;deep-link;partial-progress,"inventoried;runtime coverage pending unless evidence register names exact journey; Operational initial arrival: actual isolated Admin+Customer and Customer sessions, Chromium production bundle320/1280, operational-*-after.json. Denials/redirects recorded per route. Integrated28 affected cases: operational-focused-final.json. Missing local calendar OAuth returns500. Other roles/states/engines/native untested. Manager arrival:198 isolated real-session/PostgreSQL17 cases,320/1280,dbf548172 bundle; zero axe/overflow/pageerror/5xx (evidence/manager-runtime-dbf.json). Other journey states remain separately pending. Additional initial arrival coverage: 19 role fixtures x320/1280 Chromium es-EC, actual isolated session/API; see evidence/remaining-role-arrivals.json. Denials included; actions/other states/native remain untested unless separately evidenced."
registered-feature,/configuracion/cms,tdf-hq/assets/feature-registry.json,"{""auth"":""authenticated"",""permissions"":{""discover"":{""rolesAny"":[""Admin"",""Webmaster""],""modulesAll"":[""Admin""]},""view"":{""rolesAny"":[""Admin"",""Webmaster""],""modulesAll"":[""Admin""]},""create"":{""rolesAny"":[""Admin"",""Webmaster""],""modulesAll"":[""Admin""]},""edit"":{""rolesAny"":[""Admin"",""Webmaster""],""modulesAll"":[""Admin""]},""delete"":{""rolesAny"":[""Admin"",""Webmaster""],""modulesAll"":[""Admin""]},""publish"":{""rolesAny"":[""Admin"",""Webmaster""],""modulesAll"":[""Admin""]}},""scope"":""none"",""flag"":null,""mobile"":{""kind"":""web-only"",""destination"":null,""documentedException"":""Content authoring is web only.""}}",desktop;tablet;phone;native-where-mapped,es;en,loading;empty;validation;denied;expired-session;cancel;slow;interrupted;retry;recovery;return;deep-link;partial-progress,"inventoried;runtime coverage pending unless evidence register names exact journey; Operational initial arrival: actual isolated Admin+Customer and Customer sessions, Chromium production bundle320/1280, operational-*-after.json. Denials/redirects recorded per route. Integrated28 affected cases: operational-focused-final.json. Missing local calendar OAuth returns500. Other roles/states/engines/native untested. Manager arrival:198 isolated real-session/PostgreSQL17 cases,320/1280,dbf548172 bundle; zero axe/overflow/pageerror/5xx (evidence/manager-runtime-dbf.json). Other journey states remain separately pending. Additional initial arrival coverage: 19 role fixtures x320/1280 Chromium es-EC, actual isolated session/API; see evidence/remaining-role-arrivals.json. Denials included; actions/other states/native remain untested unless separately evidenced."
registered-feature,/configuracion/campanas-automaticas,tdf-hq/assets/feature-registry.json,"{""auth"":""authenticated"",""permissions"":{""discover"":{""modulesAll"":[""Admin""]},""view"":{""modulesAll"":[""Admin""]},""create"":{""modulesAll"":[""Admin""]},""edit"":{""modulesAll"":[""Admin""]},""publish"":{""modulesAll"":[""Admin""]}},""scope"":""none"",""flag"":null,""mobile"":{""kind"":""web-only"",""destination"":null,""documentedException"":""Campaign automation is web only.""}}",desktop;tablet;phone;native-where-mapped,es;en,loading;empty;validation;denied;expired-session;cancel;slow;interrupted;retry;recovery;return;deep-link;partial-progress,"inventoried;runtime coverage pending unless evidence register names exact journey; Operational initial arrival: actual isolated Admin+Customer and Customer sessions, Chromium production bundle320/1280, operational-*-after.json. Denials/redirects recorded per route. Integrated28 affected cases: operational-focused-final.json. Missing local calendar OAuth returns500. Other roles/states/engines/native untested. Manager arrival:198 isolated real-session/PostgreSQL17 cases,320/1280,dbf548172 bundle; zero axe/overflow/pageerror/5xx (evidence/manager-runtime-dbf.json). Other journey states remain separately pending. Additional initial arrival coverage: 19 role fixtures x320/1280 Chromium es-EC, actual isolated session/API; see evidence/remaining-role-arrivals.json. Denials included; actions/other states/native remain untested unless separately evidenced."
registered-feature,/configuracion/fuentes-eventos,tdf-hq/assets/feature-registry.json,"{""auth"":""authenticated"",""permissions"":{""discover"":{""rolesAny"":[""Admin""],""modulesAll"":[""Admin""],""strictAdmin"":true},""view"":{""rolesAny"":[""Admin""],""modulesAll"":[""Admin""],""strictAdmin"":true},""administer"":{""rolesAny"":[""Admin""],""modulesAll"":[""Admin""],""strictAdmin"":true}},""scope"":""none"",""flag"":""EVENT_DISCOVERY_ENABLED"",""mobile"":{""kind"":""security-concealed"",""destination"":null,""documentedException"":""Provider administration is web only.""}}",desktop;tablet;phone;native-where-mapped,es;en,loading;empty;validation;denied;expired-session;cancel;slow;interrupted;retry;recovery;return;deep-link;partial-progress,"inventoried;runtime coverage pending unless evidence register names exact journey; Operational initial arrival: actual isolated Admin+Customer and Customer sessions, Chromium production bundle320/1280, operational-*-after.json. Denials/redirects recorded per route. Integrated28 affected cases: operational-focused-final.json. Missing local calendar OAuth returns500. Other roles/states/engines/native untested. Manager arrival:198 isolated real-session/PostgreSQL17 cases,320/1280,dbf548172 bundle; zero axe/overflow/pageerror/5xx (evidence/manager-runtime-dbf.json). Other journey states remain separately pending. Additional initial arrival coverage: 19 role fixtures x320/1280 Chromium es-EC, actual isolated session/API; see evidence/remaining-role-arrivals.json. Denials included; actions/other states/native remain untested unless separately evidenced."
registered-feature,/configuracion/whatsapp-consentimiento,tdf-hq/assets/feature-registry.json,"{""auth"":""authenticated"",""permissions"":{""discover"":{""rolesAny"":[""Admin""],""modulesAll"":[""Admin""]},""view"":{""rolesAny"":[""Admin""],""modulesAll"":[""Admin""]},""administer"":{""rolesAny"":[""Admin""],""modulesAll"":[""Admin""]}},""scope"":""none"",""flag"":null,""mobile"":{""kind"":""security-concealed"",""destination"":null,""documentedException"":""Consent administration is web only.""}}",desktop;tablet;phone;native-where-mapped,es;en,loading;empty;validation;denied;expired-session;cancel;slow;interrupted;retry;recovery;return;deep-link;partial-progress,"inventoried;runtime coverage pending unless evidence register names exact journey; Operational initial arrival: actual isolated Admin+Customer and Customer sessions, Chromium production bundle320/1280, operational-*-after.json. Denials/redirects recorded per route. Integrated28 affected cases: operational-focused-final.json. Missing local calendar OAuth returns500. Other roles/states/engines/native untested. Manager arrival:198 isolated real-session/PostgreSQL17 cases,320/1280,dbf548172 bundle; zero axe/overflow/pageerror/5xx (evidence/manager-runtime-dbf.json). Other journey states remain separately pending. Additional initial arrival coverage: 19 role fixtures x320/1280 Chromium es-EC, actual isolated session/API; see evidence/remaining-role-arrivals.json. Denials included; actions/other states/native remain untested unless separately evidenced."
registered-feature,/configuracion/opciones-ux,tdf-hq/assets/feature-registry.json,"{""auth"":""authenticated"",""permissions"":{""discover"":{""modulesAll"":[""Admin""]},""view"":{""modulesAll"":[""Admin""]},""create"":{""modulesAll"":[""Admin""]},""edit"":{""modulesAll"":[""Admin""]}},""scope"":""none"",""flag"":null,""mobile"":{""kind"":""web-only"",""destination"":null,""documentedException"":""UX experiment controls are web only.""}}",desktop;tablet;phone;native-where-mapped,es;en,loading;empty;validation;denied;expired-session;cancel;slow;interrupted;retry;recovery;return;deep-link;partial-progress,"inventoried;runtime coverage pending unless evidence register names exact journey; Operational initial arrival: actual isolated Admin+Customer and Customer sessions, Chromium production bundle320/1280, operational-*-after.json. Denials/redirects recorded per route. Integrated28 affected cases: operational-focused-final.json. Missing local calendar OAuth returns500. Other roles/states/engines/native untested. Manager arrival:198 isolated real-session/PostgreSQL17 cases,320/1280,dbf548172 bundle; zero axe/overflow/pageerror/5xx (evidence/manager-runtime-dbf.json). Other journey states remain separately pending. Additional initial arrival coverage: 19 role fixtures x320/1280 Chromium es-EC, actual isolated session/API; see evidence/remaining-role-arrivals.json. Denials included; actions/other states/native remain untested unless separately evidenced."
registered-feature,/configuracion/preferencias,tdf-hq/assets/feature-registry.json,"{""auth"":""authenticated"",""permissions"":{""discover"":{""modulesAll"":[""Admin""]},""view"":{""modulesAll"":[""Admin""]},""edit"":{""modulesAll"":[""Admin""]}},""scope"":""none"",""flag"":null,""mobile"":{""kind"":""web-only"",""destination"":null,""documentedException"":""Administrative system preferences remain on the web; personal mobile preferences live under My profile.""}}",desktop;tablet;phone;native-where-mapped,es;en,loading;empty;validation;denied;expired-session;cancel;slow;interrupted;retry;recovery;return;deep-link;partial-progress,"inventoried;runtime coverage pending unless evidence register names exact journey; Operational initial arrival: actual isolated Admin+Customer and Customer sessions, Chromium production bundle320/1280, operational-*-after.json. Denials/redirects recorded per route. Integrated28 affected cases: operational-focused-final.json. Missing local calendar OAuth returns500. Other roles/states/engines/native untested. Manager arrival:198 isolated real-session/PostgreSQL17 cases,320/1280,dbf548172 bundle; zero axe/overflow/pageerror/5xx (evidence/manager-runtime-dbf.json). Other journey states remain separately pending. Additional initial arrival coverage: 19 role fixtures x320/1280 Chromium es-EC, actual isolated session/API; see evidence/remaining-role-arrivals.json. Denials included; actions/other states/native remain untested unless separately evidenced."
registered-feature,/herramientas/chatkit,tdf-hq/assets/feature-registry.json,"{""auth"":""authenticated"",""permissions"":{""discover"":{""rolesAny"":[""Admin"",""Manager"",""StudioManager"",""Webmaster"",""Maintenance""],""modulesAny"":[""Admin"",""Ops""]},""view"":{""rolesAny"":[""Admin"",""Manager"",""StudioManager"",""Webmaster"",""Maintenance""],""modulesAny"":[""Admin"",""Ops""]},""create"":{""rolesAny"":[""Admin"",""Manager"",""StudioManager"",""Webmaster"",""Maintenance""],""modulesAny"":[""Admin"",""Ops""]}},""scope"":""none"",""flag"":null,""mobile"":{""kind"":""web-only"",""destination"":null,""documentedException"":""AI operations tooling is web only.""}}",desktop;tablet;phone;native-where-mapped,es;en,loading;empty;validation;denied;expired-session;cancel;slow;interrupted;retry;recovery;return;deep-link;partial-progress,"inventoried;runtime coverage pending unless evidence register names exact journey; Operational initial arrival: actual isolated Admin+Customer and Customer sessions, Chromium production bundle320/1280, operational-*-after.json. Denials/redirects recorded per route. Integrated28 affected cases: operational-focused-final.json. Missing local calendar OAuth returns500. Other roles/states/engines/native untested. Manager arrival:198 isolated real-session/PostgreSQL17 cases,320/1280,dbf548172 bundle; zero axe/overflow/pageerror/5xx (evidence/manager-runtime-dbf.json). Other journey states remain separately pending. Additional initial arrival coverage: 19 role fixtures x320/1280 Chromium es-EC, actual isolated session/API; see evidence/remaining-role-arrivals.json. Denials included; actions/other states/native remain untested unless separately evidenced."
registered-feature,/herramientas/tidal-agent,tdf-hq/assets/feature-registry.json,"{""auth"":""authenticated"",""permissions"":{""discover"":{""rolesAny"":[""Admin"",""Manager"",""StudioManager"",""Webmaster"",""Maintenance""],""modulesAny"":[""Admin"",""Ops""]},""view"":{""rolesAny"":[""Admin"",""Manager"",""StudioManager"",""Webmaster"",""Maintenance""],""modulesAny"":[""Admin"",""Ops""]},""create"":{""rolesAny"":[""Admin"",""Manager"",""StudioManager"",""Webmaster"",""Maintenance""],""modulesAny"":[""Admin"",""Ops""]}},""scope"":""none"",""flag"":null,""mobile"":{""kind"":""web-only"",""destination"":null,""documentedException"":""Experimental AI tooling is web only.""}}",desktop;tablet;phone;native-where-mapped,es;en,loading;empty;validation;denied;expired-session;cancel;slow;interrupted;retry;recovery;return;deep-link;partial-progress,"inventoried;runtime coverage pending unless evidence register names exact journey; Operational initial arrival: actual isolated Admin+Customer and Customer sessions, Chromium production bundle320/1280, operational-*-after.json. Denials/redirects recorded per route. Integrated28 affected cases: operational-focused-final.json. Missing local calendar OAuth returns500. Other roles/states/engines/native untested. Manager arrival:198 isolated real-session/PostgreSQL17 cases,320/1280,dbf548172 bundle; zero axe/overflow/pageerror/5xx (evidence/manager-runtime-dbf.json). Other journey states remain separately pending. Additional initial arrival coverage: 19 role fixtures x320/1280 Chromium es-EC, actual isolated session/API; see evidence/remaining-role-arrivals.json. Denials included; actions/other states/native remain untested unless separately evidenced."
registered-feature,/herramientas/creador-musical,tdf-hq/assets/feature-registry.json,"{""auth"":""public"",""permissions"":{""discover"":{},""view"":{}},""scope"":""none"",""flag"":null,""mobile"":{""kind"":""external-web"",""destination"":null,""documentedException"":""Browser audio tooling is web based.""}}",desktop;tablet;phone;native-where-mapped,es;en,loading;empty;validation;denied;expired-session;cancel;slow;interrupted;retry;recovery;return;deep-link;partial-progress,"Observed public arrival: Chromium production bundle, isolated actual backend/PostgreSQL17, es-EC,320/1280px; final84-case evidence/public-runtime-final.json: zero axe violations, horizontal overflow, page errors or HTTP5xx. Other roles/states/languages/native remain untested unless separately evidenced."
registered-feature,/herramientas/token-admin,tdf-hq/assets/feature-registry.json,"{""auth"":""authenticated"",""permissions"":{""discover"":{""rolesAny"":[""Admin""],""modulesAll"":[""Admin""],""strictAdmin"":true},""view"":{""rolesAny"":[""Admin""],""modulesAll"":[""Admin""],""strictAdmin"":true},""administer"":{""rolesAny"":[""Admin""],""modulesAll"":[""Admin""],""strictAdmin"":true}},""scope"":""none"",""flag"":null,""mobile"":{""kind"":""security-concealed"",""destination"":null,""documentedException"":""API credentials are never exposed in mobile navigation.""}}",desktop;tablet;phone;native-where-mapped,es;en,loading;empty;validation;denied;expired-session;cancel;slow;interrupted;retry;recovery;return;deep-link;partial-progress,"inventoried;runtime coverage pending unless evidence register names exact journey; Operational initial arrival: actual isolated Admin+Customer and Customer sessions, Chromium production bundle320/1280, operational-*-after.json. Denials/redirects recorded per route. Integrated28 affected cases: operational-focused-final.json. Missing local calendar OAuth returns500. Other roles/states/engines/native untested. Manager arrival:198 isolated real-session/PostgreSQL17 cases,320/1280,dbf548172 bundle; zero axe/overflow/pageerror/5xx (evidence/manager-runtime-dbf.json). Other journey states remain separately pending. Additional initial arrival coverage: 19 role fixtures x320/1280 Chromium es-EC, actual isolated session/API; see evidence/remaining-role-arrivals.json. Denials included; actions/other states/native remain untested unless separately evidenced."
registered-feature,/manual,tdf-hq/assets/feature-registry.json,"{""auth"":""authenticated"",""permissions"":{""discover"":{},""view"":{}},""scope"":""none"",""flag"":null,""mobile"":{""kind"":""native"",""destination"":""/about"",""documentedException"":""Native help links are consolidated under About.""}}",desktop;tablet;phone;native-where-mapped,es;en,loading;empty;validation;denied;expired-session;cancel;slow;interrupted;retry;recovery;return;deep-link;partial-progress,"inventoried;runtime coverage pending unless evidence register names exact journey; Operational initial arrival: actual isolated Admin+Customer and Customer sessions, Chromium production bundle320/1280, operational-*-after.json. Denials/redirects recorded per route. Integrated28 affected cases: operational-focused-final.json. Missing local calendar OAuth returns500. Other roles/states/engines/native untested. Manager arrival:198 isolated real-session/PostgreSQL17 cases,320/1280,dbf548172 bundle; zero axe/overflow/pageerror/5xx (evidence/manager-runtime-dbf.json). Other journey states remain separately pending. Additional initial arrival coverage: 19 role fixtures x320/1280 Chromium es-EC, actual isolated session/API; see evidence/remaining-role-arrivals.json. Denials included; actions/other states/native remain untested unless separately evidenced."
registered-feature,/docs,tdf-hq/assets/feature-registry.json,"{""auth"":""authenticated"",""permissions"":{""discover"":{},""view"":{}},""scope"":""none"",""flag"":null,""mobile"":{""kind"":""native"",""destination"":""/about"",""documentedException"":""Native documentation links are consolidated under About.""}}",desktop;tablet;phone;native-where-mapped,es;en,loading;empty;validation;denied;expired-session;cancel;slow;interrupted;retry;recovery;return;deep-link;partial-progress,"inventoried;runtime coverage pending unless evidence register names exact journey; Operational initial arrival: actual isolated Admin+Customer and Customer sessions, Chromium production bundle320/1280, operational-*-after.json. Denials/redirects recorded per route. Integrated28 affected cases: operational-focused-final.json. Missing local calendar OAuth returns500. Other roles/states/engines/native untested. Manager arrival:198 isolated real-session/PostgreSQL17 cases,320/1280,dbf548172 bundle; zero axe/overflow/pageerror/5xx (evidence/manager-runtime-dbf.json). Other journey states remain separately pending. Additional initial arrival coverage: 19 role fixtures x320/1280 Chromium es-EC, actual isolated session/API; see evidence/remaining-role-arrivals.json. Denials included; actions/other states/native remain untested unless separately evidenced."
registered-feature,/acerca,tdf-hq/assets/feature-registry.json,"{""auth"":""authenticated"",""permissions"":{""discover"":{},""view"":{}},""scope"":""none"",""flag"":null,""mobile"":{""kind"":""native"",""destination"":""/about"",""documentedException"":null}}",desktop;tablet;phone;native-where-mapped,es;en,loading;empty;validation;denied;expired-session;cancel;slow;interrupted;retry;recovery;return;deep-link;partial-progress,"inventoried;runtime coverage pending unless evidence register names exact journey; Operational initial arrival: actual isolated Admin+Customer and Customer sessions, Chromium production bundle320/1280, operational-*-after.json. Denials/redirects recorded per route. Integrated28 affected cases: operational-focused-final.json. Missing local calendar OAuth returns500. Other roles/states/engines/native untested. Manager arrival:198 isolated real-session/PostgreSQL17 cases,320/1280,dbf548172 bundle; zero axe/overflow/pageerror/5xx (evidence/manager-runtime-dbf.json). Other journey states remain separately pending. Additional initial arrival coverage: 19 role fixtures x320/1280 Chromium es-EC, actual isolated session/API; see evidence/remaining-role-arrivals.json. Denials included; actions/other states/native remain untested unless separately evidenced."
registered-feature,/seguridad,tdf-hq/assets/feature-registry.json,"{""auth"":""authenticated"",""permissions"":{""discover"":{},""view"":{}},""scope"":""none"",""flag"":null,""mobile"":{""kind"":""native"",""destination"":""/about"",""documentedException"":""Native security links are consolidated under About.""}}",desktop;tablet;phone;native-where-mapped,es;en,loading;empty;validation;denied;expired-session;cancel;slow;interrupted;retry;recovery;return;deep-link;partial-progress,"inventoried;runtime coverage pending unless evidence register names exact journey; Operational initial arrival: actual isolated Admin+Customer and Customer sessions, Chromium production bundle320/1280, operational-*-after.json. Denials/redirects recorded per route. Integrated28 affected cases: operational-focused-final.json. Missing local calendar OAuth returns500. Other roles/states/engines/native untested. Manager arrival:198 isolated real-session/PostgreSQL17 cases,320/1280,dbf548172 bundle; zero axe/overflow/pageerror/5xx (evidence/manager-runtime-dbf.json). Other journey states remain separately pending. Additional initial arrival coverage: 19 role fixtures x320/1280 Chromium es-EC, actual isolated session/API; see evidence/remaining-role-arrivals.json. Denials included; actions/other states/native remain untested unless separately evidenced."
registered-feature,/feedback,tdf-hq/assets/feature-registry.json,"{""auth"":""optional"",""permissions"":{""discover"":{},""view"":{},""create"":{}},""scope"":""none"",""flag"":null,""mobile"":{""kind"":""native"",""destination"":""/about"",""documentedException"":""Native feedback link is consolidated under About.""}}",desktop;tablet;phone;native-where-mapped,es;en,loading;empty;validation;denied;expired-session;cancel;slow;interrupted;retry;recovery;return;deep-link;partial-progress,"Observed public arrival: Chromium production bundle, isolated actual backend/PostgreSQL17, es-EC,320/1280px; final84-case evidence/public-runtime-final.json: zero axe violations, horizontal overflow, page errors or HTTP5xx. Other roles/states/languages/native remain untested unless separately evidenced."
registered-feature,/feedback/interno,tdf-hq/assets/feature-registry.json,"{""auth"":""authenticated"",""permissions"":{""discover"":{""rolesAny"":[""Intern"",""Admin"",""Manager"",""StudioManager""],""modulesAll"":[""Internships""]},""view"":{""rolesAny"":[""Intern"",""Admin"",""Manager"",""StudioManager""],""modulesAll"":[""Internships""],""recordScope"":""own-or-report-admin""},""create"":{""rolesAny"":[""Intern"",""Admin"",""Manager"",""StudioManager""],""modulesAll"":[""Internships""]},""edit"":{""rolesAny"":[""Intern"",""Admin"",""Manager"",""StudioManager""],""modulesAll"":[""Internships""],""recordScope"":""own-or-report-admin""},""assign"":{""rolesAny"":[""Admin"",""Manager"",""StudioManager""],""modulesAll"":[""Internships""]},""approve"":{""rolesAny"":[""Admin"",""Manager"",""StudioManager""],""modulesAll"":[""Internships""]},""export"":{""rolesAny"":[""Admin"",""Manager"",""StudioManager""],""modulesAll"":[""Internships""]}},""scope"":""none"",""flag"":null,""mobile"":{""kind"":""external-web"",""destination"":""https://tdf-app.pages.dev/feedback/interno"",""documentedException"":""Internal reports use the responsive authenticated web workflow on mobile.""}}",desktop;tablet;phone;native-where-mapped,es;en,loading;empty;validation;denied;expired-session;cancel;slow;interrupted;retry;recovery;return;deep-link;partial-progress,"inventoried;runtime coverage pending unless evidence register names exact journey; Operational initial arrival: actual isolated Admin+Customer and Customer sessions, Chromium production bundle320/1280, operational-*-after.json. Denials/redirects recorded per route. Integrated28 affected cases: operational-focused-final.json. Missing local calendar OAuth returns500. Other roles/states/engines/native untested. Manager arrival:198 isolated real-session/PostgreSQL17 cases,320/1280,dbf548172 bundle; zero axe/overflow/pageerror/5xx (evidence/manager-runtime-dbf.json). Other journey states remain separately pending. Additional initial arrival coverage: 19 role fixtures x320/1280 Chromium es-EC, actual isolated session/API; see evidence/remaining-role-arrivals.json. Denials included; actions/other states/native remain untested unless separately evidenced."
registered-feature,navigation.quick-create,tdf-hq/assets/feature-registry.json,"{""auth"":""authenticated"",""permissions"":{""discover"":{},""view"":{}},""scope"":""none"",""flag"":null,""mobile"":{""kind"":""native"",""destination"":""/(tabs)/create"",""documentedException"":null}}",desktop;tablet;phone;native-where-mapped,es;en,loading;empty;validation;denied;expired-session;cancel;slow;interrupted;retry;recovery;return;deep-link;partial-progress,inventoried;runtime coverage pending unless evidence register names exact journey
registered-feature,navigation.explore,tdf-hq/assets/feature-registry.json,"{""auth"":""authenticated"",""permissions"":{""discover"":{},""view"":{},""edit"":{},""delete"":{}},""scope"":""none"",""flag"":null,""mobile"":{""kind"":""native"",""destination"":""/(tabs)/more"",""documentedException"":null}}",desktop;tablet;phone;native-where-mapped,es;en,loading;empty;validation;denied;expired-session;cancel;slow;interrupted;retry;recovery;return;deep-link;partial-progress,inventoried;runtime coverage pending unless evidence register names exact journey
registered-feature,profile.self,tdf-hq/assets/feature-registry.json,"{""auth"":""authenticated"",""permissions"":{""discover"":{},""view"":{},""edit"":{""recordScope"":""self""}},""scope"":""none"",""flag"":null,""mobile"":{""kind"":""native"",""destination"":""/(tabs)/profile"",""documentedException"":null}}",desktop;tablet;phone;native-where-mapped,es;en,loading;empty;validation;denied;expired-session;cancel;slow;interrupted;retry;recovery;return;deep-link;partial-progress,inventoried;runtime coverage pending unless evidence register names exact journey
registered-feature,/reputation/preferences,tdf-hq/assets/feature-registry.json,"{""auth"":""authenticated"",""permissions"":{""discover"":{},""view"":{},""edit"":{""recordScope"":""self""}},""scope"":""none"",""flag"":""CONTEXTUAL_REPUTATION_ENABLED"",""mobile"":{""kind"":""external-web"",""destination"":""/reputation/preferences"",""documentedException"":""The contextual-reputation preference editor is currently a responsive web flow; no native equivalent is registered yet.""}}",desktop;tablet;phone;native-where-mapped,es;en,loading;empty;validation;denied;expired-session;cancel;slow;interrupted;retry;recovery;return;deep-link;partial-progress,"inventoried;runtime coverage pending unless evidence register names exact journey; Operational initial arrival: actual isolated Admin+Customer and Customer sessions, Chromium production bundle320/1280, operational-*-after.json. Denials/redirects recorded per route. Integrated28 affected cases: operational-focused-final.json. Missing local calendar OAuth returns500. Other roles/states/engines/native untested. Manager arrival:198 isolated real-session/PostgreSQL17 cases,320/1280,dbf548172 bundle; zero axe/overflow/pageerror/5xx (evidence/manager-runtime-dbf.json). Other journey states remain separately pending. Additional initial arrival coverage: 19 role fixtures x320/1280 Chromium es-EC, actual isolated session/API; see evidence/remaining-role-arrivals.json. Denials included; actions/other states/native remain untested unless separately evidenced."
registered-feature,/reputation/consents,tdf-hq/assets/feature-registry.json,"{""auth"":""authenticated"",""permissions"":{""discover"":{},""view"":{},""edit"":{""recordScope"":""self""}},""scope"":""none"",""flag"":null,""mobile"":{""kind"":""external-web"",""destination"":""/reputation/consents"",""documentedException"":""The independent-consent controls remain a responsive web flow; withdrawal must remain available even while the reputation pilot is disabled.""}}",desktop;tablet;phone;native-where-mapped,es;en,loading;empty;validation;denied;expired-session;cancel;slow;interrupted;retry;recovery;return;deep-link;partial-progress,"inventoried;runtime coverage pending unless evidence register names exact journey; Operational initial arrival: actual isolated Admin+Customer and Customer sessions, Chromium production bundle320/1280, operational-*-after.json. Denials/redirects recorded per route. Integrated28 affected cases: operational-focused-final.json. Missing local calendar OAuth returns500. Other roles/states/engines/native untested. Manager arrival:198 isolated real-session/PostgreSQL17 cases,320/1280,dbf548172 bundle; zero axe/overflow/pageerror/5xx (evidence/manager-runtime-dbf.json). Other journey states remain separately pending. Additional initial arrival coverage: 19 role fixtures x320/1280 Chromium es-EC, actual isolated session/API; see evidence/remaining-role-arrivals.json. Denials included; actions/other states/native remain untested unless separately evidenced."
registered-feature,social.venues,tdf-hq/assets/feature-registry.json,"{""auth"":""authenticated"",""permissions"":{""discover"":{},""view"":{},""create"":{""rolesAny"":[""Admin"",""Manager"",""StudioManager"",""Reception"",""Producer"",""LiveSessionsProducer"",""AandR""],""modulesAny"":[""Admin"",""CRM"",""Scheduling""]},""edit"":{""rolesAny"":[""Admin"",""Manager"",""StudioManager"",""Reception"",""Producer"",""LiveSessionsProducer"",""AandR""],""modulesAny"":[""Admin"",""CRM"",""Scheduling""]}},""scope"":""none"",""flag"":null,""mobile"":{""kind"":""native"",""destination"":""/venueExplorer"",""documentedException"":""Venue administration currently has a native-first interface.""}}",desktop;tablet;phone;native-where-mapped,es;en,loading;empty;validation;denied;expired-session;cancel;slow;interrupted;retry;recovery;return;deep-link;partial-progress,inventoried;runtime coverage pending unless evidence register names exact journey
registered-feature,social.venue.detail,tdf-hq/assets/feature-registry.json,"{""auth"":""authenticated"",""permissions"":{""discover"":{},""view"":{}},""scope"":""none"",""flag"":null,""mobile"":{""kind"":""native-contextual"",""destination"":""/venueDetail"",""documentedException"":null}}",desktop;tablet;phone;native-where-mapped,es;en,loading;empty;validation;denied;expired-session;cancel;slow;interrupted;retry;recovery;return;deep-link;partial-progress,inventoried;runtime coverage pending unless evidence register names exact journey
registered-feature,social.venue.create,tdf-hq/assets/feature-registry.json,"{""auth"":""authenticated"",""permissions"":{""discover"":{""rolesAny"":[""Admin"",""Manager"",""StudioManager"",""Reception"",""Producer"",""LiveSessionsProducer"",""AandR""],""modulesAny"":[""Admin"",""CRM"",""Scheduling""]},""view"":{""rolesAny"":[""Admin"",""Manager"",""StudioManager"",""Reception"",""Producer"",""LiveSessionsProducer"",""AandR""],""modulesAny"":[""Admin"",""CRM"",""Scheduling""]},""create"":{""rolesAny"":[""Admin"",""Manager"",""StudioManager"",""Reception"",""Producer"",""LiveSessionsProducer"",""AandR""],""modulesAny"":[""Admin"",""CRM"",""Scheduling""]}},""scope"":""none"",""flag"":null,""mobile"":{""kind"":""native-contextual"",""destination"":""/createVenue"",""documentedException"":null}}",desktop;tablet;phone;native-where-mapped,es;en,loading;empty;validation;denied;expired-session;cancel;slow;interrupted;retry;recovery;return;deep-link;partial-progress,inventoried;runtime coverage pending unless evidence register names exact journey
registered-feature,artist.profile.edit,tdf-hq/assets/feature-registry.json,"{""auth"":""authenticated"",""permissions"":{""discover"":{""rolesAny"":[""Admin"",""Artist"",""Artista""]},""view"":{""rolesAny"":[""Admin"",""Artist"",""Artista""],""recordScope"":""owner-or-admin""},""edit"":{""rolesAny"":[""Admin"",""Artist"",""Artista""],""recordScope"":""owner-or-admin""}},""scope"":""none"",""flag"":null,""mobile"":{""kind"":""native-contextual"",""destination"":""/editArtistProfile"",""documentedException"":null}}",desktop;tablet;phone;native-where-mapped,es;en,loading;empty;validation;denied;expired-session;cancel;slow;interrupted;retry;recovery;return;deep-link;partial-progress,inventoried;runtime coverage pending unless evidence register names exact journey
registered-feature,studio.session.input-list,tdf-hq/assets/feature-registry.json,"{""auth"":""authenticated"",""permissions"":{""discover"":{""modulesAll"":[""Scheduling""]},""view"":{""modulesAll"":[""Scheduling""]},""export"":{""modulesAll"":[""Scheduling""]}},""scope"":""none"",""flag"":null,""mobile"":{""kind"":""native-contextual"",""destination"":""/input-list/[id]"",""documentedException"":null}}",desktop;tablet;phone;native-where-mapped,es;en,loading;empty;validation;denied;expired-session;cancel;slow;interrupted;retry;recovery;return;deep-link;partial-progress,inventoried;runtime coverage pending unless evidence register names exact journey
registered-feature,social.tickets,tdf-hq/assets/feature-registry.json,"{""auth"":""authenticated"",""permissions"":{""discover"":{},""view"":{""recordScope"":""self""}},""scope"":""none"",""flag"":null,""mobile"":{""kind"":""native"",""destination"":""/tickets"",""documentedException"":""Ticket wallet is native-first.""}}",desktop;tablet;phone;native-where-mapped,es;en,loading;empty;validation;denied;expired-session;cancel;slow;interrupted;retry;recovery;return;deep-link;partial-progress,inventoried;runtime coverage pending unless evidence register names exact journey
registered-feature,/eventos/:eventId/entradas,tdf-hq/assets/feature-registry.json,"{""auth"":""public"",""permissions"":{""discover"":{},""view"":{},""create"":{}},""scope"":""none"",""flag"":null,""mobile"":{""kind"":""native-contextual"",""destination"":""/ticketCheckout"",""documentedException"":""Native ticket checkout remains authenticated until it adopts the generated guest capability-token contract.""}}",desktop;tablet;phone;native-where-mapped,es;en,loading;empty;validation;denied;expired-session;cancel;slow;interrupted;retry;recovery;return;deep-link;partial-progress,inventoried;runtime coverage pending unless evidence register names exact journey
registered-feature,/eventos/:eventId/orden/:orderId,tdf-hq/assets/feature-registry.json,"{""auth"":""public"",""permissions"":{""discover"":{},""view"":{""recordScope"":""guest-capability""}},""scope"":""none"",""flag"":null,""mobile"":{""kind"":""web-only"",""destination"":null,""documentedException"":""The guest lookup token is intentionally device-scoped; mobile has generated API types but no equivalent secure ticket tracker yet.""}}",desktop;tablet;phone;native-where-mapped,es;en,loading;empty;validation;denied;expired-session;cancel;slow;interrupted;retry;recovery;return;deep-link;partial-progress,inventoried;runtime coverage pending unless evidence register names exact journey
registered-feature,label.contracts.create,tdf-hq/assets/feature-registry.json,"{""auth"":""authenticated"",""permissions"":{""discover"":{""rolesAny"":[""Admin"",""Manager"",""StudioManager"",""Artist"",""Artista""]},""view"":{""rolesAny"":[""Admin"",""Manager"",""StudioManager"",""Artist"",""Artista""]},""create"":{""rolesAny"":[""Admin"",""Manager"",""StudioManager"",""Artist"",""Artista""]}},""scope"":""none"",""flag"":null,""mobile"":{""kind"":""security-concealed"",""destination"":""/contracts/NewContractScreen"",""documentedException"":""The existing screen is an unwired placeholder.""}}",desktop;tablet;phone;native-where-mapped,es;en,loading;empty;validation;denied;expired-session;cancel;slow;interrupted;retry;recovery;return;deep-link;partial-progress,inventoried;runtime coverage pending unless evidence register names exact journey
registered-feature,label.contracts.detail,tdf-hq/assets/feature-registry.json,"{""auth"":""authenticated"",""permissions"":{""discover"":{""rolesAny"":[""Admin"",""Manager"",""StudioManager"",""Artist"",""Artista""]},""view"":{""rolesAny"":[""Admin"",""Manager"",""StudioManager"",""Artist"",""Artista""],""recordScope"":""owner-or-admin""}},""scope"":""none"",""flag"":null,""mobile"":{""kind"":""security-concealed"",""destination"":""/contracts/ContractViewScreen"",""documentedException"":""The existing screen is an unwired placeholder.""}}",desktop;tablet;phone;native-where-mapped,es;en,loading;empty;validation;denied;expired-session;cancel;slow;interrupted;retry;recovery;return;deep-link;partial-progress,inventoried;runtime coverage pending unless evidence register names exact journey
registered-feature,mobile.onboarding,tdf-hq/assets/feature-registry.json,"{""auth"":""public"",""permissions"":{""discover"":{},""view"":{}},""scope"":""none"",""flag"":null,""mobile"":{""kind"":""native"",""destination"":""/onboarding"",""documentedException"":""Transient first-run flow; not included in feature search.""}}",desktop;tablet;phone;native-where-mapped,es;en,loading;empty;validation;denied;expired-session;cancel;slow;interrupted;retry;recovery;return;deep-link;partial-progress,inventoried;runtime coverage pending unless evidence register names exact journey
registered-feature,technical.mobile-entry,tdf-hq/assets/feature-registry.json,"{""auth"":""public"",""permissions"":{""discover"":{},""view"":{}},""scope"":""none"",""flag"":null,""mobile"":{""kind"":""technical"",""destination"":""/"",""documentedException"":null}}",desktop;tablet;phone;native-where-mapped,es;en,loading;empty;validation;denied;expired-session;cancel;slow;interrupted;retry;recovery;return;deep-link;partial-progress,inventoried;runtime coverage pending unless evidence register names exact journey
registered-feature,/solicitudes-acceso,tdf-hq/assets/feature-registry.json,"{""auth"":""authenticated"",""permissions"":{""discover"":{},""view"":{},""edit"":{""recordScope"":""requester""}},""scope"":""none"",""flag"":null,""mobile"":{""kind"":""native"",""destination"":""/access-requests"",""documentedException"":null}}",desktop;tablet;phone;native-where-mapped,es;en,loading;empty;validation;denied;expired-session;cancel;slow;interrupted;retry;recovery;return;deep-link;partial-progress,"inventoried;runtime coverage pending unless evidence register names exact journey; Operational initial arrival: actual isolated Admin+Customer and Customer sessions, Chromium production bundle320/1280, operational-*-after.json. Denials/redirects recorded per route. Integrated28 affected cases: operational-focused-final.json. Missing local calendar OAuth returns500. Other roles/states/engines/native untested. Manager arrival:198 isolated real-session/PostgreSQL17 cases,320/1280,dbf548172 bundle; zero axe/overflow/pageerror/5xx (evidence/manager-runtime-dbf.json). Other journey states remain separately pending. Additional initial arrival coverage: 19 role fixtures x320/1280 Chromium es-EC, actual isolated session/API; see evidence/remaining-role-arrivals.json. Denials included; actions/other states/native remain untested unless separately evidenced."
registered-feature,/solicitudes-acceso/nueva,tdf-hq/assets/feature-registry.json,"{""auth"":""authenticated"",""permissions"":{""discover"":{},""view"":{},""create"":{}},""scope"":""none"",""flag"":null,""mobile"":{""kind"":""native"",""destination"":""/access-requests/new"",""documentedException"":null}}",desktop;tablet;phone;native-where-mapped,es;en,loading;empty;validation;denied;expired-session;cancel;slow;interrupted;retry;recovery;return;deep-link;partial-progress,"inventoried;runtime coverage pending unless evidence register names exact journey; Operational initial arrival: actual isolated Admin+Customer and Customer sessions, Chromium production bundle320/1280, operational-*-after.json. Denials/redirects recorded per route. Integrated28 affected cases: operational-focused-final.json. Missing local calendar OAuth returns500. Other roles/states/engines/native untested. Manager arrival:198 isolated real-session/PostgreSQL17 cases,320/1280,dbf548172 bundle; zero axe/overflow/pageerror/5xx (evidence/manager-runtime-dbf.json). Other journey states remain separately pending. Additional initial arrival coverage: 19 role fixtures x320/1280 Chromium es-EC, actual isolated session/API; see evidence/remaining-role-arrivals.json. Denials included; actions/other states/native remain untested unless separately evidenced."
registered-feature,/solicitudes-acceso/revision,tdf-hq/assets/feature-registry.json,"{""auth"":""authenticated"",""permissions"":{""discover"":{""rolesAny"":[""Admin"",""Manager"",""StudioManager""],""modulesAny"":[""Admin"",""Ops"",""Catalog""]},""view"":{""rolesAny"":[""Admin"",""Manager"",""StudioManager""],""modulesAny"":[""Admin"",""Ops"",""Catalog""]},""approve"":{""rolesAny"":[""Admin"",""Manager"",""StudioManager""],""modulesAny"":[""Admin"",""Ops"",""Catalog""]},""reject"":{""rolesAny"":[""Admin"",""Manager"",""StudioManager""],""modulesAny"":[""Admin"",""Ops"",""Catalog""]},""administer"":{""rolesAny"":[""Admin""],""modulesAll"":[""Admin""],""strictAdmin"":true}},""scope"":""none"",""flag"":null,""mobile"":{""kind"":""native"",""destination"":""/access-requests/review"",""documentedException"":null}}",desktop;tablet;phone;native-where-mapped,es;en,loading;empty;validation;denied;expired-session;cancel;slow;interrupted;retry;recovery;return;deep-link;partial-progress,"inventoried;runtime coverage pending unless evidence register names exact journey; Operational initial arrival: actual isolated Admin+Customer and Customer sessions, Chromium production bundle320/1280, operational-*-after.json. Denials/redirects recorded per route. Integrated28 affected cases: operational-focused-final.json. Missing local calendar OAuth returns500. Other roles/states/engines/native untested. Manager arrival:198 isolated real-session/PostgreSQL17 cases,320/1280,dbf548172 bundle; zero axe/overflow/pageerror/5xx (evidence/manager-runtime-dbf.json). Other journey states remain separately pending. Additional initial arrival coverage: 19 role fixtures x320/1280 Chromium es-EC, actual isolated session/API; see evidence/remaining-role-arrivals.json. Denials included; actions/other states/native remain untested unless separately evidenced."
registered-feature,/login,tdf-hq/assets/feature-registry.json,"{""auth"":""public"",""permissions"":{""discover"":{},""view"":{}},""scope"":""none"",""flag"":null,""mobile"":{""kind"":""technical"",""destination"":""/auth"",""documentedException"":null}}",desktop;tablet;phone;native-where-mapped,es;en,loading;empty;validation;denied;expired-session;cancel;slow;interrupted;retry;recovery;return;deep-link;partial-progress,"Observed public arrival: Chromium production bundle, isolated actual backend/PostgreSQL17, es-EC,320/1280px; final84-case evidence/public-runtime-final.json: zero axe violations, horizontal overflow, page errors or HTTP5xx. Other roles/states/languages/native remain untested unless separately evidenced."
registered-feature,/reset,tdf-hq/assets/feature-registry.json,"{""auth"":""public"",""permissions"":{""discover"":{},""view"":{}},""scope"":""none"",""flag"":null,""mobile"":{""kind"":""technical"",""destination"":""/auth"",""documentedException"":""Native reset is handled from authentication.""}}",desktop;tablet;phone;native-where-mapped,es;en,loading;empty;validation;denied;expired-session;cancel;slow;interrupted;retry;recovery;return;deep-link;partial-progress,"Observed public arrival: Chromium production bundle, isolated actual backend/PostgreSQL17, es-EC,320/1280px; final84-case evidence/public-runtime-final.json: zero axe violations, horizontal overflow, page errors or HTTP5xx. Other roles/states/languages/native remain untested unless separately evidenced."
registered-feature,/oauth/google-drive/callback,tdf-hq/assets/feature-registry.json,"{""auth"":""optional"",""permissions"":{""discover"":{},""view"":{}},""scope"":""none"",""flag"":null,""mobile"":{""kind"":""technical"",""destination"":null,""documentedException"":null}}",desktop;tablet;phone;native-where-mapped,es;en,loading;empty;validation;denied;expired-session;cancel;slow;interrupted;retry;recovery;return;deep-link;partial-progress,"Observed public arrival: Chromium production bundle, isolated actual backend/PostgreSQL17, es-EC,320/1280px; final84-case evidence/public-runtime-final.json: zero axe violations, horizontal overflow, page errors or HTTP5xx. Other roles/states/languages/native remain untested unless separately evidenced."
registered-feature,/oauth/instagram/callback,tdf-hq/assets/feature-registry.json,"{""auth"":""optional"",""permissions"":{""discover"":{},""view"":{}},""scope"":""none"",""flag"":null,""mobile"":{""kind"":""technical"",""destination"":null,""documentedException"":null}}",desktop;tablet;phone;native-where-mapped,es;en,loading;empty;validation;denied;expired-session;cancel;slow;interrupted;retry;recovery;return;deep-link;partial-progress,"Observed public arrival: Chromium production bundle, isolated actual backend/PostgreSQL17, es-EC,320/1280px; final84-case evidence/public-runtime-final.json: zero axe violations, horizontal overflow, page errors or HTTP5xx. Other roles/states/languages/native remain untested unless separately evidenced."
registered-feature,/mezcla-mastering/pago-datafast,tdf-hq/assets/feature-registry.json,"{""auth"":""public"",""permissions"":{""discover"":{},""view"":{}},""scope"":""none"",""flag"":null,""mobile"":{""kind"":""technical"",""destination"":null,""documentedException"":null}}",desktop;tablet;phone;native-where-mapped,es;en,loading;empty;validation;denied;expired-session;cancel;slow;interrupted;retry;recovery;return;deep-link;partial-progress,"Observed public arrival: Chromium production bundle, isolated actual backend/PostgreSQL17, es-EC,320/1280px; final84-case evidence/public-runtime-final.json: zero axe violations, horizontal overflow, page errors or HTTP5xx. Other roles/states/languages/native remain untested unless separately evidenced."
registered-feature,/marketplace/pago-datafast,tdf-hq/assets/feature-registry.json,"{""auth"":""public"",""permissions"":{""discover"":{},""view"":{}},""scope"":""none"",""flag"":null,""mobile"":{""kind"":""technical"",""destination"":null,""documentedException"":null}}",desktop;tablet;phone;native-where-mapped,es;en,loading;empty;validation;denied;expired-session;cancel;slow;interrupted;retry;recovery;return;deep-link;partial-progress,"Observed public arrival: Chromium production bundle, isolated actual backend/PostgreSQL17, es-EC,320/1280px; final84-case evidence/public-runtime-final.json: zero axe violations, horizontal overflow, page errors or HTTP5xx. Other roles/states/languages/native remain untested unless separately evidenced."
registered-feature,/whatsapp/ok,tdf-hq/assets/feature-registry.json,"{""auth"":""public"",""permissions"":{""discover"":{},""view"":{}},""scope"":""none"",""flag"":null,""mobile"":{""kind"":""technical"",""destination"":null,""documentedException"":null}}",desktop;tablet;phone;native-where-mapped,es;en,loading;empty;validation;denied;expired-session;cancel;slow;interrupted;retry;recovery;return;deep-link;partial-progress,"Observed public arrival: Chromium production bundle, isolated actual backend/PostgreSQL17, es-EC,320/1280px; final84-case evidence/public-runtime-final.json: zero axe violations, horizontal overflow, page errors or HTTP5xx. Other roles/states/languages/native remain untested unless separately evidenced."
registered-feature,/inventario/scan/:token,tdf-hq/assets/feature-registry.json,"{""auth"":""public"",""permissions"":{""discover"":{},""view"":{}},""scope"":""signed-token"",""flag"":null,""mobile"":{""kind"":""technical"",""destination"":null,""documentedException"":null}}",desktop;tablet;phone;native-where-mapped,es;en,loading;empty;validation;denied;expired-session;cancel;slow;interrupted;retry;recovery;return;deep-link;partial-progress,inventoried;runtime coverage pending unless evidence register names exact journey
registered-feature,/curso/:slug,tdf-hq/assets/feature-registry.json,"{""auth"":""public"",""permissions"":{""discover"":{},""view"":{},""submit"":{}},""scope"":""none"",""flag"":null,""mobile"":{""kind"":""external-web"",""destination"":null,""documentedException"":""Public courses are opened from shared links.""}}",desktop;tablet;phone;native-where-mapped,es;en,loading;empty;validation;denied;expired-session;cancel;slow;interrupted;retry;recovery;return;deep-link;partial-progress,inventoried;runtime coverage pending unless evidence register names exact journey
registered-feature,/inscripcion/:slug,tdf-hq/assets/feature-registry.json,"{""auth"":""public"",""permissions"":{""discover"":{},""view"":{},""submit"":{}},""scope"":""none"",""flag"":null,""mobile"":{""kind"":""external-web"",""destination"":null,""documentedException"":""Course registration is a shareable web flow.""}}",desktop;tablet;phone;native-where-mapped,es;en,loading;empty;validation;denied;expired-session;cancel;slow;interrupted;retry;recovery;return;deep-link;partial-progress,inventoried;runtime coverage pending unless evidence register names exact journey
registered-feature,/whatsapp/consentimiento,tdf-hq/assets/feature-registry.json,"{""auth"":""public"",""permissions"":{""discover"":{},""view"":{},""submit"":{}},""scope"":""none"",""flag"":null,""mobile"":{""kind"":""external-web"",""destination"":null,""documentedException"":""Consent links remain shareable web flows.""}}",desktop;tablet;phone;native-where-mapped,es;en,loading;empty;validation;denied;expired-session;cancel;slow;interrupted;retry;recovery;return;deep-link;partial-progress,"Observed public arrival: Chromium production bundle, isolated actual backend/PostgreSQL17, es-EC,320/1280px; final84-case evidence/public-runtime-final.json: zero axe violations, horizontal overflow, page errors or HTTP5xx. Other roles/states/languages/native remain untested unless separately evidenced."
registered-feature,/privacidad,tdf-hq/assets/feature-registry.json,"{""auth"":""public"",""permissions"":{""discover"":{},""view"":{}},""scope"":""none"",""flag"":null,""mobile"":{""kind"":""external-web"",""destination"":null,""documentedException"":""Public privacy rights page.""}}",desktop;tablet;phone;native-where-mapped,es;en,loading;empty;validation;denied;expired-session;cancel;slow;interrupted;retry;recovery;return;deep-link;partial-progress,"Observed public arrival: Chromium production bundle, isolated actual backend/PostgreSQL17, es-EC,320/1280px; final84-case evidence/public-runtime-final.json: zero axe violations, horizontal overflow, page errors or HTTP5xx. Other roles/states/languages/native remain untested unless separately evidenced."
registered-feature,/apelaciones,tdf-hq/assets/feature-registry.json,"{""auth"":""public"",""permissions"":{""discover"":{},""view"":{},""submit"":{}},""scope"":""none"",""flag"":null,""mobile"":{""kind"":""external-web"",""destination"":null,""documentedException"":""Public reputation appeals page.""}}",desktop;tablet;phone;native-where-mapped,es;en,loading;empty;validation;denied;expired-session;cancel;slow;interrupted;retry;recovery;return;deep-link;partial-progress,"Observed public arrival: Chromium production bundle, isolated actual backend/PostgreSQL17, es-EC,320/1280px; final84-case evidence/public-runtime-final.json: zero axe violations, horizontal overflow, page errors or HTTP5xx. Other roles/states/languages/native remain untested unless separately evidenced."
registered-feature,/reputacion/como-se-calcula,tdf-hq/assets/feature-registry.json,"{""auth"":""public"",""permissions"":{""discover"":{},""view"":{}},""scope"":""none"",""flag"":null,""mobile"":{""kind"":""external-web"",""destination"":null,""documentedException"":""Public explanation of contextual-reputation safeguards.""}}",desktop;tablet;phone;native-where-mapped,es;en,loading;empty;validation;denied;expired-session;cancel;slow;interrupted;retry;recovery;return;deep-link;partial-progress,"Observed public arrival: Chromium production bundle, isolated actual backend/PostgreSQL17, es-EC,320/1280px; final84-case evidence/public-runtime-final.json: zero axe violations, horizontal overflow, page errors or HTTP5xx. Other roles/states/languages/native remain untested unless separately evidenced."
registered-feature,/merch/tiendas/:storeId,tdf-hq/assets/feature-registry.json,"{""auth"":""public"",""permissions"":{""discover"":{},""view"":{}},""scope"":""public"",""flag"":""merch.store_reviews"",""mobile"":{""kind"":""embedded"",""destination"":""/artistDetail"",""documentedException"":""Store summaries are embedded in the native artist profile; full review lists use responsive web during the pilot.""}}",desktop;tablet;phone;native-where-mapped,es;en,loading;empty;validation;denied;expired-session;cancel;slow;interrupted;retry;recovery;return;deep-link;partial-progress,inventoried;runtime coverage pending unless evidence register names exact journey
registered-feature,/merch/orden/:orderId/evaluar,tdf-hq/assets/feature-registry.json,"{""auth"":""authenticated"",""permissions"":{""discover"":{},""view"":{""recordScope"":""self""},""submit"":{""recordScope"":""self""},""edit"":{""recordScope"":""self""}},""scope"":""self"",""flag"":""merch.store_reviews"",""mobile"":{""kind"":""native"",""destination"":""/merch/review"",""documentedException"":null}}",desktop;tablet;phone;native-where-mapped,es;en,loading;empty;validation;denied;expired-session;cancel;slow;interrupted;retry;recovery;return;deep-link;partial-progress,inventoried;runtime coverage pending unless evidence register names exact journey
registered-feature,/merch/vendedor/tiendas/:storeId/reputacion,tdf-hq/assets/feature-registry.json,"{""auth"":""authenticated"",""permissions"":{""discover"":{},""view"":{""recordScope"":""managed""},""submit"":{""recordScope"":""managed""}},""scope"":""managed"",""flag"":""merch.seller_responses"",""mobile"":{""kind"":""web-only"",""destination"":null,""documentedException"":""Seller moderation remains a responsive authenticated web workflow during the pilot.""}}",desktop;tablet;phone;native-where-mapped,es;en,loading;empty;validation;denied;expired-session;cancel;slow;interrupted;retry;recovery;return;deep-link;partial-progress,inventoried;runtime coverage pending unless evidence register names exact journey
registered-feature,/merch/reputacion/preferencias,tdf-hq/assets/feature-registry.json,"{""auth"":""authenticated"",""permissions"":{""discover"":{},""view"":{""recordScope"":""self""},""edit"":{""recordScope"":""self""}},""scope"":""self"",""flag"":""merch.store_reviews"",""mobile"":{""kind"":""native"",""destination"":""/merch/preferences"",""documentedException"":null}}",desktop;tablet;phone;native-where-mapped,es;en,loading;empty;validation;denied;expired-session;cancel;slow;interrupted;retry;recovery;return;deep-link;partial-progress,"inventoried;runtime coverage pending unless evidence register names exact journey; Operational initial arrival: actual isolated Admin+Customer and Customer sessions, Chromium production bundle320/1280, operational-*-after.json. Denials/redirects recorded per route. Integrated28 affected cases: operational-focused-final.json. Missing local calendar OAuth returns500. Other roles/states/engines/native untested. Manager arrival:198 isolated real-session/PostgreSQL17 cases,320/1280,dbf548172 bundle; zero axe/overflow/pageerror/5xx (evidence/manager-runtime-dbf.json). Other journey states remain separately pending. Additional initial arrival coverage: 19 role fixtures x320/1280 Chromium es-EC, actual isolated session/API; see evidence/remaining-role-arrivals.json. Denials included; actions/other states/native remain untested unless separately evidenced."
registered-feature,/admin/merch/reputacion,tdf-hq/assets/feature-registry.json,"{""auth"":""authenticated"",""permissions"":{""discover"":{""rolesAny"":[""Admin""],""modulesAny"":[""Admin""]},""view"":{""rolesAny"":[""Admin""],""modulesAny"":[""Admin""]},""administer"":{""rolesAny"":[""Admin""],""modulesAny"":[""Admin""]}},""scope"":""all"",""flag"":""merch.moderation"",""mobile"":{""kind"":""web-only"",""destination"":null,""documentedException"":""Evidence-heavy moderation is a desktop workflow for the pilot.""}}",desktop;tablet;phone;native-where-mapped,es;en,loading;empty;validation;denied;expired-session;cancel;slow;interrupted;retry;recovery;return;deep-link;partial-progress,"inventoried;runtime coverage pending unless evidence register names exact journey; Operational initial arrival: actual isolated Admin+Customer and Customer sessions, Chromium production bundle320/1280, operational-*-after.json. Denials/redirects recorded per route. Integrated28 affected cases: operational-focused-final.json. Missing local calendar OAuth returns500. Other roles/states/engines/native untested. Manager arrival:198 isolated real-session/PostgreSQL17 cases,320/1280,dbf548172 bundle; zero axe/overflow/pageerror/5xx (evidence/manager-runtime-dbf.json). Other journey states remain separately pending. Additional initial arrival coverage: 19 role fixtures x320/1280 Chromium es-EC, actual isolated session/API; see evidence/remaining-role-arrivals.json. Denials included; actions/other states/native remain untested unless separately evidenced."
registered-feature,experimental.future-stubs,tdf-hq/assets/feature-registry.json,"{""auth"":""authenticated"",""permissions"":{""discover"":{},""view"":{}},""scope"":""none"",""flag"":null,""mobile"":{""kind"":""technical"",""destination"":null,""documentedException"":null}}",desktop;tablet;phone;native-where-mapped,es;en,loading;empty;validation;denied;expired-session;cancel;slow;interrupted;retry;recovery;return;deep-link;partial-progress,inventoried;runtime coverage pending unless evidence register names exact journey
route-declaration,"""/""",tdf-hq-ui/src/routes/publicRoutes.tsx:64,"<Route path=""/"" element={<Navigate to=""/inicio"" replace />} />",desktop;tablet;phone,es;en,loading;empty;validation;denied;expired-session;cancel;slow;interrupted;retry;recovery;return;deep-link;partial-progress,inventory;parent guard and nested path require manual review
route-declaration,"""/instagram""",tdf-hq-ui/src/routes/publicRoutes.tsx:65,"<Route path=""/instagram"" element={<Navigate to=""/tdf?utm_source=instagram&utm_medium=social&utm_campaign=instagram_profile"" replace />} />",desktop;tablet;phone,es;en,loading;empty;validation;denied;expired-session;cancel;slow;interrupted;retry;recovery;return;deep-link;partial-progress,inventory;parent guard and nested path require manual review
route-declaration,"""/ig""",tdf-hq-ui/src/routes/publicRoutes.tsx:66,"<Route path=""/ig"" element={<Navigate to=""/tdf?utm_source=instagram&utm_medium=social&utm_campaign=instagram_profile"" replace />} />",desktop;tablet;phone,es;en,loading;empty;validation;denied;expired-session;cancel;slow;interrupted;retry;recovery;return;deep-link;partial-progress,inventory;parent guard and nested path require manual review
route-declaration,"""/tdf""",tdf-hq-ui/src/routes/publicRoutes.tsx:67,"<Route path=""/tdf"" element={<PublicBranding><TdfPlatformPage /></PublicBranding>} />",desktop;tablet;phone,es;en,loading;empty;validation;denied;expired-session;cancel;slow;interrupted;retry;recovery;return;deep-link;partial-progress,inventory;parent guard and nested path require manual review
route-declaration,"""/comercio""",tdf-hq-ui/src/routes/publicRoutes.tsx:68,"<Route path=""/comercio"" element={<PublicBranding><CommerceHubPage /></PublicBranding>} />",desktop;tablet;phone,es;en,loading;empty;validation;denied;expired-session;cancel;slow;interrupted;retry;recovery;return;deep-link;partial-progress,inventory;parent guard and nested path require manual review
route-declaration,"""/commerce""",tdf-hq-ui/src/routes/publicRoutes.tsx:69,"<Route path=""/commerce"" element={<Navigate to=""/comercio"" replace />} />",desktop;tablet;phone,es;en,loading;empty;validation;denied;expired-session;cancel;slow;interrupted;retry;recovery;return;deep-link;partial-progress,inventory;parent guard and nested path require manual review
route-declaration,"""/distribucion""",tdf-hq-ui/src/routes/publicRoutes.tsx:70,"<Route path=""/distribucion"" element={<PublicBranding><DistributionLandingPage /></PublicBranding>} />",desktop;tablet;phone,es;en,loading;empty;validation;denied;expired-session;cancel;slow;interrupted;retry;recovery;return;deep-link;partial-progress,inventory;parent guard and nested path require manual review
route-declaration,"""/distribution""",tdf-hq-ui/src/routes/publicRoutes.tsx:71,"<Route path=""/distribution"" element={<Navigate to=""/distribucion"" replace />} />",desktop;tablet;phone,es;en,loading;empty;validation;denied;expired-session;cancel;slow;interrupted;retry;recovery;return;deep-link;partial-progress,inventory;parent guard and nested path require manual review
route-declaration,"""/sobre-tdf""",tdf-hq-ui/src/routes/publicRoutes.tsx:72,"<Route path=""/sobre-tdf"" element={<Navigate to=""/tdf"" replace />} />",desktop;tablet;phone,es;en,loading;empty;validation;denied;expired-session;cancel;slow;interrupted;retry;recovery;return;deep-link;partial-progress,inventory;parent guard and nested path require manual review
route-declaration,"""/inicio""",tdf-hq-ui/src/routes/publicRoutes.tsx:73,"<Route path=""/inicio"" element={<PublicBranding><DirectorySearchPage /></PublicBranding>} />",desktop;tablet;phone,es;en,loading;empty;validation;denied;expired-session;cancel;slow;interrupted;retry;recovery;return;deep-link;partial-progress,inventory;parent guard and nested path require manual review
route-declaration,"""/buscar""",tdf-hq-ui/src/routes/publicRoutes.tsx:74,"<Route path=""/buscar"" element={<PublicBranding><DirectorySearchPage /></PublicBranding>} />",desktop;tablet;phone,es;en,loading;empty;validation;denied;expired-session;cancel;slow;interrupted;retry;recovery;return;deep-link;partial-progress,inventory;parent guard and nested path require manual review
route-declaration,"""/directorio/:slug""",tdf-hq-ui/src/routes/publicRoutes.tsx:75,"<Route path=""/directorio/:slug"" element={<PublicBranding><DirectoryPublicDetailPage kind=""profile"" /></PublicBranding>} />",desktop;tablet;phone,es;en,loading;empty;validation;denied;expired-session;cancel;slow;interrupted;retry;recovery;return;deep-link;partial-progress,inventory;parent guard and nested path require manual review
route-declaration,"""/clasificados/:slug""",tdf-hq-ui/src/routes/publicRoutes.tsx:76,"<Route path=""/clasificados/:slug"" element={<PublicBranding><DirectoryPublicDetailPage kind=""classified"" /></PublicBranding>} />",desktop;tablet;phone,es;en,loading;empty;validation;denied;expired-session;cancel;slow;interrupted;retry;recovery;return;deep-link;partial-progress,inventory;parent guard and nested path require manual review
route-declaration,"""/eventos/:eventId""",tdf-hq-ui/src/routes/publicRoutes.tsx:77,"<Route path=""/eventos/:eventId"" element={<PublicBranding><DirectoryPublicDetailPage kind=""event"" /></PublicBranding>} />",desktop;tablet;phone,es;en,loading;empty;validation;denied;expired-session;cancel;slow;interrupted;retry;recovery;return;deep-link;partial-progress,inventory;parent guard and nested path require manual review
route-declaration,"""/eventos/:eventId/entradas""",tdf-hq-ui/src/routes/publicRoutes.tsx:78,"<Route path=""/eventos/:eventId/entradas"" element={<PublicBranding><PublicEventTicketsPage /></PublicBranding>} />",desktop;tablet;phone,es;en,loading;empty;validation;denied;expired-session;cancel;slow;interrupted;retry;recovery;return;deep-link;partial-progress,inventory;parent guard and nested path require manual review
route-declaration,"""/eventos/:eventId/orden/:orderId""",tdf-hq-ui/src/routes/publicRoutes.tsx:79,"<Route path=""/eventos/:eventId/orden/:orderId"" element={<PublicBranding><PublicEventTicketsPage /></PublicBranding>} />",desktop;tablet;phone,es;en,loading;empty;validation;denied;expired-session;cancel;slow;interrupted;retry;recovery;return;deep-link;partial-progress,inventory;parent guard and nested path require manual review
route-declaration,"""/venues/:venueId""",tdf-hq-ui/src/routes/publicRoutes.tsx:80,"<Route path=""/venues/:venueId"" element={<PublicBranding><DirectoryPublicDetailPage kind=""venue"" /></PublicBranding>} />",desktop;tablet;phone,es;en,loading;empty;validation;denied;expired-session;cancel;slow;interrupted;retry;recovery;return;deep-link;partial-progress,inventory;parent guard and nested path require manual review
route-declaration,"""/fans""",tdf-hq-ui/src/routes/publicRoutes.tsx:81,"<Route path=""/fans"" element={<PublicBranding><FanHubPage /></PublicBranding>} />",desktop;tablet;phone,es;en,loading;empty;validation;denied;expired-session;cancel;slow;interrupted;retry;recovery;return;deep-link;partial-progress,FanHub model/component14 browser cases; merged/deployed web437fddd; real authenticated persistence pending; fanhub-onboarding.md
route-declaration,"""/fans/clubs/:artistId""",tdf-hq-ui/src/routes/publicRoutes.tsx:82,"<Route path=""/fans/clubs/:artistId"" element={<PublicBranding><FanClubPage /></PublicBranding>} />",desktop;tablet;phone,es;en,loading;empty;validation;denied;expired-session;cancel;slow;interrupted;retry;recovery;return;deep-link;partial-progress,inventory;parent guard and nested path require manual review
route-declaration,"""/mi-artista""",tdf-hq-ui/src/routes/publicRoutes.tsx:83,"<Route path=""/mi-artista"" element={<PublicBranding><FanHubPage focusArtist /></PublicBranding>} />",desktop;tablet;phone,es;en,loading;empty;validation;denied;expired-session;cancel;slow;interrupted;retry;recovery;return;deep-link;partial-progress,inventory;parent guard and nested path require manual review
route-declaration,"""/artista/crear""",tdf-hq-ui/src/routes/publicRoutes.tsx:84,"<Route path=""/artista/crear"" element={<PublicBranding><ArtistOnboardingPage /></PublicBranding>} />",desktop;tablet;phone,es;en,loading;empty;validation;denied;expired-session;cancel;slow;interrupted;retry;recovery;return;deep-link;partial-progress,25 current component tests; real isolated PostgreSQL/HTTP claim preparation; production/browser complete activation pending; artist-management-claims.md
route-declaration,"""/artista/:slugOrId""",tdf-hq-ui/src/routes/publicRoutes.tsx:85,"<Route path=""/artista/:slugOrId"" element={<PublicBranding><ArtistPublicPage /></PublicBranding>} />",desktop;tablet;phone,es;en,loading;empty;validation;denied;expired-session;cancel;slow;interrupted;retry;recovery;return;deep-link;partial-progress,inventory;parent guard and nested path require manual review
route-declaration,"""/a/:slugOrId""",tdf-hq-ui/src/routes/publicRoutes.tsx:86,"<Route path=""/a/:slugOrId"" element={<PublicBranding><ArtistPublicPage /></PublicBranding>} />",desktop;tablet;phone,es;en,loading;empty;validation;denied;expired-session;cancel;slow;interrupted;retry;recovery;return;deep-link;partial-progress,inventory;parent guard and nested path require manual review
route-declaration,"""/marketplace""",tdf-hq-ui/src/routes/publicRoutes.tsx:87,"<Route path=""/marketplace"" element={<PublicBranding><MarketplacePage /></PublicBranding>} />",desktop;tablet;phone,es;en,loading;empty;validation;denied;expired-session;cancel;slow;interrupted;retry;recovery;return;deep-link;partial-progress,inventory;parent guard and nested path require manual review
route-declaration,"""/merch/tiendas/:storeId""",tdf-hq-ui/src/routes/publicRoutes.tsx:88,"<Route path=""/merch/tiendas/:storeId"" element={<PublicBranding><MerchReputationPage kind=""store"" /></PublicBranding>} />",desktop;tablet;phone,es;en,loading;empty;validation;denied;expired-session;cancel;slow;interrupted;retry;recovery;return;deep-link;partial-progress,inventory;parent guard and nested path require manual review
route-declaration,"""/merch/productos/:productId""",tdf-hq-ui/src/routes/publicRoutes.tsx:89,"<Route path=""/merch/productos/:productId"" element={<PublicBranding><MerchReputationPage kind=""product"" /></PublicBranding>} />",desktop;tablet;phone,es;en,loading;empty;validation;denied;expired-session;cancel;slow;interrupted;retry;recovery;return;deep-link;partial-progress,inventory;parent guard and nested path require manual review
route-declaration,"""/tiendas""",tdf-hq-ui/src/routes/publicRoutes.tsx:90,"<Route path=""/tiendas"" element={<PublicBranding><MerchDiscoveryPage /></PublicBranding>} />",desktop;tablet;phone,es;en,loading;empty;validation;denied;expired-session;cancel;slow;interrupted;retry;recovery;return;deep-link;partial-progress,inventory;parent guard and nested path require manual review
route-declaration,"""/tienda/:storeSlug""",tdf-hq-ui/src/routes/publicRoutes.tsx:91,"<Route path=""/tienda/:storeSlug"" element={<PublicBranding><MerchStorefrontPage /></PublicBranding>} />",desktop;tablet;phone,es;en,loading;empty;validation;denied;expired-session;cancel;slow;interrupted;retry;recovery;return;deep-link;partial-progress,inventory;parent guard and nested path require manual review
route-declaration,"""/tienda/:storeSlug/producto/:productSlug""",tdf-hq-ui/src/routes/publicRoutes.tsx:92,"<Route path=""/tienda/:storeSlug/producto/:productSlug"" element={<PublicBranding><MerchProductPage /></PublicBranding>} />",desktop;tablet;phone,es;en,loading;empty;validation;denied;expired-session;cancel;slow;interrupted;retry;recovery;return;deep-link;partial-progress,inventory;parent guard and nested path require manual review
route-declaration,"""/tienda/:storeSlug/carrito""",tdf-hq-ui/src/routes/publicRoutes.tsx:93,"<Route path=""/tienda/:storeSlug/carrito"" element={<PublicBranding><MerchCartPage /></PublicBranding>} />",desktop;tablet;phone,es;en,loading;empty;validation;denied;expired-session;cancel;slow;interrupted;retry;recovery;return;deep-link;partial-progress,inventory;parent guard and nested path require manual review
route-declaration,"""/tienda/orden/:orderId""",tdf-hq-ui/src/routes/publicRoutes.tsx:94,"<Route path=""/tienda/orden/:orderId"" element={<PublicBranding><MerchOrderTrackingPage /></PublicBranding>} />",desktop;tablet;phone,es;en,loading;empty;validation;denied;expired-session;cancel;slow;interrupted;retry;recovery;return;deep-link;partial-progress,inventory;parent guard and nested path require manual review
route-declaration,"""/marketplace/orden/:orderId""",tdf-hq-ui/src/routes/publicRoutes.tsx:95,"<Route path=""/marketplace/orden/:orderId"" element={<PublicBranding><MarketplaceOrderTrackingPage /></PublicBranding>} />",desktop;tablet;phone,es;en,loading;empty;validation;denied;expired-session;cancel;slow;interrupted;retry;recovery;return;deep-link;partial-progress,inventory;parent guard and nested path require manual review
route-declaration,"""/mezcla-mastering""",tdf-hq-ui/src/routes/publicRoutes.tsx:96,"<Route path=""/mezcla-mastering"" element={<PublicBranding><MixingMasteringPage /></PublicBranding>} />",desktop;tablet;phone,es;en,loading;empty;validation;denied;expired-session;cancel;slow;interrupted;retry;recovery;return;deep-link;partial-progress,inventory;parent guard and nested path require manual review
route-declaration,"""/mezcla-mastering/pago-datafast""",tdf-hq-ui/src/routes/publicRoutes.tsx:97,"<Route path=""/mezcla-mastering/pago-datafast"" element={<PublicBranding><ServiceDatafastReturnPage /></PublicBranding>} />",desktop;tablet;phone,es;en,loading;empty;validation;denied;expired-session;cancel;slow;interrupted;retry;recovery;return;deep-link;partial-progress,inventory;parent guard and nested path require manual review
route-declaration,"""/mezcla-mastering/pedido/:orderNumber""",tdf-hq-ui/src/routes/publicRoutes.tsx:98,"<Route path=""/mezcla-mastering/pedido/:orderNumber"" element={<PublicBranding><ServiceOrderTrackingPage /></PublicBranding>} />",desktop;tablet;phone,es;en,loading;empty;validation;denied;expired-session;cancel;slow;interrupted;retry;recovery;return;deep-link;partial-progress,inventory;parent guard and nested path require manual review
route-declaration,"""/services/mixing-mastering""",tdf-hq-ui/src/routes/publicRoutes.tsx:99,"<Route path=""/services/mixing-mastering"" element={<Navigate to=""/mezcla-mastering"" replace />} />",desktop;tablet;phone,es;en,loading;empty;validation;denied;expired-session;cancel;slow;interrupted;retry;recovery;return;deep-link;partial-progress,inventory;parent guard and nested path require manual review
route-declaration,"""/marketplace/pago-datafast""",tdf-hq-ui/src/routes/publicRoutes.tsx:100,"<Route path=""/marketplace/pago-datafast"" element={<PublicBranding><DatafastReturnPage /></PublicBranding>} />",desktop;tablet;phone,es;en,loading;empty;validation;denied;expired-session;cancel;slow;interrupted;retry;recovery;return;deep-link;partial-progress,inventory;parent guard and nested path require manual review
route-declaration,"""/oauth/google-drive/callback""",tdf-hq-ui/src/routes/publicRoutes.tsx:101,"<Route path=""/oauth/google-drive/callback"" element={<PublicBranding><GoogleDriveCallbackPage /></PublicBranding>} />",desktop;tablet;phone,es;en,loading;empty;validation;denied;expired-session;cancel;slow;interrupted;retry;recovery;return;deep-link;partial-progress,inventory;parent guard and nested path require manual review
route-declaration,"""/oauth/instagram/callback""",tdf-hq-ui/src/routes/publicRoutes.tsx:102,"<Route path=""/oauth/instagram/callback"" element={<PublicBranding><InstagramCallbackPage /></PublicBranding>} />",desktop;tablet;phone,es;en,loading;empty;validation;denied;expired-session;cancel;slow;interrupted;retry;recovery;return;deep-link;partial-progress,inventory;parent guard and nested path require manual review
route-declaration,"""/curso/produccion-musical-dic-2025""",tdf-hq-ui/src/routes/publicRoutes.tsx:103,"<Route path=""/curso/produccion-musical-dic-2025"" element={<Navigate to=""/curso/produccion-musical-jun-2026"" replace />} />",desktop;tablet;phone,es;en,loading;empty;validation;denied;expired-session;cancel;slow;interrupted;retry;recovery;return;deep-link;partial-progress,inventory;parent guard and nested path require manual review
route-declaration,"""/curso/produccion-musical-abr-2026""",tdf-hq-ui/src/routes/publicRoutes.tsx:104,"<Route path=""/curso/produccion-musical-abr-2026"" element={<Navigate to=""/curso/produccion-musical-jun-2026"" replace />} />",desktop;tablet;phone,es;en,loading;empty;validation;denied;expired-session;cancel;slow;interrupted;retry;recovery;return;deep-link;partial-progress,inventory;parent guard and nested path require manual review
route-declaration,"""/curso/:slug/orden/:registrationId""",tdf-hq-ui/src/routes/publicRoutes.tsx:105,"<Route path=""/curso/:slug/orden/:registrationId"" element={<PublicBranding><CourseProductionLandingPage /></PublicBranding>} />",desktop;tablet;phone,es;en,loading;empty;validation;denied;expired-session;cancel;slow;interrupted;retry;recovery;return;deep-link;partial-progress,inventory;parent guard and nested path require manual review
route-declaration,"""/curso/:slug""",tdf-hq-ui/src/routes/publicRoutes.tsx:106,"<Route path=""/curso/:slug"" element={<PublicBranding><CourseProductionLandingPage /></PublicBranding>} />",desktop;tablet;phone,es;en,loading;empty;validation;denied;expired-session;cancel;slow;interrupted;retry;recovery;return;deep-link;partial-progress,inventory;parent guard and nested path require manual review
route-declaration,"""/inscripcion/:slug""",tdf-hq-ui/src/routes/publicRoutes.tsx:107,"<Route path=""/inscripcion/:slug"" element={<PublicBranding><InscripcionPage /></PublicBranding>} />",desktop;tablet;phone,es;en,loading;empty;validation;denied;expired-session;cancel;slow;interrupted;retry;recovery;return;deep-link;partial-progress,inventory;parent guard and nested path require manual review
route-declaration,"""/trials""",tdf-hq-ui/src/routes/publicRoutes.tsx:108,"<Route path=""/trials"" element={<PublicBranding><TrialsPage /></PublicBranding>} />",desktop;tablet;phone,es;en,loading;empty;validation;denied;expired-session;cancel;slow;interrupted;retry;recovery;return;deep-link;partial-progress,inventory;parent guard and nested path require manual review
route-declaration,"""/live-sessions/registro""",tdf-hq-ui/src/routes/publicRoutes.tsx:109,"<Route path=""/live-sessions/registro"" element={<PublicBranding><LiveSessionPublicPage /></PublicBranding>} />",desktop;tablet;phone,es;en,loading;empty;validation;denied;expired-session;cancel;slow;interrupted;retry;recovery;return;deep-link;partial-progress,inventory;parent guard and nested path require manual review
route-declaration,"""/feedback""",tdf-hq-ui/src/routes/publicRoutes.tsx:110,"<Route path=""/feedback"" element={<PublicBranding><FeedbackPage /></PublicBranding>} />",desktop;tablet;phone,es;en,loading;empty;validation;denied;expired-session;cancel;slow;interrupted;retry;recovery;return;deep-link;partial-progress,inventory;parent guard and nested path require manual review
route-declaration,"""/privacidad""",tdf-hq-ui/src/routes/publicRoutes.tsx:111,"<Route path=""/privacidad"" element={<PublicBranding><PublicReputationRightsPage /></PublicBranding>} />",desktop;tablet;phone,es;en,loading;empty;validation;denied;expired-session;cancel;slow;interrupted;retry;recovery;return;deep-link;partial-progress,inventory;parent guard and nested path require manual review
route-declaration,"""/apelaciones""",tdf-hq-ui/src/routes/publicRoutes.tsx:112,"<Route path=""/apelaciones"" element={<PublicBranding><PublicReputationRightsPage view=""appeal"" /></PublicBranding>} />",desktop;tablet;phone,es;en,loading;empty;validation;denied;expired-session;cancel;slow;interrupted;retry;recovery;return;deep-link;partial-progress,inventory;parent guard and nested path require manual review
route-declaration,"""/reputacion/como-se-calcula""",tdf-hq-ui/src/routes/publicRoutes.tsx:113,"<Route path=""/reputacion/como-se-calcula"" element={<PublicBranding><PublicReputationRightsPage view=""calculation"" /></PublicBranding>} />",desktop;tablet;phone,es;en,loading;empty;validation;denied;expired-session;cancel;slow;interrupted;retry;recovery;return;deep-link;partial-progress,inventory;parent guard and nested path require manual review
route-declaration,"""/whatsapp/consentimiento""",tdf-hq-ui/src/routes/publicRoutes.tsx:114,"<Route path=""/whatsapp/consentimiento"" element={<PublicBranding><PublicWhatsAppConsentPage /></PublicBranding>} />",desktop;tablet;phone,es;en,loading;empty;validation;denied;expired-session;cancel;slow;interrupted;retry;recovery;return;deep-link;partial-progress,inventory;parent guard and nested path require manual review
route-declaration,"""/whatsapp/ok""",tdf-hq-ui/src/routes/publicRoutes.tsx:115,"<Route path=""/whatsapp/ok"" element={<PublicBranding><PublicWhatsAppConsentSuccessPage /></PublicBranding>} />",desktop;tablet;phone,es;en,loading;empty;validation;denied;expired-session;cancel;slow;interrupted;retry;recovery;return;deep-link;partial-progress,inventory;parent guard and nested path require manual review
route-declaration,"""/records""",tdf-hq-ui/src/routes/publicRoutes.tsx:116,"<Route path=""/records"" element={<PublicBranding><RecordsPublicPage /></PublicBranding>} />",desktop;tablet;phone,es;en,loading;empty;validation;denied;expired-session;cancel;slow;interrupted;retry;recovery;return;deep-link;partial-progress,inventory;parent guard and nested path require manual review
route-declaration,"""/social/events/*""",tdf-hq-ui/src/routes/publicRoutes.tsx:117,"<Route path=""/social/events/*"" element={<LegacySocialEventsRedirect />} />",desktop;tablet;phone,es;en,loading;empty;validation;denied;expired-session;cancel;slow;interrupted;retry;recovery;return;deep-link;partial-progress,inventory;parent guard and nested path require manual review
route-declaration,"""/inventario/scan/:token""",tdf-hq-ui/src/routes/publicRoutes.tsx:118,"<Route path=""/inventario/scan/:token"" element={<PublicBranding><InventoryScanPage /></PublicBranding>} />",desktop;tablet;phone,es;en,loading;empty;validation;denied;expired-session;cancel;slow;interrupted;retry;recovery;return;deep-link;partial-progress,inventory;parent guard and nested path require manual review
route-declaration,"""/donar""",tdf-hq-ui/src/routes/publicRoutes.tsx:119,"<Route path=""/donar"" element={<PublicBranding><DonationPage /></PublicBranding>} />",desktop;tablet;phone,es;en,loading;empty;validation;denied;expired-session;cancel;slow;interrupted;retry;recovery;return;deep-link;partial-progress,inventory;parent guard and nested path require manual review
route-declaration,"""/reservar""",tdf-hq-ui/src/routes/publicRoutes.tsx:120,"<Route path=""/reservar"" element={<PublicBranding><PublicBookingPage /></PublicBranding>} />",desktop;tablet;phone,es;en,loading;empty;validation;denied;expired-session;cancel;slow;interrupted;retry;recovery;return;deep-link;partial-progress,inventory;parent guard and nested path require manual review
route-declaration,"""/reservas/orden/:bookingId""",tdf-hq-ui/src/routes/publicRoutes.tsx:121,"<Route path=""/reservas/orden/:bookingId"" element={<PublicBranding><PublicBookingOrderTrackingPage /></PublicBranding>} />",desktop;tablet;phone,es;en,loading;empty;validation;denied;expired-session;cancel;slow;interrupted;retry;recovery;return;deep-link;partial-progress,inventory;parent guard and nested path require manual review
route-declaration,"""/dj-booth""",tdf-hq-ui/src/routes/publicRoutes.tsx:122,"<Route path=""/dj-booth"" element={<PublicBranding><PublicBookingPage preset=""dj-booth"" /></PublicBranding>} />",desktop;tablet;phone,es;en,loading;empty;validation;denied;expired-session;cancel;slow;interrupted;retry;recovery;return;deep-link;partial-progress,inventory;parent guard and nested path require manual review
route-declaration,"""/reservar/dj-booth""",tdf-hq-ui/src/routes/publicRoutes.tsx:123,"<Route path=""/reservar/dj-booth"" element={<Navigate to=""/dj-booth"" replace />} />",desktop;tablet;phone,es;en,loading;empty;validation;denied;expired-session;cancel;slow;interrupted;retry;recovery;return;deep-link;partial-progress,inventory;parent guard and nested path require manual review
route-declaration,"""/domo-del-pululahua""",tdf-hq-ui/src/routes/publicRoutes.tsx:124,"<Route path=""/domo-del-pululahua"" element={<PublicBranding><DomoVenuePage /></PublicBranding>} />",desktop;tablet;phone,es;en,loading;empty;validation;denied;expired-session;cancel;slow;interrupted;retry;recovery;return;deep-link;partial-progress,inventory;parent guard and nested path require manual review
route-declaration,"""/domo-del-pululahua/cotizaciones/:quoteId""",tdf-hq-ui/src/routes/publicRoutes.tsx:125,"<Route path=""/domo-del-pululahua/cotizaciones/:quoteId"" element={<PublicBranding><DomoQuoteCheckoutPage /></PublicBranding>} />",desktop;tablet;phone,es;en,loading;empty;validation;denied;expired-session;cancel;slow;interrupted;retry;recovery;return;deep-link;partial-progress,inventory;parent guard and nested path require manual review
route-declaration,"""/venues/domo-del-pululahua""",tdf-hq-ui/src/routes/publicRoutes.tsx:126,"<Route path=""/venues/domo-del-pululahua"" element={<Navigate to=""/domo-del-pululahua"" replace />} />",desktop;tablet;phone,es;en,loading;empty;validation;denied;expired-session;cancel;slow;interrupted;retry;recovery;return;deep-link;partial-progress,inventory;parent guard and nested path require manual review
route-declaration,"""/login""",tdf-hq-ui/src/routes/publicRoutes.tsx:127,"<Route path=""/login"" element={<PublicBranding showHeader showLoginButton={false}><LoginPage /></PublicBranding>} />",desktop;tablet;phone,es;en,loading;empty;validation;denied;expired-session;cancel;slow;interrupted;retry;recovery;return;deep-link;partial-progress,"20 combined locale/recovery/policy production-bundle cases across5 browser profiles; mocks, keyboard/axe; real OAuth/SMTP/session expiry pending; locale-recovery.md"
route-declaration,"""/reset""",tdf-hq-ui/src/routes/publicRoutes.tsx:128,"<Route path=""/reset"" element={<PublicBranding showHeader showLoginButton={false}><ResetPasswordPage /></PublicBranding>} />",desktop;tablet;phone,es;en,loading;empty;validation;denied;expired-session;cancel;slow;interrupted;retry;recovery;return;deep-link;partial-progress,"20 combined locale/recovery/policy production-bundle cases across5 browser profiles; mocks, keyboard/axe; real OAuth/SMTP/session expiry pending; locale-recovery.md"
route-declaration,"""/herramientas/creador-musical""",tdf-hq-ui/src/routes/publicRoutes.tsx:129,"<Route path=""/herramientas/creador-musical"" element={<PublicBranding><MusicMakerPage /></PublicBranding>} />",desktop;tablet;phone,es;en,loading;empty;validation;denied;expired-session;cancel;slow;interrupted;retry;recovery;return;deep-link;partial-progress,inventory;parent guard and nested path require manual review
route-declaration,"""*""",tdf-hq-ui/src/routes/publicRoutes.tsx:130,"<Route path=""*"" element={<PublicBranding><NotFoundPage /></PublicBranding>} />",desktop;tablet;phone,es;en,loading;empty;validation;denied;expired-session;cancel;slow;interrupted;retry;recovery;return;deep-link;partial-progress,inventory;parent guard and nested path require manual review
route-declaration,(pathless/index wrapper),tdf-hq-ui/src/routes/protectedRoutes.tsx:109,<Route element={<Shell />}>,desktop;tablet;phone,es;en,loading;empty;validation;denied;expired-session;cancel;slow;interrupted;retry;recovery;return;deep-link;partial-progress,inventory;parent guard and nested path require manual review
route-declaration,"""/parties""",tdf-hq-ui/src/routes/protectedRoutes.tsx:110,"<Route path=""/parties"" element={<Navigate to=""/crm/contactos"" replace />} />",desktop;tablet;phone,es;en,loading;empty;validation;denied;expired-session;cancel;slow;interrupted;retry;recovery;return;deep-link;partial-progress,"inventory;parent guard and nested path require manual review; Operational initial arrival: actual isolated Admin+Customer and Customer sessions, Chromium production bundle320/1280, operational-*-after.json. Denials/redirects recorded per route. Integrated28 affected cases: operational-focused-final.json. Missing local calendar OAuth returns500. Other roles/states/engines/native untested."
route-declaration,"""/bookings""",tdf-hq-ui/src/routes/protectedRoutes.tsx:111,"<Route path=""/bookings"" element={<Navigate to=""/estudio/calendario"" replace />} />",desktop;tablet;phone,es;en,loading;empty;validation;denied;expired-session;cancel;slow;interrupted;retry;recovery;return;deep-link;partial-progress,"inventory;parent guard and nested path require manual review; Operational initial arrival: actual isolated Admin+Customer and Customer sessions, Chromium production bundle320/1280, operational-*-after.json. Denials/redirects recorded per route. Integrated28 affected cases: operational-focused-final.json. Missing local calendar OAuth returns500. Other roles/states/engines/native untested."
route-declaration,"""/pipelines""",tdf-hq-ui/src/routes/protectedRoutes.tsx:112,"<Route path=""/pipelines"" element={<Navigate to=""/estudio/pipelines"" replace />} />",desktop;tablet;phone,es;en,loading;empty;validation;denied;expired-session;cancel;slow;interrupted;retry;recovery;return;deep-link;partial-progress,"inventory;parent guard and nested path require manual review; Operational initial arrival: actual isolated Admin+Customer and Customer sessions, Chromium production bundle320/1280, operational-*-after.json. Denials/redirects recorded per route. Integrated28 affected cases: operational-focused-final.json. Missing local calendar OAuth returns500. Other roles/states/engines/native untested."
route-declaration,"""/kanban""",tdf-hq-ui/src/routes/protectedRoutes.tsx:113,"<Route path=""/kanban"" element={<Navigate to=""/estudio/pipelines"" replace />} />",desktop;tablet;phone,es;en,loading;empty;validation;denied;expired-session;cancel;slow;interrupted;retry;recovery;return;deep-link;partial-progress,"inventory;parent guard and nested path require manual review; Operational initial arrival: actual isolated Admin+Customer and Customer sessions, Chromium production bundle320/1280, operational-*-after.json. Denials/redirects recorded per route. Integrated28 affected cases: operational-focused-final.json. Missing local calendar OAuth returns500. Other roles/states/engines/native untested."
route-declaration,"""/contactos""",tdf-hq-ui/src/routes/protectedRoutes.tsx:114,"<Route path=""/contactos"" element={<Navigate to=""/crm/contactos"" replace />} />",desktop;tablet;phone,es;en,loading;empty;validation;denied;expired-session;cancel;slow;interrupted;retry;recovery;return;deep-link;partial-progress,"inventory;parent guard and nested path require manual review; Operational initial arrival: actual isolated Admin+Customer and Customer sessions, Chromium production bundle320/1280, operational-*-after.json. Denials/redirects recorded per route. Integrated28 affected cases: operational-focused-final.json. Missing local calendar OAuth returns500. Other roles/states/engines/native untested."
route-declaration,"""/system""",tdf-hq-ui/src/routes/protectedRoutes.tsx:115,"<Route path=""/system"" element={<Navigate to=""/configuracion/preferencias"" replace />} />",desktop;tablet;phone,es;en,loading;empty;validation;denied;expired-session;cancel;slow;interrupted;retry;recovery;return;deep-link;partial-progress,"inventory;parent guard and nested path require manual review; Operational initial arrival: actual isolated Admin+Customer and Customer sessions, Chromium production bundle320/1280, operational-*-after.json. Denials/redirects recorded per route. Integrated28 affected cases: operational-focused-final.json. Missing local calendar OAuth returns500. Other roles/states/engines/native untested."
route-declaration,"""/admin/roles""",tdf-hq-ui/src/routes/protectedRoutes.tsx:116,"<Route path=""/admin/roles"" element={<Navigate to=""/configuracion/roles-permisos"" replace />} />",desktop;tablet;phone,es;en,loading;empty;validation;denied;expired-session;cancel;slow;interrupted;retry;recovery;return;deep-link;partial-progress,"inventory;parent guard and nested path require manual review; Operational initial arrival: actual isolated Admin+Customer and Customer sessions, Chromium production bundle320/1280, operational-*-after.json. Denials/redirects recorded per route. Integrated28 affected cases: operational-focused-final.json. Missing local calendar OAuth returns500. Other roles/states/engines/native untested."
route-declaration,"""/operacion/control""",tdf-hq-ui/src/routes/protectedRoutes.tsx:117,"<Route path=""/operacion/control"" element={<Navigate to=""/dashboard/operations"" replace />} />",desktop;tablet;phone,es;en,loading;empty;validation;denied;expired-session;cancel;slow;interrupted;retry;recovery;return;deep-link;partial-progress,"inventory;parent guard and nested path require manual review; Operational initial arrival: actual isolated Admin+Customer and Customer sessions, Chromium production bundle320/1280, operational-*-after.json. Denials/redirects recorded per route. Integrated28 affected cases: operational-focused-final.json. Missing local calendar OAuth returns500. Other roles/states/engines/native untested."
route-declaration,"""/dashboard/operations""",tdf-hq-ui/src/routes/protectedRoutes.tsx:119,"<Route path=""/dashboard/operations"" element={<OperationsControlCenterPage />} />",desktop;tablet;phone,es;en,loading;empty;validation;denied;expired-session;cancel;slow;interrupted;retry;recovery;return;deep-link;partial-progress,"inventory;parent guard and nested path require manual review; Operational initial arrival: actual isolated Admin+Customer and Customer sessions, Chromium production bundle320/1280, operational-*-after.json. Denials/redirects recorded per route. Integrated28 affected cases: operational-focused-final.json. Missing local calendar OAuth returns500. Other roles/states/engines/native untested."
route-declaration,"""/mis-clasificados""",tdf-hq-ui/src/routes/protectedRoutes.tsx:120,"<Route path=""/mis-clasificados"" element={<DirectoryManagePage />} />",desktop;tablet;phone,es;en,loading;empty;validation;denied;expired-session;cancel;slow;interrupted;retry;recovery;return;deep-link;partial-progress,"inventory;parent guard and nested path require manual review; Operational initial arrival: actual isolated Admin+Customer and Customer sessions, Chromium production bundle320/1280, operational-*-after.json. Denials/redirects recorded per route. Integrated28 affected cases: operational-focused-final.json. Missing local calendar OAuth returns500. Other roles/states/engines/native untested."
route-declaration,"""/admin/directorio""",tdf-hq-ui/src/routes/protectedRoutes.tsx:121,"<Route path=""/admin/directorio"" element={<DirectoryAdminPage />} />",desktop;tablet;phone,es;en,loading;empty;validation;denied;expired-session;cancel;slow;interrupted;retry;recovery;return;deep-link;partial-progress,"inventory;parent guard and nested path require manual review; Operational initial arrival: actual isolated Admin+Customer and Customer sessions, Chromium production bundle320/1280, operational-*-after.json. Denials/redirects recorded per route. Integrated28 affected cases: operational-focused-final.json. Missing local calendar OAuth returns500. Other roles/states/engines/native untested."
route-declaration,"""/mi-profesor""",tdf-hq-ui/src/routes/protectedRoutes.tsx:122,"<Route path=""/mi-profesor"" element={<TeacherPortalPage />} />",desktop;tablet;phone,es;en,loading;empty;validation;denied;expired-session;cancel;slow;interrupted;retry;recovery;return;deep-link;partial-progress,"inventory;parent guard and nested path require manual review; Operational initial arrival: actual isolated Admin+Customer and Customer sessions, Chromium production bundle320/1280, operational-*-after.json. Denials/redirects recorded per route. Integrated28 affected cases: operational-focused-final.json. Missing local calendar OAuth returns500. Other roles/states/engines/native untested."
route-declaration,"""/perfil/:partyId""",tdf-hq-ui/src/routes/protectedRoutes.tsx:123,"<Route path=""/perfil/:partyId"" element={<PublicProfilePage />} />",desktop;tablet;phone,es;en,loading;empty;validation;denied;expired-session;cancel;slow;interrupted;retry;recovery;return;deep-link;partial-progress,inventory;parent guard and nested path require manual review
route-declaration,"""/reputation/preferences""",tdf-hq-ui/src/routes/protectedRoutes.tsx:124,"<Route path=""/reputation/preferences"" element={<ReputationPreferencesPage />} />",desktop;tablet;phone,es;en,loading;empty;validation;denied;expired-session;cancel;slow;interrupted;retry;recovery;return;deep-link;partial-progress,"inventory;parent guard and nested path require manual review; Operational initial arrival: actual isolated Admin+Customer and Customer sessions, Chromium production bundle320/1280, operational-*-after.json. Denials/redirects recorded per route. Integrated28 affected cases: operational-focused-final.json. Missing local calendar OAuth returns500. Other roles/states/engines/native untested."
route-declaration,"""/reputation/consents""",tdf-hq-ui/src/routes/protectedRoutes.tsx:125,"<Route path=""/reputation/consents"" element={<ReputationConsentsPage />} />",desktop;tablet;phone,es;en,loading;empty;validation;denied;expired-session;cancel;slow;interrupted;retry;recovery;return;deep-link;partial-progress,"inventory;parent guard and nested path require manual review; Operational initial arrival: actual isolated Admin+Customer and Customer sessions, Chromium production bundle320/1280, operational-*-after.json. Denials/redirects recorded per route. Integrated28 affected cases: operational-focused-final.json. Missing local calendar OAuth returns500. Other roles/states/engines/native untested."
route-declaration,"""/merch/orden/:orderId/evaluar""",tdf-hq-ui/src/routes/protectedRoutes.tsx:126,"<Route path=""/merch/orden/:orderId/evaluar"" element={<MerchOrderReviewPage />} />",desktop;tablet;phone,es;en,loading;empty;validation;denied;expired-session;cancel;slow;interrupted;retry;recovery;return;deep-link;partial-progress,inventory;parent guard and nested path require manual review
route-declaration,"""/merch/reputacion/preferencias""",tdf-hq-ui/src/routes/protectedRoutes.tsx:127,"<Route path=""/merch/reputacion/preferencias"" element={<MerchReputationPreferencesPage />} />",desktop;tablet;phone,es;en,loading;empty;validation;denied;expired-session;cancel;slow;interrupted;retry;recovery;return;deep-link;partial-progress,"inventory;parent guard and nested path require manual review; Operational initial arrival: actual isolated Admin+Customer and Customer sessions, Chromium production bundle320/1280, operational-*-after.json. Denials/redirects recorded per route. Integrated28 affected cases: operational-focused-final.json. Missing local calendar OAuth returns500. Other roles/states/engines/native untested."
route-declaration,"""/merch/vendedor/tiendas/:storeId/reputacion""",tdf-hq-ui/src/routes/protectedRoutes.tsx:128,"<Route path=""/merch/vendedor/tiendas/:storeId/reputacion"" element={<MerchSellerReputationPage />} />",desktop;tablet;phone,es;en,loading;empty;validation;denied;expired-session;cancel;slow;interrupted;retry;recovery;return;deep-link;partial-progress,inventory;parent guard and nested path require manual review
route-declaration,"""/admin/merch/reputacion""",tdf-hq-ui/src/routes/protectedRoutes.tsx:129,"<Route path=""/admin/merch/reputacion"" element={<MerchReputationModerationPage />} />",desktop;tablet;phone,es;en,loading;empty;validation;denied;expired-session;cancel;slow;interrupted;retry;recovery;return;deep-link;partial-progress,"inventory;parent guard and nested path require manual review; Operational initial arrival: actual isolated Admin+Customer and Customer sessions, Chromium production bundle320/1280, operational-*-after.json. Denials/redirects recorded per route. Integrated28 affected cases: operational-focused-final.json. Missing local calendar OAuth returns500. Other roles/states/engines/native untested."
route-declaration,"""/social""",tdf-hq-ui/src/routes/protectedRoutes.tsx:130,"<Route path=""/social"" element={<SocialPageView />} />",desktop;tablet;phone,es;en,loading;empty;validation;denied;expired-session;cancel;slow;interrupted;retry;recovery;return;deep-link;partial-progress,"inventory;parent guard and nested path require manual review; Operational initial arrival: actual isolated Admin+Customer and Customer sessions, Chromium production bundle320/1280, operational-*-after.json. Denials/redirects recorded per route. Integrated28 affected cases: operational-focused-final.json. Missing local calendar OAuth returns500. Other roles/states/engines/native untested."
route-declaration,"""/social/instagram""",tdf-hq-ui/src/routes/protectedRoutes.tsx:131,"<Route path=""/social/instagram"" element={<InstagramConnectPage />} />",desktop;tablet;phone,es;en,loading;empty;validation;denied;expired-session;cancel;slow;interrupted;retry;recovery;return;deep-link;partial-progress,"inventory;parent guard and nested path require manual review; Operational initial arrival: actual isolated Admin+Customer and Customer sessions, Chromium production bundle320/1280, operational-*-after.json. Denials/redirects recorded per route. Integrated28 affected cases: operational-focused-final.json. Missing local calendar OAuth returns500. Other roles/states/engines/native untested."
route-declaration,"""/social/inbox""",tdf-hq-ui/src/routes/protectedRoutes.tsx:132,"<Route path=""/social/inbox"" element={<SocialInboxPage />} />",desktop;tablet;phone,es;en,loading;empty;validation;denied;expired-session;cancel;slow;interrupted;retry;recovery;return;deep-link;partial-progress,"inventory;parent guard and nested path require manual review; Operational initial arrival: actual isolated Admin+Customer and Customer sessions, Chromium production bundle320/1280, operational-*-after.json. Denials/redirects recorded per route. Integrated28 affected cases: operational-focused-final.json. Missing local calendar OAuth returns500. Other roles/states/engines/native untested."
route-declaration,"""/social/eventos""",tdf-hq-ui/src/routes/protectedRoutes.tsx:133,"<Route path=""/social/eventos"" element={<SocialEventsPage />} />",desktop;tablet;phone,es;en,loading;empty;validation;denied;expired-session;cancel;slow;interrupted;retry;recovery;return;deep-link;partial-progress,"inventory;parent guard and nested path require manual review; Operational initial arrival: actual isolated Admin+Customer and Customer sessions, Chromium production bundle320/1280, operational-*-after.json. Denials/redirects recorded per route. Integrated28 affected cases: operational-focused-final.json. Missing local calendar OAuth returns500. Other roles/states/engines/native untested."
route-declaration,"""/social/eventos/nuevo""",tdf-hq-ui/src/routes/protectedRoutes.tsx:134,"<Route path=""/social/eventos/nuevo"" element={<CollaborativeEventCreatorPage />} />",desktop;tablet;phone,es;en,loading;empty;validation;denied;expired-session;cancel;slow;interrupted;retry;recovery;return;deep-link;partial-progress,"inventory;parent guard and nested path require manual review; Operational initial arrival: actual isolated Admin+Customer and Customer sessions, Chromium production bundle320/1280, operational-*-after.json. Denials/redirects recorded per route. Integrated28 affected cases: operational-focused-final.json. Missing local calendar OAuth returns500. Other roles/states/engines/native untested."
route-declaration,"""/social/eventos/:eventId""",tdf-hq-ui/src/routes/protectedRoutes.tsx:135,"<Route path=""/social/eventos/:eventId"" element={<SocialEventDetailPage />} />",desktop;tablet;phone,es;en,loading;empty;validation;denied;expired-session;cancel;slow;interrupted;retry;recovery;return;deep-link;partial-progress,inventory;parent guard and nested path require manual review
route-declaration,"""/social/eventos/:eventId/logistica""",tdf-hq-ui/src/routes/protectedRoutes.tsx:136,"<Route path=""/social/eventos/:eventId/logistica"" element={<EventLogisticsPage />} />",desktop;tablet;phone,es;en,loading;empty;validation;denied;expired-session;cancel;slow;interrupted;retry;recovery;return;deep-link;partial-progress,inventory;parent guard and nested path require manual review
route-declaration,"""/social/eventos-descubiertos""",tdf-hq-ui/src/routes/protectedRoutes.tsx:137,"<Route path=""/social/eventos-descubiertos"" element={<RecentlyDiscoveredEventsPage />} />",desktop;tablet;phone,es;en,loading;empty;validation;denied;expired-session;cancel;slow;interrupted;retry;recovery;return;deep-link;partial-progress,"inventory;parent guard and nested path require manual review; Operational initial arrival: actual isolated Admin+Customer and Customer sessions, Chromium production bundle320/1280, operational-*-after.json. Denials/redirects recorded per route. Integrated28 affected cases: operational-focused-final.json. Missing local calendar OAuth returns500. Other roles/states/engines/native untested."
route-declaration,"""/chat""",tdf-hq-ui/src/routes/protectedRoutes.tsx:138,"<Route path=""/chat"" element={<ChatPage />} />",desktop;tablet;phone,es;en,loading;empty;validation;denied;expired-session;cancel;slow;interrupted;retry;recovery;return;deep-link;partial-progress,"inventory;parent guard and nested path require manual review; Operational initial arrival: actual isolated Admin+Customer and Customer sessions, Chromium production bundle320/1280, operational-*-after.json. Denials/redirects recorded per route. Integrated28 affected cases: operational-focused-final.json. Missing local calendar OAuth returns500. Other roles/states/engines/native untested."
route-declaration,"""/docs""",tdf-hq-ui/src/routes/protectedRoutes.tsx:139,"<Route path=""/docs"" element={<DocsPage />} />",desktop;tablet;phone,es;en,loading;empty;validation;denied;expired-session;cancel;slow;interrupted;retry;recovery;return;deep-link;partial-progress,"inventory;parent guard and nested path require manual review; Operational initial arrival: actual isolated Admin+Customer and Customer sessions, Chromium production bundle320/1280, operational-*-after.json. Denials/redirects recorded per route. Integrated28 affected cases: operational-focused-final.json. Missing local calendar OAuth returns500. Other roles/states/engines/native untested."
route-declaration,"""/manual""",tdf-hq-ui/src/routes/protectedRoutes.tsx:140,"<Route path=""/manual"" element={<ManualPage />} />",desktop;tablet;phone,es;en,loading;empty;validation;denied;expired-session;cancel;slow;interrupted;retry;recovery;return;deep-link;partial-progress,"inventory;parent guard and nested path require manual review; Operational initial arrival: actual isolated Admin+Customer and Customer sessions, Chromium production bundle320/1280, operational-*-after.json. Denials/redirects recorded per route. Integrated28 affected cases: operational-focused-final.json. Missing local calendar OAuth returns500. Other roles/states/engines/native untested."
route-declaration,"""/acerca""",tdf-hq-ui/src/routes/protectedRoutes.tsx:141,"<Route path=""/acerca"" element={<AboutPage />} />",desktop;tablet;phone,es;en,loading;empty;validation;denied;expired-session;cancel;slow;interrupted;retry;recovery;return;deep-link;partial-progress,"inventory;parent guard and nested path require manual review; Operational initial arrival: actual isolated Admin+Customer and Customer sessions, Chromium production bundle320/1280, operational-*-after.json. Denials/redirects recorded per route. Integrated28 affected cases: operational-focused-final.json. Missing local calendar OAuth returns500. Other roles/states/engines/native untested."
route-declaration,"""/seguridad""",tdf-hq-ui/src/routes/protectedRoutes.tsx:142,"<Route path=""/seguridad"" element={<SecurityPage />} />",desktop;tablet;phone,es;en,loading;empty;validation;denied;expired-session;cancel;slow;interrupted;retry;recovery;return;deep-link;partial-progress,"inventory;parent guard and nested path require manual review; Operational initial arrival: actual isolated Admin+Customer and Customer sessions, Chromium production bundle320/1280, operational-*-after.json. Denials/redirects recorded per route. Integrated28 affected cases: operational-focused-final.json. Missing local calendar OAuth returns500. Other roles/states/engines/native untested."
route-declaration,"""/solicitudes-acceso""",tdf-hq-ui/src/routes/protectedRoutes.tsx:143,"<Route path=""/solicitudes-acceso"" element={<AccessRequestsPage />} />",desktop;tablet;phone,es;en,loading;empty;validation;denied;expired-session;cancel;slow;interrupted;retry;recovery;return;deep-link;partial-progress,"inventory;parent guard and nested path require manual review; Operational initial arrival: actual isolated Admin+Customer and Customer sessions, Chromium production bundle320/1280, operational-*-after.json. Denials/redirects recorded per route. Integrated28 affected cases: operational-focused-final.json. Missing local calendar OAuth returns500. Other roles/states/engines/native untested."
route-declaration,"""/solicitudes-acceso/nueva""",tdf-hq-ui/src/routes/protectedRoutes.tsx:144,"<Route path=""/solicitudes-acceso/nueva"" element={<NewAccessRequestPage />} />",desktop;tablet;phone,es;en,loading;empty;validation;denied;expired-session;cancel;slow;interrupted;retry;recovery;return;deep-link;partial-progress,"inventory;parent guard and nested path require manual review; Operational initial arrival: actual isolated Admin+Customer and Customer sessions, Chromium production bundle320/1280, operational-*-after.json. Denials/redirects recorded per route. Integrated28 affected cases: operational-focused-final.json. Missing local calendar OAuth returns500. Other roles/states/engines/native untested."
route-declaration,"""/solicitudes-acceso/revision""",tdf-hq-ui/src/routes/protectedRoutes.tsx:145,"<Route path=""/solicitudes-acceso/revision"" element={<AccessRequestReviewPage />} />",desktop;tablet;phone,es;en,loading;empty;validation;denied;expired-session;cancel;slow;interrupted;retry;recovery;return;deep-link;partial-progress,"inventory;parent guard and nested path require manual review; Operational initial arrival: actual isolated Admin+Customer and Customer sessions, Chromium production bundle320/1280, operational-*-after.json. Denials/redirects recorded per route. Integrated28 affected cases: operational-focused-final.json. Missing local calendar OAuth returns500. Other roles/states/engines/native untested."
route-declaration,"""/fans/clubs/:artistId""",tdf-hq-ui/src/routes/protectedRoutes.tsx:146,"<Route path=""/fans/clubs/:artistId"" element={<FanClubPage />} />",desktop;tablet;phone,es;en,loading;empty;validation;denied;expired-session;cancel;slow;interrupted;retry;recovery;return;deep-link;partial-progress,inventory;parent guard and nested path require manual review
route-declaration,"""/fans/clubs/:artistId/members""",tdf-hq-ui/src/routes/protectedRoutes.tsx:147,"<Route path=""/fans/clubs/:artistId/members"" element={<FanClubMemberProfilePage />} />",desktop;tablet;phone,es;en,loading;empty;validation;denied;expired-session;cancel;slow;interrupted;retry;recovery;return;deep-link;partial-progress,inventory;parent guard and nested path require manual review
route-declaration,"""/fans/clubs/:artistId/members/:partyId""",tdf-hq-ui/src/routes/protectedRoutes.tsx:148,"<Route path=""/fans/clubs/:artistId/members/:partyId"" element={<FanClubMemberProfilePage />} />",desktop;tablet;phone,es;en,loading;empty;validation;denied;expired-session;cancel;slow;interrupted;retry;recovery;return;deep-link;partial-progress,inventory;parent guard and nested path require manual review
route-declaration,"""/practicas""",tdf-hq-ui/src/routes/protectedRoutes.tsx:149,"<Route path=""/practicas"" element={<InternshipsPage />} />",desktop;tablet;phone,es;en,loading;empty;validation;denied;expired-session;cancel;slow;interrupted;retry;recovery;return;deep-link;partial-progress,"inventory;parent guard and nested path require manual review; Operational initial arrival: actual isolated Admin+Customer and Customer sessions, Chromium production bundle320/1280, operational-*-after.json. Denials/redirects recorded per route. Integrated28 affected cases: operational-focused-final.json. Missing local calendar OAuth returns500. Other roles/states/engines/native untested."
route-declaration,"""/practicas/tareas/:taskId""",tdf-hq-ui/src/routes/protectedRoutes.tsx:150,"<Route path=""/practicas/tareas/:taskId"" element={<InternTaskDetailPage />} />",desktop;tablet;phone,es;en,loading;empty;validation;denied;expired-session;cancel;slow;interrupted;retry;recovery;return;deep-link;partial-progress,inventory;parent guard and nested path require manual review
route-declaration,"""/practicas/auditorias/:planId""",tdf-hq-ui/src/routes/protectedRoutes.tsx:151,"<Route path=""/practicas/auditorias/:planId"" element={<InternAuditPlanPage />} />",desktop;tablet;phone,es;en,loading;empty;validation;denied;expired-session;cancel;slow;interrupted;retry;recovery;return;deep-link;partial-progress,inventory;parent guard and nested path require manual review
route-declaration,"""/feedback/interno""",tdf-hq-ui/src/routes/protectedRoutes.tsx:152,"<Route path=""/feedback/interno"" element={<InternalFeedbackPage />} />",desktop;tablet;phone,es;en,loading;empty;validation;denied;expired-session;cancel;slow;interrupted;retry;recovery;return;deep-link;partial-progress,"inventory;parent guard and nested path require manual review; Operational initial arrival: actual isolated Admin+Customer and Customer sessions, Chromium production bundle320/1280, operational-*-after.json. Denials/redirects recorded per route. Integrated28 affected cases: operational-focused-final.json. Missing local calendar OAuth returns500. Other roles/states/engines/native untested."
route-declaration,"""/feedback/interno/:reportId""",tdf-hq-ui/src/routes/protectedRoutes.tsx:153,"<Route path=""/feedback/interno/:reportId"" element={<InternalFeedbackPage />} />",desktop;tablet;phone,es;en,loading;empty;validation;denied;expired-session;cancel;slow;interrupted;retry;recovery;return;deep-link;partial-progress,inventory;parent guard and nested path require manual review
route-declaration,"""/admin/diagnosticos""",tdf-hq-ui/src/routes/protectedRoutes.tsx:154,"<Route path=""/admin/diagnosticos"" element={<AdminDiagnosticsPage />} />",desktop;tablet;phone,es;en,loading;empty;validation;denied;expired-session;cancel;slow;interrupted;retry;recovery;return;deep-link;partial-progress,"inventory;parent guard and nested path require manual review; Operational initial arrival: actual isolated Admin+Customer and Customer sessions, Chromium production bundle320/1280, operational-*-after.json. Denials/redirects recorded per route. Integrated28 affected cases: operational-focused-final.json. Missing local calendar OAuth returns500. Other roles/states/engines/native untested."
route-declaration,"""/admin/commerce/provider-events""",tdf-hq-ui/src/routes/protectedRoutes.tsx:155,"<Route path=""/admin/commerce/provider-events"" element={<CommerceProviderEventsPage />} />",desktop;tablet;phone,es;en,loading;empty;validation;denied;expired-session;cancel;slow;interrupted;retry;recovery;return;deep-link;partial-progress,"inventory;parent guard and nested path require manual review; Operational initial arrival: actual isolated Admin+Customer and Customer sessions, Chromium production bundle320/1280, operational-*-after.json. Denials/redirects recorded per route. Integrated28 affected cases: operational-focused-final.json. Missing local calendar OAuth returns500. Other roles/states/engines/native untested."
route-declaration,"""/admin/merch""",tdf-hq-ui/src/routes/protectedRoutes.tsx:156,"<Route path=""/admin/merch"" element={<MerchAdminPage />} />",desktop;tablet;phone,es;en,loading;empty;validation;denied;expired-session;cancel;slow;interrupted;retry;recovery;return;deep-link;partial-progress,"inventory;parent guard and nested path require manual review; Operational initial arrival: actual isolated Admin+Customer and Customer sessions, Chromium production bundle320/1280, operational-*-after.json. Denials/redirects recorded per route. Integrated28 affected cases: operational-focused-final.json. Missing local calendar OAuth returns500. Other roles/states/engines/native untested."
route-declaration,"""/admin/artistas-enriquecimiento""",tdf-hq-ui/src/routes/protectedRoutes.tsx:157,"<Route path=""/admin/artistas-enriquecimiento"" element={<ArtistEnrichmentReviewPage />} />",desktop;tablet;phone,es;en,loading;empty;validation;denied;expired-session;cancel;slow;interrupted;retry;recovery;return;deep-link;partial-progress,"inventory;parent guard and nested path require manual review; Operational initial arrival: actual isolated Admin+Customer and Customer sessions, Chromium production bundle320/1280, operational-*-after.json. Denials/redirects recorded per route. Integrated28 affected cases: operational-focused-final.json. Missing local calendar OAuth returns500. Other roles/states/engines/native untested."
route-declaration,"""/admin/artists/enrichment""",tdf-hq-ui/src/routes/protectedRoutes.tsx:158,"<Route path=""/admin/artists/enrichment"" element={<ArtistEnrichmentReviewPage />} />",desktop;tablet;phone,es;en,loading;empty;validation;denied;expired-session;cancel;slow;interrupted;retry;recovery;return;deep-link;partial-progress,"inventory;parent guard and nested path require manual review; Operational initial arrival: actual isolated Admin+Customer and Customer sessions, Chromium production bundle320/1280, operational-*-after.json. Denials/redirects recorded per route. Integrated28 affected cases: operational-focused-final.json. Missing local calendar OAuth returns500. Other roles/states/engines/native untested."
route-declaration,"""/herramientas/chatkit""",tdf-hq-ui/src/routes/protectedRoutes.tsx:159,"<Route path=""/herramientas/chatkit"" element={<ChatKitPage />} />",desktop;tablet;phone,es;en,loading;empty;validation;denied;expired-session;cancel;slow;interrupted;retry;recovery;return;deep-link;partial-progress,"inventory;parent guard and nested path require manual review; Operational initial arrival: actual isolated Admin+Customer and Customer sessions, Chromium production bundle320/1280, operational-*-after.json. Denials/redirects recorded per route. Integrated28 affected cases: operational-focused-final.json. Missing local calendar OAuth returns500. Other roles/states/engines/native untested."
route-declaration,"""/herramientas/tidal-agent""",tdf-hq-ui/src/routes/protectedRoutes.tsx:160,"<Route path=""/herramientas/tidal-agent"" element={<TidalAgentPage />} />",desktop;tablet;phone,es;en,loading;empty;validation;denied;expired-session;cancel;slow;interrupted;retry;recovery;return;deep-link;partial-progress,"inventory;parent guard and nested path require manual review; Operational initial arrival: actual isolated Admin+Customer and Customer sessions, Chromium production bundle320/1280, operational-*-after.json. Denials/redirects recorded per route. Integrated28 affected cases: operational-focused-final.json. Missing local calendar OAuth returns500. Other roles/states/engines/native untested."
route-declaration,"""/herramientas/token-admin""",tdf-hq-ui/src/routes/protectedRoutes.tsx:161,"<Route path=""/herramientas/token-admin"" element={<AdminTokenPage />} />",desktop;tablet;phone,es;en,loading;empty;validation;denied;expired-session;cancel;slow;interrupted;retry;recovery;return;deep-link;partial-progress,"inventory;parent guard and nested path require manual review; Operational initial arrival: actual isolated Admin+Customer and Customer sessions, Chromium production bundle320/1280, operational-*-after.json. Denials/redirects recorded per route. Integrated28 affected cases: operational-focused-final.json. Missing local calendar OAuth returns500. Other roles/states/engines/native untested."
route-declaration,"""/crm""",tdf-hq-ui/src/routes/protectedRoutes.tsx:162,"<Route path=""/crm"" element={<Outlet />}>",desktop;tablet;phone,es;en,loading;empty;validation;denied;expired-session;cancel;slow;interrupted;retry;recovery;return;deep-link;partial-progress,"inventory;parent guard and nested path require manual review; Operational initial arrival: actual isolated Admin+Customer and Customer sessions, Chromium production bundle320/1280, operational-*-after.json. Denials/redirects recorded per route. Integrated28 affected cases: operational-focused-final.json. Missing local calendar OAuth returns500. Other roles/states/engines/native untested."
route-declaration,"""contactos""",tdf-hq-ui/src/routes/protectedRoutes.tsx:163,"<Route path=""contactos"" element={<PartiesPage />} />",desktop;tablet;phone,es;en,loading;empty;validation;denied;expired-session;cancel;slow;interrupted;retry;recovery;return;deep-link;partial-progress,inventory;parent guard and nested path require manual review
route-declaration,"""empresas""",tdf-hq-ui/src/routes/protectedRoutes.tsx:164,"<Route path=""empresas"" element={<CompaniesPage />} />",desktop;tablet;phone,es;en,loading;empty;validation;denied;expired-session;cancel;slow;interrupted;retry;recovery;return;deep-link;partial-progress,inventory;parent guard and nested path require manual review
route-declaration,"""leads""",tdf-hq-ui/src/routes/protectedRoutes.tsx:165,"<Route path=""leads"" element={<LeadsPage />} />",desktop;tablet;phone,es;en,loading;empty;validation;denied;expired-session;cancel;slow;interrupted;retry;recovery;return;deep-link;partial-progress,inventory;parent guard and nested path require manual review
route-declaration,(pathless/index wrapper),tdf-hq-ui/src/routes/protectedRoutes.tsx:166,"<Route index element={<Navigate to=""contactos"" replace />} />",desktop;tablet;phone,es;en,loading;empty;validation;denied;expired-session;cancel;slow;interrupted;retry;recovery;return;deep-link;partial-progress,inventory;parent guard and nested path require manual review
route-declaration,"""/estudio""",tdf-hq-ui/src/routes/protectedRoutes.tsx:169,"<Route path=""/estudio"" element={<Outlet />}>",desktop;tablet;phone,es;en,loading;empty;validation;denied;expired-session;cancel;slow;interrupted;retry;recovery;return;deep-link;partial-progress,"inventory;parent guard and nested path require manual review; Operational initial arrival: actual isolated Admin+Customer and Customer sessions, Chromium production bundle320/1280, operational-*-after.json. Denials/redirects recorded per route. Integrated28 affected cases: operational-focused-final.json. Missing local calendar OAuth returns500. Other roles/states/engines/native untested."
route-declaration,"""calendario""",tdf-hq-ui/src/routes/protectedRoutes.tsx:170,"<Route path=""calendario"" element={<BookingsPage />} />",desktop;tablet;phone,es;en,loading;empty;validation;denied;expired-session;cancel;slow;interrupted;retry;recovery;return;deep-link;partial-progress,inventory;parent guard and nested path require manual review
route-declaration,"""salas""",tdf-hq-ui/src/routes/protectedRoutes.tsx:171,"<Route path=""salas"" element={<RoomsPage />} />",desktop;tablet;phone,es;en,loading;empty;validation;denied;expired-session;cancel;slow;interrupted;retry;recovery;return;deep-link;partial-progress,inventory;parent guard and nested path require manual review
route-declaration,"""ordenes""",tdf-hq-ui/src/routes/protectedRoutes.tsx:172,"<Route path=""ordenes"" element={<OrdersPage />} />",desktop;tablet;phone,es;en,loading;empty;validation;denied;expired-session;cancel;slow;interrupted;retry;recovery;return;deep-link;partial-progress,inventory;parent guard and nested path require manual review
route-declaration,"""servicios""",tdf-hq-ui/src/routes/protectedRoutes.tsx:173,"<Route path=""servicios"" element={<ServiceTypesPage />} />",desktop;tablet;phone,es;en,loading;empty;validation;denied;expired-session;cancel;slow;interrupted;retry;recovery;return;deep-link;partial-progress,inventory;parent guard and nested path require manual review
route-declaration,"""pipelines""",tdf-hq-ui/src/routes/protectedRoutes.tsx:174,"<Route path=""pipelines"" element={<KanbanPage />} />",desktop;tablet;phone,es;en,loading;empty;validation;denied;expired-session;cancel;slow;interrupted;retry;recovery;return;deep-link;partial-progress,inventory;parent guard and nested path require manual review
route-declaration,"""live-sessions""",tdf-hq-ui/src/routes/protectedRoutes.tsx:175,"<Route path=""live-sessions"" element={<LiveSessionIntakePage />} />",desktop;tablet;phone,es;en,loading;empty;validation;denied;expired-session;cancel;slow;interrupted;retry;recovery;return;deep-link;partial-progress,inventory;parent guard and nested path require manual review
route-declaration,"""campanas/tdf-sessions-domo""",tdf-hq-ui/src/routes/protectedRoutes.tsx:176,"<Route path=""campanas/tdf-sessions-domo"" element={<TdfDomoCampaignPage />} />",desktop;tablet;phone,es;en,loading;empty;validation;denied;expired-session;cancel;slow;interrupted;retry;recovery;return;deep-link;partial-progress,inventory;parent guard and nested path require manual review
route-declaration,"""reportes""",tdf-hq-ui/src/routes/protectedRoutes.tsx:177,"<Route path=""reportes"" element={<ReportsPage />} />",desktop;tablet;phone,es;en,loading;empty;validation;denied;expired-session;cancel;slow;interrupted;retry;recovery;return;deep-link;partial-progress,inventory;parent guard and nested path require manual review
route-declaration,(pathless/index wrapper),tdf-hq-ui/src/routes/protectedRoutes.tsx:178,"<Route index element={<Navigate to=""calendario"" replace />} />",desktop;tablet;phone,es;en,loading;empty;validation;denied;expired-session;cancel;slow;interrupted;retry;recovery;return;deep-link;partial-progress,inventory;parent guard and nested path require manual review
route-declaration,"""/label""",tdf-hq-ui/src/routes/protectedRoutes.tsx:181,"<Route path=""/label"" element={<Outlet />}>",desktop;tablet;phone,es;en,loading;empty;validation;denied;expired-session;cancel;slow;interrupted;retry;recovery;return;deep-link;partial-progress,"inventory;parent guard and nested path require manual review; Operational initial arrival: actual isolated Admin+Customer and Customer sessions, Chromium production bundle320/1280, operational-*-after.json. Denials/redirects recorded per route. Integrated28 affected cases: operational-focused-final.json. Missing local calendar OAuth returns500. Other roles/states/engines/native untested."
route-declaration,"""artistas""",tdf-hq-ui/src/routes/protectedRoutes.tsx:182,"<Route path=""artistas"" element={<LabelArtistsPage />} />",desktop;tablet;phone,es;en,loading;empty;validation;denied;expired-session;cancel;slow;interrupted;retry;recovery;return;deep-link;partial-progress,inventory;parent guard and nested path require manual review
route-declaration,"""proyectos""",tdf-hq-ui/src/routes/protectedRoutes.tsx:183,"<Route path=""proyectos"" element={<LabelProjectsPage />} />",desktop;tablet;phone,es;en,loading;empty;validation;denied;expired-session;cancel;slow;interrupted;retry;recovery;return;deep-link;partial-progress,inventory;parent guard and nested path require manual review
route-declaration,"""releases""",tdf-hq-ui/src/routes/protectedRoutes.tsx:184,"<Route path=""releases"" element={<LabelReleasesPage />} />",desktop;tablet;phone,es;en,loading;empty;validation;denied;expired-session;cancel;slow;interrupted;retry;recovery;return;deep-link;partial-progress,inventory;parent guard and nested path require manual review
route-declaration,"""assets""",tdf-hq-ui/src/routes/protectedRoutes.tsx:185,"<Route path=""assets"" element={<LabelAssetsPage />} />",desktop;tablet;phone,es;en,loading;empty;validation;denied;expired-session;cancel;slow;interrupted;retry;recovery;return;deep-link;partial-progress,inventory;parent guard and nested path require manual review
route-declaration,"""tracks""",tdf-hq-ui/src/routes/protectedRoutes.tsx:186,"<Route path=""tracks"" element={<LabelTracksPage />} />",desktop;tablet;phone,es;en,loading;empty;validation;denied;expired-session;cancel;slow;interrupted;retry;recovery;return;deep-link;partial-progress,inventory;parent guard and nested path require manual review
route-declaration,"""ddex""",tdf-hq-ui/src/routes/protectedRoutes.tsx:187,"<Route path=""ddex"" element={<DdexInboxPage />} />",desktop;tablet;phone,es;en,loading;empty;validation;denied;expired-session;cancel;slow;interrupted;retry;recovery;return;deep-link;partial-progress,inventory;parent guard and nested path require manual review
route-declaration,"""ddex/documents/:id""",tdf-hq-ui/src/routes/protectedRoutes.tsx:188,"<Route path=""ddex/documents/:id"" element={<DdexDocumentPage />} />",desktop;tablet;phone,es;en,loading;empty;validation;denied;expired-session;cancel;slow;interrupted;retry;recovery;return;deep-link;partial-progress,inventory;parent guard and nested path require manual review
route-declaration,"""ddex/documents/:id/import""",tdf-hq-ui/src/routes/protectedRoutes.tsx:189,"<Route path=""ddex/documents/:id/import"" element={<DdexDocumentPage />} />",desktop;tablet;phone,es;en,loading;empty;validation;denied;expired-session;cancel;slow;interrupted;retry;recovery;return;deep-link;partial-progress,inventory;parent guard and nested path require manual review
route-declaration,"""ddex/partners""",tdf-hq-ui/src/routes/protectedRoutes.tsx:190,"<Route path=""ddex/partners"" element={<PartnerManagementPage />} />",desktop;tablet;phone,es;en,loading;empty;validation;denied;expired-session;cancel;slow;interrupted;retry;recovery;return;deep-link;partial-progress,inventory;parent guard and nested path require manual review
route-declaration,(pathless/index wrapper),tdf-hq-ui/src/routes/protectedRoutes.tsx:191,"<Route index element={<Navigate to=""artistas"" replace />} />",desktop;tablet;phone,es;en,loading;empty;validation;denied;expired-session;cancel;slow;interrupted;retry;recovery;return;deep-link;partial-progress,inventory;parent guard and nested path require manual review
route-declaration,"""/escuela""",tdf-hq-ui/src/routes/protectedRoutes.tsx:194,"<Route path=""/escuela"" element={<Outlet />}>",desktop;tablet;phone,es;en,loading;empty;validation;denied;expired-session;cancel;slow;interrupted;retry;recovery;return;deep-link;partial-progress,"inventory;parent guard and nested path require manual review; Operational initial arrival: actual isolated Admin+Customer and Customer sessions, Chromium production bundle320/1280, operational-*-after.json. Denials/redirects recorded per route. Integrated28 affected cases: operational-focused-final.json. Missing local calendar OAuth returns500. Other roles/states/engines/native untested."
route-declaration,"""profesores""",tdf-hq-ui/src/routes/protectedRoutes.tsx:195,"<Route path=""profesores"" element={<TeachersPage />} />",desktop;tablet;phone,es;en,loading;empty;validation;denied;expired-session;cancel;slow;interrupted;retry;recovery;return;deep-link;partial-progress,inventory;parent guard and nested path require manual review
route-declaration,"""clases""",tdf-hq-ui/src/routes/protectedRoutes.tsx:196,"<Route path=""clases"" element={<ClassesPage />} />",desktop;tablet;phone,es;en,loading;empty;validation;denied;expired-session;cancel;slow;interrupted;retry;recovery;return;deep-link;partial-progress,inventory;parent guard and nested path require manual review
route-declaration,"""trial-lessons""",tdf-hq-ui/src/routes/protectedRoutes.tsx:197,"<Route path=""trial-lessons"" element={<TrialLessonsPage />} />",desktop;tablet;phone,es;en,loading;empty;validation;denied;expired-session;cancel;slow;interrupted;retry;recovery;return;deep-link;partial-progress,inventory;parent guard and nested path require manual review
route-declaration,"""trial-queue""",tdf-hq-ui/src/routes/protectedRoutes.tsx:198,"<Route path=""trial-queue"" element={<AdsInboxPage />} />",desktop;tablet;phone,es;en,loading;empty;validation;denied;expired-session;cancel;slow;interrupted;retry;recovery;return;deep-link;partial-progress,inventory;parent guard and nested path require manual review
route-declaration,(pathless/index wrapper),tdf-hq-ui/src/routes/protectedRoutes.tsx:199,"<Route index element={<Navigate to=""trial-lessons"" replace />} />",desktop;tablet;phone,es;en,loading;empty;validation;denied;expired-session;cancel;slow;interrupted;retry;recovery;return;deep-link;partial-progress,inventory;parent guard and nested path require manual review
route-declaration,"""/finanzas""",tdf-hq-ui/src/routes/protectedRoutes.tsx:202,"<Route path=""/finanzas"" element={<Outlet />}>",desktop;tablet;phone,es;en,loading;empty;validation;denied;expired-session;cancel;slow;interrupted;retry;recovery;return;deep-link;partial-progress,"inventory;parent guard and nested path require manual review; Operational initial arrival: actual isolated Admin+Customer and Customer sessions, Chromium production bundle320/1280, operational-*-after.json. Denials/redirects recorded per route. Integrated28 affected cases: operational-focused-final.json. Missing local calendar OAuth returns500. Other roles/states/engines/native untested."
route-declaration,"""pagos""",tdf-hq-ui/src/routes/protectedRoutes.tsx:203,"<Route path=""pagos"" element={<PaymentsPage />} />",desktop;tablet;phone,es;en,loading;empty;validation;denied;expired-session;cancel;slow;interrupted;retry;recovery;return;deep-link;partial-progress,inventory;parent guard and nested path require manual review
route-declaration,"""creador-reporte-cuenta""",tdf-hq-ui/src/routes/protectedRoutes.tsx:204,"<Route path=""creador-reporte-cuenta"" element={<WorkAccountReportBuilderPage />} />",desktop;tablet;phone,es;en,loading;empty;validation;denied;expired-session;cancel;slow;interrupted;retry;recovery;return;deep-link;partial-progress,inventory;parent guard and nested path require manual review
route-declaration,"""reporte-esteban-munoz""",tdf-hq-ui/src/routes/protectedRoutes.tsx:205,"<Route path=""reporte-esteban-munoz"" element={<EstebanMunozReportPage />} />",desktop;tablet;phone,es;en,loading;empty;validation;denied;expired-session;cancel;slow;interrupted;retry;recovery;return;deep-link;partial-progress,inventory;parent guard and nested path require manual review
route-declaration,"""reporte-david-celaya""",tdf-hq-ui/src/routes/protectedRoutes.tsx:206,"<Route path=""reporte-david-celaya"" element={<DavidCelayaReportPage />} />",desktop;tablet;phone,es;en,loading;empty;validation;denied;expired-session;cancel;slow;interrupted;retry;recovery;return;deep-link;partial-progress,inventory;parent guard and nested path require manual review
route-declaration,(pathless/index wrapper),tdf-hq-ui/src/routes/protectedRoutes.tsx:207,"<Route index element={<Navigate to=""pagos"" replace />} />",desktop;tablet;phone,es;en,loading;empty;validation;denied;expired-session;cancel;slow;interrupted;retry;recovery;return;deep-link;partial-progress,inventory;parent guard and nested path require manual review
route-declaration,"""/operacion""",tdf-hq-ui/src/routes/protectedRoutes.tsx:210,"<Route path=""/operacion"" element={<Outlet />}>",desktop;tablet;phone,es;en,loading;empty;validation;denied;expired-session;cancel;slow;interrupted;retry;recovery;return;deep-link;partial-progress,"inventory;parent guard and nested path require manual review; Operational initial arrival: actual isolated Admin+Customer and Customer sessions, Chromium production bundle320/1280, operational-*-after.json. Denials/redirects recorded per route. Integrated28 affected cases: operational-focused-final.json. Missing local calendar OAuth returns500. Other roles/states/engines/native untested."
route-declaration,"""inventario""",tdf-hq-ui/src/routes/protectedRoutes.tsx:211,"<Route path=""inventario"" element={<InventoryPage />} />",desktop;tablet;phone,es;en,loading;empty;validation;denied;expired-session;cancel;slow;interrupted;retry;recovery;return;deep-link;partial-progress,inventory;parent guard and nested path require manual review
route-declaration,"""ordenes-marketplace""",tdf-hq-ui/src/routes/protectedRoutes.tsx:212,"<Route path=""ordenes-marketplace"" element={<MarketplaceOrdersPage />} />",desktop;tablet;phone,es;en,loading;empty;validation;denied;expired-session;cancel;slow;interrupted;retry;recovery;return;deep-link;partial-progress,inventory;parent guard and nested path require manual review
route-declaration,"""reservas-equipo""",tdf-hq-ui/src/routes/protectedRoutes.tsx:213,"<Route path=""reservas-equipo"" element={<ReservasEquipoPage />} />",desktop;tablet;phone,es;en,loading;empty;validation;denied;expired-session;cancel;slow;interrupted;retry;recovery;return;deep-link;partial-progress,inventory;parent guard and nested path require manual review
route-declaration,(pathless/index wrapper),tdf-hq-ui/src/routes/protectedRoutes.tsx:214,"<Route index element={<Navigate to=""inventario"" replace />} />",desktop;tablet;phone,es;en,loading;empty;validation;denied;expired-session;cancel;slow;interrupted;retry;recovery;return;deep-link;partial-progress,inventory;parent guard and nested path require manual review
route-declaration,"""/mi-tienda""",tdf-hq-ui/src/routes/protectedRoutes.tsx:217,"<Route path=""/mi-tienda"" element={<MerchSellerPage />} />",desktop;tablet;phone,es;en,loading;empty;validation;denied;expired-session;cancel;slow;interrupted;retry;recovery;return;deep-link;partial-progress,"inventory;parent guard and nested path require manual review; Operational initial arrival: actual isolated Admin+Customer and Customer sessions, Chromium production bundle320/1280, operational-*-after.json. Denials/redirects recorded per route. Integrated28 affected cases: operational-focused-final.json. Missing local calendar OAuth returns500. Other roles/states/engines/native untested."
route-declaration,"""/configuracion""",tdf-hq-ui/src/routes/protectedRoutes.tsx:219,"<Route path=""/configuracion"" element={<Outlet />}>",desktop;tablet;phone,es;en,loading;empty;validation;denied;expired-session;cancel;slow;interrupted;retry;recovery;return;deep-link;partial-progress,"inventory;parent guard and nested path require manual review; Operational initial arrival: actual isolated Admin+Customer and Customer sessions, Chromium production bundle320/1280, operational-*-after.json. Denials/redirects recorded per route. Integrated28 affected cases: operational-focused-final.json. Missing local calendar OAuth returns500. Other roles/states/engines/native untested."
route-declaration,"""catalogos""",tdf-hq-ui/src/routes/protectedRoutes.tsx:220,"<Route path=""catalogos"" element={<CatalogsPage />} />",desktop;tablet;phone,es;en,loading;empty;validation;denied;expired-session;cancel;slow;interrupted;retry;recovery;return;deep-link;partial-progress,inventory;parent guard and nested path require manual review
route-declaration,"""catalogos/radio-auto-stop""",tdf-hq-ui/src/routes/protectedRoutes.tsx:221,"<Route path=""catalogos/radio-auto-stop"" element={<RadioAutoStopCatalogPage />} />",desktop;tablet;phone,es;en,loading;empty;validation;denied;expired-session;cancel;slow;interrupted;retry;recovery;return;deep-link;partial-progress,inventory;parent guard and nested path require manual review
route-declaration,"""catalogos/apariencia""",tdf-hq-ui/src/routes/protectedRoutes.tsx:222,"<Route path=""catalogos/apariencia"" element={<AppearanceModeCatalogPage />} />",desktop;tablet;phone,es;en,loading;empty;validation;denied;expired-session;cancel;slow;interrupted;retry;recovery;return;deep-link;partial-progress,inventory;parent guard and nested path require manual review
route-declaration,"""catalogos/feedback""",tdf-hq-ui/src/routes/protectedRoutes.tsx:223,"<Route path=""catalogos/feedback"" element={<FeedbackCatalogPage />} />",desktop;tablet;phone,es;en,loading;empty;validation;denied;expired-session;cancel;slow;interrupted;retry;recovery;return;deep-link;partial-progress,inventory;parent guard and nested path require manual review
route-declaration,"""catalogos/reacciones""",tdf-hq-ui/src/routes/protectedRoutes.tsx:224,"<Route path=""catalogos/reacciones"" element={<ReactionTypesCatalogPage />} />",desktop;tablet;phone,es;en,loading;empty;validation;denied;expired-session;cancel;slow;interrupted;retry;recovery;return;deep-link;partial-progress,inventory;parent guard and nested path require manual review
route-declaration,"""catalogos/reacciones-contenido""",tdf-hq-ui/src/routes/protectedRoutes.tsx:225,"<Route path=""catalogos/reacciones-contenido"" element={<ReactionTypesCatalogPage catalogCode=""content-reaction-types"" />} />",desktop;tablet;phone,es;en,loading;empty;validation;denied;expired-session;cancel;slow;interrupted;retry;recovery;return;deep-link;partial-progress,inventory;parent guard and nested path require manual review
route-declaration,"""catalogos/insignias-creadores""",tdf-hq-ui/src/routes/protectedRoutes.tsx:226,"<Route path=""catalogos/insignias-creadores"" element={<ReactionTypesCatalogPage catalogCode=""creator-badge-types"" />} />",desktop;tablet;phone,es;en,loading;empty;validation;denied;expired-session;cancel;slow;interrupted;retry;recovery;return;deep-link;partial-progress,inventory;parent guard and nested path require manual review
route-declaration,"""inscripciones-curso""",tdf-hq-ui/src/routes/protectedRoutes.tsx:227,"<Route path=""inscripciones-curso"" element={<CourseRegistrationsAdminPage />} />",desktop;tablet;phone,es;en,loading;empty;validation;denied;expired-session;cancel;slow;interrupted;retry;recovery;return;deep-link;partial-progress,inventory;parent guard and nested path require manual review
route-declaration,"""cursos""",tdf-hq-ui/src/routes/protectedRoutes.tsx:228,"<Route path=""cursos"" element={<CourseBuilderPage />} />",desktop;tablet;phone,es;en,loading;empty;validation;denied;expired-session;cancel;slow;interrupted;retry;recovery;return;deep-link;partial-progress,inventory;parent guard and nested path require manual review
route-declaration,"""usuarios-admin""",tdf-hq-ui/src/routes/protectedRoutes.tsx:229,"<Route path=""usuarios-admin"" element={<AdminUsersPage />} />",desktop;tablet;phone,es;en,loading;empty;validation;denied;expired-session;cancel;slow;interrupted;retry;recovery;return;deep-link;partial-progress,inventory;parent guard and nested path require manual review
route-declaration,"""estado""",tdf-hq-ui/src/routes/protectedRoutes.tsx:230,"<Route path=""estado"" element={<SystemStatusPage />} />",desktop;tablet;phone,es;en,loading;empty;validation;denied;expired-session;cancel;slow;interrupted;retry;recovery;return;deep-link;partial-progress,inventory;parent guard and nested path require manual review
route-declaration,"""actividad""",tdf-hq-ui/src/routes/protectedRoutes.tsx:231,"<Route path=""actividad"" element={<UserActivityPage />} />",desktop;tablet;phone,es;en,loading;empty;validation;denied;expired-session;cancel;slow;interrupted;retry;recovery;return;deep-link;partial-progress,inventory;parent guard and nested path require manual review
route-declaration,"""logs""",tdf-hq-ui/src/routes/protectedRoutes.tsx:232,"<Route path=""logs"" element={<LogsPage />} />",desktop;tablet;phone,es;en,loading;empty;validation;denied;expired-session;cancel;slow;interrupted;retry;recovery;return;deep-link;partial-progress,inventory;parent guard and nested path require manual review
route-declaration,"""brain""",tdf-hq-ui/src/routes/protectedRoutes.tsx:233,"<Route path=""brain"" element={<BrainAdminPage />} />",desktop;tablet;phone,es;en,loading;empty;validation;denied;expired-session;cancel;slow;interrupted;retry;recovery;return;deep-link;partial-progress,inventory;parent guard and nested path require manual review
route-declaration,"""roles-permisos""",tdf-hq-ui/src/routes/protectedRoutes.tsx:234,"<Route path=""roles-permisos"" element={<UserRoleManagement />} />",desktop;tablet;phone,es;en,loading;empty;validation;denied;expired-session;cancel;slow;interrupted;retry;recovery;return;deep-link;partial-progress,inventory;parent guard and nested path require manual review
route-declaration,"""integraciones/calendario""",tdf-hq-ui/src/routes/protectedRoutes.tsx:235,"<Route path=""integraciones/calendario"" element={<CalendarSyncPage />} />",desktop;tablet;phone,es;en,loading;empty;validation;denied;expired-session;cancel;slow;interrupted;retry;recovery;return;deep-link;partial-progress,inventory;parent guard and nested path require manual review
route-declaration,"""cms""",tdf-hq-ui/src/routes/protectedRoutes.tsx:236,"<Route path=""cms"" element={<CmsAdminPage />} />",desktop;tablet;phone,es;en,loading;empty;validation;denied;expired-session;cancel;slow;interrupted;retry;recovery;return;deep-link;partial-progress,inventory;parent guard and nested path require manual review
route-declaration,"""campanas-automaticas""",tdf-hq-ui/src/routes/protectedRoutes.tsx:237,"<Route path=""campanas-automaticas"" element={<CampaignAutomationsPage />} />",desktop;tablet;phone,es;en,loading;empty;validation;denied;expired-session;cancel;slow;interrupted;retry;recovery;return;deep-link;partial-progress,inventory;parent guard and nested path require manual review
route-declaration,"""fuentes-eventos""",tdf-hq-ui/src/routes/protectedRoutes.tsx:238,"<Route path=""fuentes-eventos"" element={<EventDiscoverySourcesPage />} />",desktop;tablet;phone,es;en,loading;empty;validation;denied;expired-session;cancel;slow;interrupted;retry;recovery;return;deep-link;partial-progress,inventory;parent guard and nested path require manual review
route-declaration,"""whatsapp-consentimiento""",tdf-hq-ui/src/routes/protectedRoutes.tsx:239,"<Route path=""whatsapp-consentimiento"" element={<WhatsAppConsentPage />} />",desktop;tablet;phone,es;en,loading;empty;validation;denied;expired-session;cancel;slow;interrupted;retry;recovery;return;deep-link;partial-progress,inventory;parent guard and nested path require manual review
route-declaration,"""opciones-ux""",tdf-hq-ui/src/routes/protectedRoutes.tsx:240,"<Route path=""opciones-ux"" element={<UxOptionsPage />} />",desktop;tablet;phone,es;en,loading;empty;validation;denied;expired-session;cancel;slow;interrupted;retry;recovery;return;deep-link;partial-progress,inventory;parent guard and nested path require manual review
route-declaration,"""preferencias""",tdf-hq-ui/src/routes/protectedRoutes.tsx:241,"<Route path=""preferencias"" element={<SystemPage />} />",desktop;tablet;phone,es;en,loading;empty;validation;denied;expired-session;cancel;slow;interrupted;retry;recovery;return;deep-link;partial-progress,inventory;parent guard and nested path require manual review
route-declaration,(pathless/index wrapper),tdf-hq-ui/src/routes/protectedRoutes.tsx:242,<Route index element={<ConfigurationIndexRedirect />} />,desktop;tablet;phone,es;en,loading;empty;validation;denied;expired-session;cancel;slow;interrupted;retry;recovery;return;deep-link;partial-progress,inventory;parent guard and nested path require manual review
route-declaration,"""*""",tdf-hq-ui/src/routes/protectedRoutes.tsx:245,"<Route path=""*"" element={<NotFoundPage />} />",desktop;tablet;phone,es;en,loading;empty;validation;denied;expired-session;cancel;slow;interrupted;retry;recovery;return;deep-link;partial-progress,inventory;parent guard and nested path require manual review
native-route,app/(tabs)/_layout.tsx,tdf-mobile/app/(tabs)/_layout.tsx,Expo Router;layout and API guards,iOS;Android,es;en,loading;empty;validation;denied;expired-session;cancel;slow;interrupted;retry;recovery;return;deep-link;partial-progress,inventory;native runtime pending
native-route,app/(tabs)/about.tsx,tdf-mobile/app/(tabs)/about.tsx,Expo Router;layout and API guards,iOS;Android,es;en,loading;empty;validation;denied;expired-session;cancel;slow;interrupted;retry;recovery;return;deep-link;partial-progress,inventory;native runtime pending
native-route,app/(tabs)/bookings.tsx,tdf-mobile/app/(tabs)/bookings.tsx,Expo Router;layout and API guards,iOS;Android,es;en,loading;empty;validation;denied;expired-session;cancel;slow;interrupted;retry;recovery;return;deep-link;partial-progress,inventory;native runtime pending
native-route,app/(tabs)/create.tsx,tdf-mobile/app/(tabs)/create.tsx,Expo Router;layout and API guards,iOS;Android,es;en,loading;empty;validation;denied;expired-session;cancel;slow;interrupted;retry;recovery;return;deep-link;partial-progress,inventory;native runtime pending
native-route,app/(tabs)/directory.tsx,tdf-mobile/app/(tabs)/directory.tsx,Expo Router;layout and API guards,iOS;Android,es;en,loading;empty;validation;denied;expired-session;cancel;slow;interrupted;retry;recovery;return;deep-link;partial-progress,inventory;native runtime pending
native-route,app/(tabs)/events.tsx,tdf-mobile/app/(tabs)/events.tsx,Expo Router;layout and API guards,iOS;Android,es;en,loading;empty;validation;denied;expired-session;cancel;slow;interrupted;retry;recovery;return;deep-link;partial-progress,inventory;native runtime pending
native-route,app/(tabs)/inventory.tsx,tdf-mobile/app/(tabs)/inventory.tsx,Expo Router;layout and API guards,iOS;Android,es;en,loading;empty;validation;denied;expired-session;cancel;slow;interrupted;retry;recovery;return;deep-link;partial-progress,inventory;native runtime pending
native-route,app/(tabs)/more.tsx,tdf-mobile/app/(tabs)/more.tsx,Expo Router;layout and API guards,iOS;Android,es;en,loading;empty;validation;denied;expired-session;cancel;slow;interrupted;retry;recovery;return;deep-link;partial-progress,inventory;native runtime pending
native-route,app/(tabs)/parties.tsx,tdf-mobile/app/(tabs)/parties.tsx,Expo Router;layout and API guards,iOS;Android,es;en,loading;empty;validation;denied;expired-session;cancel;slow;interrupted;retry;recovery;return;deep-link;partial-progress,inventory;native runtime pending
native-route,app/(tabs)/pipelines.tsx,tdf-mobile/app/(tabs)/pipelines.tsx,Expo Router;layout and API guards,iOS;Android,es;en,loading;empty;validation;denied;expired-session;cancel;slow;interrupted;retry;recovery;return;deep-link;partial-progress,inventory;native runtime pending
native-route,app/(tabs)/profile.tsx,tdf-mobile/app/(tabs)/profile.tsx,Expo Router;layout and API guards,iOS;Android,es;en,loading;empty;validation;denied;expired-session;cancel;slow;interrupted;retry;recovery;return;deep-link;partial-progress,inventory;native runtime pending
native-route,app/(tabs)/social.tsx,tdf-mobile/app/(tabs)/social.tsx,Expo Router;layout and API guards,iOS;Android,es;en,loading;empty;validation;denied;expired-session;cancel;slow;interrupted;retry;recovery;return;deep-link;partial-progress,inventory;native runtime pending
native-route,app/(tabs)/vcard.tsx,tdf-mobile/app/(tabs)/vcard.tsx,Expo Router;layout and API guards,iOS;Android,es;en,loading;empty;validation;denied;expired-session;cancel;slow;interrupted;retry;recovery;return;deep-link;partial-progress,inventory;native runtime pending
native-route,app/+html.tsx,tdf-mobile/app/+html.tsx,Expo Router;layout and API guards,iOS;Android,es;en,loading;empty;validation;denied;expired-session;cancel;slow;interrupted;retry;recovery;return;deep-link;partial-progress,inventory;native runtime pending
native-route,app/_layout.tsx,tdf-mobile/app/_layout.tsx,Expo Router;layout and API guards,iOS;Android,es;en,loading;empty;validation;denied;expired-session;cancel;slow;interrupted;retry;recovery;return;deep-link;partial-progress,inventory;native runtime pending
native-route,app/about.tsx,tdf-mobile/app/about.tsx,Expo Router;layout and API guards,iOS;Android,es;en,loading;empty;validation;denied;expired-session;cancel;slow;interrupted;retry;recovery;return;deep-link;partial-progress,inventory;native runtime pending
native-route,app/access-requests/index.tsx,tdf-mobile/app/access-requests/index.tsx,Expo Router;layout and API guards,iOS;Android,es;en,loading;empty;validation;denied;expired-session;cancel;slow;interrupted;retry;recovery;return;deep-link;partial-progress,inventory;native runtime pending
native-route,app/access-requests/new.tsx,tdf-mobile/app/access-requests/new.tsx,Expo Router;layout and API guards,iOS;Android,es;en,loading;empty;validation;denied;expired-session;cancel;slow;interrupted;retry;recovery;return;deep-link;partial-progress,inventory;native runtime pending
native-route,app/access-requests/review.tsx,tdf-mobile/app/access-requests/review.tsx,Expo Router;layout and API guards,iOS;Android,es;en,loading;empty;validation;denied;expired-session;cancel;slow;interrupted;retry;recovery;return;deep-link;partial-progress,inventory;native runtime pending
native-route,app/artistDetail.tsx,tdf-mobile/app/artistDetail.tsx,Expo Router;layout and API guards,iOS;Android,es;en,loading;empty;validation;denied;expired-session;cancel;slow;interrupted;retry;recovery;return;deep-link;partial-progress,inventory;native runtime pending
native-route,app/auth.tsx,tdf-mobile/app/auth.tsx,Expo Router;layout and API guards,iOS;Android,es;en,loading;empty;validation;denied;expired-session;cancel;slow;interrupted;retry;recovery;return;deep-link;partial-progress,iOS18.3 simulator74d784c Spanish policy roundtrip retains input; sourceefa2555 458 tests; Android/readers/new binary pending
native-route,app/catalogEditor.tsx,tdf-mobile/app/catalogEditor.tsx,Expo Router;layout and API guards,iOS;Android,es;en,loading;empty;validation;denied;expired-session;cancel;slow;interrupted;retry;recovery;return;deep-link;partial-progress,inventory;native runtime pending
native-route,app/catalogs.tsx,tdf-mobile/app/catalogs.tsx,Expo Router;layout and API guards,iOS;Android,es;en,loading;empty;validation;denied;expired-session;cancel;slow;interrupted;retry;recovery;return;deep-link;partial-progress,inventory;native runtime pending
native-route,app/contracts/ContractViewScreen.tsx,tdf-mobile/app/contracts/ContractViewScreen.tsx,Expo Router;layout and API guards,iOS;Android,es;en,loading;empty;validation;denied;expired-session;cancel;slow;interrupted;retry;recovery;return;deep-link;partial-progress,inventory;native runtime pending
native-route,app/contracts/NewContractScreen.tsx,tdf-mobile/app/contracts/NewContractScreen.tsx,Expo Router;layout and API guards,iOS;Android,es;en,loading;empty;validation;denied;expired-session;cancel;slow;interrupted;retry;recovery;return;deep-link;partial-progress,inventory;native runtime pending
native-route,app/createArtistProfile.tsx,tdf-mobile/app/createArtistProfile.tsx,Expo Router;layout and API guards,iOS;Android,es;en,loading;empty;validation;denied;expired-session;cancel;slow;interrupted;retry;recovery;return;deep-link;partial-progress,inventory;native runtime pending
native-route,app/createEvent.tsx,tdf-mobile/app/createEvent.tsx,Expo Router;layout and API guards,iOS;Android,es;en,loading;empty;validation;denied;expired-session;cancel;slow;interrupted;retry;recovery;return;deep-link;partial-progress,inventory;native runtime pending
native-route,app/createVenue.tsx,tdf-mobile/app/createVenue.tsx,Expo Router;layout and API guards,iOS;Android,es;en,loading;empty;validation;denied;expired-session;cancel;slow;interrupted;retry;recovery;return;deep-link;partial-progress,inventory;native runtime pending
native-route,app/ddex/document/[id].tsx,tdf-mobile/app/ddex/document/[id].tsx,Expo Router;layout and API guards,iOS;Android,es;en,loading;empty;validation;denied;expired-session;cancel;slow;interrupted;retry;recovery;return;deep-link;partial-progress,inventory;native runtime pending
native-route,app/ddex/index.tsx,tdf-mobile/app/ddex/index.tsx,Expo Router;layout and API guards,iOS;Android,es;en,loading;empty;validation;denied;expired-session;cancel;slow;interrupted;retry;recovery;return;deep-link;partial-progress,inventory;native runtime pending
native-route,app/ddex/partners.tsx,tdf-mobile/app/ddex/partners.tsx,Expo Router;layout and API guards,iOS;Android,es;en,loading;empty;validation;denied;expired-session;cancel;slow;interrupted;retry;recovery;return;deep-link;partial-progress,inventory;native runtime pending
native-route,app/directory/classified/[slug].tsx,tdf-mobile/app/directory/classified/[slug].tsx,Expo Router;layout and API guards,iOS;Android,es;en,loading;empty;validation;denied;expired-session;cancel;slow;interrupted;retry;recovery;return;deep-link;partial-progress,inventory;native runtime pending
native-route,app/directory/event/[id].tsx,tdf-mobile/app/directory/event/[id].tsx,Expo Router;layout and API guards,iOS;Android,es;en,loading;empty;validation;denied;expired-session;cancel;slow;interrupted;retry;recovery;return;deep-link;partial-progress,inventory;native runtime pending
native-route,app/directory/manage.tsx,tdf-mobile/app/directory/manage.tsx,Expo Router;layout and API guards,iOS;Android,es;en,loading;empty;validation;denied;expired-session;cancel;slow;interrupted;retry;recovery;return;deep-link;partial-progress,inventory;native runtime pending
native-route,app/directory/profile/[slug].tsx,tdf-mobile/app/directory/profile/[slug].tsx,Expo Router;layout and API guards,iOS;Android,es;en,loading;empty;validation;denied;expired-session;cancel;slow;interrupted;retry;recovery;return;deep-link;partial-progress,inventory;native runtime pending
native-route,app/directory/venue/[id].tsx,tdf-mobile/app/directory/venue/[id].tsx,Expo Router;layout and API guards,iOS;Android,es;en,loading;empty;validation;denied;expired-session;cancel;slow;interrupted;retry;recovery;return;deep-link;partial-progress,inventory;native runtime pending
native-route,app/editArtistProfile.tsx,tdf-mobile/app/editArtistProfile.tsx,Expo Router;layout and API guards,iOS;Android,es;en,loading;empty;validation;denied;expired-session;cancel;slow;interrupted;retry;recovery;return;deep-link;partial-progress,inventory;native runtime pending
native-route,app/eventDetail.tsx,tdf-mobile/app/eventDetail.tsx,Expo Router;layout and API guards,iOS;Android,es;en,loading;empty;validation;denied;expired-session;cancel;slow;interrupted;retry;recovery;return;deep-link;partial-progress,inventory;native runtime pending
native-route,app/eventos/[eventId].tsx,tdf-mobile/app/eventos/[eventId].tsx,Expo Router;layout and API guards,iOS;Android,es;en,loading;empty;validation;denied;expired-session;cancel;slow;interrupted;retry;recovery;return;deep-link;partial-progress,inventory;native runtime pending
native-route,app/index.tsx,tdf-mobile/app/index.tsx,Expo Router;layout and API guards,iOS;Android,es;en,loading;empty;validation;denied;expired-session;cancel;slow;interrupted;retry;recovery;return;deep-link;partial-progress,inventory;native runtime pending
native-route,app/input-list/[id].tsx,tdf-mobile/app/input-list/[id].tsx,Expo Router;layout and API guards,iOS;Android,es;en,loading;empty;validation;denied;expired-session;cancel;slow;interrupted;retry;recovery;return;deep-link;partial-progress,inventory;native runtime pending
native-route,app/merch.tsx,tdf-mobile/app/merch.tsx,Expo Router;layout and API guards,iOS;Android,es;en,loading;empty;validation;denied;expired-session;cancel;slow;interrupted;retry;recovery;return;deep-link;partial-progress,inventory;native runtime pending
native-route,app/merch/preferences.tsx,tdf-mobile/app/merch/preferences.tsx,Expo Router;layout and API guards,iOS;Android,es;en,loading;empty;validation;denied;expired-session;cancel;slow;interrupted;retry;recovery;return;deep-link;partial-progress,inventory;native runtime pending
native-route,app/merch/review.tsx,tdf-mobile/app/merch/review.tsx,Expo Router;layout and API guards,iOS;Android,es;en,loading;empty;validation;denied;expired-session;cancel;slow;interrupted;retry;recovery;return;deep-link;partial-progress,inventory;native runtime pending
native-route,app/merchSeller.tsx,tdf-mobile/app/merchSeller.tsx,Expo Router;layout and API guards,iOS;Android,es;en,loading;empty;validation;denied;expired-session;cancel;slow;interrupted;retry;recovery;return;deep-link;partial-progress,inventory;native runtime pending
native-route,app/onboarding.tsx,tdf-mobile/app/onboarding.tsx,Expo Router;layout and API guards,iOS;Android,es;en,loading;empty;validation;denied;expired-session;cancel;slow;interrupted;retry;recovery;return;deep-link;partial-progress,inventory;native runtime pending
native-route,app/operations.tsx,tdf-mobile/app/operations.tsx,Expo Router;layout and API guards,iOS;Android,es;en,loading;empty;validation;denied;expired-session;cancel;slow;interrupted;retry;recovery;return;deep-link;partial-progress,inventory;native runtime pending
native-route,app/reputation/consents.tsx,tdf-mobile/app/reputation/consents.tsx,Expo Router;layout and API guards,iOS;Android,es;en,loading;empty;validation;denied;expired-session;cancel;slow;interrupted;retry;recovery;return;deep-link;partial-progress,inventory;native runtime pending
native-route,app/reputation/preferences.tsx,tdf-mobile/app/reputation/preferences.tsx,Expo Router;layout and API guards,iOS;Android,es;en,loading;empty;validation;denied;expired-session;cancel;slow;interrupted;retry;recovery;return;deep-link;partial-progress,inventory;native runtime pending
native-route,app/ticketCheckout.tsx,tdf-mobile/app/ticketCheckout.tsx,Expo Router;layout and API guards,iOS;Android,es;en,loading;empty;validation;denied;expired-session;cancel;slow;interrupted;retry;recovery;return;deep-link;partial-progress,inventory;native runtime pending
native-route,app/tickets.tsx,tdf-mobile/app/tickets.tsx,Expo Router;layout and API guards,iOS;Android,es;en,loading;empty;validation;denied;expired-session;cancel;slow;interrupted;retry;recovery;return;deep-link;partial-progress,inventory;native runtime pending
native-route,app/userProfile.tsx,tdf-mobile/app/userProfile.tsx,Expo Router;layout and API guards,iOS;Android,es;en,loading;empty;validation;denied;expired-session;cancel;slow;interrupted;retry;recovery;return;deep-link;partial-progress,inventory;native runtime pending
native-route,app/venueDetail.tsx,tdf-mobile/app/venueDetail.tsx,Expo Router;layout and API guards,iOS;Android,es;en,loading;empty;validation;denied;expired-session;cancel;slow;interrupted;retry;recovery;return;deep-link;partial-progress,inventory;native runtime pending
native-route,app/venueExplorer.tsx,tdf-mobile/app/venueExplorer.tsx,Expo Router;layout and API guards,iOS;Android,es;en,loading;empty;validation;denied;expired-session;cancel;slow;interrupted;retry;recovery;return;deep-link;partial-progress,inventory;native runtime pending
static-page,public/docs/index.html,public/docs/index.html,public;file-specific,desktop;tablet;phone,es;en,loading;empty;validation;denied;expired-session;cancel;slow;interrupted;retry;recovery;return;deep-link;partial-progress,inventory;runtime pending
static-page,tdf-hq-ui/public/account/privacy.html,tdf-hq-ui/public/account/privacy.html,public;file-specific,desktop;tablet;phone,es;en,loading;empty;validation;denied;expired-session;cancel;slow;interrupted;retry;recovery;return;deep-link;partial-progress,20 combined production-bundle locale/policy/recovery cases include ES/EN policies and axe across5 profiles; not legal review
static-page,tdf-hq-ui/public/account/terms.html,tdf-hq-ui/public/account/terms.html,public;file-specific,desktop;tablet;phone,es;en,loading;empty;validation;denied;expired-session;cancel;slow;interrupted;retry;recovery;return;deep-link;partial-progress,20 combined production-bundle locale/policy/recovery cases include ES/EN policies and axe across5 profiles; not legal review
static-page,tdf-hq-ui/public/data-deletion.html,tdf-hq-ui/public/data-deletion.html,public;file-specific,desktop;tablet;phone,es;en,loading;empty;validation;denied;expired-session;cancel;slow;interrupted;retry;recovery;return;deep-link;partial-progress,"54 actual staticHTTP browser cases across9pages,Chromium/Firefox/WebKit320/1280; corrected styleszeroaxe/pageerrors/normal+200%textoverflow. Legacy contrast negative24cases reproduced beforefix. Chromium/Firefox keyboardTab; WebKit defaultTab skipslinks. English originals only; no screenreader/manuallegalreviewclaim. evidence/static-pages-{before,after}.json; UX038releasepending."
static-page,tdf-hq-ui/public/deauthorize.html,tdf-hq-ui/public/deauthorize.html,public;file-specific,desktop;tablet;phone,es;en,loading;empty;validation;denied;expired-session;cancel;slow;interrupted;retry;recovery;return;deep-link;partial-progress,"54 actual staticHTTP browser cases across9pages,Chromium/Firefox/WebKit320/1280; corrected styleszeroaxe/pageerrors/normal+200%textoverflow. Legacy contrast negative24cases reproduced beforefix. Chromium/Firefox keyboardTab; WebKit defaultTab skipslinks. English originals only; no screenreader/manuallegalreviewclaim. evidence/static-pages-{before,after}.json; UX038releasepending."
static-page,tdf-hq-ui/public/mobile-app/data-deletion.html,tdf-hq-ui/public/mobile-app/data-deletion.html,public;file-specific,desktop;tablet;phone,es;en,loading;empty;validation;denied;expired-session;cancel;slow;interrupted;retry;recovery;return;deep-link;partial-progress,"54 actual staticHTTP browser cases across9pages,Chromium/Firefox/WebKit320/1280; corrected styleszeroaxe/pageerrors/normal+200%textoverflow. Legacy contrast negative24cases reproduced beforefix. Chromium/Firefox keyboardTab; WebKit defaultTab skipslinks. English originals only; no screenreader/manuallegalreviewclaim. evidence/static-pages-{before,after}.json; UX038releasepending."
static-page,tdf-hq-ui/public/mobile-app/index.html,tdf-hq-ui/public/mobile-app/index.html,public;file-specific,desktop;tablet;phone,es;en,loading;empty;validation;denied;expired-session;cancel;slow;interrupted;retry;recovery;return;deep-link;partial-progress,"54 actual staticHTTP browser cases across9pages,Chromium/Firefox/WebKit320/1280; corrected styleszeroaxe/pageerrors/normal+200%textoverflow. Legacy contrast negative24cases reproduced beforefix. Chromium/Firefox keyboardTab; WebKit defaultTab skipslinks. English originals only; no screenreader/manuallegalreviewclaim. evidence/static-pages-{before,after}.json; UX038releasepending."
static-page,tdf-hq-ui/public/mobile-app/privacy.html,tdf-hq-ui/public/mobile-app/privacy.html,public;file-specific,desktop;tablet;phone,es;en,loading;empty;validation;denied;expired-session;cancel;slow;interrupted;retry;recovery;return;deep-link;partial-progress,"54 actual staticHTTP browser cases across9pages,Chromium/Firefox/WebKit320/1280; corrected styleszeroaxe/pageerrors/normal+200%textoverflow. Legacy contrast negative24cases reproduced beforefix. Chromium/Firefox keyboardTab; WebKit defaultTab skipslinks. English originals only; no screenreader/manuallegalreviewclaim. evidence/static-pages-{before,after}.json; UX038releasepending."
static-page,tdf-hq-ui/public/mobile-app/support.html,tdf-hq-ui/public/mobile-app/support.html,public;file-specific,desktop;tablet;phone,es;en,loading;empty;validation;denied;expired-session;cancel;slow;interrupted;retry;recovery;return;deep-link;partial-progress,"54 actual staticHTTP browser cases across9pages,Chromium/Firefox/WebKit320/1280; corrected styleszeroaxe/pageerrors/normal+200%textoverflow. Legacy contrast negative24cases reproduced beforefix. Chromium/Firefox keyboardTab; WebKit defaultTab skipslinks. English originals only; no screenreader/manuallegalreviewclaim. evidence/static-pages-{before,after}.json; UX038releasepending."
static-page,tdf-hq-ui/public/mobile-app/terms.html,tdf-hq-ui/public/mobile-app/terms.html,public;file-specific,desktop;tablet;phone,es;en,loading;empty;validation;denied;expired-session;cancel;slow;interrupted;retry;recovery;return;deep-link;partial-progress,"54 actual staticHTTP browser cases across9pages,Chromium/Firefox/WebKit320/1280; corrected styleszeroaxe/pageerrors/normal+200%textoverflow. Legacy contrast negative24cases reproduced beforefix. Chromium/Firefox keyboardTab; WebKit defaultTab skipslinks. English originals only; no screenreader/manuallegalreviewclaim. evidence/static-pages-{before,after}.json; UX038releasepending."
static-page,tdf-hq-ui/public/privacy.html,tdf-hq-ui/public/privacy.html,public;file-specific,desktop;tablet;phone,es;en,loading;empty;validation;denied;expired-session;cancel;slow;interrupted;retry;recovery;return;deep-link;partial-progress,"54 actual staticHTTP browser cases across9pages,Chromium/Firefox/WebKit320/1280; corrected styleszeroaxe/pageerrors/normal+200%textoverflow. Legacy contrast negative24cases reproduced beforefix. Chromium/Firefox keyboardTab; WebKit defaultTab skipslinks. English originals only; no screenreader/manuallegalreviewclaim. evidence/static-pages-{before,after}.json; UX038releasepending."
static-page,tdf-hq-ui/public/terms.html,tdf-hq-ui/public/terms.html,public;file-specific,desktop;tablet;phone,es;en,loading;empty;validation;denied;expired-session;cancel;slow;interrupted;retry;recovery;return;deep-link;partial-progress,"54 actual staticHTTP browser cases across9pages,Chromium/Firefox/WebKit320/1280; corrected styleszeroaxe/pageerrors/normal+200%textoverflow. Legacy contrast negative24cases reproduced beforefix. Chromium/Firefox keyboardTab; WebKit defaultTab skipslinks. English originals only; no screenreader/manuallegalreviewclaim. evidence/static-pages-{before,after}.json; UX038releasepending."
static-page,tdf-hq-ui/public/account/terms-es.html,tdf-hq-ui/public/account/terms-es.html,public;file-specific,desktop;tablet;phone,es,loading;empty;validation;denied;expired-session;cancel;slow;interrupted;retry;recovery;return;deep-link;partial-progress,20 combined production-bundle locale/policy/recovery cases include ES/EN policies and axe across5 profiles; not legal review
static-page,tdf-hq-ui/public/account/privacy-es.html,tdf-hq-ui/public/account/privacy-es.html,public;file-specific,desktop;tablet;phone,es,loading;empty;validation;denied;expired-session;cancel;slow;interrupted;retry;recovery;return;deep-link;partial-progress,20 combined production-bundle locale/policy/recovery cases include ES/EN policies and axe across5 profiles; not legal review
