branch,source_pr,source_sha,successor,disposition,present,evidence
audit/booking-build-repair-20261005,,b7628e6a54775c2e0b0021b4b09b26f9ec52cdc2,478 -> main,1 absent ref; source fully present in main,False,"{""sourceContainedInMain"":true,""sourceContainedInShippedRelease"":false,""initialSourceContainedInMain"":true,""initialSha"":null,""firstRecordedSha"":""b7628e6a54775c2e0b0021b4b09b26f9ec52cdc2"",""currentSha"":null,""successorAncestry"":[499,498,497,496,495,493],""action"":{""repo"":""tdf-app"",""branch"":""audit/booking-build-repair-20261005"",""sha"":""b7628e6a54775c2e0b0021b4b09b26f9ec52cdc2"",""action"":""deleted fully-main-contained ref after verified merge tree and postmerge gates"",""main"":""5c2e0bb28f062481ceaa625833c356096a43083f"",""successor"":""478 -> main"",""evidence"":""pr478-postmerge-prune-proof.json"",""timestamp"":""2026-10-05T22:06:38.302804+00:00""},""prState"":null,""recoveryBundle"":""tdf-app-preprune.bundle""}"
audit/compiled-api-contract-20261005,,3769b4f14e0f60864780f9eadb267756540aece7,478 -> main,1 absent ref; source fully present in main,False,"{""sourceContainedInMain"":true,""sourceContainedInShippedRelease"":false,""initialSourceContainedInMain"":true,""initialSha"":null,""firstRecordedSha"":""3769b4f14e0f60864780f9eadb267756540aece7"",""currentSha"":null,""successorAncestry"":[499,498,497,496,495,493],""action"":{""repo"":""tdf-app"",""branch"":""audit/compiled-api-contract-20261005"",""sha"":""3769b4f14e0f60864780f9eadb267756540aece7"",""action"":""deleted fully-main-contained ref after verified merge tree and postmerge gates"",""main"":""5c2e0bb28f062481ceaa625833c356096a43083f"",""successor"":""478 -> main"",""evidence"":""pr478-postmerge-prune-proof.json"",""timestamp"":""2026-10-05T22:06:38.302804+00:00""},""prState"":null,""recoveryBundle"":""tdf-app-preprune.bundle""}"
audit/consolidated-reviewfix-20261005,,a30f8560194b818aa30790048df22c10ac649cc4,5dc869c7b5b31b52a39ee0dbdacb00a861020cdd,1 absent ref; source fully present in main,False,"{""sourceContainedInMain"":true,""sourceContainedInShippedRelease"":false,""initialSourceContainedInMain"":true,""initialSha"":null,""firstRecordedSha"":""a30f8560194b818aa30790048df22c10ac649cc4"",""currentSha"":null,""successorAncestry"":[499,495],""action"":{""repo"":""tdf-app"",""branch"":""audit/consolidated-reviewfix-20261005"",""sha"":""a30f8560194b818aa30790048df22c10ac649cc4"",""pr"":null,""action"":""deleted fully-main-contained ref after verified merge tree and postmerge gates"",""successor"":""5dc869c7b5b31b52a39ee0dbdacb00a861020cdd"",""at"":""2026-10-06T04:11:32.940839+00:00"",""evidence"":{""ancestry"":true,""verifiedMergeTree"":""4f5b8e318c1513a6e30e1fd13edd9730d9e5e8ef"",""postMergeRuns"":[{""conclusion"":""success"",""databaseId"":37408038248,""name"":""Universal interaction verification"",""status"":""completed""},{""conclusion"":""success"",""databaseId"":37408038151,""name"":""Main integration admission"",""status"":""completed""},{""conclusion"":""success"",""databaseId"":37408038145,""name"":""Run Datadog Synthetic tests"",""status"":""completed""},{""conclusion"":""success"",""databaseId"":37408038144,""name"":""Catalog list authority"",""status"":""completed""},{""conclusion"":""success"",""databaseId"":37408038124,""name"":""Social formal and persistence verification"",""status"":""completed""},{""conclusion"":""success"",""databaseId"":37408038206,""name"":""CI Safe Install"",""status"":""completed""},{""conclusion"":""success"",""databaseId"":37408038149,""name"":""Event operations verification"",""status"":""completed""},{""conclusion"":""success"",""databaseId"":37408038343,""name"":""Build Image"",""status"":""completed""}],""bundle"":""/private/tmp/tdf-current-audit-20261003/invoice491-retired.bundle"",""noOpenHeadOrBaseDependency"":true,""expectedSHALease"":true,""main"":""24d8ba45d246c6e7431deb9b510e352265821a56""}},""prState"":null,""recoveryBundle"":""tdf-app-preprune.bundle""}"
audit/coordinated-executor-20261005,495,f3973387706663ced1e192eb2ec474bdb3b2d6c4,,"7 draft coordinated recovery executor; main24d8 preserved, capture/encryption/retrieval and scoped original-service recovery qualified; full interruption/restart/custody procedure and exact packaged-image gates remain; no production migration/deployment clearance",True,"{""sourceContainedInMain"":false,""sourceContainedInShippedRelease"":false,""initialSourceContainedInMain"":false,""initialSha"":null,""firstRecordedSha"":""f3973387706663ced1e192eb2ec474bdb3b2d6c4"",""currentSha"":""f3973387706663ced1e192eb2ec474bdb3b2d6c4"",""successorAncestry"":[],""action"":null,""prState"":""OPEN"",""recoveryBundle"":""tdf-app-preprune.bundle""}"
audit/critical-completion-20260916,418,d24e025b8bf8c90ce373fab277ebe869eaf0fce5,main,8 removed after recorded preservation audit,False,"{""sourceContainedInMain"":false,""sourceContainedInShippedRelease"":false,""initialSourceContainedInMain"":false,""initialSha"":""d24e025b8bf8c90ce373fab277ebe869eaf0fce5"",""firstRecordedSha"":""d24e025b8bf8c90ce373fab277ebe869eaf0fce5"",""currentSha"":null,""successorAncestry"":[],""action"":{""repo"":""tdf-app"",""branch"":""audit/critical-completion-20260916"",""sha"":""d24e025b8bf8c90ce373fab277ebe869eaf0fce5"",""action"":""deleted fully patch-equivalent ref"",""main"":""b07f67c3ebe2022d5f70e94578944b6401616696"",""evidence"":""orphan-patch-evidence-current.json""},""prState"":""MERGED"",""recoveryBundle"":""tdf-app-preprune.bundle""}"
audit/editorial-ownership-repair-20261003,475,4100a04c0de9496e7bf9cd6d656602dee1d8e277,main,1 absent ref; source fully present in main,False,"{""sourceContainedInMain"":true,""sourceContainedInShippedRelease"":false,""initialSourceContainedInMain"":true,""initialSha"":""9ecac924a43f71e59b3b9b2d713aa3eed4a8772d"",""firstRecordedSha"":""9ecac924a43f71e59b3b9b2d713aa3eed4a8772d"",""currentSha"":null,""successorAncestry"":[499,498,497,496,495,493],""action"":{""repo"":""tdf-app"",""branch"":""audit/editorial-ownership-repair-20261003"",""sha"":""4100a04c0de9496e7bf9cd6d656602dee1d8e277"",""action"":""deleted fully-main-contained ref"",""main"":""b07f67c3ebe2022d5f70e94578944b6401616696"",""timestamp"":""2026-10-04T04:35:31.556808+00:00""},""prState"":""MERGED"",""recoveryBundle"":""tdf-app-preprune.bundle""}"
audit/event-discovery-integration-20260928,469,cda2c5f7790126f35bd7e09bed35b52b5a0012ef,main,1 absent ref; source fully present in main,False,"{""sourceContainedInMain"":true,""sourceContainedInShippedRelease"":false,""initialSourceContainedInMain"":true,""initialSha"":""cda2c5f7790126f35bd7e09bed35b52b5a0012ef"",""firstRecordedSha"":""cda2c5f7790126f35bd7e09bed35b52b5a0012ef"",""currentSha"":null,""successorAncestry"":[499,498,497,496,495,493],""action"":{""repo"":""tdf-app"",""branch"":""audit/event-discovery-integration-20260928"",""sha"":""cda2c5f7790126f35bd7e09bed35b52b5a0012ef"",""action"":""deleted fully-main-contained ref"",""main"":""49f1f0ec087067d17f62d91df1b616eb053eb894"",""timestamp"":""2026-10-03T23:38:13.873537+00:00""},""prState"":""MERGED"",""recoveryBundle"":""tdf-app-preprune.bundle""}"
audit/event-stack-consolidation-20260928,465,ee58bd13ebef6f56cfdafcd4ab45ac6ecc6bec4b,main,1 absent ref; source fully present in main,False,"{""sourceContainedInMain"":true,""sourceContainedInShippedRelease"":false,""initialSourceContainedInMain"":true,""initialSha"":""5c9bb3b5daf82fa438fe9f0dd1b796afd699d0a6"",""firstRecordedSha"":""5c9bb3b5daf82fa438fe9f0dd1b796afd699d0a6"",""currentSha"":null,""successorAncestry"":[499,498,497,496,495,493],""action"":{""repo"":""tdf-app"",""branch"":""audit/event-stack-consolidation-20260928"",""sha"":""ee58bd13ebef6f56cfdafcd4ab45ac6ecc6bec4b"",""action"":""deleted fully-main-contained ref"",""main"":""b07f67c3ebe2022d5f70e94578944b6401616696"",""timestamp"":""2026-10-04T04:35:31.557440+00:00""},""prState"":""MERGED"",""recoveryBundle"":""tdf-app-preprune.bundle""}"
audit/formal-system-20260918,455,6fbae058e23c989599116c629a80fe216505c1e4,main,1 absent ref; source fully present in main,False,"{""sourceContainedInMain"":true,""sourceContainedInShippedRelease"":false,""initialSourceContainedInMain"":true,""initialSha"":""6fbae058e23c989599116c629a80fe216505c1e4"",""firstRecordedSha"":""6fbae058e23c989599116c629a80fe216505c1e4"",""currentSha"":null,""successorAncestry"":[499,498,497,496,495,493],""action"":{""repo"":""tdf-app"",""branch"":""audit/formal-system-20260918"",""sha"":""6fbae058e23c989599116c629a80fe216505c1e4"",""action"":""deleted fully-main-contained ref"",""main"":""49f1f0ec087067d17f62d91df1b616eb053eb894"",""timestamp"":""2026-10-03T23:38:13.873588+00:00""},""prState"":""MERGED"",""recoveryBundle"":""tdf-app-preprune.bundle""}"
audit/ip-address-security-20260930,472,d1f1affcd3fbd7e4fde78f2dce25ef0993c34b92,main,1 absent ref; source fully present in main,False,"{""sourceContainedInMain"":true,""sourceContainedInShippedRelease"":false,""initialSourceContainedInMain"":true,""initialSha"":""d1f1affcd3fbd7e4fde78f2dce25ef0993c34b92"",""firstRecordedSha"":""d1f1affcd3fbd7e4fde78f2dce25ef0993c34b92"",""currentSha"":null,""successorAncestry"":[499,498,497,496,495,493],""action"":{""repo"":""tdf-app"",""branch"":""audit/ip-address-security-20260930"",""sha"":""d1f1affcd3fbd7e4fde78f2dce25ef0993c34b92"",""action"":""deleted fully-main-contained ref"",""main"":""49f1f0ec087067d17f62d91df1b616eb053eb894"",""timestamp"":""2026-10-03T23:38:13.873598+00:00""},""prState"":""MERGED"",""recoveryBundle"":""tdf-app-preprune.bundle""}"
audit/notification-history-rescue-20261003,476,6d00fa1463603bacecbb3210279b09ed88bbba0c,main,1 absent ref; source fully present in main,False,"{""sourceContainedInMain"":true,""sourceContainedInShippedRelease"":false,""initialSourceContainedInMain"":true,""initialSha"":null,""firstRecordedSha"":""6d00fa1463603bacecbb3210279b09ed88bbba0c"",""currentSha"":null,""successorAncestry"":[499,498,497,496,495,493],""action"":{""repo"":""tdf-app"",""branch"":""audit/notification-history-rescue-20261003"",""sha"":""6d00fa1463603bacecbb3210279b09ed88bbba0c"",""action"":""deleted fully-main-contained ref"",""main"":""b07f67c3ebe2022d5f70e94578944b6401616696"",""timestamp"":""2026-10-04T04:35:31.557459+00:00""},""prState"":""MERGED"",""recoveryBundle"":""tdf-app-preprune.bundle""}"
audit/physical-runner-20261005,,5252d3f1907ac5085ed9bec82cc0e81e5ef4b677,5dc869c7b5b31b52a39ee0dbdacb00a861020cdd,1 absent ref; source fully present in main,False,"{""sourceContainedInMain"":true,""sourceContainedInShippedRelease"":false,""initialSourceContainedInMain"":true,""initialSha"":null,""firstRecordedSha"":""5252d3f1907ac5085ed9bec82cc0e81e5ef4b677"",""currentSha"":null,""successorAncestry"":[499,495],""action"":{""repo"":""tdf-app"",""branch"":""audit/physical-runner-20261005"",""sha"":""5252d3f1907ac5085ed9bec82cc0e81e5ef4b677"",""pr"":null,""action"":""deleted fully-main-contained ref after verified merge tree and postmerge gates"",""successor"":""5dc869c7b5b31b52a39ee0dbdacb00a861020cdd"",""at"":""2026-10-06T04:11:36.013307+00:00"",""evidence"":{""ancestry"":true,""verifiedMergeTree"":""4f5b8e318c1513a6e30e1fd13edd9730d9e5e8ef"",""postMergeRuns"":[{""conclusion"":""success"",""databaseId"":37408038248,""name"":""Universal interaction verification"",""status"":""completed""},{""conclusion"":""success"",""databaseId"":37408038151,""name"":""Main integration admission"",""status"":""completed""},{""conclusion"":""success"",""databaseId"":37408038145,""name"":""Run Datadog Synthetic tests"",""status"":""completed""},{""conclusion"":""success"",""databaseId"":37408038144,""name"":""Catalog list authority"",""status"":""completed""},{""conclusion"":""success"",""databaseId"":37408038124,""name"":""Social formal and persistence verification"",""status"":""completed""},{""conclusion"":""success"",""databaseId"":37408038206,""name"":""CI Safe Install"",""status"":""completed""},{""conclusion"":""success"",""databaseId"":37408038149,""name"":""Event operations verification"",""status"":""completed""},{""conclusion"":""success"",""databaseId"":37408038343,""name"":""Build Image"",""status"":""completed""}],""bundle"":""/private/tmp/tdf-current-audit-20261003/invoice491-retired.bundle"",""noOpenHeadOrBaseDependency"":true,""expectedSHALease"":true,""main"":""24d8ba45d246c6e7431deb9b510e352265821a56""}},""prState"":null,""recoveryBundle"":""tdf-app-preprune.bundle""}"
audit/provider-recovery-artifact-20260918,,f1ff05e6f591cb87ef71a9b66c5abeefa4c40095,main,1 absent ref; source fully present in main,False,"{""sourceContainedInMain"":true,""sourceContainedInShippedRelease"":false,""initialSourceContainedInMain"":true,""initialSha"":""f1ff05e6f591cb87ef71a9b66c5abeefa4c40095"",""firstRecordedSha"":""f1ff05e6f591cb87ef71a9b66c5abeefa4c40095"",""currentSha"":null,""successorAncestry"":[499,498,497,496,495,493],""action"":{""repo"":""tdf-app"",""branch"":""audit/provider-recovery-artifact-20260918"",""sha"":""f1ff05e6f591cb87ef71a9b66c5abeefa4c40095"",""action"":""deleted fully-main-contained ref"",""main"":""49f1f0ec087067d17f62d91df1b616eb053eb894"",""timestamp"":""2026-10-03T23:38:13.873604+00:00""},""prState"":null,""recoveryBundle"":""tdf-app-preprune.bundle""}"
audit/provider-reviewed-release-tooling-20260918,,fcc03784895f08761483e1e7a844d6e6e95b443e,PR438 / 35172083af75f9c7530624173d82819252e25d1a,8 removed after recorded preservation audit,False,"{""sourceContainedInMain"":false,""sourceContainedInShippedRelease"":false,""initialSourceContainedInMain"":false,""initialSha"":""fcc03784895f08761483e1e7a844d6e6e95b443e"",""firstRecordedSha"":""fcc03784895f08761483e1e7a844d6e6e95b443e"",""currentSha"":null,""successorAncestry"":[],""action"":{""repo"":""tdf-app"",""branch"":""audit/provider-reviewed-release-tooling-20260918"",""sha"":""fcc03784895f08761483e1e7a844d6e6e95b443e"",""action"":""deleted semantically superseded ref"",""successor"":""PR438 / 35172083af75f9c7530624173d82819252e25d1a"",""evidence"":""Only unique commit changes scripts/production-release.mjs; exact blob equals approved PR438 head, ancestor of current main. Current main adds stricter identity and disabled escrow rollback checks. Expected-SHA lease deletion succeeded."",""timestamp"":""2026-10-04T06:16:44.712391+00:00""},""prState"":null,""recoveryBundle"":""tdf-app-preprune.bundle""}"
audit/receipt-conformance-20261005,491,4f5b8e318c1513a6e30e1fd13edd9730d9e5e8ef,5dc869c7b5b31b52a39ee0dbdacb00a861020cdd,1 absent ref; source fully present in main,False,"{""sourceContainedInMain"":true,""sourceContainedInShippedRelease"":false,""initialSourceContainedInMain"":true,""initialSha"":null,""firstRecordedSha"":""4f5b8e318c1513a6e30e1fd13edd9730d9e5e8ef"",""currentSha"":null,""successorAncestry"":[499,495],""action"":{""repo"":""tdf-app"",""branch"":""audit/receipt-conformance-20261005"",""sha"":""4f5b8e318c1513a6e30e1fd13edd9730d9e5e8ef"",""pr"":491,""action"":""deleted fully-main-contained ref after verified merge tree and postmerge gates"",""successor"":""5dc869c7b5b31b52a39ee0dbdacb00a861020cdd"",""at"":""2026-10-06T04:11:39.049123+00:00"",""evidence"":{""ancestry"":true,""verifiedMergeTree"":""4f5b8e318c1513a6e30e1fd13edd9730d9e5e8ef"",""postMergeRuns"":[{""conclusion"":""success"",""databaseId"":37408038248,""name"":""Universal interaction verification"",""status"":""completed""},{""conclusion"":""success"",""databaseId"":37408038151,""name"":""Main integration admission"",""status"":""completed""},{""conclusion"":""success"",""databaseId"":37408038145,""name"":""Run Datadog Synthetic tests"",""status"":""completed""},{""conclusion"":""success"",""databaseId"":37408038144,""name"":""Catalog list authority"",""status"":""completed""},{""conclusion"":""success"",""databaseId"":37408038124,""name"":""Social formal and persistence verification"",""status"":""completed""},{""conclusion"":""success"",""databaseId"":37408038206,""name"":""CI Safe Install"",""status"":""completed""},{""conclusion"":""success"",""databaseId"":37408038149,""name"":""Event operations verification"",""status"":""completed""},{""conclusion"":""success"",""databaseId"":37408038343,""name"":""Build Image"",""status"":""completed""}],""bundle"":""/private/tmp/tdf-current-audit-20261003/invoice491-retired.bundle"",""noOpenHeadOrBaseDependency"":true,""expectedSHALease"":true,""main"":""24d8ba45d246c6e7431deb9b510e352265821a56""}},""prState"":""MERGED"",""recoveryBundle"":""tdf-app-preprune.bundle""}"
audit/recovery-envelope-20261005,,cb5bf0dc6fd018fd7c6a664b2ddca5ac91df5886,5dc869c7b5b31b52a39ee0dbdacb00a861020cdd,1 absent ref; source fully present in main,False,"{""sourceContainedInMain"":true,""sourceContainedInShippedRelease"":false,""initialSourceContainedInMain"":true,""initialSha"":null,""firstRecordedSha"":""cb5bf0dc6fd018fd7c6a664b2ddca5ac91df5886"",""currentSha"":null,""successorAncestry"":[499,495],""action"":{""repo"":""tdf-app"",""branch"":""audit/recovery-envelope-20261005"",""sha"":""cb5bf0dc6fd018fd7c6a664b2ddca5ac91df5886"",""pr"":null,""action"":""deleted fully-main-contained ref after verified merge tree and postmerge gates"",""successor"":""5dc869c7b5b31b52a39ee0dbdacb00a861020cdd"",""at"":""2026-10-06T04:11:42.109782+00:00"",""evidence"":{""ancestry"":true,""verifiedMergeTree"":""4f5b8e318c1513a6e30e1fd13edd9730d9e5e8ef"",""postMergeRuns"":[{""conclusion"":""success"",""databaseId"":37408038248,""name"":""Universal interaction verification"",""status"":""completed""},{""conclusion"":""success"",""databaseId"":37408038151,""name"":""Main integration admission"",""status"":""completed""},{""conclusion"":""success"",""databaseId"":37408038145,""name"":""Run Datadog Synthetic tests"",""status"":""completed""},{""conclusion"":""success"",""databaseId"":37408038144,""name"":""Catalog list authority"",""status"":""completed""},{""conclusion"":""success"",""databaseId"":37408038124,""name"":""Social formal and persistence verification"",""status"":""completed""},{""conclusion"":""success"",""databaseId"":37408038206,""name"":""CI Safe Install"",""status"":""completed""},{""conclusion"":""success"",""databaseId"":37408038149,""name"":""Event operations verification"",""status"":""completed""},{""conclusion"":""success"",""databaseId"":37408038343,""name"":""Build Image"",""status"":""completed""}],""bundle"":""/private/tmp/tdf-current-audit-20261003/invoice491-retired.bundle"",""noOpenHeadOrBaseDependency"":true,""expectedSHALease"":true,""main"":""24d8ba45d246c6e7431deb9b510e352265821a56""}},""prState"":null,""recoveryBundle"":""tdf-app-preprune.bundle""}"
audit/recovery-journal-20261005,,2331887262cfa0df66e355bc03c3860bc046ef7d,5dc869c7b5b31b52a39ee0dbdacb00a861020cdd,1 absent ref; source fully present in main,False,"{""sourceContainedInMain"":true,""sourceContainedInShippedRelease"":false,""initialSourceContainedInMain"":true,""initialSha"":null,""firstRecordedSha"":""2331887262cfa0df66e355bc03c3860bc046ef7d"",""currentSha"":null,""successorAncestry"":[499,495],""action"":{""repo"":""tdf-app"",""branch"":""audit/recovery-journal-20261005"",""sha"":""2331887262cfa0df66e355bc03c3860bc046ef7d"",""pr"":null,""action"":""deleted fully-main-contained ref after verified merge tree and postmerge gates"",""successor"":""5dc869c7b5b31b52a39ee0dbdacb00a861020cdd"",""at"":""2026-10-06T04:11:45.183672+00:00"",""evidence"":{""ancestry"":true,""verifiedMergeTree"":""4f5b8e318c1513a6e30e1fd13edd9730d9e5e8ef"",""postMergeRuns"":[{""conclusion"":""success"",""databaseId"":37408038248,""name"":""Universal interaction verification"",""status"":""completed""},{""conclusion"":""success"",""databaseId"":37408038151,""name"":""Main integration admission"",""status"":""completed""},{""conclusion"":""success"",""databaseId"":37408038145,""name"":""Run Datadog Synthetic tests"",""status"":""completed""},{""conclusion"":""success"",""databaseId"":37408038144,""name"":""Catalog list authority"",""status"":""completed""},{""conclusion"":""success"",""databaseId"":37408038124,""name"":""Social formal and persistence verification"",""status"":""completed""},{""conclusion"":""success"",""databaseId"":37408038206,""name"":""CI Safe Install"",""status"":""completed""},{""conclusion"":""success"",""databaseId"":37408038149,""name"":""Event operations verification"",""status"":""completed""},{""conclusion"":""success"",""databaseId"":37408038343,""name"":""Build Image"",""status"":""completed""}],""bundle"":""/private/tmp/tdf-current-audit-20261003/invoice491-retired.bundle"",""noOpenHeadOrBaseDependency"":true,""expectedSHALease"":true,""main"":""24d8ba45d246c6e7431deb9b510e352265821a56""}},""prState"":null,""recoveryBundle"":""tdf-app-preprune.bundle""}"
audit/recovery-package-20261005,,e502a9e9b120221bbf699a461b34bc30a901a362,5dc869c7b5b31b52a39ee0dbdacb00a861020cdd,1 absent ref; source fully present in main,False,"{""sourceContainedInMain"":true,""sourceContainedInShippedRelease"":false,""initialSourceContainedInMain"":true,""initialSha"":null,""firstRecordedSha"":""e502a9e9b120221bbf699a461b34bc30a901a362"",""currentSha"":null,""successorAncestry"":[499,495],""action"":{""repo"":""tdf-app"",""branch"":""audit/recovery-package-20261005"",""sha"":""e502a9e9b120221bbf699a461b34bc30a901a362"",""pr"":null,""action"":""deleted fully-main-contained ref after verified merge tree and postmerge gates"",""successor"":""5dc869c7b5b31b52a39ee0dbdacb00a861020cdd"",""at"":""2026-10-06T04:11:48.125000+00:00"",""evidence"":{""ancestry"":true,""verifiedMergeTree"":""4f5b8e318c1513a6e30e1fd13edd9730d9e5e8ef"",""postMergeRuns"":[{""conclusion"":""success"",""databaseId"":37408038248,""name"":""Universal interaction verification"",""status"":""completed""},{""conclusion"":""success"",""databaseId"":37408038151,""name"":""Main integration admission"",""status"":""completed""},{""conclusion"":""success"",""databaseId"":37408038145,""name"":""Run Datadog Synthetic tests"",""status"":""completed""},{""conclusion"":""success"",""databaseId"":37408038144,""name"":""Catalog list authority"",""status"":""completed""},{""conclusion"":""success"",""databaseId"":37408038124,""name"":""Social formal and persistence verification"",""status"":""completed""},{""conclusion"":""success"",""databaseId"":37408038206,""name"":""CI Safe Install"",""status"":""completed""},{""conclusion"":""success"",""databaseId"":37408038149,""name"":""Event operations verification"",""status"":""completed""},{""conclusion"":""success"",""databaseId"":37408038343,""name"":""Build Image"",""status"":""completed""}],""bundle"":""/private/tmp/tdf-current-audit-20261003/invoice491-retired.bundle"",""noOpenHeadOrBaseDependency"":true,""expectedSHALease"":true,""main"":""24d8ba45d246c6e7431deb9b510e352265821a56""}},""prState"":null,""recoveryBundle"":""tdf-app-preprune.bundle""}"
audit/social-boundaries-integration-20260917,424,c55932de5c2c27dcd526e4f306fefda8c3671877,main,1 absent ref; source fully present in main,False,"{""sourceContainedInMain"":true,""sourceContainedInShippedRelease"":false,""initialSourceContainedInMain"":true,""initialSha"":""c55932de5c2c27dcd526e4f306fefda8c3671877"",""firstRecordedSha"":""c55932de5c2c27dcd526e4f306fefda8c3671877"",""currentSha"":null,""successorAncestry"":[499,498,497,496,495,493],""action"":{""repo"":""tdf-app"",""branch"":""audit/social-boundaries-integration-20260917"",""sha"":""c55932de5c2c27dcd526e4f306fefda8c3671877"",""action"":""deleted fully-main-contained ref"",""main"":""49f1f0ec087067d17f62d91df1b616eb053eb894"",""timestamp"":""2026-10-03T23:38:13.873611+00:00""},""prState"":""MERGED"",""recoveryBundle"":""tdf-app-preprune.bundle""}"
audit/spec-conformance-20261004,478,91baf3945f2eec39927e2c02396febefc8f4854d,478 -> main,1 absent ref; source fully present in main,False,"{""sourceContainedInMain"":true,""sourceContainedInShippedRelease"":false,""initialSourceContainedInMain"":true,""initialSha"":null,""firstRecordedSha"":""91baf3945f2eec39927e2c02396febefc8f4854d"",""currentSha"":null,""successorAncestry"":[499,498,497,496,495,493],""action"":{""repo"":""tdf-app"",""branch"":""audit/spec-conformance-20261004"",""sha"":""91baf3945f2eec39927e2c02396febefc8f4854d"",""action"":""deleted fully-main-contained ref after verified merge tree and postmerge gates"",""main"":""5c2e0bb28f062481ceaa625833c356096a43083f"",""successor"":""478 -> main"",""evidence"":""pr478-postmerge-prune-proof.json"",""timestamp"":""2026-10-05T22:06:38.302804+00:00""},""prState"":""MERGED"",""recoveryBundle"":""tdf-app-preprune.bundle""}"
audit/ux-calendar-authoritative-state-20260918,445,563dafa4240933ed7d615ad61cb3d38f000ada22,main,1 absent ref; source fully present in main,False,"{""sourceContainedInMain"":true,""sourceContainedInShippedRelease"":false,""initialSourceContainedInMain"":true,""initialSha"":""563dafa4240933ed7d615ad61cb3d38f000ada22"",""firstRecordedSha"":""563dafa4240933ed7d615ad61cb3d38f000ada22"",""currentSha"":null,""successorAncestry"":[499,498,497,496,495,493],""action"":{""repo"":""tdf-app"",""branch"":""audit/ux-calendar-authoritative-state-20260918"",""sha"":""563dafa4240933ed7d615ad61cb3d38f000ada22"",""action"":""deleted fully-main-contained ref"",""main"":""49f1f0ec087067d17f62d91df1b616eb053eb894"",""timestamp"":""2026-10-03T23:38:13.873615+00:00""},""prState"":""MERGED"",""recoveryBundle"":""tdf-app-preprune.bundle""}"
audit/ux-calendar-runtime-schema-20260918,444,9497be8f4da96159a492c7f290f6b6229095cff2,main,1 absent ref; source fully present in main,False,"{""sourceContainedInMain"":true,""sourceContainedInShippedRelease"":false,""initialSourceContainedInMain"":true,""initialSha"":""9497be8f4da96159a492c7f290f6b6229095cff2"",""firstRecordedSha"":""9497be8f4da96159a492c7f290f6b6229095cff2"",""currentSha"":null,""successorAncestry"":[499,498,497,496,495,493],""action"":{""repo"":""tdf-app"",""branch"":""audit/ux-calendar-runtime-schema-20260918"",""sha"":""9497be8f4da96159a492c7f290f6b6229095cff2"",""action"":""deleted fully-main-contained ref"",""main"":""49f1f0ec087067d17f62d91df1b616eb053eb894"",""timestamp"":""2026-10-03T23:38:13.873622+00:00""},""prState"":""MERGED"",""recoveryBundle"":""tdf-app-preprune.bundle""}"
audit/ux-directory-entry-20260918,447,c7124f906ad88e2237dad6cb89ba62a2616501d5,main,1 absent ref; source fully present in main,False,"{""sourceContainedInMain"":true,""sourceContainedInShippedRelease"":false,""initialSourceContainedInMain"":true,""initialSha"":""c7124f906ad88e2237dad6cb89ba62a2616501d5"",""firstRecordedSha"":""c7124f906ad88e2237dad6cb89ba62a2616501d5"",""currentSha"":null,""successorAncestry"":[499,498,497,496,495,493],""action"":{""repo"":""tdf-app"",""branch"":""audit/ux-directory-entry-20260918"",""sha"":""c7124f906ad88e2237dad6cb89ba62a2616501d5"",""action"":""deleted fully-main-contained ref"",""main"":""49f1f0ec087067d17f62d91df1b616eb053eb894"",""timestamp"":""2026-10-03T23:38:13.873627+00:00""},""prState"":""MERGED"",""recoveryBundle"":""tdf-app-preprune.bundle""}"
audit/ux-directory-language-20260918,448,d073042dfef08a9a97c21d18dc5dafe9726e522d,main,1 absent ref; source fully present in main,False,"{""sourceContainedInMain"":true,""sourceContainedInShippedRelease"":false,""initialSourceContainedInMain"":true,""initialSha"":""d073042dfef08a9a97c21d18dc5dafe9726e522d"",""firstRecordedSha"":""d073042dfef08a9a97c21d18dc5dafe9726e522d"",""currentSha"":null,""successorAncestry"":[499,498,497,496,495,493],""action"":{""repo"":""tdf-app"",""branch"":""audit/ux-directory-language-20260918"",""sha"":""d073042dfef08a9a97c21d18dc5dafe9726e522d"",""action"":""deleted fully-main-contained ref"",""main"":""49f1f0ec087067d17f62d91df1b616eb053eb894"",""timestamp"":""2026-10-03T23:38:13.873630+00:00""},""prState"":""MERGED"",""recoveryBundle"":""tdf-app-preprune.bundle""}"
audit/ux-experiment-contract-20260918,431,2ae5e779b1b92e746a45590bd0171b7099458776,main,1 absent ref; source fully present in main,False,"{""sourceContainedInMain"":true,""sourceContainedInShippedRelease"":false,""initialSourceContainedInMain"":true,""initialSha"":""2ae5e779b1b92e746a45590bd0171b7099458776"",""firstRecordedSha"":""2ae5e779b1b92e746a45590bd0171b7099458776"",""currentSha"":null,""successorAncestry"":[499,498,497,496,495,493],""action"":{""repo"":""tdf-app"",""branch"":""audit/ux-experiment-contract-20260918"",""sha"":""2ae5e779b1b92e746a45590bd0171b7099458776"",""action"":""deleted fully-main-contained ref"",""main"":""49f1f0ec087067d17f62d91df1b616eb053eb894"",""timestamp"":""2026-10-03T23:38:13.873638+00:00""},""prState"":""MERGED"",""recoveryBundle"":""tdf-app-preprune.bundle""}"
audit/ux-marketplace-storage-20260918,450,585003b6e7d011ea8c00ce0f56980ef7faa0ff8e,main,1 absent ref; source fully present in main,False,"{""sourceContainedInMain"":true,""sourceContainedInShippedRelease"":false,""initialSourceContainedInMain"":true,""initialSha"":""585003b6e7d011ea8c00ce0f56980ef7faa0ff8e"",""firstRecordedSha"":""585003b6e7d011ea8c00ce0f56980ef7faa0ff8e"",""currentSha"":null,""successorAncestry"":[499,498,497,496,495,493],""action"":{""repo"":""tdf-app"",""branch"":""audit/ux-marketplace-storage-20260918"",""sha"":""585003b6e7d011ea8c00ce0f56980ef7faa0ff8e"",""action"":""deleted fully-main-contained ref"",""main"":""49f1f0ec087067d17f62d91df1b616eb053eb894"",""timestamp"":""2026-10-03T23:38:13.873642+00:00""},""prState"":""MERGED"",""recoveryBundle"":""tdf-app-preprune.bundle""}"
audit/ux-native-release-20260918,454,33efe613f45a0a14208795591d5972a9e538e9a4,main,1 absent ref; source fully present in main,False,"{""sourceContainedInMain"":true,""sourceContainedInShippedRelease"":false,""initialSourceContainedInMain"":true,""initialSha"":""33efe613f45a0a14208795591d5972a9e538e9a4"",""firstRecordedSha"":""33efe613f45a0a14208795591d5972a9e538e9a4"",""currentSha"":null,""successorAncestry"":[499,498,497,496,495,493],""action"":{""repo"":""tdf-app"",""branch"":""audit/ux-native-release-20260918"",""sha"":""33efe613f45a0a14208795591d5972a9e538e9a4"",""action"":""deleted fully-main-contained ref"",""main"":""49f1f0ec087067d17f62d91df1b616eb053eb894"",""timestamp"":""2026-10-03T23:38:13.873648+00:00""},""prState"":""MERGED"",""recoveryBundle"":""tdf-app-preprune.bundle""}"
audit/ux-native-tab-release-20260918,435,de177c8589014dc394cd9af465e43be10ae1f744,main,1 absent ref; source fully present in main,False,"{""sourceContainedInMain"":true,""sourceContainedInShippedRelease"":false,""initialSourceContainedInMain"":true,""initialSha"":""de177c8589014dc394cd9af465e43be10ae1f744"",""firstRecordedSha"":""de177c8589014dc394cd9af465e43be10ae1f744"",""currentSha"":null,""successorAncestry"":[499,498,497,496,495,493],""action"":{""repo"":""tdf-app"",""branch"":""audit/ux-native-tab-release-20260918"",""sha"":""de177c8589014dc394cd9af465e43be10ae1f744"",""action"":""deleted fully-main-contained ref"",""main"":""49f1f0ec087067d17f62d91df1b616eb053eb894"",""timestamp"":""2026-10-03T23:38:13.873653+00:00""},""prState"":""MERGED"",""recoveryBundle"":""tdf-app-preprune.bundle""}"
audit/ux-navigation-concurrency-20260918,432,9213b1334aca9b34f377790ed992b869185483c8,main,1 absent ref; source fully present in main,False,"{""sourceContainedInMain"":true,""sourceContainedInShippedRelease"":false,""initialSourceContainedInMain"":true,""initialSha"":""9213b1334aca9b34f377790ed992b869185483c8"",""firstRecordedSha"":""9213b1334aca9b34f377790ed992b869185483c8"",""currentSha"":null,""successorAncestry"":[499,498,497,496,495,493],""action"":{""repo"":""tdf-app"",""branch"":""audit/ux-navigation-concurrency-20260918"",""sha"":""9213b1334aca9b34f377790ed992b869185483c8"",""action"":""deleted fully-main-contained ref"",""main"":""49f1f0ec087067d17f62d91df1b616eb053eb894"",""timestamp"":""2026-10-03T23:38:13.873657+00:00""},""prState"":""MERGED"",""recoveryBundle"":""tdf-app-preprune.bundle""}"
audit/ux-operational-20260918,429,2fb19e8635e5a46e0d31093ed2e9b40dc9bf7b91,main,1 absent ref; source fully present in main,False,"{""sourceContainedInMain"":true,""sourceContainedInShippedRelease"":false,""initialSourceContainedInMain"":true,""initialSha"":""2fb19e8635e5a46e0d31093ed2e9b40dc9bf7b91"",""firstRecordedSha"":""2fb19e8635e5a46e0d31093ed2e9b40dc9bf7b91"",""currentSha"":null,""successorAncestry"":[499,498,497,496,495,493],""action"":{""repo"":""tdf-app"",""branch"":""audit/ux-operational-20260918"",""sha"":""2fb19e8635e5a46e0d31093ed2e9b40dc9bf7b91"",""action"":""deleted fully-main-contained ref"",""main"":""49f1f0ec087067d17f62d91df1b616eb053eb894"",""timestamp"":""2026-10-03T23:38:13.873663+00:00""},""prState"":""MERGED"",""recoveryBundle"":""tdf-app-preprune.bundle""}"
audit/ux-provider-rollback-guard-20260918,438,35172083af75f9c7530624173d82819252e25d1a,main,1 absent ref; source fully present in main,False,"{""sourceContainedInMain"":true,""sourceContainedInShippedRelease"":false,""initialSourceContainedInMain"":true,""initialSha"":""35172083af75f9c7530624173d82819252e25d1a"",""firstRecordedSha"":""35172083af75f9c7530624173d82819252e25d1a"",""currentSha"":null,""successorAncestry"":[499,498,497,496,495,493],""action"":{""repo"":""tdf-app"",""branch"":""audit/ux-provider-rollback-guard-20260918"",""sha"":""35172083af75f9c7530624173d82819252e25d1a"",""action"":""deleted fully-main-contained ref"",""main"":""49f1f0ec087067d17f62d91df1b616eb053eb894"",""timestamp"":""2026-10-03T23:38:13.873668+00:00""},""prState"":""MERGED"",""recoveryBundle"":""tdf-app-preprune.bundle""}"
audit/ux-public-data-latency-20260918,443,1d4143f7809f416317d858ad4161580c1dd125e1,main,1 absent ref; source fully present in main,False,"{""sourceContainedInMain"":true,""sourceContainedInShippedRelease"":false,""initialSourceContainedInMain"":true,""initialSha"":""1d4143f7809f416317d858ad4161580c1dd125e1"",""firstRecordedSha"":""1d4143f7809f416317d858ad4161580c1dd125e1"",""currentSha"":null,""successorAncestry"":[499,498,497,496,495,493],""action"":{""repo"":""tdf-app"",""branch"":""audit/ux-public-data-latency-20260918"",""sha"":""1d4143f7809f416317d858ad4161580c1dd125e1"",""action"":""deleted fully-main-contained ref"",""main"":""49f1f0ec087067d17f62d91df1b616eb053eb894"",""timestamp"":""2026-10-03T23:38:13.873673+00:00""},""prState"":""MERGED"",""recoveryBundle"":""tdf-app-preprune.bundle""}"
audit/ux-public-loading-labels-20260918,442,1aa708a00e870b17e0d32576b2247fb9a1156719,main,1 absent ref; source fully present in main,False,"{""sourceContainedInMain"":true,""sourceContainedInShippedRelease"":false,""initialSourceContainedInMain"":true,""initialSha"":""1aa708a00e870b17e0d32576b2247fb9a1156719"",""firstRecordedSha"":""1aa708a00e870b17e0d32576b2247fb9a1156719"",""currentSha"":null,""successorAncestry"":[499,498,497,496,495,493],""action"":{""repo"":""tdf-app"",""branch"":""audit/ux-public-loading-labels-20260918"",""sha"":""1aa708a00e870b17e0d32576b2247fb9a1156719"",""action"":""deleted fully-main-contained ref"",""main"":""49f1f0ec087067d17f62d91df1b616eb053eb894"",""timestamp"":""2026-10-03T23:38:13.873681+00:00""},""prState"":""MERGED"",""recoveryBundle"":""tdf-app-preprune.bundle""}"
audit/ux-public-text-reflow-20260918,446,f92b9947d12a3701aff9f38c9abcc77656e01413,main,1 absent ref; source fully present in main,False,"{""sourceContainedInMain"":true,""sourceContainedInShippedRelease"":false,""initialSourceContainedInMain"":true,""initialSha"":""f92b9947d12a3701aff9f38c9abcc77656e01413"",""firstRecordedSha"":""f92b9947d12a3701aff9f38c9abcc77656e01413"",""currentSha"":null,""successorAncestry"":[499,498,497,496,495,493],""action"":{""repo"":""tdf-app"",""branch"":""audit/ux-public-text-reflow-20260918"",""sha"":""f92b9947d12a3701aff9f38c9abcc77656e01413"",""action"":""deleted fully-main-contained ref"",""main"":""49f1f0ec087067d17f62d91df1b616eb053eb894"",""timestamp"":""2026-10-03T23:38:13.873685+00:00""},""prState"":""MERGED"",""recoveryBundle"":""tdf-app-preprune.bundle""}"
audit/ux-release-integration-20260918,449,23d5388320583f0c756f6426516649c69b6b118e,main,1 absent ref; source fully present in main,False,"{""sourceContainedInMain"":true,""sourceContainedInShippedRelease"":false,""initialSourceContainedInMain"":true,""initialSha"":""23d5388320583f0c756f6426516649c69b6b118e"",""firstRecordedSha"":""23d5388320583f0c756f6426516649c69b6b118e"",""currentSha"":null,""successorAncestry"":[499,498,497,496,495,493],""action"":{""repo"":""tdf-app"",""branch"":""audit/ux-release-integration-20260918"",""sha"":""23d5388320583f0c756f6426516649c69b6b118e"",""action"":""deleted fully-main-contained ref"",""main"":""49f1f0ec087067d17f62d91df1b616eb053eb894"",""timestamp"":""2026-10-03T23:38:13.873693+00:00""},""prState"":""MERGED"",""recoveryBundle"":""tdf-app-preprune.bundle""}"
audit/ux-remaining-coverage-20260918,433,dabb773a25d56b567c95ee14a06216b40588fe04,main,1 absent ref; source fully present in main,False,"{""sourceContainedInMain"":true,""sourceContainedInShippedRelease"":false,""initialSourceContainedInMain"":true,""initialSha"":""dabb773a25d56b567c95ee14a06216b40588fe04"",""firstRecordedSha"":""dabb773a25d56b567c95ee14a06216b40588fe04"",""currentSha"":null,""successorAncestry"":[499,498,497,496,495,493],""action"":{""repo"":""tdf-app"",""branch"":""audit/ux-remaining-coverage-20260918"",""sha"":""dabb773a25d56b567c95ee14a06216b40588fe04"",""action"":""deleted fully-main-contained ref"",""main"":""49f1f0ec087067d17f62d91df1b616eb053eb894"",""timestamp"":""2026-10-03T23:38:13.873701+00:00""},""prState"":""MERGED"",""recoveryBundle"":""tdf-app-preprune.bundle""}"
audit/ux-remaining-storage-boundaries-20260918,,dd9633c1de19568b0f4096d85b9f452f06c1ef1b,main,1 absent ref; source fully present in main,False,"{""sourceContainedInMain"":true,""sourceContainedInShippedRelease"":false,""initialSourceContainedInMain"":true,""initialSha"":""dd9633c1de19568b0f4096d85b9f452f06c1ef1b"",""firstRecordedSha"":""dd9633c1de19568b0f4096d85b9f452f06c1ef1b"",""currentSha"":null,""successorAncestry"":[499,498,497,496,495,493],""action"":{""repo"":""tdf-app"",""branch"":""audit/ux-remaining-storage-boundaries-20260918"",""sha"":""dd9633c1de19568b0f4096d85b9f452f06c1ef1b"",""action"":""deleted fully-main-contained ref"",""main"":""49f1f0ec087067d17f62d91df1b616eb053eb894"",""timestamp"":""2026-10-03T23:38:13.873705+00:00""},""prState"":null,""recoveryBundle"":""tdf-app-preprune.bundle""}"
audit/ux-static-policy-accessibility-20260918,440,8f19726548c57df47ad2666def486a13d66fdf38,main,1 absent ref; source fully present in main,False,"{""sourceContainedInMain"":true,""sourceContainedInShippedRelease"":false,""initialSourceContainedInMain"":true,""initialSha"":""8f19726548c57df47ad2666def486a13d66fdf38"",""firstRecordedSha"":""8f19726548c57df47ad2666def486a13d66fdf38"",""currentSha"":null,""successorAncestry"":[499,498,497,496,495,493],""action"":{""repo"":""tdf-app"",""branch"":""audit/ux-static-policy-accessibility-20260918"",""sha"":""8f19726548c57df47ad2666def486a13d66fdf38"",""action"":""deleted fully-main-contained ref"",""main"":""49f1f0ec087067d17f62d91df1b616eb053eb894"",""timestamp"":""2026-10-03T23:38:13.873712+00:00""},""prState"":""MERGED"",""recoveryBundle"":""tdf-app-preprune.bundle""}"
audit/ux-ui-complete-20260917,421,19d8dc830b65b58ccbeb274a41710c6cc95a0d51,main,1 absent ref; source fully present in main,False,"{""sourceContainedInMain"":true,""sourceContainedInShippedRelease"":false,""initialSourceContainedInMain"":true,""initialSha"":""19d8dc830b65b58ccbeb274a41710c6cc95a0d51"",""firstRecordedSha"":""19d8dc830b65b58ccbeb274a41710c6cc95a0d51"",""currentSha"":null,""successorAncestry"":[499,498,497,496,495,493],""action"":{""repo"":""tdf-app"",""branch"":""audit/ux-ui-complete-20260917"",""sha"":""19d8dc830b65b58ccbeb274a41710c6cc95a0d51"",""action"":""deleted fully-main-contained ref"",""main"":""49f1f0ec087067d17f62d91df1b616eb053eb894"",""timestamp"":""2026-10-03T23:38:13.873716+00:00""},""prState"":""MERGED"",""recoveryBundle"":""tdf-app-preprune.bundle""}"
chore/event-catalog-stale-reconciliation,417,ea79b46addea67087c85c03ea6f9c29d45ca19da,main,1 absent ref; source fully present in main,False,"{""sourceContainedInMain"":true,""sourceContainedInShippedRelease"":false,""initialSourceContainedInMain"":true,""initialSha"":""ea79b46addea67087c85c03ea6f9c29d45ca19da"",""firstRecordedSha"":""ea79b46addea67087c85c03ea6f9c29d45ca19da"",""currentSha"":null,""successorAncestry"":[499,498,497,496,495,493],""action"":{""repo"":""tdf-app"",""branch"":""chore/event-catalog-stale-reconciliation"",""sha"":""ea79b46addea67087c85c03ea6f9c29d45ca19da"",""action"":""deleted fully-main-contained ref"",""main"":""b07f67c3ebe2022d5f70e94578944b6401616696"",""timestamp"":""2026-10-04T04:35:31.557467+00:00""},""prState"":""CLOSED"",""recoveryBundle"":""tdf-app-preprune.bundle""}"
chore/event-operations-catalog-review,416,d5505e2731d395cc2a5859d215e36ffda9e88138,main,1 absent ref; source fully present in main,False,"{""sourceContainedInMain"":true,""sourceContainedInShippedRelease"":false,""initialSourceContainedInMain"":true,""initialSha"":""d5505e2731d395cc2a5859d215e36ffda9e88138"",""firstRecordedSha"":""d5505e2731d395cc2a5859d215e36ffda9e88138"",""currentSha"":null,""successorAncestry"":[499,498,497,496,495,493],""action"":{""repo"":""tdf-app"",""branch"":""chore/event-operations-catalog-review"",""sha"":""d5505e2731d395cc2a5859d215e36ffda9e88138"",""action"":""deleted fully-main-contained ref"",""main"":""b07f67c3ebe2022d5f70e94578944b6401616696"",""timestamp"":""2026-10-04T04:35:31.557473+00:00""},""prState"":""CLOSED"",""recoveryBundle"":""tdf-app-preprune.bundle""}"
chore/mobile-analytics-rollout-20261005,486,559f8fe63ca023f61675997330a6706b4f4277c0,d084416ac7458ae984bbc2512d4e6dda149a6aa8,1 absent ref; source fully present in main,False,"{""sourceContainedInMain"":true,""sourceContainedInShippedRelease"":false,""initialSourceContainedInMain"":true,""initialSha"":null,""firstRecordedSha"":""559f8fe63ca023f61675997330a6706b4f4277c0"",""currentSha"":null,""successorAncestry"":[499,495],""action"":{""repo"":""tdf-app"",""branch"":""chore/mobile-analytics-rollout-20261005"",""sha"":""559f8fe63ca023f61675997330a6706b4f4277c0"",""pr"":486,""action"":""deleted fully-main-contained ref after verified merge tree and postmerge gates"",""successor"":""d084416ac7458ae984bbc2512d4e6dda149a6aa8"",""at"":""2026-10-06T03:53:00.571047+00:00"",""evidence"":{""sourceTreeEqualsMerge"":true,""mergeContainedInMain"":""5dc869c7b5b31b52a39ee0dbdacb00a861020cdd"",""postMergeRuns"":[{""conclusion"":""success"",""databaseId"":37404262613,""name"":""Build Image"",""status"":""completed""},{""conclusion"":""success"",""databaseId"":37404262342,""name"":""Social formal and persistence verification"",""status"":""completed""},{""conclusion"":""success"",""databaseId"":37404262319,""name"":""CI Safe Install"",""status"":""completed""},{""conclusion"":""cancelled"",""databaseId"":37404262323,""name"":""Main integration admission"",""status"":""completed""},{""conclusion"":""success"",""databaseId"":37404262312,""name"":""Run Datadog Synthetic tests"",""status"":""completed""},{""conclusion"":""success"",""databaseId"":37404262300,""name"":""Universal interaction verification"",""status"":""completed""},{""conclusion"":""success"",""databaseId"":37404262361,""name"":""Catalog list authority"",""status"":""completed""},{""conclusion"":""success"",""databaseId"":37404262248,""name"":""Event operations verification"",""status"":""completed""}],""bundle"":""/private/tmp/tdf-current-audit-20261003/privacy486-retired.bundle"",""noOpenHeadOrBaseDependency"":true,""expectedSHALease"":true,""metadataAdmissionCancelled"":true}},""prState"":""MERGED"",""recoveryBundle"":""tdf-app-preprune.bundle""}"
chore/mobile-distribution-verified-20261005,481,9f454de68e6248974402e3bc9f3846150c06e9e1,main,1 absent ref; source fully present in main,False,"{""sourceContainedInMain"":true,""sourceContainedInShippedRelease"":false,""initialSourceContainedInMain"":true,""initialSha"":null,""firstRecordedSha"":""9f454de68e6248974402e3bc9f3846150c06e9e1"",""currentSha"":null,""successorAncestry"":[499,498,497,496,495,493],""action"":{""repo"":""tdf-app"",""branch"":""chore/mobile-distribution-verified-20261005"",""sha"":""9f454de68e6248974402e3bc9f3846150c06e9e1"",""action"":""deleted fully-main-contained ref after verified merge tree and postmerge gates"",""main"":""259148d2af3b511dd7d011534e024014c90dfb15"",""evidence"":""distribution481-prune-proof.json"",""timestamp"":""2026-10-05T06:45:23.620038+00:00""},""prState"":""MERGED"",""recoveryBundle"":""tdf-app-preprune.bundle""}"
codex/event-ingestion-boundaries-20260927,463,a125a347cacb8d941a515171e2a81d4c92f2c2d2,main,1 absent ref; source fully present in main,False,"{""sourceContainedInMain"":true,""sourceContainedInShippedRelease"":false,""initialSourceContainedInMain"":true,""initialSha"":""a125a347cacb8d941a515171e2a81d4c92f2c2d2"",""firstRecordedSha"":""a125a347cacb8d941a515171e2a81d4c92f2c2d2"",""currentSha"":null,""successorAncestry"":[499,498,497,496,495,493],""action"":{""repo"":""tdf-app"",""branch"":""codex/event-ingestion-boundaries-20260927"",""sha"":""a125a347cacb8d941a515171e2a81d4c92f2c2d2"",""action"":""deleted fully-main-contained ref"",""main"":""b07f67c3ebe2022d5f70e94578944b6401616696"",""timestamp"":""2026-10-04T04:35:31.557483+00:00""},""prState"":""CLOSED"",""recoveryBundle"":""tdf-app-preprune.bundle""}"
codex/event-ingestion-editorial-20260928,464,fdfcd7e4a78273c0e010f5515c061ee4086d26b7,main,1 absent ref; source fully present in main,False,"{""sourceContainedInMain"":true,""sourceContainedInShippedRelease"":false,""initialSourceContainedInMain"":true,""initialSha"":""fdfcd7e4a78273c0e010f5515c061ee4086d26b7"",""firstRecordedSha"":""fdfcd7e4a78273c0e010f5515c061ee4086d26b7"",""currentSha"":null,""successorAncestry"":[499,498,497,496,495,493],""action"":{""repo"":""tdf-app"",""branch"":""codex/event-ingestion-editorial-20260928"",""sha"":""fdfcd7e4a78273c0e010f5515c061ee4086d26b7"",""action"":""deleted fully-main-contained ref"",""main"":""b07f67c3ebe2022d5f70e94578944b6401616696"",""timestamp"":""2026-10-04T04:35:31.557489+00:00""},""prState"":""CLOSED"",""recoveryBundle"":""tdf-app-preprune.bundle""}"
codex/hetzner-cutover-evidence-20260928,468,c4a5f31102c7a5ed55ae86c856a9c40c9f20492e,main,1 absent ref; source fully present in main,False,"{""sourceContainedInMain"":true,""sourceContainedInShippedRelease"":false,""initialSourceContainedInMain"":true,""initialSha"":""cd915b8c456d32517fdecb898de6505e4ca06ce8"",""firstRecordedSha"":""cd915b8c456d32517fdecb898de6505e4ca06ce8"",""currentSha"":null,""successorAncestry"":[499,498,497,496,495,493],""action"":{""repo"":""tdf-app"",""branch"":""codex/hetzner-cutover-evidence-20260928"",""sha"":""c4a5f31102c7a5ed55ae86c856a9c40c9f20492e"",""action"":""deleted fully-main-contained ref after verified merge tree and postmerge gates"",""main"":""c0a154cd4cbfcd3a5dc5167634be30b7691803cc"",""evidence"":""pr468-postmerge-prune-proof.json"",""timestamp"":""2026-10-05T18:29:51.240863+00:00""},""prState"":""MERGED"",""recoveryBundle"":""tdf-app-preprune.bundle""}"
codex/payment-capture-replay-integrity-20260915,378,c8ef56f404dc12f5311635214549221a7090ea70,414 -> main,8 removed after verified #414 integration,False,"{""sourceContainedInMain"":true,""sourceContainedInShippedRelease"":false,""initialSourceContainedInMain"":true,""initialSha"":""c8ef56f404dc12f5311635214549221a7090ea70"",""firstRecordedSha"":""c8ef56f404dc12f5311635214549221a7090ea70"",""currentSha"":null,""successorAncestry"":[499,498,497,496,495,493],""action"":{""repo"":""tdf-app"",""branch"":""codex/payment-capture-replay-integrity-20260915"",""sha"":""c8ef56f404dc12f5311635214549221a7090ea70"",""action"":""deleted fully-main-contained ref"",""main"":""fdac8e76523befee1603f49f6c7cf7d00762931b"",""timestamp"":""2026-10-05T01:49:10.119528+00:00""},""prState"":""CLOSED"",""recoveryBundle"":""tdf-app-preprune.bundle""}"
codex/payment-checkout-surfaces-20260914,334,70823741bd33ed713cb2e703f812a884ad8ba1e7,414 -> main,8 removed after verified #414 integration,False,"{""sourceContainedInMain"":true,""sourceContainedInShippedRelease"":false,""initialSourceContainedInMain"":true,""initialSha"":""70823741bd33ed713cb2e703f812a884ad8ba1e7"",""firstRecordedSha"":""70823741bd33ed713cb2e703f812a884ad8ba1e7"",""currentSha"":null,""successorAncestry"":[499,498,497,496,495,493],""action"":{""repo"":""tdf-app"",""branch"":""codex/payment-checkout-surfaces-20260914"",""sha"":""70823741bd33ed713cb2e703f812a884ad8ba1e7"",""action"":""deleted fully-main-contained ref"",""main"":""fdac8e76523befee1603f49f6c7cf7d00762931b"",""timestamp"":""2026-10-05T01:49:10.120103+00:00""},""prState"":""CLOSED"",""recoveryBundle"":""tdf-app-preprune.bundle""}"
codex/payment-closed-checkout-evidence-20260915,380,9d0d84dbb4e5afafbfda7f0074421246926fd98d,414 -> main,8 removed after verified #414 integration,False,"{""sourceContainedInMain"":true,""sourceContainedInShippedRelease"":false,""initialSourceContainedInMain"":true,""initialSha"":""9d0d84dbb4e5afafbfda7f0074421246926fd98d"",""firstRecordedSha"":""9d0d84dbb4e5afafbfda7f0074421246926fd98d"",""currentSha"":null,""successorAncestry"":[499,498,497,496,495,493],""action"":{""repo"":""tdf-app"",""branch"":""codex/payment-closed-checkout-evidence-20260915"",""sha"":""9d0d84dbb4e5afafbfda7f0074421246926fd98d"",""action"":""deleted fully-main-contained ref"",""main"":""fdac8e76523befee1603f49f6c7cf7d00762931b"",""timestamp"":""2026-10-05T01:49:10.120111+00:00""},""prState"":""CLOSED"",""recoveryBundle"":""tdf-app-preprune.bundle""}"
codex/payment-held-refund-query-20260916,408,365561aecff57e76d38cb0e98217a34f1d642ff4,414 -> main,8 removed after verified #414 integration,False,"{""sourceContainedInMain"":true,""sourceContainedInShippedRelease"":false,""initialSourceContainedInMain"":true,""initialSha"":""365561aecff57e76d38cb0e98217a34f1d642ff4"",""firstRecordedSha"":""365561aecff57e76d38cb0e98217a34f1d642ff4"",""currentSha"":null,""successorAncestry"":[499,498,497,496,495,493],""action"":{""repo"":""tdf-app"",""branch"":""codex/payment-held-refund-query-20260916"",""sha"":""365561aecff57e76d38cb0e98217a34f1d642ff4"",""action"":""deleted fully-main-contained ref"",""main"":""fdac8e76523befee1603f49f6c7cf7d00762931b"",""timestamp"":""2026-10-05T01:49:10.120120+00:00""},""prState"":""CLOSED"",""recoveryBundle"":""tdf-app-preprune.bundle""}"
codex/payment-http-boundary-20260914,350,aac15a69e9bc2e6de01652282d9da4012a0af067,414 -> main,8 removed after verified #414 integration,False,"{""sourceContainedInMain"":true,""sourceContainedInShippedRelease"":false,""initialSourceContainedInMain"":true,""initialSha"":""aac15a69e9bc2e6de01652282d9da4012a0af067"",""firstRecordedSha"":""aac15a69e9bc2e6de01652282d9da4012a0af067"",""currentSha"":null,""successorAncestry"":[499,498,497,496,495,493],""action"":{""repo"":""tdf-app"",""branch"":""codex/payment-http-boundary-20260914"",""sha"":""aac15a69e9bc2e6de01652282d9da4012a0af067"",""action"":""deleted fully-main-contained ref"",""main"":""fdac8e76523befee1603f49f6c7cf7d00762931b"",""timestamp"":""2026-10-05T01:49:10.120128+00:00""},""prState"":""CLOSED"",""recoveryBundle"":""tdf-app-preprune.bundle""}"
codex/payment-notification-identity-20260914,353,86a8ce38cd131bfcb1b3e3035fd9a3e3aea1d503,414 -> main,8 removed after verified #414 integration,False,"{""sourceContainedInMain"":true,""sourceContainedInShippedRelease"":false,""initialSourceContainedInMain"":true,""initialSha"":""86a8ce38cd131bfcb1b3e3035fd9a3e3aea1d503"",""firstRecordedSha"":""86a8ce38cd131bfcb1b3e3035fd9a3e3aea1d503"",""currentSha"":null,""successorAncestry"":[499,498,497,496,495,493],""action"":{""repo"":""tdf-app"",""branch"":""codex/payment-notification-identity-20260914"",""sha"":""86a8ce38cd131bfcb1b3e3035fd9a3e3aea1d503"",""action"":""deleted fully-main-contained ref"",""main"":""fdac8e76523befee1603f49f6c7cf7d00762931b"",""timestamp"":""2026-10-05T01:49:10.120135+00:00""},""prState"":""CLOSED"",""recoveryBundle"":""tdf-app-preprune.bundle""}"
codex/payment-notification-minimization-20260914,347,6bd0c9316f1816ccfc1873363787a99f33ff72e0,414 -> main,8 removed after verified #414 integration,False,"{""sourceContainedInMain"":true,""sourceContainedInShippedRelease"":false,""initialSourceContainedInMain"":true,""initialSha"":""6bd0c9316f1816ccfc1873363787a99f33ff72e0"",""firstRecordedSha"":""6bd0c9316f1816ccfc1873363787a99f33ff72e0"",""currentSha"":null,""successorAncestry"":[499,498,497,496,495,493],""action"":{""repo"":""tdf-app"",""branch"":""codex/payment-notification-minimization-20260914"",""sha"":""6bd0c9316f1816ccfc1873363787a99f33ff72e0"",""action"":""deleted fully-main-contained ref"",""main"":""fdac8e76523befee1603f49f6c7cf7d00762931b"",""timestamp"":""2026-10-05T01:49:10.120140+00:00""},""prState"":""CLOSED"",""recoveryBundle"":""tdf-app-preprune.bundle""}"
codex/payment-platform-20260911,331,e9c81a2a3977ab1f69c92e82805bdeff6550ea03,414 -> main,8 removed after verified #414 integration,False,"{""sourceContainedInMain"":true,""sourceContainedInShippedRelease"":false,""initialSourceContainedInMain"":true,""initialSha"":""e9c81a2a3977ab1f69c92e82805bdeff6550ea03"",""firstRecordedSha"":""e9c81a2a3977ab1f69c92e82805bdeff6550ea03"",""currentSha"":null,""successorAncestry"":[499,498,497,496,495,493],""action"":{""repo"":""tdf-app"",""branch"":""codex/payment-platform-20260911"",""sha"":""e9c81a2a3977ab1f69c92e82805bdeff6550ea03"",""action"":""deleted fully-main-contained ref"",""main"":""fdac8e76523befee1603f49f6c7cf7d00762931b"",""timestamp"":""2026-10-05T01:49:10.120146+00:00""},""prState"":""MERGED"",""recoveryBundle"":""tdf-app-preprune.bundle""}"
codex/payment-provider-execution-20260913,332,536964de601c5e031835781b3af07ff797cd249e,414 -> main,8 removed after verified #414 integration,False,"{""sourceContainedInMain"":true,""sourceContainedInShippedRelease"":false,""initialSourceContainedInMain"":true,""initialSha"":""536964de601c5e031835781b3af07ff797cd249e"",""firstRecordedSha"":""536964de601c5e031835781b3af07ff797cd249e"",""currentSha"":null,""successorAncestry"":[499,498,497,496,495,493],""action"":{""repo"":""tdf-app"",""branch"":""codex/payment-provider-execution-20260913"",""sha"":""536964de601c5e031835781b3af07ff797cd249e"",""action"":""deleted fully-main-contained ref"",""main"":""fdac8e76523befee1603f49f6c7cf7d00762931b"",""timestamp"":""2026-10-05T01:49:10.120152+00:00""},""prState"":""CLOSED"",""recoveryBundle"":""tdf-app-preprune.bundle""}"
codex/payment-reconciliation-atomicity-20260914,358,a5ba14f0be4e4f6da1df666b31dd6ae343afedab,414 -> main,8 removed after verified #414 integration,False,"{""sourceContainedInMain"":true,""sourceContainedInShippedRelease"":false,""initialSourceContainedInMain"":true,""initialSha"":""a5ba14f0be4e4f6da1df666b31dd6ae343afedab"",""firstRecordedSha"":""a5ba14f0be4e4f6da1df666b31dd6ae343afedab"",""currentSha"":null,""successorAncestry"":[499,498,497,496,495,493],""action"":{""repo"":""tdf-app"",""branch"":""codex/payment-reconciliation-atomicity-20260914"",""sha"":""a5ba14f0be4e4f6da1df666b31dd6ae343afedab"",""action"":""deleted fully-main-contained ref"",""main"":""fdac8e76523befee1603f49f6c7cf7d00762931b"",""timestamp"":""2026-10-05T01:49:10.120155+00:00""},""prState"":""CLOSED"",""recoveryBundle"":""tdf-app-preprune.bundle""}"
codex/payment-reconciliation-evidence-view-20260915,385,a64ea1b580faab59e547e3b307f74b0313d58866,414 -> main,8 removed after verified #414 integration,False,"{""sourceContainedInMain"":true,""sourceContainedInShippedRelease"":false,""initialSourceContainedInMain"":true,""initialSha"":""a64ea1b580faab59e547e3b307f74b0313d58866"",""firstRecordedSha"":""a64ea1b580faab59e547e3b307f74b0313d58866"",""currentSha"":null,""successorAncestry"":[499,498,497,496,495,493],""action"":{""repo"":""tdf-app"",""branch"":""codex/payment-reconciliation-evidence-view-20260915"",""sha"":""a64ea1b580faab59e547e3b307f74b0313d58866"",""action"":""deleted fully-main-contained ref"",""main"":""fdac8e76523befee1603f49f6c7cf7d00762931b"",""timestamp"":""2026-10-05T01:49:10.120159+00:00""},""prState"":""CLOSED"",""recoveryBundle"":""tdf-app-preprune.bundle""}"
codex/payment-reconciliation-safety-20260914,340,b8c0e38cdd365e7f977d5cf15f93c164ebfc2149,414 -> main,8 removed after verified #414 integration,False,"{""sourceContainedInMain"":true,""sourceContainedInShippedRelease"":false,""initialSourceContainedInMain"":true,""initialSha"":""b8c0e38cdd365e7f977d5cf15f93c164ebfc2149"",""firstRecordedSha"":""b8c0e38cdd365e7f977d5cf15f93c164ebfc2149"",""currentSha"":null,""successorAncestry"":[499,498,497,496,495,493],""action"":{""repo"":""tdf-app"",""branch"":""codex/payment-reconciliation-safety-20260914"",""sha"":""b8c0e38cdd365e7f977d5cf15f93c164ebfc2149"",""action"":""deleted fully-main-contained ref"",""main"":""fdac8e76523befee1603f49f6c7cf7d00762931b"",""timestamp"":""2026-10-05T01:49:10.120163+00:00""},""prState"":""CLOSED"",""recoveryBundle"":""tdf-app-preprune.bundle""}"
codex/payment-reconciliation-worker-20260915,363,139a45102c4b715cc8762b5653d0a2db061b167c,414 -> main,8 removed after verified #414 integration,False,"{""sourceContainedInMain"":true,""sourceContainedInShippedRelease"":false,""initialSourceContainedInMain"":true,""initialSha"":""139a45102c4b715cc8762b5653d0a2db061b167c"",""firstRecordedSha"":""139a45102c4b715cc8762b5653d0a2db061b167c"",""currentSha"":null,""successorAncestry"":[499,498,497,496,495,493],""action"":{""repo"":""tdf-app"",""branch"":""codex/payment-reconciliation-worker-20260915"",""sha"":""139a45102c4b715cc8762b5653d0a2db061b167c"",""action"":""deleted fully-main-contained ref"",""main"":""fdac8e76523befee1603f49f6c7cf7d00762931b"",""timestamp"":""2026-10-05T01:49:10.120168+00:00""},""prState"":""CLOSED"",""recoveryBundle"":""tdf-app-preprune.bundle""}"
codex/payment-recovery-observability-20260915,374,c19c4f5d87abdb5a9b3e935e79af2238fdb99c43,414 -> main,8 removed after verified #414 integration,False,"{""sourceContainedInMain"":true,""sourceContainedInShippedRelease"":false,""initialSourceContainedInMain"":true,""initialSha"":""c19c4f5d87abdb5a9b3e935e79af2238fdb99c43"",""firstRecordedSha"":""c19c4f5d87abdb5a9b3e935e79af2238fdb99c43"",""currentSha"":null,""successorAncestry"":[499,498,497,496,495,493],""action"":{""repo"":""tdf-app"",""branch"":""codex/payment-recovery-observability-20260915"",""sha"":""c19c4f5d87abdb5a9b3e935e79af2238fdb99c43"",""action"":""deleted fully-main-contained ref"",""main"":""fdac8e76523befee1603f49f6c7cf7d00762931b"",""timestamp"":""2026-10-05T01:49:10.120171+00:00""},""prState"":""CLOSED"",""recoveryBundle"":""tdf-app-preprune.bundle""}"
codex/payment-refund-execution-safety-20260916,396,20566eab9e99685983beac359f2462386e59f8f7,414 -> main,8 removed after verified #414 integration,False,"{""sourceContainedInMain"":true,""sourceContainedInShippedRelease"":false,""initialSourceContainedInMain"":true,""initialSha"":""20566eab9e99685983beac359f2462386e59f8f7"",""firstRecordedSha"":""20566eab9e99685983beac359f2462386e59f8f7"",""currentSha"":null,""successorAncestry"":[499,498,497,496,495,493],""action"":{""repo"":""tdf-app"",""branch"":""codex/payment-refund-execution-safety-20260916"",""sha"":""20566eab9e99685983beac359f2462386e59f8f7"",""action"":""deleted fully-main-contained ref"",""main"":""fdac8e76523befee1603f49f6c7cf7d00762931b"",""timestamp"":""2026-10-05T01:49:10.120174+00:00""},""prState"":""CLOSED"",""recoveryBundle"":""tdf-app-preprune.bundle""}"
codex/payment-refund-reconciliation-20260916,401,66fa88e90c80866e0090761addfabd9f1e817cc2,414 -> main,8 removed after verified #414 integration,False,"{""sourceContainedInMain"":true,""sourceContainedInShippedRelease"":false,""initialSourceContainedInMain"":true,""initialSha"":""66fa88e90c80866e0090761addfabd9f1e817cc2"",""firstRecordedSha"":""66fa88e90c80866e0090761addfabd9f1e817cc2"",""currentSha"":null,""successorAncestry"":[499,498,497,496,495,493],""action"":{""repo"":""tdf-app"",""branch"":""codex/payment-refund-reconciliation-20260916"",""sha"":""66fa88e90c80866e0090761addfabd9f1e817cc2"",""action"":""deleted fully-main-contained ref"",""main"":""fdac8e76523befee1603f49f6c7cf7d00762931b"",""timestamp"":""2026-10-05T01:49:10.120177+00:00""},""prState"":""CLOSED"",""recoveryBundle"":""tdf-app-preprune.bundle""}"
codex/payment-stack-integration-20260915,389,824e1e9aeaa99d399c31bc5755c4967c03cb17fc,414 -> main,8 removed after verified #414 integration,False,"{""sourceContainedInMain"":true,""sourceContainedInShippedRelease"":false,""initialSourceContainedInMain"":true,""initialSha"":""824e1e9aeaa99d399c31bc5755c4967c03cb17fc"",""firstRecordedSha"":""824e1e9aeaa99d399c31bc5755c4967c03cb17fc"",""currentSha"":null,""successorAncestry"":[499,498,497,496,495,493],""action"":{""repo"":""tdf-app"",""branch"":""codex/payment-stack-integration-20260915"",""sha"":""824e1e9aeaa99d399c31bc5755c4967c03cb17fc"",""action"":""deleted fully-main-contained ref"",""main"":""fdac8e76523befee1603f49f6c7cf7d00762931b"",""timestamp"":""2026-10-05T01:49:10.120181+00:00""},""prState"":""CLOSED"",""recoveryBundle"":""tdf-app-preprune.bundle""}"
codex/payment-stack-integration-20260916,414,e2d180a8c8fcfb588f86e357b852fc0496dac8cb,main,1 absent ref; source fully present in main,False,"{""sourceContainedInMain"":true,""sourceContainedInShippedRelease"":false,""initialSourceContainedInMain"":true,""initialSha"":""4ff7109a378d640a179601fd0ad88b38f3074526"",""firstRecordedSha"":""4ff7109a378d640a179601fd0ad88b38f3074526"",""currentSha"":null,""successorAncestry"":[499,498,497,496,495,493],""action"":{""repo"":""tdf-app"",""branch"":""codex/payment-stack-integration-20260916"",""sha"":""e2d180a8c8fcfb588f86e357b852fc0496dac8cb"",""action"":""deleted fully-main-contained ref"",""main"":""fdac8e76523befee1603f49f6c7cf7d00762931b"",""timestamp"":""2026-10-05T01:49:10.120184+00:00""},""prState"":""MERGED"",""recoveryBundle"":""tdf-app-preprune.bundle""}"
codex/payment-staging-qualification-20260914,344,0081b6b03bd58716090c57d936f31a364e944522,414 -> main,8 removed after verified #414 integration,False,"{""sourceContainedInMain"":true,""sourceContainedInShippedRelease"":false,""initialSourceContainedInMain"":true,""initialSha"":""0081b6b03bd58716090c57d936f31a364e944522"",""firstRecordedSha"":""0081b6b03bd58716090c57d936f31a364e944522"",""currentSha"":null,""successorAncestry"":[499,498,497,496,495,493],""action"":{""repo"":""tdf-app"",""branch"":""codex/payment-staging-qualification-20260914"",""sha"":""0081b6b03bd58716090c57d936f31a364e944522"",""action"":""deleted fully-main-contained ref"",""main"":""fdac8e76523befee1603f49f6c7cf7d00762931b"",""timestamp"":""2026-10-05T01:49:10.120189+00:00""},""prState"":""CLOSED"",""recoveryBundle"":""tdf-app-preprune.bundle""}"
codex/payment-terminal-recovery-20260914,343,c263a499cc760ce7f97fe7833211f4d7de7494ea,414 -> main,8 removed after verified #414 integration,False,"{""sourceContainedInMain"":true,""sourceContainedInShippedRelease"":false,""initialSourceContainedInMain"":true,""initialSha"":""c263a499cc760ce7f97fe7833211f4d7de7494ea"",""firstRecordedSha"":""c263a499cc760ce7f97fe7833211f4d7de7494ea"",""currentSha"":null,""successorAncestry"":[499,498,497,496,495,493],""action"":{""repo"":""tdf-app"",""branch"":""codex/payment-terminal-recovery-20260914"",""sha"":""c263a499cc760ce7f97fe7833211f4d7de7494ea"",""action"":""deleted fully-main-contained ref"",""main"":""fdac8e76523befee1603f49f6c7cf7d00762931b"",""timestamp"":""2026-10-05T01:49:10.120193+00:00""},""prState"":""CLOSED"",""recoveryBundle"":""tdf-app-preprune.bundle""}"
codex/payment-worker-log-safety-20260915,393,ed064a7549f93bdd9239c5781706400c6fad5aa7,414 -> main,8 removed after verified #414 integration,False,"{""sourceContainedInMain"":true,""sourceContainedInShippedRelease"":false,""initialSourceContainedInMain"":true,""initialSha"":""ed064a7549f93bdd9239c5781706400c6fad5aa7"",""firstRecordedSha"":""ed064a7549f93bdd9239c5781706400c6fad5aa7"",""currentSha"":null,""successorAncestry"":[499,498,497,496,495,493],""action"":{""repo"":""tdf-app"",""branch"":""codex/payment-worker-log-safety-20260915"",""sha"":""ed064a7549f93bdd9239c5781706400c6fad5aa7"",""action"":""deleted fully-main-contained ref"",""main"":""fdac8e76523befee1603f49f6c7cf7d00762931b"",""timestamp"":""2026-10-05T01:49:10.120197+00:00""},""prState"":""CLOSED"",""recoveryBundle"":""tdf-app-preprune.bundle""}"
codex/payphone-cancellation-compatibility-20260915,371,4ccaaa190c4ae6b1d041d8eabd7eed8fd5327c5e,414 -> main,8 removed after verified #414 integration,False,"{""sourceContainedInMain"":true,""sourceContainedInShippedRelease"":false,""initialSourceContainedInMain"":true,""initialSha"":""4ccaaa190c4ae6b1d041d8eabd7eed8fd5327c5e"",""firstRecordedSha"":""4ccaaa190c4ae6b1d041d8eabd7eed8fd5327c5e"",""currentSha"":null,""successorAncestry"":[499,498,497,496,495,493],""action"":{""repo"":""tdf-app"",""branch"":""codex/payphone-cancellation-compatibility-20260915"",""sha"":""4ccaaa190c4ae6b1d041d8eabd7eed8fd5327c5e"",""action"":""deleted fully-main-contained ref"",""main"":""fdac8e76523befee1603f49f6c7cf7d00762931b"",""timestamp"":""2026-10-05T01:49:10.120200+00:00""},""prState"":""CLOSED"",""recoveryBundle"":""tdf-app-preprune.bundle""}"
codex/portable-backend-release-20260928,467,3e241ecd8f1631c9e0ac3964ecc0b7600caebc93,main,1 absent ref; source fully present in main,False,"{""sourceContainedInMain"":true,""sourceContainedInShippedRelease"":false,""initialSourceContainedInMain"":true,""initialSha"":""3e241ecd8f1631c9e0ac3964ecc0b7600caebc93"",""firstRecordedSha"":""3e241ecd8f1631c9e0ac3964ecc0b7600caebc93"",""currentSha"":null,""successorAncestry"":[499,498,497,496,495,493],""action"":{""repo"":""tdf-app"",""branch"":""codex/portable-backend-release-20260928"",""sha"":""3e241ecd8f1631c9e0ac3964ecc0b7600caebc93"",""action"":""deleted fully-main-contained ref"",""main"":""49f1f0ec087067d17f62d91df1b616eb053eb894"",""timestamp"":""2026-10-03T23:38:13.873725+00:00""},""prState"":""MERGED"",""recoveryBundle"":""tdf-app-preprune.bundle""}"
codex/video-event-ingestion-20260925,462,b0713647b2232a77eb021e4428ed541a196de62b,main,1 absent ref; source fully present in main,False,"{""sourceContainedInMain"":true,""sourceContainedInShippedRelease"":false,""initialSourceContainedInMain"":true,""initialSha"":""b0713647b2232a77eb021e4428ed541a196de62b"",""firstRecordedSha"":""b0713647b2232a77eb021e4428ed541a196de62b"",""currentSha"":null,""successorAncestry"":[499,498,497,496,495,493],""action"":{""repo"":""tdf-app"",""branch"":""codex/video-event-ingestion-20260925"",""sha"":""b0713647b2232a77eb021e4428ed541a196de62b"",""action"":""deleted fully-main-contained ref"",""main"":""49f1f0ec087067d17f62d91df1b616eb053eb894"",""timestamp"":""2026-10-03T23:38:13.873728+00:00""},""prState"":""MERGED"",""recoveryBundle"":""tdf-app-preprune.bundle""}"
docs/critical-completion-closeout-20260917,423,9523a4816b4668581eb7232212cc53398bd844ac,main,8 removed after recorded preservation audit,False,"{""sourceContainedInMain"":false,""sourceContainedInShippedRelease"":false,""initialSourceContainedInMain"":false,""initialSha"":""9523a4816b4668581eb7232212cc53398bd844ac"",""firstRecordedSha"":""9523a4816b4668581eb7232212cc53398bd844ac"",""currentSha"":null,""successorAncestry"":[],""action"":{""repo"":""tdf-app"",""branch"":""docs/critical-completion-closeout-20260917"",""sha"":""9523a4816b4668581eb7232212cc53398bd844ac"",""action"":""deleted fully patch-equivalent ref"",""main"":""b07f67c3ebe2022d5f70e94578944b6401616696"",""evidence"":""orphan-patch-evidence-current.json""},""prState"":""MERGED"",""recoveryBundle"":""tdf-app-preprune.bundle""}"
docs/interaction-qualification-20260930,471,09893a13471d023e255059e74d5a734ed4a43bad,main,1 absent ref; source fully present in main,False,"{""sourceContainedInMain"":true,""sourceContainedInShippedRelease"":false,""initialSourceContainedInMain"":true,""initialSha"":""09893a13471d023e255059e74d5a734ed4a43bad"",""firstRecordedSha"":""09893a13471d023e255059e74d5a734ed4a43bad"",""currentSha"":null,""successorAncestry"":[499,498,497,496,495,493],""action"":{""repo"":""tdf-app"",""branch"":""docs/interaction-qualification-20260930"",""sha"":""09893a13471d023e255059e74d5a734ed4a43bad"",""action"":""deleted fully-main-contained ref"",""main"":""49f1f0ec087067d17f62d91df1b616eb053eb894"",""timestamp"":""2026-10-03T23:38:13.873732+00:00""},""prState"":""MERGED"",""recoveryBundle"":""tdf-app-preprune.bundle""}"
docs/patch-culture-activation-evidence-20261005,488,e98452bfc09a07044afe964549a6990fbb81e0ff,490 -> main,1 absent ref; source fully present in main,False,"{""sourceContainedInMain"":true,""sourceContainedInShippedRelease"":false,""initialSourceContainedInMain"":true,""initialSha"":null,""firstRecordedSha"":""e98452bfc09a07044afe964549a6990fbb81e0ff"",""currentSha"":null,""successorAncestry"":[499,498,497,496,495,493],""action"":{""repo"":""tdf-app"",""branch"":""docs/patch-culture-activation-evidence-20261005"",""sha"":""e98452bfc09a07044afe964549a6990fbb81e0ff"",""pr"":488,""action"":""deleted fully-main-contained ref after verified merge tree and postmerge gates"",""successor"":""490 -> main"",""main"":""3a2ab395c233e16641eb3d574afc941809ac43f1"",""evidence"":""tax490-postmerge-prune-proof.json"",""recoveryBundle"":""tax490-retired.bundle"",""timestamp"":""2026-10-06T01:09:39.747152+00:00""},""prState"":""MERGED"",""recoveryBundle"":""tdf-app-preprune.bundle""}"
feat/artist-self-service-20260916,406,912f8326ba7a13611cfbad592f6680fe50bdbefc,main,1 absent ref; source fully present in main,False,"{""sourceContainedInMain"":true,""sourceContainedInShippedRelease"":false,""initialSourceContainedInMain"":true,""initialSha"":""912f8326ba7a13611cfbad592f6680fe50bdbefc"",""firstRecordedSha"":""912f8326ba7a13611cfbad592f6680fe50bdbefc"",""currentSha"":null,""successorAncestry"":[499,498,497,496,495,493],""action"":{""repo"":""tdf-app"",""branch"":""feat/artist-self-service-20260916"",""sha"":""912f8326ba7a13611cfbad592f6680fe50bdbefc"",""action"":""deleted fully-main-contained ref"",""main"":""49f1f0ec087067d17f62d91df1b616eb053eb894"",""timestamp"":""2026-10-03T23:38:13.873735+00:00""},""prState"":""MERGED"",""recoveryBundle"":""tdf-app-preprune.bundle""}"
feat/event-logistics-transaction-hardening,338,f500b62c453e7da8981bc66138418fa59a586565,main,1 absent ref; source fully present in main,False,"{""sourceContainedInMain"":true,""sourceContainedInShippedRelease"":false,""initialSourceContainedInMain"":true,""initialSha"":""f500b62c453e7da8981bc66138418fa59a586565"",""firstRecordedSha"":""f500b62c453e7da8981bc66138418fa59a586565"",""currentSha"":null,""successorAncestry"":[499,498,497,496,495,493],""action"":{""repo"":""tdf-app"",""branch"":""feat/event-logistics-transaction-hardening"",""sha"":""f500b62c453e7da8981bc66138418fa59a586565"",""action"":""deleted fully-main-contained ref"",""main"":""b07f67c3ebe2022d5f70e94578944b6401616696"",""timestamp"":""2026-10-04T04:35:31.557500+00:00""},""prState"":""CLOSED"",""recoveryBundle"":""tdf-app-preprune.bundle""}"
feat/event-operations-api-foundation,337,b6ba963623861d1e2804b18adb46e6e4f5f5be80,main,1 absent ref; source fully present in main,False,"{""sourceContainedInMain"":true,""sourceContainedInShippedRelease"":false,""initialSourceContainedInMain"":true,""initialSha"":""b6ba963623861d1e2804b18adb46e6e4f5f5be80"",""firstRecordedSha"":""b6ba963623861d1e2804b18adb46e6e4f5f5be80"",""currentSha"":null,""successorAncestry"":[499,498,497,496,495,493],""action"":{""repo"":""tdf-app"",""branch"":""feat/event-operations-api-foundation"",""sha"":""b6ba963623861d1e2804b18adb46e6e4f5f5be80"",""action"":""deleted fully-main-contained ref"",""main"":""b07f67c3ebe2022d5f70e94578944b6401616696"",""timestamp"":""2026-10-04T04:35:31.557505+00:00""},""prState"":""MERGED"",""recoveryBundle"":""tdf-app-preprune.bundle""}"
feat/event-operations-formal-foundation,336,00f796e74da9e9ec9417ead93980b8a8e71d5fcc,main,1 absent ref; source fully present in main,False,"{""sourceContainedInMain"":true,""sourceContainedInShippedRelease"":false,""initialSourceContainedInMain"":true,""initialSha"":""00f796e74da9e9ec9417ead93980b8a8e71d5fcc"",""firstRecordedSha"":""00f796e74da9e9ec9417ead93980b8a8e71d5fcc"",""currentSha"":null,""successorAncestry"":[499,498,497,496,495,493],""action"":{""repo"":""tdf-app"",""branch"":""feat/event-operations-formal-foundation"",""sha"":""00f796e74da9e9ec9417ead93980b8a8e71d5fcc"",""action"":""deleted fully-main-contained ref"",""main"":""49f1f0ec087067d17f62d91df1b616eb053eb894"",""timestamp"":""2026-10-03T23:38:13.873745+00:00""},""prState"":""MERGED"",""recoveryBundle"":""tdf-app-preprune.bundle""}"
feat/event-raci-editor-context,387,13abde1cba82b7b79c21b6f35e87c91de676366e,main,1 absent ref; source fully present in main,False,"{""sourceContainedInMain"":true,""sourceContainedInShippedRelease"":false,""initialSourceContainedInMain"":true,""initialSha"":""13abde1cba82b7b79c21b6f35e87c91de676366e"",""firstRecordedSha"":""13abde1cba82b7b79c21b6f35e87c91de676366e"",""currentSha"":null,""successorAncestry"":[499,498,497,496,495,493],""action"":{""repo"":""tdf-app"",""branch"":""feat/event-raci-editor-context"",""sha"":""13abde1cba82b7b79c21b6f35e87c91de676366e"",""action"":""deleted fully-main-contained ref"",""main"":""b07f67c3ebe2022d5f70e94578944b6401616696"",""timestamp"":""2026-10-04T04:35:31.557588+00:00""},""prState"":""CLOSED"",""recoveryBundle"":""tdf-app-preprune.bundle""}"
feat/event-raci-reassignment-api,384,bfd5f17b92d629f578bc02f4aee338ed15843806,main,1 absent ref; source fully present in main,False,"{""sourceContainedInMain"":true,""sourceContainedInShippedRelease"":false,""initialSourceContainedInMain"":true,""initialSha"":""bfd5f17b92d629f578bc02f4aee338ed15843806"",""firstRecordedSha"":""bfd5f17b92d629f578bc02f4aee338ed15843806"",""currentSha"":null,""successorAncestry"":[499,498,497,496,495,493],""action"":{""repo"":""tdf-app"",""branch"":""feat/event-raci-reassignment-api"",""sha"":""bfd5f17b92d629f578bc02f4aee338ed15843806"",""action"":""deleted fully-main-contained ref"",""main"":""b07f67c3ebe2022d5f70e94578944b6401616696"",""timestamp"":""2026-10-04T04:35:31.557600+00:00""},""prState"":""CLOSED"",""recoveryBundle"":""tdf-app-preprune.bundle""}"
feat/event-raci-reassignment-command,383,f6ffb2a27b87ed42d4d49289024d5b8a612b94cf,main,1 absent ref; source fully present in main,False,"{""sourceContainedInMain"":true,""sourceContainedInShippedRelease"":false,""initialSourceContainedInMain"":true,""initialSha"":""f6ffb2a27b87ed42d4d49289024d5b8a612b94cf"",""firstRecordedSha"":""f6ffb2a27b87ed42d4d49289024d5b8a612b94cf"",""currentSha"":null,""successorAncestry"":[499,498,497,496,495,493],""action"":{""repo"":""tdf-app"",""branch"":""feat/event-raci-reassignment-command"",""sha"":""f6ffb2a27b87ed42d4d49289024d5b8a612b94cf"",""action"":""deleted fully-main-contained ref"",""main"":""b07f67c3ebe2022d5f70e94578944b6401616696"",""timestamp"":""2026-10-04T04:35:31.557604+00:00""},""prState"":""CLOSED"",""recoveryBundle"":""tdf-app-preprune.bundle""}"
feat/event-raci-web-editor,388,061553d085d3106a9c8877ca08ccb3e2420cdd09,main,1 absent ref; source fully present in main,False,"{""sourceContainedInMain"":true,""sourceContainedInShippedRelease"":false,""initialSourceContainedInMain"":true,""initialSha"":""061553d085d3106a9c8877ca08ccb3e2420cdd09"",""firstRecordedSha"":""061553d085d3106a9c8877ca08ccb3e2420cdd09"",""currentSha"":null,""successorAncestry"":[499,498,497,496,495,493],""action"":{""repo"":""tdf-app"",""branch"":""feat/event-raci-web-editor"",""sha"":""061553d085d3106a9c8877ca08ccb3e2420cdd09"",""action"":""deleted fully-main-contained ref"",""main"":""b07f67c3ebe2022d5f70e94578944b6401616696"",""timestamp"":""2026-10-04T04:35:31.557607+00:00""},""prState"":""CLOSED"",""recoveryBundle"":""tdf-app-preprune.bundle""}"
feat/event-task-aggregate-revision,379,3b1ce4d9dbd0efb6d1e354ffd9f58e92a6916320,main,1 absent ref; source fully present in main,False,"{""sourceContainedInMain"":true,""sourceContainedInShippedRelease"":false,""initialSourceContainedInMain"":true,""initialSha"":""3b1ce4d9dbd0efb6d1e354ffd9f58e92a6916320"",""firstRecordedSha"":""3b1ce4d9dbd0efb6d1e354ffd9f58e92a6916320"",""currentSha"":null,""successorAncestry"":[499,498,497,496,495,493],""action"":{""repo"":""tdf-app"",""branch"":""feat/event-task-aggregate-revision"",""sha"":""3b1ce4d9dbd0efb6d1e354ffd9f58e92a6916320"",""action"":""deleted fully-main-contained ref"",""main"":""b07f67c3ebe2022d5f70e94578944b6401616696"",""timestamp"":""2026-10-04T04:35:31.557610+00:00""},""prState"":""CLOSED"",""recoveryBundle"":""tdf-app-preprune.bundle""}"
feat/event-task-commit-invariants,339,259becd7b3763e084b54da8749b1e6fde8d9d862,main,1 absent ref; source fully present in main,False,"{""sourceContainedInMain"":true,""sourceContainedInShippedRelease"":false,""initialSourceContainedInMain"":true,""initialSha"":""259becd7b3763e084b54da8749b1e6fde8d9d862"",""firstRecordedSha"":""259becd7b3763e084b54da8749b1e6fde8d9d862"",""currentSha"":null,""successorAncestry"":[499,498,497,496,495,493],""action"":{""repo"":""tdf-app"",""branch"":""feat/event-task-commit-invariants"",""sha"":""259becd7b3763e084b54da8749b1e6fde8d9d862"",""action"":""deleted fully-main-contained ref"",""main"":""b07f67c3ebe2022d5f70e94578944b6401616696"",""timestamp"":""2026-10-04T04:35:31.557613+00:00""},""prState"":""CLOSED"",""recoveryBundle"":""tdf-app-preprune.bundle""}"
feat/event-task-completion-api,410,823da0fa801abe3bdb3b7679550f1315ad0946ed,main,1 absent ref; source fully present in main,False,"{""sourceContainedInMain"":true,""sourceContainedInShippedRelease"":false,""initialSourceContainedInMain"":true,""initialSha"":""823da0fa801abe3bdb3b7679550f1315ad0946ed"",""firstRecordedSha"":""823da0fa801abe3bdb3b7679550f1315ad0946ed"",""currentSha"":null,""successorAncestry"":[499,498,497,496,495,493],""action"":{""repo"":""tdf-app"",""branch"":""feat/event-task-completion-api"",""sha"":""823da0fa801abe3bdb3b7679550f1315ad0946ed"",""action"":""deleted fully-main-contained ref"",""main"":""b07f67c3ebe2022d5f70e94578944b6401616696"",""timestamp"":""2026-10-04T04:35:31.557615+00:00""},""prState"":""CLOSED"",""recoveryBundle"":""tdf-app-preprune.bundle""}"
feat/event-task-completion-client,411,f2f01194090a241777c451d06cb0848af7aa759a,main,1 absent ref; source fully present in main,False,"{""sourceContainedInMain"":true,""sourceContainedInShippedRelease"":false,""initialSourceContainedInMain"":true,""initialSha"":""f2f01194090a241777c451d06cb0848af7aa759a"",""firstRecordedSha"":""f2f01194090a241777c451d06cb0848af7aa759a"",""currentSha"":null,""successorAncestry"":[499,498,497,496,495,493],""action"":{""repo"":""tdf-app"",""branch"":""feat/event-task-completion-client"",""sha"":""f2f01194090a241777c451d06cb0848af7aa759a"",""action"":""deleted fully-main-contained ref"",""main"":""b07f67c3ebe2022d5f70e94578944b6401616696"",""timestamp"":""2026-10-04T04:35:31.557621+00:00""},""prState"":""CLOSED"",""recoveryBundle"":""tdf-app-preprune.bundle""}"
feat/event-task-completion-command,407,78bdd4df465d1c7d8a752f9df0ed714ecad2330d,main,1 absent ref; source fully present in main,False,"{""sourceContainedInMain"":true,""sourceContainedInShippedRelease"":false,""initialSourceContainedInMain"":true,""initialSha"":""78bdd4df465d1c7d8a752f9df0ed714ecad2330d"",""firstRecordedSha"":""78bdd4df465d1c7d8a752f9df0ed714ecad2330d"",""currentSha"":null,""successorAncestry"":[499,498,497,496,495,493],""action"":{""repo"":""tdf-app"",""branch"":""feat/event-task-completion-command"",""sha"":""78bdd4df465d1c7d8a752f9df0ed714ecad2330d"",""action"":""deleted fully-main-contained ref"",""main"":""b07f67c3ebe2022d5f70e94578944b6401616696"",""timestamp"":""2026-10-04T04:35:31.557624+00:00""},""prState"":""CLOSED"",""recoveryBundle"":""tdf-app-preprune.bundle""}"
feat/event-task-raci-view,373,f03f366de44c8ad09248e9d399caa5994af06d5a,main,1 absent ref; source fully present in main,False,"{""sourceContainedInMain"":true,""sourceContainedInShippedRelease"":false,""initialSourceContainedInMain"":true,""initialSha"":""f03f366de44c8ad09248e9d399caa5994af06d5a"",""firstRecordedSha"":""f03f366de44c8ad09248e9d399caa5994af06d5a"",""currentSha"":null,""successorAncestry"":[499,498,497,496,495,493],""action"":{""repo"":""tdf-app"",""branch"":""feat/event-task-raci-view"",""sha"":""f03f366de44c8ad09248e9d399caa5994af06d5a"",""action"":""deleted fully-main-contained ref"",""main"":""b07f67c3ebe2022d5f70e94578944b6401616696"",""timestamp"":""2026-10-04T04:35:31.557627+00:00""},""prState"":""CLOSED"",""recoveryBundle"":""tdf-app-preprune.bundle""}"
feat/event-task-read-api,357,881882e15cd1b2400cc2e0452ea50683dea675de,main,1 absent ref; source fully present in main,False,"{""sourceContainedInMain"":true,""sourceContainedInShippedRelease"":false,""initialSourceContainedInMain"":true,""initialSha"":""881882e15cd1b2400cc2e0452ea50683dea675de"",""firstRecordedSha"":""881882e15cd1b2400cc2e0452ea50683dea675de"",""currentSha"":null,""successorAncestry"":[499,498,497,496,495,493],""action"":{""repo"":""tdf-app"",""branch"":""feat/event-task-read-api"",""sha"":""881882e15cd1b2400cc2e0452ea50683dea675de"",""action"":""deleted fully-main-contained ref"",""main"":""b07f67c3ebe2022d5f70e94578944b6401616696"",""timestamp"":""2026-10-04T04:35:31.557632+00:00""},""prState"":""CLOSED"",""recoveryBundle"":""tdf-app-preprune.bundle""}"
feat/event-task-read-projection,354,a1b92c220691b694e5f53e7deaf4d455ce46bc44,main,1 absent ref; source fully present in main,False,"{""sourceContainedInMain"":true,""sourceContainedInShippedRelease"":false,""initialSourceContainedInMain"":true,""initialSha"":""a1b92c220691b694e5f53e7deaf4d455ce46bc44"",""firstRecordedSha"":""a1b92c220691b694e5f53e7deaf4d455ce46bc44"",""currentSha"":null,""successorAncestry"":[499,498,497,496,495,493],""action"":{""repo"":""tdf-app"",""branch"":""feat/event-task-read-projection"",""sha"":""a1b92c220691b694e5f53e7deaf4d455ce46bc44"",""action"":""deleted fully-main-contained ref"",""main"":""b07f67c3ebe2022d5f70e94578944b6401616696"",""timestamp"":""2026-10-04T04:35:31.557640+00:00""},""prState"":""CLOSED"",""recoveryBundle"":""tdf-app-preprune.bundle""}"
feat/event-task-revisioned-read,381,503fd7b651843e9f7cadf4fd15931256bb847ece,main,1 absent ref; source fully present in main,False,"{""sourceContainedInMain"":true,""sourceContainedInShippedRelease"":false,""initialSourceContainedInMain"":true,""initialSha"":""503fd7b651843e9f7cadf4fd15931256bb847ece"",""firstRecordedSha"":""503fd7b651843e9f7cadf4fd15931256bb847ece"",""currentSha"":null,""successorAncestry"":[499,498,497,496,495,493],""action"":{""repo"":""tdf-app"",""branch"":""feat/event-task-revisioned-read"",""sha"":""503fd7b651843e9f7cadf4fd15931256bb847ece"",""action"":""deleted fully-main-contained ref"",""main"":""b07f67c3ebe2022d5f70e94578944b6401616696"",""timestamp"":""2026-10-04T04:35:31.557645+00:00""},""prState"":""CLOSED"",""recoveryBundle"":""tdf-app-preprune.bundle""}"
feat/event-ticket-order-limits-20261005,482,eaa02dd74cf178ef4122af20d4f3b26e3cf34ae0,main,1 absent ref; source fully present in main,False,"{""sourceContainedInMain"":true,""sourceContainedInShippedRelease"":false,""initialSourceContainedInMain"":true,""initialSha"":null,""firstRecordedSha"":""eaa02dd74cf178ef4122af20d4f3b26e3cf34ae0"",""currentSha"":null,""successorAncestry"":[499,498,497,496,495,493],""action"":{""repo"":""tdf-app"",""branch"":""feat/event-ticket-order-limits-20261005"",""sha"":""eaa02dd74cf178ef4122af20d4f3b26e3cf34ae0"",""action"":""deleted fully-main-contained ref after verified merge tree and postmerge gates"",""main"":""cae7a54f3c9a712837e71186b0a6bf564c13180d"",""evidence"":""pr482-postmerge-prune-proof.json"",""timestamp"":""2026-10-05T15:51:10.062589+00:00""},""prState"":""MERGED"",""recoveryBundle"":""tdf-app-preprune.bundle""}"
feat/identity-commerce-prevention-20260918,436,23311f29279b691cf2e80c445fb345f9cbfc57f5,main,1 absent ref; source fully present in main,False,"{""sourceContainedInMain"":true,""sourceContainedInShippedRelease"":false,""initialSourceContainedInMain"":true,""initialSha"":""23311f29279b691cf2e80c445fb345f9cbfc57f5"",""firstRecordedSha"":""23311f29279b691cf2e80c445fb345f9cbfc57f5"",""currentSha"":null,""successorAncestry"":[499,498,497,496,495,493],""action"":{""repo"":""tdf-app"",""branch"":""feat/identity-commerce-prevention-20260918"",""sha"":""23311f29279b691cf2e80c445fb345f9cbfc57f5"",""action"":""deleted fully-main-contained ref"",""main"":""49f1f0ec087067d17f62d91df1b616eb053eb894"",""timestamp"":""2026-10-03T23:38:13.873755+00:00""},""prState"":""MERGED"",""recoveryBundle"":""tdf-app-preprune.bundle""}"
feat/identity-consolidation-20260917,426,72d33c57d5723f1cda413bf8b7858cc361b5a2fb,main,1 absent ref; source fully present in main,False,"{""sourceContainedInMain"":true,""sourceContainedInShippedRelease"":false,""initialSourceContainedInMain"":true,""initialSha"":""72d33c57d5723f1cda413bf8b7858cc361b5a2fb"",""firstRecordedSha"":""72d33c57d5723f1cda413bf8b7858cc361b5a2fb"",""currentSha"":null,""successorAncestry"":[499,498,497,496,495,493],""action"":{""repo"":""tdf-app"",""branch"":""feat/identity-consolidation-20260917"",""sha"":""72d33c57d5723f1cda413bf8b7858cc361b5a2fb"",""action"":""deleted fully-main-contained ref"",""main"":""49f1f0ec087067d17f62d91df1b616eb053eb894"",""timestamp"":""2026-10-03T23:38:13.873762+00:00""},""prState"":""MERGED"",""recoveryBundle"":""tdf-app-preprune.bundle""}"
feat/identity-intake-prevention-20260918,,02115f7d1b0786f3cdd4287a9466dd22682f603b,main,1 absent ref; source fully present in main,False,"{""sourceContainedInMain"":true,""sourceContainedInShippedRelease"":false,""initialSourceContainedInMain"":true,""initialSha"":""02115f7d1b0786f3cdd4287a9466dd22682f603b"",""firstRecordedSha"":""02115f7d1b0786f3cdd4287a9466dd22682f603b"",""currentSha"":null,""successorAncestry"":[499,498,497,496,495,493],""action"":{""repo"":""tdf-app"",""branch"":""feat/identity-intake-prevention-20260918"",""sha"":""02115f7d1b0786f3cdd4287a9466dd22682f603b"",""action"":""deleted fully-main-contained ref"",""main"":""49f1f0ec087067d17f62d91df1b616eb053eb894"",""timestamp"":""2026-10-03T23:38:13.873767+00:00""},""prState"":null,""recoveryBundle"":""tdf-app-preprune.bundle""}"
feat/identity-registration-prevention-20260918,437,418c0da63a8a95639866f1e92619e6a00b7640c4,main,1 absent ref; source fully present in main,False,"{""sourceContainedInMain"":true,""sourceContainedInShippedRelease"":false,""initialSourceContainedInMain"":true,""initialSha"":""418c0da63a8a95639866f1e92619e6a00b7640c4"",""firstRecordedSha"":""418c0da63a8a95639866f1e92619e6a00b7640c4"",""currentSha"":null,""successorAncestry"":[499,498,497,496,495,493],""action"":{""repo"":""tdf-app"",""branch"":""feat/identity-registration-prevention-20260918"",""sha"":""418c0da63a8a95639866f1e92619e6a00b7640c4"",""action"":""deleted fully-main-contained ref"",""main"":""49f1f0ec087067d17f62d91df1b616eb053eb894"",""timestamp"":""2026-10-03T23:38:13.873771+00:00""},""prState"":""MERGED"",""recoveryBundle"":""tdf-app-preprune.bundle""}"
feat/identity-source-prevention-20260918,430,da0b02d90b57c4f78ce8f20df0bb9345edf824a1,main,1 absent ref; source fully present in main,False,"{""sourceContainedInMain"":true,""sourceContainedInShippedRelease"":false,""initialSourceContainedInMain"":true,""initialSha"":""da0b02d90b57c4f78ce8f20df0bb9345edf824a1"",""firstRecordedSha"":""da0b02d90b57c4f78ce8f20df0bb9345edf824a1"",""currentSha"":null,""successorAncestry"":[499,498,497,496,495,493],""action"":{""repo"":""tdf-app"",""branch"":""feat/identity-source-prevention-20260918"",""sha"":""da0b02d90b57c4f78ce8f20df0bb9345edf824a1"",""action"":""deleted fully-main-contained ref"",""main"":""49f1f0ec087067d17f62d91df1b616eb053eb894"",""timestamp"":""2026-10-03T23:38:13.873774+00:00""},""prState"":""MERGED"",""recoveryBundle"":""tdf-app-preprune.bundle""}"
feat/identity-trials-prevention-20260918,439,d7ebacbff0f0e35dbd57238a8afa6f11e86cdb0e,main,1 absent ref; source fully present in main,False,"{""sourceContainedInMain"":true,""sourceContainedInShippedRelease"":false,""initialSourceContainedInMain"":true,""initialSha"":""d7ebacbff0f0e35dbd57238a8afa6f11e86cdb0e"",""firstRecordedSha"":""d7ebacbff0f0e35dbd57238a8afa6f11e86cdb0e"",""currentSha"":null,""successorAncestry"":[499,498,497,496,495,493],""action"":{""repo"":""tdf-app"",""branch"":""feat/identity-trials-prevention-20260918"",""sha"":""d7ebacbff0f0e35dbd57238a8afa6f11e86cdb0e"",""action"":""deleted fully-main-contained ref"",""main"":""49f1f0ec087067d17f62d91df1b616eb053eb894"",""timestamp"":""2026-10-03T23:38:13.873781+00:00""},""prState"":""MERGED"",""recoveryBundle"":""tdf-app-preprune.bundle""}"
feat/mobile-tester-program-20261004,479,e95681145f640bda15dacd7b1c273429e2842fb4,main,1 absent ref; source fully present in main,False,"{""sourceContainedInMain"":true,""sourceContainedInShippedRelease"":false,""initialSourceContainedInMain"":true,""initialSha"":null,""firstRecordedSha"":""e95681145f640bda15dacd7b1c273429e2842fb4"",""currentSha"":null,""successorAncestry"":[499,498,497,496,495,493],""action"":{""repo"":""tdf-app"",""branch"":""feat/mobile-tester-program-20261004"",""sha"":""e95681145f640bda15dacd7b1c273429e2842fb4"",""main"":""5efd7ff31d55c1eb5b66b2f7710ea4ef87328727"",""action"":""deleted fully-main-contained ref after successful postmerge gates"",""timestamp"":""2026-10-05T05:04:32.494346+00:00""},""prState"":""MERGED"",""recoveryBundle"":""tdf-app-preprune.bundle""}"
feat/patch-culture-ticketing-20261005,480,2b53bad3705e8a026b9b5443e74c2795fe333e63,main,1 absent ref; source fully present in main,False,"{""sourceContainedInMain"":true,""sourceContainedInShippedRelease"":false,""initialSourceContainedInMain"":true,""initialSha"":null,""firstRecordedSha"":""2b53bad3705e8a026b9b5443e74c2795fe333e63"",""currentSha"":null,""successorAncestry"":[499,498,497,496,495,493],""action"":{""repo"":""tdf-app"",""branch"":""feat/patch-culture-ticketing-20261005"",""sha"":""2b53bad3705e8a026b9b5443e74c2795fe333e63"",""action"":""deleted fully-main-contained ref after verified merge tree and postmerge gates"",""main"":""f7b3802ba93398ae5cb5fcc365e3123c0cdb9aed"",""evidence"":""pr480-postmerge-prune-proof.json"",""timestamp"":""2026-10-05T14:09:14.432318+00:00""},""prState"":""MERGED"",""recoveryBundle"":""tdf-app-preprune.bundle""}"
feat/records-youtube-provider-20260918,459,c79041b10e86872c0a4ea3c7d16e6eab53e7a877,main,1 absent ref; source fully present in main,False,"{""sourceContainedInMain"":true,""sourceContainedInShippedRelease"":false,""initialSourceContainedInMain"":true,""initialSha"":""c79041b10e86872c0a4ea3c7d16e6eab53e7a877"",""firstRecordedSha"":""c79041b10e86872c0a4ea3c7d16e6eab53e7a877"",""currentSha"":null,""successorAncestry"":[499,498,497,496,495,493],""action"":{""repo"":""tdf-app"",""branch"":""feat/records-youtube-provider-20260918"",""sha"":""c79041b10e86872c0a4ea3c7d16e6eab53e7a877"",""action"":""deleted fully-main-contained ref"",""main"":""49f1f0ec087067d17f62d91df1b616eb053eb894"",""timestamp"":""2026-10-03T23:38:13.873789+00:00""},""prState"":""MERGED"",""recoveryBundle"":""tdf-app-preprune.bundle""}"
feat/social-api-client-20260915,367,0bac512baed505f7f035f44c022fc0b64405b9e7,main,1 absent ref; source fully present in main,False,"{""sourceContainedInMain"":true,""sourceContainedInShippedRelease"":false,""initialSourceContainedInMain"":true,""initialSha"":""0bac512baed505f7f035f44c022fc0b64405b9e7"",""firstRecordedSha"":""0bac512baed505f7f035f44c022fc0b64405b9e7"",""currentSha"":null,""successorAncestry"":[499,498,497,496,495,493],""action"":{""repo"":""tdf-app"",""branch"":""feat/social-api-client-20260915"",""sha"":""0bac512baed505f7f035f44c022fc0b64405b9e7"",""action"":""deleted fully-main-contained ref"",""main"":""49f1f0ec087067d17f62d91df1b616eb053eb894"",""timestamp"":""2026-10-03T23:38:13.873796+00:00""},""prState"":""CLOSED"",""recoveryBundle"":""tdf-app-preprune.bundle""}"
feat/social-authority-20260914,356,c671a5acbe1403ba89d1d70db165b2b327b6cdec,main,1 absent ref; source fully present in main,False,"{""sourceContainedInMain"":true,""sourceContainedInShippedRelease"":false,""initialSourceContainedInMain"":true,""initialSha"":""c671a5acbe1403ba89d1d70db165b2b327b6cdec"",""firstRecordedSha"":""c671a5acbe1403ba89d1d70db165b2b327b6cdec"",""currentSha"":null,""successorAncestry"":[499,498,497,496,495,493],""action"":{""repo"":""tdf-app"",""branch"":""feat/social-authority-20260914"",""sha"":""c671a5acbe1403ba89d1d70db165b2b327b6cdec"",""action"":""deleted fully-main-contained ref"",""main"":""49f1f0ec087067d17f62d91df1b616eb053eb894"",""timestamp"":""2026-10-03T23:38:13.873800+00:00""},""prState"":""MERGED"",""recoveryBundle"":""tdf-app-preprune.bundle""}"
feat/social-chat-cache-isolation-20260915,391,fd94ed7163fe8afe80f559a664a55576e781aa51,main,1 absent ref; source fully present in main,False,"{""sourceContainedInMain"":true,""sourceContainedInShippedRelease"":false,""initialSourceContainedInMain"":true,""initialSha"":""fd94ed7163fe8afe80f559a664a55576e781aa51"",""firstRecordedSha"":""fd94ed7163fe8afe80f559a664a55576e781aa51"",""currentSha"":null,""successorAncestry"":[499,498,497,496,495,493],""action"":{""repo"":""tdf-app"",""branch"":""feat/social-chat-cache-isolation-20260915"",""sha"":""fd94ed7163fe8afe80f559a664a55576e781aa51"",""action"":""deleted fully-main-contained ref"",""main"":""49f1f0ec087067d17f62d91df1b616eb053eb894"",""timestamp"":""2026-10-03T23:38:13.873811+00:00""},""prState"":""CLOSED"",""recoveryBundle"":""tdf-app-preprune.bundle""}"
feat/social-chat-verification-20260915,394,547490105d12e0581b6ca5fddc135f127abedf07,main,1 absent ref; source fully present in main,False,"{""sourceContainedInMain"":true,""sourceContainedInShippedRelease"":false,""initialSourceContainedInMain"":true,""initialSha"":""547490105d12e0581b6ca5fddc135f127abedf07"",""firstRecordedSha"":""547490105d12e0581b6ca5fddc135f127abedf07"",""currentSha"":null,""successorAncestry"":[499,498,497,496,495,493],""action"":{""repo"":""tdf-app"",""branch"":""feat/social-chat-verification-20260915"",""sha"":""547490105d12e0581b6ca5fddc135f127abedf07"",""action"":""deleted fully-main-contained ref"",""main"":""49f1f0ec087067d17f62d91df1b616eb053eb894"",""timestamp"":""2026-10-03T23:38:13.873820+00:00""},""prState"":""CLOSED"",""recoveryBundle"":""tdf-app-preprune.bundle""}"
feat/social-dm-api-boundary-20260915,390,44a1c7bededf0ba4b54068d482667ac24299f8e4,main,1 absent ref; source fully present in main,False,"{""sourceContainedInMain"":true,""sourceContainedInShippedRelease"":false,""initialSourceContainedInMain"":true,""initialSha"":""44a1c7bededf0ba4b54068d482667ac24299f8e4"",""firstRecordedSha"":""44a1c7bededf0ba4b54068d482667ac24299f8e4"",""currentSha"":null,""successorAncestry"":[499,498,497,496,495,493],""action"":{""repo"":""tdf-app"",""branch"":""feat/social-dm-api-boundary-20260915"",""sha"":""44a1c7bededf0ba4b54068d482667ac24299f8e4"",""action"":""deleted fully-main-contained ref"",""main"":""49f1f0ec087067d17f62d91df1b616eb053eb894"",""timestamp"":""2026-10-03T23:38:13.873824+00:00""},""prState"":""CLOSED"",""recoveryBundle"":""tdf-app-preprune.bundle""}"
feat/social-dm-write-boundary-20260915,386,e03ce193c2e9c6788fad5f1360aef1088006616f,main,1 absent ref; source fully present in main,False,"{""sourceContainedInMain"":true,""sourceContainedInShippedRelease"":false,""initialSourceContainedInMain"":true,""initialSha"":""e03ce193c2e9c6788fad5f1360aef1088006616f"",""firstRecordedSha"":""e03ce193c2e9c6788fad5f1360aef1088006616f"",""currentSha"":null,""successorAncestry"":[499,498,497,496,495,493],""action"":{""repo"":""tdf-app"",""branch"":""feat/social-dm-write-boundary-20260915"",""sha"":""e03ce193c2e9c6788fad5f1360aef1088006616f"",""action"":""deleted fully-main-contained ref"",""main"":""49f1f0ec087067d17f62d91df1b616eb053eb894"",""timestamp"":""2026-10-03T23:38:13.873830+00:00""},""prState"":""CLOSED"",""recoveryBundle"":""tdf-app-preprune.bundle""}"
feat/social-fanclub-effects-20260916,415,daf6c5a680b81928c2e2c66df98063328e6d5e9c,main,1 absent ref; source fully present in main,False,"{""sourceContainedInMain"":true,""sourceContainedInShippedRelease"":false,""initialSourceContainedInMain"":true,""initialSha"":""daf6c5a680b81928c2e2c66df98063328e6d5e9c"",""firstRecordedSha"":""daf6c5a680b81928c2e2c66df98063328e6d5e9c"",""currentSha"":null,""successorAncestry"":[499,498,497,496,495,493],""action"":{""repo"":""tdf-app"",""branch"":""feat/social-fanclub-effects-20260916"",""sha"":""daf6c5a680b81928c2e2c66df98063328e6d5e9c"",""action"":""deleted fully-main-contained ref"",""main"":""49f1f0ec087067d17f62d91df1b616eb053eb894"",""timestamp"":""2026-10-03T23:38:13.873837+00:00""},""prState"":""CLOSED"",""recoveryBundle"":""tdf-app-preprune.bundle""}"
feat/social-feed-filtering-20260915,366,6a6d9e02c22eee213cf56787d9de9e4252721fed,main,1 absent ref; source fully present in main,False,"{""sourceContainedInMain"":true,""sourceContainedInShippedRelease"":false,""initialSourceContainedInMain"":true,""initialSha"":""6a6d9e02c22eee213cf56787d9de9e4252721fed"",""firstRecordedSha"":""6a6d9e02c22eee213cf56787d9de9e4252721fed"",""currentSha"":null,""successorAncestry"":[499,498,497,496,495,493],""action"":{""repo"":""tdf-app"",""branch"":""feat/social-feed-filtering-20260915"",""sha"":""6a6d9e02c22eee213cf56787d9de9e4252721fed"",""action"":""deleted fully-main-contained ref"",""main"":""49f1f0ec087067d17f62d91df1b616eb053eb894"",""timestamp"":""2026-10-03T23:38:13.873842+00:00""},""prState"":""CLOSED"",""recoveryBundle"":""tdf-app-preprune.bundle""}"
feat/social-formal-audit-20260914,355,0cb8d2e15ac024682933485ed122c34826f2ba6f,main,1 absent ref; source fully present in main,False,"{""sourceContainedInMain"":true,""sourceContainedInShippedRelease"":false,""initialSourceContainedInMain"":true,""initialSha"":""0cb8d2e15ac024682933485ed122c34826f2ba6f"",""firstRecordedSha"":""0cb8d2e15ac024682933485ed122c34826f2ba6f"",""currentSha"":null,""successorAncestry"":[499,498,497,496,495,493],""action"":{""repo"":""tdf-app"",""branch"":""feat/social-formal-audit-20260914"",""sha"":""0cb8d2e15ac024682933485ed122c34826f2ba6f"",""action"":""deleted fully-main-contained ref"",""main"":""49f1f0ec087067d17f62d91df1b616eb053eb894"",""timestamp"":""2026-10-03T23:38:13.873850+00:00""},""prState"":""MERGED"",""recoveryBundle"":""tdf-app-preprune.bundle""}"
feat/social-legacy-write-boundary-20260916,409,7e601607f60b2987e502c4a14db821bbf37df296,main,1 absent ref; source fully present in main,False,"{""sourceContainedInMain"":true,""sourceContainedInShippedRelease"":false,""initialSourceContainedInMain"":true,""initialSha"":""7e601607f60b2987e502c4a14db821bbf37df296"",""firstRecordedSha"":""7e601607f60b2987e502c4a14db821bbf37df296"",""currentSha"":null,""successorAncestry"":[499,498,497,496,495,493],""action"":{""repo"":""tdf-app"",""branch"":""feat/social-legacy-write-boundary-20260916"",""sha"":""7e601607f60b2987e502c4a14db821bbf37df296"",""action"":""deleted fully-main-contained ref"",""main"":""49f1f0ec087067d17f62d91df1b616eb053eb894"",""timestamp"":""2026-10-03T23:38:13.873859+00:00""},""prState"":""CLOSED"",""recoveryBundle"":""tdf-app-preprune.bundle""}"
feat/social-profile-read-boundary-20260915,397,7c452efcbc7b45e797b7ebd590dfffccf0fc9751,main,1 absent ref; source fully present in main,False,"{""sourceContainedInMain"":true,""sourceContainedInShippedRelease"":false,""initialSourceContainedInMain"":true,""initialSha"":""7c452efcbc7b45e797b7ebd590dfffccf0fc9751"",""firstRecordedSha"":""7c452efcbc7b45e797b7ebd590dfffccf0fc9751"",""currentSha"":null,""successorAncestry"":[499,498,497,496,495,493],""action"":{""repo"":""tdf-app"",""branch"":""feat/social-profile-read-boundary-20260915"",""sha"":""7c452efcbc7b45e797b7ebd590dfffccf0fc9751"",""action"":""deleted fully-main-contained ref"",""main"":""49f1f0ec087067d17f62d91df1b616eb053eb894"",""timestamp"":""2026-10-03T23:38:13.873865+00:00""},""prState"":""CLOSED"",""recoveryBundle"":""tdf-app-preprune.bundle""}"
feat/social-query-budget-20260914,360,f52b1f8b906d5bf61774dfaf6b6173233b0d2172,main,1 absent ref; source fully present in main,False,"{""sourceContainedInMain"":true,""sourceContainedInShippedRelease"":false,""initialSourceContainedInMain"":true,""initialSha"":""f52b1f8b906d5bf61774dfaf6b6173233b0d2172"",""firstRecordedSha"":""f52b1f8b906d5bf61774dfaf6b6173233b0d2172"",""currentSha"":null,""successorAncestry"":[499,498,497,496,495,493],""action"":{""repo"":""tdf-app"",""branch"":""feat/social-query-budget-20260914"",""sha"":""f52b1f8b906d5bf61774dfaf6b6173233b0d2172"",""action"":""deleted fully-main-contained ref"",""main"":""49f1f0ec087067d17f62d91df1b616eb053eb894"",""timestamp"":""2026-10-03T23:38:13.873872+00:00""},""prState"":""CLOSED"",""recoveryBundle"":""tdf-app-preprune.bundle""}"
feat/social-reaction-repair-20260915,365,24590a40787d81a1681cd14a46f2f0ab7cac5632,main,1 absent ref; source fully present in main,False,"{""sourceContainedInMain"":true,""sourceContainedInShippedRelease"":false,""initialSourceContainedInMain"":true,""initialSha"":""24590a40787d81a1681cd14a46f2f0ab7cac5632"",""firstRecordedSha"":""24590a40787d81a1681cd14a46f2f0ab7cac5632"",""currentSha"":null,""successorAncestry"":[499,498,497,496,495,493],""action"":{""repo"":""tdf-app"",""branch"":""feat/social-reaction-repair-20260915"",""sha"":""24590a40787d81a1681cd14a46f2f0ab7cac5632"",""action"":""deleted fully-main-contained ref"",""main"":""49f1f0ec087067d17f62d91df1b616eb053eb894"",""timestamp"":""2026-10-03T23:38:13.873902+00:00""},""prState"":""CLOSED"",""recoveryBundle"":""tdf-app-preprune.bundle""}"
feat/social-relationship-read-boundary-20260915,402,8b2d1557a5e72e0346af1fd43dc7cf36033da067,main,1 absent ref; source fully present in main,False,"{""sourceContainedInMain"":true,""sourceContainedInShippedRelease"":false,""initialSourceContainedInMain"":true,""initialSha"":""8b2d1557a5e72e0346af1fd43dc7cf36033da067"",""firstRecordedSha"":""8b2d1557a5e72e0346af1fd43dc7cf36033da067"",""currentSha"":null,""successorAncestry"":[499,498,497,496,495,493],""action"":{""repo"":""tdf-app"",""branch"":""feat/social-relationship-read-boundary-20260915"",""sha"":""8b2d1557a5e72e0346af1fd43dc7cf36033da067"",""action"":""deleted fully-main-contained ref"",""main"":""49f1f0ec087067d17f62d91df1b616eb053eb894"",""timestamp"":""2026-10-03T23:38:13.873924+00:00""},""prState"":""CLOSED"",""recoveryBundle"":""tdf-app-preprune.bundle""}"
feat/social-schema-compatibility-20260915,377,3606fb5c2215e00b1f3661abdf9e969231ac3b36,main,1 absent ref; source fully present in main,False,"{""sourceContainedInMain"":true,""sourceContainedInShippedRelease"":false,""initialSourceContainedInMain"":true,""initialSha"":""3606fb5c2215e00b1f3661abdf9e969231ac3b36"",""firstRecordedSha"":""3606fb5c2215e00b1f3661abdf9e969231ac3b36"",""currentSha"":null,""successorAncestry"":[499,498,497,496,495,493],""action"":{""repo"":""tdf-app"",""branch"":""feat/social-schema-compatibility-20260915"",""sha"":""3606fb5c2215e00b1f3661abdf9e969231ac3b36"",""action"":""deleted fully-main-contained ref"",""main"":""49f1f0ec087067d17f62d91df1b616eb053eb894"",""timestamp"":""2026-10-03T23:38:13.873940+00:00""},""prState"":""CLOSED"",""recoveryBundle"":""tdf-app-preprune.bundle""}"
feat/social-token-boundary-20260915,382,2be39150f626dcd5181951532a8ebe25a3ce3fa4,main,1 absent ref; source fully present in main,False,"{""sourceContainedInMain"":true,""sourceContainedInShippedRelease"":false,""initialSourceContainedInMain"":true,""initialSha"":""2be39150f626dcd5181951532a8ebe25a3ce3fa4"",""firstRecordedSha"":""2be39150f626dcd5181951532a8ebe25a3ce3fa4"",""currentSha"":null,""successorAncestry"":[499,498,497,496,495,493],""action"":{""repo"":""tdf-app"",""branch"":""feat/social-token-boundary-20260915"",""sha"":""2be39150f626dcd5181951532a8ebe25a3ce3fa4"",""action"":""deleted fully-main-contained ref"",""main"":""49f1f0ec087067d17f62d91df1b616eb053eb894"",""timestamp"":""2026-10-03T23:38:13.873949+00:00""},""prState"":""CLOSED"",""recoveryBundle"":""tdf-app-preprune.bundle""}"
feat/ticket-confirmation-delivery-20261005,484,c7fd6f01de57f17210d4cd8b42eafa67eb0faef3,main,1 absent ref; source fully present in main,False,"{""sourceContainedInMain"":true,""sourceContainedInShippedRelease"":false,""initialSourceContainedInMain"":true,""initialSha"":null,""firstRecordedSha"":""c7fd6f01de57f17210d4cd8b42eafa67eb0faef3"",""currentSha"":null,""successorAncestry"":[499,498,497,496,495,493],""action"":{""repo"":""tdf-app"",""branch"":""feat/ticket-confirmation-delivery-20261005"",""sha"":""c7fd6f01de57f17210d4cd8b42eafa67eb0faef3"",""action"":""deleted fully-main-contained ref after verified merge tree and postmerge gates"",""main"":""cae7a54f3c9a712837e71186b0a6bf564c13180d"",""evidence"":""pr484-postmerge-prune-proof.json"",""timestamp"":""2026-10-05T15:51:15.018225+00:00""},""prState"":""MERGED"",""recoveryBundle"":""tdf-app-preprune.bundle""}"
feat/ticket-funnel-20261006,498,97f9f744aa72a17c4aa688eb07ac40fd325f5556,499,3 ancestor of consolidation; retain until successor merged and verified,True,"{""sourceContainedInMain"":false,""sourceContainedInShippedRelease"":false,""initialSourceContainedInMain"":false,""initialSha"":null,""firstRecordedSha"":""97f9f744aa72a17c4aa688eb07ac40fd325f5556"",""currentSha"":""97f9f744aa72a17c4aa688eb07ac40fd325f5556"",""successorAncestry"":[499],""action"":null,""prState"":""OPEN"",""recoveryBundle"":""tdf-app-preprune.bundle""}"
feat/ticket-inclusive-tax-20261005,490,c9abd4bd88ad34971c488fbca372f6130b5e5252,490 -> main,1 absent ref; source fully present in main,False,"{""sourceContainedInMain"":true,""sourceContainedInShippedRelease"":false,""initialSourceContainedInMain"":true,""initialSha"":null,""firstRecordedSha"":""c9abd4bd88ad34971c488fbca372f6130b5e5252"",""currentSha"":null,""successorAncestry"":[499,498,497,496,495,493],""action"":{""repo"":""tdf-app"",""branch"":""feat/ticket-inclusive-tax-20261005"",""sha"":""c9abd4bd88ad34971c488fbca372f6130b5e5252"",""pr"":490,""action"":""deleted fully-main-contained ref after verified merge tree and postmerge gates"",""successor"":""490 -> main"",""main"":""3a2ab395c233e16641eb3d574afc941809ac43f1"",""evidence"":""tax490-postmerge-prune-proof.json"",""recoveryBundle"":""tax490-retired.bundle"",""timestamp"":""2026-10-06T01:09:42.466844+00:00""},""prState"":""MERGED"",""recoveryBundle"":""tdf-app-preprune.bundle""}"
feat/universal-interactions-20260928,470,fd87416e99af3176d107178832f238ef00003be5,main,1 absent ref; source fully present in main,False,"{""sourceContainedInMain"":true,""sourceContainedInShippedRelease"":false,""initialSourceContainedInMain"":true,""initialSha"":""fd87416e99af3176d107178832f238ef00003be5"",""firstRecordedSha"":""fd87416e99af3176d107178832f238ef00003be5"",""currentSha"":null,""successorAncestry"":[499,498,497,496,495,493],""action"":{""repo"":""tdf-app"",""branch"":""feat/universal-interactions-20260928"",""sha"":""fd87416e99af3176d107178832f238ef00003be5"",""action"":""deleted fully-main-contained ref"",""main"":""49f1f0ec087067d17f62d91df1b616eb053eb894"",""timestamp"":""2026-10-03T23:38:13.873955+00:00""},""prState"":""MERGED"",""recoveryBundle"":""tdf-app-preprune.bundle""}"
fix/access-request-name-production-20260916,,954e995f1cd08f363afe2b0e34ccf02dcd80ea8c,main,8 removed after recorded preservation audit,False,"{""sourceContainedInMain"":false,""sourceContainedInShippedRelease"":false,""initialSourceContainedInMain"":false,""initialSha"":""954e995f1cd08f363afe2b0e34ccf02dcd80ea8c"",""firstRecordedSha"":""954e995f1cd08f363afe2b0e34ccf02dcd80ea8c"",""currentSha"":null,""successorAncestry"":[],""action"":{""repo"":""tdf-app"",""branch"":""fix/access-request-name-production-20260916"",""sha"":""954e995f1cd08f363afe2b0e34ccf02dcd80ea8c"",""action"":""deleted semantically superseded ref"",""main"":""b07f67c3ebe2022d5f70e94578944b6401616696"",""evidence"":""orphan-semantic-evidence.json""},""prState"":null,""recoveryBundle"":""tdf-app-preprune.bundle""}"
fix/access-request-requester-name-20260916,405,efb09219be25941af574eaac4ec5d2e7e3a421b2,main,8 removed after recorded preservation audit,False,"{""sourceContainedInMain"":false,""sourceContainedInShippedRelease"":false,""initialSourceContainedInMain"":false,""initialSha"":""efb09219be25941af574eaac4ec5d2e7e3a421b2"",""firstRecordedSha"":""efb09219be25941af574eaac4ec5d2e7e3a421b2"",""currentSha"":null,""successorAncestry"":[],""action"":{""repo"":""tdf-app"",""branch"":""fix/access-request-requester-name-20260916"",""sha"":""efb09219be25941af574eaac4ec5d2e7e3a421b2"",""action"":""deleted fully patch-equivalent ref"",""main"":""b07f67c3ebe2022d5f70e94578944b6401616696"",""evidence"":""orphan-patch-evidence-current.json""},""prState"":""MERGED"",""recoveryBundle"":""tdf-app-preprune.bundle""}"
fix/artist-follow-onboarding-continuity,364,1299f9c63a325e17dff0bfe1f048ff52f7bb8b15,main,1 absent ref; source fully present in main,False,"{""sourceContainedInMain"":true,""sourceContainedInShippedRelease"":false,""initialSourceContainedInMain"":true,""initialSha"":""1299f9c63a325e17dff0bfe1f048ff52f7bb8b15"",""firstRecordedSha"":""1299f9c63a325e17dff0bfe1f048ff52f7bb8b15"",""currentSha"":null,""successorAncestry"":[499,498,497,496,495,493],""action"":{""repo"":""tdf-app"",""branch"":""fix/artist-follow-onboarding-continuity"",""sha"":""1299f9c63a325e17dff0bfe1f048ff52f7bb8b15"",""action"":""deleted fully-main-contained ref"",""main"":""b07f67c3ebe2022d5f70e94578944b6401616696"",""timestamp"":""2026-10-04T04:35:31.557648+00:00""},""prState"":""CLOSED"",""recoveryBundle"":""tdf-app-preprune.bundle""}"
fix/auth-locale-20260917,422,209b21b07f304d21ab397353653b531646ae72be,main,1 absent ref; source fully present in main,False,"{""sourceContainedInMain"":true,""sourceContainedInShippedRelease"":false,""initialSourceContainedInMain"":true,""initialSha"":""209b21b07f304d21ab397353653b531646ae72be"",""firstRecordedSha"":""209b21b07f304d21ab397353653b531646ae72be"",""currentSha"":null,""successorAncestry"":[499,498,497,496,495,493],""action"":{""repo"":""tdf-app"",""branch"":""fix/auth-locale-20260917"",""sha"":""209b21b07f304d21ab397353653b531646ae72be"",""action"":""deleted fully-main-contained ref"",""main"":""49f1f0ec087067d17f62d91df1b616eb053eb894"",""timestamp"":""2026-10-03T23:38:13.873963+00:00""},""prState"":""MERGED"",""recoveryBundle"":""tdf-app-preprune.bundle""}"
fix/canonical-api-hostname-20261005,489,c1d74b56de15dde6b3ec49ad169629d689120084,489 -> main 26adc806a2de7ebabf8004a2709c2731058bf8a8,1 absent ref; source fully present in main,False,"{""sourceContainedInMain"":true,""sourceContainedInShippedRelease"":false,""initialSourceContainedInMain"":true,""initialSha"":null,""firstRecordedSha"":""c1d74b56de15dde6b3ec49ad169629d689120084"",""currentSha"":null,""successorAncestry"":[499,498,497,496,495,493],""action"":{""repo"":""tdf-app"",""pr"":489,""action"":""deleted fully-main-contained ref after verified merge tree and postmerge gates"",""branch"":""fix/canonical-api-hostname-20261005"",""sha"":""c1d74b56de15dde6b3ec49ad169629d689120084"",""successor"":""489 -> main 26adc806a2de7ebabf8004a2709c2731058bf8a8"",""proof"":""hostname489-prune-proof.json"",""recoveryRef"":""refs/tdf-audit/retired/hostname-489-c1d74b56"",""timestamp"":""2026-10-06T00:20:11.984653+00:00""},""prState"":""MERGED"",""recoveryBundle"":""tdf-app-preprune.bundle""}"
fix/ci-green-baseline-20260912,333,5bceb329f034cdfadf077f8f2889aa50bd402c7c,main,1 absent ref; source fully present in main,False,"{""sourceContainedInMain"":true,""sourceContainedInShippedRelease"":false,""initialSourceContainedInMain"":true,""initialSha"":""5bceb329f034cdfadf077f8f2889aa50bd402c7c"",""firstRecordedSha"":""5bceb329f034cdfadf077f8f2889aa50bd402c7c"",""currentSha"":null,""successorAncestry"":[499,498,497,496,495,493],""action"":{""repo"":""tdf-app"",""branch"":""fix/ci-green-baseline-20260912"",""sha"":""5bceb329f034cdfadf077f8f2889aa50bd402c7c"",""action"":""deleted fully-main-contained ref"",""main"":""49f1f0ec087067d17f62d91df1b616eb053eb894"",""timestamp"":""2026-10-03T23:38:13.873968+00:00""},""prState"":""MERGED"",""recoveryBundle"":""tdf-app-preprune.bundle""}"
fix/ci-messaging-readonly-20260915,370,75c096bea71dbf58f92852fca3ab140116e6697f,main,1 absent ref; source fully present in main,False,"{""sourceContainedInMain"":true,""sourceContainedInShippedRelease"":false,""initialSourceContainedInMain"":true,""initialSha"":""75c096bea71dbf58f92852fca3ab140116e6697f"",""firstRecordedSha"":""75c096bea71dbf58f92852fca3ab140116e6697f"",""currentSha"":null,""successorAncestry"":[499,498,497,496,495,493],""action"":{""repo"":""tdf-app"",""branch"":""fix/ci-messaging-readonly-20260915"",""sha"":""75c096bea71dbf58f92852fca3ab140116e6697f"",""action"":""deleted fully-main-contained ref"",""main"":""49f1f0ec087067d17f62d91df1b616eb053eb894"",""timestamp"":""2026-10-03T23:38:13.874017+00:00""},""prState"":""MERGED"",""recoveryBundle"":""tdf-app-preprune.bundle""}"
fix/directory-privacy-migration-order-20260917,419,c7643f0ba07f330995415c4848194938536d51ae,main,1 absent ref; source fully present in main,False,"{""sourceContainedInMain"":true,""sourceContainedInShippedRelease"":false,""initialSourceContainedInMain"":true,""initialSha"":""c7643f0ba07f330995415c4848194938536d51ae"",""firstRecordedSha"":""c7643f0ba07f330995415c4848194938536d51ae"",""currentSha"":null,""successorAncestry"":[499,498,497,496,495,493],""action"":{""repo"":""tdf-app"",""branch"":""fix/directory-privacy-migration-order-20260917"",""sha"":""c7643f0ba07f330995415c4848194938536d51ae"",""action"":""deleted fully-main-contained ref"",""main"":""49f1f0ec087067d17f62d91df1b616eb053eb894"",""timestamp"":""2026-10-03T23:38:13.874028+00:00""},""prState"":""MERGED"",""recoveryBundle"":""tdf-app-preprune.bundle""}"
fix/disable-unverified-service-escrow-20260920,461,989d0663cc249bcee74331604561628d3435c961,main,1 absent ref; source fully present in main,False,"{""sourceContainedInMain"":true,""sourceContainedInShippedRelease"":false,""initialSourceContainedInMain"":true,""initialSha"":""989d0663cc249bcee74331604561628d3435c961"",""firstRecordedSha"":""989d0663cc249bcee74331604561628d3435c961"",""currentSha"":null,""successorAncestry"":[499,498,497,496,495,493],""action"":{""repo"":""tdf-app"",""branch"":""fix/disable-unverified-service-escrow-20260920"",""sha"":""989d0663cc249bcee74331604561628d3435c961"",""action"":""deleted fully-main-contained ref"",""main"":""49f1f0ec087067d17f62d91df1b616eb053eb894"",""timestamp"":""2026-10-03T23:38:13.874032+00:00""},""prState"":""MERGED"",""recoveryBundle"":""tdf-app-preprune.bundle""}"
fix/event-command-existence-privacy,346,892038c7d7ec64082b39917127f67748e6d1dca7,main,1 absent ref; source fully present in main,False,"{""sourceContainedInMain"":true,""sourceContainedInShippedRelease"":false,""initialSourceContainedInMain"":true,""initialSha"":""892038c7d7ec64082b39917127f67748e6d1dca7"",""firstRecordedSha"":""892038c7d7ec64082b39917127f67748e6d1dca7"",""currentSha"":null,""successorAncestry"":[499,498,497,496,495,493],""action"":{""repo"":""tdf-app"",""branch"":""fix/event-command-existence-privacy"",""sha"":""892038c7d7ec64082b39917127f67748e6d1dca7"",""action"":""deleted fully-main-contained ref"",""main"":""b07f67c3ebe2022d5f70e94578944b6401616696"",""timestamp"":""2026-10-04T04:35:31.557651+00:00""},""prState"":""CLOSED"",""recoveryBundle"":""tdf-app-preprune.bundle""}"
fix/event-command-replay-authorization,341,6b0913bab2b065b327149a6d3a042efecd9e75d7,main,1 absent ref; source fully present in main,False,"{""sourceContainedInMain"":true,""sourceContainedInShippedRelease"":false,""initialSourceContainedInMain"":true,""initialSha"":""6b0913bab2b065b327149a6d3a042efecd9e75d7"",""firstRecordedSha"":""6b0913bab2b065b327149a6d3a042efecd9e75d7"",""currentSha"":null,""successorAncestry"":[499,498,497,496,495,493],""action"":{""repo"":""tdf-app"",""branch"":""fix/event-command-replay-authorization"",""sha"":""6b0913bab2b065b327149a6d3a042efecd9e75d7"",""action"":""deleted fully-main-contained ref"",""main"":""b07f67c3ebe2022d5f70e94578944b6401616696"",""timestamp"":""2026-10-04T04:35:31.557654+00:00""},""prState"":""CLOSED"",""recoveryBundle"":""tdf-app-preprune.bundle""}"
fix/event-confirmed-end-20260920,460,648f2d6dc69080d4438ae2a25309497012ded2d1,main,1 absent ref; source fully present in main,False,"{""sourceContainedInMain"":true,""sourceContainedInShippedRelease"":false,""initialSourceContainedInMain"":true,""initialSha"":""648f2d6dc69080d4438ae2a25309497012ded2d1"",""firstRecordedSha"":""648f2d6dc69080d4438ae2a25309497012ded2d1"",""currentSha"":null,""successorAncestry"":[499,498,497,496,495,493],""action"":{""repo"":""tdf-app"",""branch"":""fix/event-confirmed-end-20260920"",""sha"":""648f2d6dc69080d4438ae2a25309497012ded2d1"",""action"":""deleted fully-main-contained ref"",""main"":""49f1f0ec087067d17f62d91df1b616eb053eb894"",""timestamp"":""2026-10-03T23:38:13.874070+00:00""},""prState"":""MERGED"",""recoveryBundle"":""tdf-app-preprune.bundle""}"
fix/event-discovery-schedule-20260918,456,f4223a98d82bebfd5b15147795379a6c8cf58fb6,main,1 absent ref; source fully present in main,False,"{""sourceContainedInMain"":true,""sourceContainedInShippedRelease"":false,""initialSourceContainedInMain"":true,""initialSha"":""f4223a98d82bebfd5b15147795379a6c8cf58fb6"",""firstRecordedSha"":""f4223a98d82bebfd5b15147795379a6c8cf58fb6"",""currentSha"":null,""successorAncestry"":[499,498,497,496,495,493],""action"":{""repo"":""tdf-app"",""branch"":""fix/event-discovery-schedule-20260918"",""sha"":""f4223a98d82bebfd5b15147795379a6c8cf58fb6"",""action"":""deleted fully-main-contained ref"",""main"":""49f1f0ec087067d17f62d91df1b616eb053eb894"",""timestamp"":""2026-10-03T23:38:13.874084+00:00""},""prState"":""MERGED"",""recoveryBundle"":""tdf-app-preprune.bundle""}"
fix/event-raci-review-contrast,413,cbbb3da9f20c2314c73a5114b8c0aa943647054e,main,1 absent ref; source fully present in main,False,"{""sourceContainedInMain"":true,""sourceContainedInShippedRelease"":false,""initialSourceContainedInMain"":true,""initialSha"":""cbbb3da9f20c2314c73a5114b8c0aa943647054e"",""firstRecordedSha"":""cbbb3da9f20c2314c73a5114b8c0aa943647054e"",""currentSha"":null,""successorAncestry"":[499,498,497,496,495,493],""action"":{""repo"":""tdf-app"",""branch"":""fix/event-raci-review-contrast"",""sha"":""cbbb3da9f20c2314c73a5114b8c0aa943647054e"",""action"":""deleted fully-main-contained ref"",""main"":""b07f67c3ebe2022d5f70e94578944b6401616696"",""timestamp"":""2026-10-04T04:35:31.557657+00:00""},""prState"":""CLOSED"",""recoveryBundle"":""tdf-app-preprune.bundle""}"
fix/event-schema-migration-dependencies,351,192f9578665109e52d28a96c772e3307bdc684e5,main,1 absent ref; source fully present in main,False,"{""sourceContainedInMain"":true,""sourceContainedInShippedRelease"":false,""initialSourceContainedInMain"":true,""initialSha"":""192f9578665109e52d28a96c772e3307bdc684e5"",""firstRecordedSha"":""192f9578665109e52d28a96c772e3307bdc684e5"",""currentSha"":null,""successorAncestry"":[499,498,497,496,495,493],""action"":{""repo"":""tdf-app"",""branch"":""fix/event-schema-migration-dependencies"",""sha"":""192f9578665109e52d28a96c772e3307bdc684e5"",""action"":""deleted fully-main-contained ref"",""main"":""b07f67c3ebe2022d5f70e94578944b6401616696"",""timestamp"":""2026-10-04T04:35:31.557659+00:00""},""prState"":""CLOSED"",""recoveryBundle"":""tdf-app-preprune.bundle""}"
fix/event-session-transaction-fence,348,3cd978045aa406c55512a6673c2ba5f2983ebc7c,main,1 absent ref; source fully present in main,False,"{""sourceContainedInMain"":true,""sourceContainedInShippedRelease"":false,""initialSourceContainedInMain"":true,""initialSha"":""3cd978045aa406c55512a6673c2ba5f2983ebc7c"",""firstRecordedSha"":""3cd978045aa406c55512a6673c2ba5f2983ebc7c"",""currentSha"":null,""successorAncestry"":[499,498,497,496,495,493],""action"":{""repo"":""tdf-app"",""branch"":""fix/event-session-transaction-fence"",""sha"":""3cd978045aa406c55512a6673c2ba5f2983ebc7c"",""action"":""deleted fully-main-contained ref"",""main"":""b07f67c3ebe2022d5f70e94578944b6401616696"",""timestamp"":""2026-10-04T04:35:31.557666+00:00""},""prState"":""CLOSED"",""recoveryBundle"":""tdf-app-preprune.bundle""}"
fix/event-snapshot-privacy-boundary,342,db81fdbe71d9b8e83d40d279b98c69df3749b316,main,1 absent ref; source fully present in main,False,"{""sourceContainedInMain"":true,""sourceContainedInShippedRelease"":false,""initialSourceContainedInMain"":true,""initialSha"":""db81fdbe71d9b8e83d40d279b98c69df3749b316"",""firstRecordedSha"":""db81fdbe71d9b8e83d40d279b98c69df3749b316"",""currentSha"":null,""successorAncestry"":[499,498,497,496,495,493],""action"":{""repo"":""tdf-app"",""branch"":""fix/event-snapshot-privacy-boundary"",""sha"":""db81fdbe71d9b8e83d40d279b98c69df3749b316"",""action"":""deleted fully-main-contained ref"",""main"":""b07f67c3ebe2022d5f70e94578944b6401616696"",""timestamp"":""2026-10-04T04:35:31.557669+00:00""},""prState"":""CLOSED"",""recoveryBundle"":""tdf-app-preprune.bundle""}"
fix/event-ticket-metadata-20261005,487,95f0254271221304a51763c68711300e9df8d803,main,1 absent ref; source fully present in main,False,"{""sourceContainedInMain"":true,""sourceContainedInShippedRelease"":false,""initialSourceContainedInMain"":true,""initialSha"":null,""firstRecordedSha"":""95f0254271221304a51763c68711300e9df8d803"",""currentSha"":null,""successorAncestry"":[499,498,497,496,495,493],""action"":{""repo"":""tdf-app"",""branch"":""fix/event-ticket-metadata-20261005"",""sha"":""95f0254271221304a51763c68711300e9df8d803"",""action"":""deleted fully-main-contained ref after verified merge tree and postmerge gates"",""main"":""7b801dedb97f034355d4ddfe8f69762a0632a021"",""evidence"":""pr487-postmerge-prune-proof.json"",""timestamp"":""2026-10-05T16:59:17.805447+00:00""},""prState"":""MERGED"",""recoveryBundle"":""tdf-app-preprune.bundle""}"
fix/event-ui-lazy-validation,399,d4e7ed0505a87a03706b765fc304ffa50362b8fb,main,1 absent ref; source fully present in main,False,"{""sourceContainedInMain"":true,""sourceContainedInShippedRelease"":false,""initialSourceContainedInMain"":true,""initialSha"":""d4e7ed0505a87a03706b765fc304ffa50362b8fb"",""firstRecordedSha"":""d4e7ed0505a87a03706b765fc304ffa50362b8fb"",""currentSha"":null,""successorAncestry"":[499,498,497,496,495,493],""action"":{""repo"":""tdf-app"",""branch"":""fix/event-ui-lazy-validation"",""sha"":""d4e7ed0505a87a03706b765fc304ffa50362b8fb"",""action"":""deleted fully-main-contained ref"",""main"":""b07f67c3ebe2022d5f70e94578944b6401616696"",""timestamp"":""2026-10-04T04:35:31.557673+00:00""},""prState"":""CLOSED"",""recoveryBundle"":""tdf-app-preprune.bundle""}"
fix/fanhub-audit-20260917,425,36f254d14b62efc10268df5545a15bfe157cb0a3,main,1 absent ref; source fully present in main,False,"{""sourceContainedInMain"":true,""sourceContainedInShippedRelease"":false,""initialSourceContainedInMain"":true,""initialSha"":""36f254d14b62efc10268df5545a15bfe157cb0a3"",""firstRecordedSha"":""36f254d14b62efc10268df5545a15bfe157cb0a3"",""currentSha"":null,""successorAncestry"":[499,498,497,496,495,493],""action"":{""repo"":""tdf-app"",""branch"":""fix/fanhub-audit-20260917"",""sha"":""36f254d14b62efc10268df5545a15bfe157cb0a3"",""action"":""deleted fully-main-contained ref"",""main"":""49f1f0ec087067d17f62d91df1b616eb053eb894"",""timestamp"":""2026-10-03T23:38:13.874094+00:00""},""prState"":""MERGED"",""recoveryBundle"":""tdf-app-preprune.bundle""}"
fix/fanhub-authoritative-onboarding,368,ff3cd1676a6db7b6ceef56d44407b0846a4f2071,main,1 absent ref; source fully present in main,False,"{""sourceContainedInMain"":true,""sourceContainedInShippedRelease"":false,""initialSourceContainedInMain"":true,""initialSha"":""ff3cd1676a6db7b6ceef56d44407b0846a4f2071"",""firstRecordedSha"":""ff3cd1676a6db7b6ceef56d44407b0846a4f2071"",""currentSha"":null,""successorAncestry"":[499,498,497,496,495,493],""action"":{""repo"":""tdf-app"",""branch"":""fix/fanhub-authoritative-onboarding"",""sha"":""ff3cd1676a6db7b6ceef56d44407b0846a4f2071"",""action"":""deleted fully-main-contained ref"",""main"":""b07f67c3ebe2022d5f70e94578944b6401616696"",""timestamp"":""2026-10-04T04:35:31.557676+00:00""},""prState"":""CLOSED"",""recoveryBundle"":""tdf-app-preprune.bundle""}"
fix/identity-request-recovery-20260918,453,261bfdfbbdab0520b35725a72b776f160b608dd3,main,1 absent ref; source fully present in main,False,"{""sourceContainedInMain"":true,""sourceContainedInShippedRelease"":false,""initialSourceContainedInMain"":true,""initialSha"":""261bfdfbbdab0520b35725a72b776f160b608dd3"",""firstRecordedSha"":""261bfdfbbdab0520b35725a72b776f160b608dd3"",""currentSha"":null,""successorAncestry"":[499,498,497,496,495,493],""action"":{""repo"":""tdf-app"",""branch"":""fix/identity-request-recovery-20260918"",""sha"":""261bfdfbbdab0520b35725a72b776f160b608dd3"",""action"":""deleted fully-main-contained ref"",""main"":""49f1f0ec087067d17f62d91df1b616eb053eb894"",""timestamp"":""2026-10-03T23:38:13.874101+00:00""},""prState"":""MERGED"",""recoveryBundle"":""tdf-app-preprune.bundle""}"
fix/instagram-checkpoint-metadata-20260916,420,40034a31e32ca7d1dbbf6dae67efda8eef982586,main,8 removed after recorded preservation audit,False,"{""sourceContainedInMain"":false,""sourceContainedInShippedRelease"":false,""initialSourceContainedInMain"":false,""initialSha"":""40034a31e32ca7d1dbbf6dae67efda8eef982586"",""firstRecordedSha"":""40034a31e32ca7d1dbbf6dae67efda8eef982586"",""currentSha"":null,""successorAncestry"":[],""action"":{""repo"":""tdf-app"",""branch"":""fix/instagram-checkpoint-metadata-20260916"",""sha"":""40034a31e32ca7d1dbbf6dae67efda8eef982586"",""action"":""deleted fully patch-equivalent ref"",""main"":""b07f67c3ebe2022d5f70e94578944b6401616696"",""evidence"":""orphan-patch-evidence-current.json""},""prState"":""MERGED"",""recoveryBundle"":""tdf-app-preprune.bundle""}"
fix/interaction-deletion-focus-20260930,473,4731a35742b4939236bc08f43c5ea2780820caee,main,1 absent ref; source fully present in main,False,"{""sourceContainedInMain"":true,""sourceContainedInShippedRelease"":false,""initialSourceContainedInMain"":true,""initialSha"":""4731a35742b4939236bc08f43c5ea2780820caee"",""firstRecordedSha"":""4731a35742b4939236bc08f43c5ea2780820caee"",""currentSha"":null,""successorAncestry"":[499,498,497,496,495,493],""action"":{""repo"":""tdf-app"",""branch"":""fix/interaction-deletion-focus-20260930"",""sha"":""4731a35742b4939236bc08f43c5ea2780820caee"",""action"":""deleted fully-main-contained ref"",""main"":""49f1f0ec087067d17f62d91df1b616eb053eb894"",""timestamp"":""2026-10-03T23:38:13.874106+00:00""},""prState"":""MERGED"",""recoveryBundle"":""tdf-app-preprune.bundle""}"
fix/interaction-release-dompurify-20261001,474,6a830cf74b1c9ff81fdce9814d73435ce05d0b27,main,1 absent ref; source fully present in main,False,"{""sourceContainedInMain"":true,""sourceContainedInShippedRelease"":false,""initialSourceContainedInMain"":true,""initialSha"":""6a830cf74b1c9ff81fdce9814d73435ce05d0b27"",""firstRecordedSha"":""6a830cf74b1c9ff81fdce9814d73435ce05d0b27"",""currentSha"":null,""successorAncestry"":[499,498,497,496,495,493],""action"":{""repo"":""tdf-app"",""branch"":""fix/interaction-release-dompurify-20261001"",""sha"":""6a830cf74b1c9ff81fdce9814d73435ce05d0b27"",""action"":""deleted fully-main-contained ref"",""main"":""49f1f0ec087067d17f62d91df1b616eb053eb894"",""timestamp"":""2026-10-03T23:38:13.874112+00:00""},""prState"":""MERGED"",""recoveryBundle"":""tdf-app-preprune.bundle""}"
fix/label-assets-error-state-20261005,492,fee1f1159ca6b6cc82827253787187b267b208ac,24d8ba45d246c6e7431deb9b510e352265821a56,1 absent ref; source fully present in main,False,"{""sourceContainedInMain"":true,""sourceContainedInShippedRelease"":false,""initialSourceContainedInMain"":true,""initialSha"":null,""firstRecordedSha"":""fee1f1159ca6b6cc82827253787187b267b208ac"",""currentSha"":null,""successorAncestry"":[499,495],""action"":{""repo"":""tdf-app"",""branch"":""fix/label-assets-error-state-20261005"",""sha"":""fee1f1159ca6b6cc82827253787187b267b208ac"",""pr"":492,""action"":""deleted fully-main-contained ref after verified merge tree and postmerge gates"",""successor"":""24d8ba45d246c6e7431deb9b510e352265821a56"",""at"":""2026-10-06T04:19:51.179125+00:00"",""evidence"":{""sourceTreeEqualsMerge"":true,""postMergeRuns"":[{""conclusion"":""success"",""databaseId"":37412216212,""name"":""Social formal and persistence verification"",""status"":""completed""},{""conclusion"":""success"",""databaseId"":37412216017,""name"":""Run Datadog Synthetic tests"",""status"":""completed""},{""conclusion"":""success"",""databaseId"":37412215937,""name"":""Main integration admission"",""status"":""completed""},{""conclusion"":""success"",""databaseId"":37412215954,""name"":""Universal interaction verification"",""status"":""completed""},{""conclusion"":""success"",""databaseId"":37412216016,""name"":""Catalog list authority"",""status"":""completed""},{""conclusion"":""success"",""databaseId"":37412215933,""name"":""CI Safe Install"",""status"":""completed""},{""conclusion"":""success"",""databaseId"":37412216008,""name"":""Event operations verification"",""status"":""completed""}],""raciCompletedAfterExternalMerge"":{""conclusion"":""success"",""headSha"":""fee1f1159ca6b6cc82827253787187b267b208ac"",""status"":""completed""},""bundle"":""/private/tmp/tdf-current-audit-20261003/inventory492-retired.bundle"",""noOpenHeadOrBaseDependency"":true,""expectedSHALease"":true,""webDeployment"":""f648db00-161c-412a-bb2a-bdf6dd16268b"",""uiOnlyNoNewImageExpected"":true}},""prState"":""MERGED"",""recoveryBundle"":""tdf-app-preprune.bundle""}"
fix/mail-delivery-observability-20260918,452,ab9bbacc9da845b6bfe70ac3fda2ace44f17c918,main,1 absent ref; source fully present in main,False,"{""sourceContainedInMain"":true,""sourceContainedInShippedRelease"":false,""initialSourceContainedInMain"":true,""initialSha"":""ab9bbacc9da845b6bfe70ac3fda2ace44f17c918"",""firstRecordedSha"":""ab9bbacc9da845b6bfe70ac3fda2ace44f17c918"",""currentSha"":null,""successorAncestry"":[499,498,497,496,495,493],""action"":{""repo"":""tdf-app"",""branch"":""fix/mail-delivery-observability-20260918"",""sha"":""ab9bbacc9da845b6bfe70ac3fda2ace44f17c918"",""action"":""deleted fully-main-contained ref"",""main"":""49f1f0ec087067d17f62d91df1b616eb053eb894"",""timestamp"":""2026-10-03T23:38:13.874116+00:00""},""prState"":""MERGED"",""recoveryBundle"":""tdf-app-preprune.bundle""}"
fix/mail-smtp-log-flush-20260918,458,592916f2a7fbcd740409acda42e69d1a6bfb128a,main,1 absent ref; source fully present in main,False,"{""sourceContainedInMain"":true,""sourceContainedInShippedRelease"":false,""initialSourceContainedInMain"":true,""initialSha"":""592916f2a7fbcd740409acda42e69d1a6bfb128a"",""firstRecordedSha"":""592916f2a7fbcd740409acda42e69d1a6bfb128a"",""currentSha"":null,""successorAncestry"":[499,498,497,496,495,493],""action"":{""repo"":""tdf-app"",""branch"":""fix/mail-smtp-log-flush-20260918"",""sha"":""592916f2a7fbcd740409acda42e69d1a6bfb128a"",""action"":""deleted fully-main-contained ref"",""main"":""49f1f0ec087067d17f62d91df1b616eb053eb894"",""timestamp"":""2026-10-03T23:38:13.874126+00:00""},""prState"":""MERGED"",""recoveryBundle"":""tdf-app-preprune.bundle""}"
fix/migration-introduction-ancestry-audit-20260916,404,e24922210d09226bec610a8fe0f1b6f05867e8d7,main,1 absent ref; source fully present in main,False,"{""sourceContainedInMain"":true,""sourceContainedInShippedRelease"":false,""initialSourceContainedInMain"":true,""initialSha"":""e24922210d09226bec610a8fe0f1b6f05867e8d7"",""firstRecordedSha"":""e24922210d09226bec610a8fe0f1b6f05867e8d7"",""currentSha"":null,""successorAncestry"":[499,498,497,496,495,493],""action"":{""repo"":""tdf-app"",""branch"":""fix/migration-introduction-ancestry-audit-20260916"",""sha"":""e24922210d09226bec610a8fe0f1b6f05867e8d7"",""action"":""deleted fully-main-contained ref"",""main"":""49f1f0ec087067d17f62d91df1b616eb053eb894"",""timestamp"":""2026-10-03T23:38:13.874131+00:00""},""prState"":""MERGED"",""recoveryBundle"":""tdf-app-preprune.bundle""}"
fix/mobile-admitted-testers-20261005,483,85e27516b494a6be6b21769755292fd06c9e933a,main,1 absent ref; source fully present in main,False,"{""sourceContainedInMain"":true,""sourceContainedInShippedRelease"":false,""initialSourceContainedInMain"":true,""initialSha"":null,""firstRecordedSha"":""85e27516b494a6be6b21769755292fd06c9e933a"",""currentSha"":null,""successorAncestry"":[499,498,497,496,495,493],""action"":{""repo"":""tdf-app"",""branch"":""fix/mobile-admitted-testers-20261005"",""sha"":""85e27516b494a6be6b21769755292fd06c9e933a"",""action"":""deleted fully-main-contained ref after verified merge tree and postmerge gates"",""main"":""f7b3802ba93398ae5cb5fcc365e3123c0cdb9aed"",""evidence"":""pr483-postmerge-prune-proof.json"",""timestamp"":""2026-10-05T14:09:20.504586+00:00""},""prState"":""MERGED"",""recoveryBundle"":""tdf-app-preprune.bundle""}"
fix/notification-mobile-release-pin-20260918,441,6449b75fe5387fcb1b80e55f4a71602a3fed2403,main,8 removed after recorded preservation audit,False,"{""sourceContainedInMain"":false,""sourceContainedInShippedRelease"":false,""initialSourceContainedInMain"":false,""initialSha"":""6449b75fe5387fcb1b80e55f4a71602a3fed2403"",""firstRecordedSha"":""6449b75fe5387fcb1b80e55f4a71602a3fed2403"",""currentSha"":null,""successorAncestry"":[],""action"":{""repo"":""tdf-app"",""branch"":""fix/notification-mobile-release-pin-20260918"",""sha"":""6449b75fe5387fcb1b80e55f4a71602a3fed2403"",""action"":""deleted semantically superseded ref"",""main"":""b07f67c3ebe2022d5f70e94578944b6401616696"",""evidence"":""orphan-semantic-evidence.json""},""prState"":""CLOSED"",""recoveryBundle"":""tdf-app-preprune.bundle""}"
fix/notification-navigation-20260917,428,a5a391954ec4152a19e1502c08347edd34624060,main,1 absent ref; source fully present in main,False,"{""sourceContainedInMain"":true,""sourceContainedInShippedRelease"":false,""initialSourceContainedInMain"":true,""initialSha"":""a5a391954ec4152a19e1502c08347edd34624060"",""firstRecordedSha"":""a5a391954ec4152a19e1502c08347edd34624060"",""currentSha"":null,""successorAncestry"":[499,498,497,496,495,493],""action"":{""repo"":""tdf-app"",""branch"":""fix/notification-navigation-20260917"",""sha"":""a5a391954ec4152a19e1502c08347edd34624060"",""action"":""deleted fully-main-contained ref"",""main"":""49f1f0ec087067d17f62d91df1b616eb053eb894"",""timestamp"":""2026-10-03T23:38:13.874141+00:00""},""prState"":""MERGED"",""recoveryBundle"":""tdf-app-preprune.bundle""}"
fix/paypal-ticket-refund-revocation-20261005,493,a849d9b85168de1fcc1f5d64c95863fa41f5c312,"499,498,497,496",3 ancestor retained as active PR base until successor is merged and verified,True,"{""sourceContainedInMain"":false,""sourceContainedInShippedRelease"":false,""initialSourceContainedInMain"":false,""initialSha"":null,""firstRecordedSha"":""a849d9b85168de1fcc1f5d64c95863fa41f5c312"",""currentSha"":""a849d9b85168de1fcc1f5d64c95863fa41f5c312"",""successorAncestry"":[499,498,497,496],""action"":null,""prState"":""OPEN"",""recoveryBundle"":""tdf-app-preprune.bundle""}"
fix/preserve-enabled-paypal-webhooks-20260916,412,a28b94d74a49ebdf71481694bc910ab95298e027,main,8 removed after recorded preservation audit,False,"{""sourceContainedInMain"":false,""sourceContainedInShippedRelease"":false,""initialSourceContainedInMain"":false,""initialSha"":""a28b94d74a49ebdf71481694bc910ab95298e027"",""firstRecordedSha"":""a28b94d74a49ebdf71481694bc910ab95298e027"",""currentSha"":null,""successorAncestry"":[],""action"":{""repo"":""tdf-app"",""branch"":""fix/preserve-enabled-paypal-webhooks-20260916"",""sha"":""a28b94d74a49ebdf71481694bc910ab95298e027"",""action"":""deleted fully patch-equivalent ref"",""main"":""b07f67c3ebe2022d5f70e94578944b6401616696"",""evidence"":""orphan-patch-evidence-current.json""},""prState"":""MERGED"",""recoveryBundle"":""tdf-app-preprune.bundle""}"
fix/profile-activity-photo-preview-20261004,477,169ad4a55a4da8693ad3151340abd2e83efa0ede,main,1 absent ref; source fully present in main,False,"{""sourceContainedInMain"":true,""sourceContainedInShippedRelease"":false,""initialSourceContainedInMain"":true,""initialSha"":null,""firstRecordedSha"":""169ad4a55a4da8693ad3151340abd2e83efa0ede"",""currentSha"":null,""successorAncestry"":[499,498,497,496,495,493],""action"":{""repo"":""tdf-app"",""branch"":""fix/profile-activity-photo-preview-20261004"",""sha"":""169ad4a55a4da8693ad3151340abd2e83efa0ede"",""action"":""deleted fully-main-contained ref"",""main"":""fdac8e76523befee1603f49f6c7cf7d00762931b"",""timestamp"":""2026-10-05T01:49:10.120207+00:00""},""prState"":""MERGED"",""recoveryBundle"":""tdf-app-preprune.bundle""}"
fix/records-thumbnails-ingestion-20260918,451,697a5c748332a7179d3a3e7f7bbfd7d5323579b9,main,1 absent ref; source fully present in main,False,"{""sourceContainedInMain"":true,""sourceContainedInShippedRelease"":false,""initialSourceContainedInMain"":true,""initialSha"":""697a5c748332a7179d3a3e7f7bbfd7d5323579b9"",""firstRecordedSha"":""697a5c748332a7179d3a3e7f7bbfd7d5323579b9"",""currentSha"":null,""successorAncestry"":[499,498,497,496,495,493],""action"":{""repo"":""tdf-app"",""branch"":""fix/records-thumbnails-ingestion-20260918"",""sha"":""697a5c748332a7179d3a3e7f7bbfd7d5323579b9"",""action"":""deleted fully-main-contained ref"",""main"":""49f1f0ec087067d17f62d91df1b616eb053eb894"",""timestamp"":""2026-10-03T23:38:13.874147+00:00""},""prState"":""MERGED"",""recoveryBundle"":""tdf-app-preprune.bundle""}"
fix/recovery-dialog-navigation-20260918,457,65cc350a68bf293720bed21afb771d75ab8fbea7,main,1 absent ref; source fully present in main,False,"{""sourceContainedInMain"":true,""sourceContainedInShippedRelease"":false,""initialSourceContainedInMain"":true,""initialSha"":""65cc350a68bf293720bed21afb771d75ab8fbea7"",""firstRecordedSha"":""65cc350a68bf293720bed21afb771d75ab8fbea7"",""currentSha"":null,""successorAncestry"":[499,498,497,496,495,493],""action"":{""repo"":""tdf-app"",""branch"":""fix/recovery-dialog-navigation-20260918"",""sha"":""65cc350a68bf293720bed21afb771d75ab8fbea7"",""action"":""deleted fully-main-contained ref"",""main"":""49f1f0ec087067d17f62d91df1b616eb053eb894"",""timestamp"":""2026-10-03T23:38:13.874153+00:00""},""prState"":""MERGED"",""recoveryBundle"":""tdf-app-preprune.bundle""}"
fix/redact-stripe-webhook-example-20260916,392,2455951713967642de9b429c5a790ceec6cb1fa2,main,1 absent ref; source fully present in main,False,"{""sourceContainedInMain"":true,""sourceContainedInShippedRelease"":false,""initialSourceContainedInMain"":true,""initialSha"":""2455951713967642de9b429c5a790ceec6cb1fa2"",""firstRecordedSha"":""2455951713967642de9b429c5a790ceec6cb1fa2"",""currentSha"":null,""successorAncestry"":[499,498,497,496,495,493],""action"":{""repo"":""tdf-app"",""branch"":""fix/redact-stripe-webhook-example-20260916"",""sha"":""2455951713967642de9b429c5a790ceec6cb1fa2"",""action"":""deleted fully-main-contained ref"",""main"":""49f1f0ec087067d17f62d91df1b616eb053eb894"",""timestamp"":""2026-10-03T23:38:13.874157+00:00""},""prState"":""MERGED"",""recoveryBundle"":""tdf-app-preprune.bundle""}"
fix/release-artwork-20260915,369,760763642ae9641b19ef0adfb317f4243ff30a25,main,8 removed after recorded preservation audit,False,"{""sourceContainedInMain"":false,""sourceContainedInShippedRelease"":false,""initialSourceContainedInMain"":false,""initialSha"":""760763642ae9641b19ef0adfb317f4243ff30a25"",""firstRecordedSha"":""760763642ae9641b19ef0adfb317f4243ff30a25"",""currentSha"":null,""successorAncestry"":[],""action"":{""repo"":""tdf-app"",""branch"":""fix/release-artwork-20260915"",""sha"":""760763642ae9641b19ef0adfb317f4243ff30a25"",""action"":""deleted semantically superseded ref"",""main"":""b07f67c3ebe2022d5f70e94578944b6401616696"",""evidence"":""orphan-semantic-evidence.json""},""prState"":""MERGED"",""recoveryBundle"":""tdf-app-preprune.bundle""}"
fix/reservation-pluscal-integrity,372,ec24b70b1b2319a875099cc118db0e68b62a5ed0,main,1 absent ref; source fully present in main,False,"{""sourceContainedInMain"":true,""sourceContainedInShippedRelease"":false,""initialSourceContainedInMain"":true,""initialSha"":""ec24b70b1b2319a875099cc118db0e68b62a5ed0"",""firstRecordedSha"":""ec24b70b1b2319a875099cc118db0e68b62a5ed0"",""currentSha"":null,""successorAncestry"":[499,498,497,496,495,493],""action"":{""repo"":""tdf-app"",""branch"":""fix/reservation-pluscal-integrity"",""sha"":""ec24b70b1b2319a875099cc118db0e68b62a5ed0"",""action"":""deleted fully-main-contained ref"",""main"":""b07f67c3ebe2022d5f70e94578944b6401616696"",""timestamp"":""2026-10-04T04:35:31.557679+00:00""},""prState"":""CLOSED"",""recoveryBundle"":""tdf-app-preprune.bundle""}"
fix/social-stack-integration-20260916,400,5fcd17c926a70073c8ef3eda33904e1b207859ee,main,1 absent ref; source fully present in main,False,"{""sourceContainedInMain"":true,""sourceContainedInShippedRelease"":false,""initialSourceContainedInMain"":true,""initialSha"":""5fcd17c926a70073c8ef3eda33904e1b207859ee"",""firstRecordedSha"":""5fcd17c926a70073c8ef3eda33904e1b207859ee"",""currentSha"":null,""successorAncestry"":[499,498,497,496,495,493],""action"":{""repo"":""tdf-app"",""branch"":""fix/social-stack-integration-20260916"",""sha"":""5fcd17c926a70073c8ef3eda33904e1b207859ee"",""action"":""deleted fully-main-contained ref"",""main"":""49f1f0ec087067d17f62d91df1b616eb053eb894"",""timestamp"":""2026-10-03T23:38:13.874163+00:00""},""prState"":""MERGED"",""recoveryBundle"":""tdf-app-preprune.bundle""}"
fix/ticket-analytics-privacy-20261005,485,089927c77ed988681edbd0018e1376ad9a6be7a7,main,1 absent ref; source fully present in main,False,"{""sourceContainedInMain"":true,""sourceContainedInShippedRelease"":false,""initialSourceContainedInMain"":true,""initialSha"":null,""firstRecordedSha"":""089927c77ed988681edbd0018e1376ad9a6be7a7"",""currentSha"":null,""successorAncestry"":[499,498,497,496,495,493],""action"":{""repo"":""tdf-app"",""branch"":""fix/ticket-analytics-privacy-20261005"",""sha"":""089927c77ed988681edbd0018e1376ad9a6be7a7"",""action"":""deleted fully-main-contained ref after verified merge tree and postmerge gates"",""main"":""7b801dedb97f034355d4ddfe8f69762a0632a021"",""evidence"":""pr485-postmerge-prune-proof.json"",""timestamp"":""2026-10-05T17:30:07.363378+00:00""},""prState"":""MERGED"",""recoveryBundle"":""tdf-app-preprune.bundle""}"
fix/ticket-checkout-cors-20261005,494,ba97fa181f8e2edd252fed74af1d90cf127f8bc2,490 -> main,1 absent ref; source fully present in main,False,"{""sourceContainedInMain"":true,""sourceContainedInShippedRelease"":false,""initialSourceContainedInMain"":true,""initialSha"":null,""firstRecordedSha"":""ba97fa181f8e2edd252fed74af1d90cf127f8bc2"",""currentSha"":null,""successorAncestry"":[499,498,497,496,495,493],""action"":{""repo"":""tdf-app"",""branch"":""fix/ticket-checkout-cors-20261005"",""sha"":""ba97fa181f8e2edd252fed74af1d90cf127f8bc2"",""pr"":494,""action"":""deleted fully-main-contained ref after verified merge tree and postmerge gates"",""successor"":""490 -> main"",""main"":""3a2ab395c233e16641eb3d574afc941809ac43f1"",""evidence"":""tax490-postmerge-prune-proof.json"",""recoveryBundle"":""tax490-retired.bundle"",""timestamp"":""2026-10-06T01:09:45.584766+00:00""},""prState"":""MERGED"",""recoveryBundle"":""tdf-app-preprune.bundle""}"
fix/ticket-refund-allocations-20261006,497,5241d97906f283594597f21a8b99ccc5176be08a,"499,498",3 ancestor retained as active PR base until successor is merged and verified,True,"{""sourceContainedInMain"":false,""sourceContainedInShippedRelease"":false,""initialSourceContainedInMain"":false,""initialSha"":null,""firstRecordedSha"":""5241d97906f283594597f21a8b99ccc5176be08a"",""currentSha"":""5241d97906f283594597f21a8b99ccc5176be08a"",""successorAncestry"":[499,498],""action"":null,""prState"":""OPEN"",""recoveryBundle"":""tdf-app-preprune.bundle""}"
fix/ticket-refund-ledger-20261006,496,4d99974dd65a16daa6c6bd39eac077ecffa5b53e,"499,498,497",3 ancestor retained as active PR base until successor is merged and verified,True,"{""sourceContainedInMain"":false,""sourceContainedInShippedRelease"":false,""initialSourceContainedInMain"":false,""initialSha"":null,""firstRecordedSha"":""4d99974dd65a16daa6c6bd39eac077ecffa5b53e"",""currentSha"":""4d99974dd65a16daa6c6bd39eac077ecffa5b53e"",""successorAncestry"":[499,498,497],""action"":null,""prState"":""OPEN"",""recoveryBundle"":""tdf-app-preprune.bundle""}"
fix/web-onboarding-reconciliation-integration,359,827d745629f8cdbaee4429ded3689d3bf520a09d,main,1 absent ref; source fully present in main,False,"{""sourceContainedInMain"":true,""sourceContainedInShippedRelease"":false,""initialSourceContainedInMain"":true,""initialSha"":""827d745629f8cdbaee4429ded3689d3bf520a09d"",""firstRecordedSha"":""827d745629f8cdbaee4429ded3689d3bf520a09d"",""currentSha"":null,""successorAncestry"":[499,498,497,496,495,493],""action"":{""repo"":""tdf-app"",""branch"":""fix/web-onboarding-reconciliation-integration"",""sha"":""827d745629f8cdbaee4429ded3689d3bf520a09d"",""action"":""deleted fully-main-contained ref"",""main"":""b07f67c3ebe2022d5f70e94578944b6401616696"",""timestamp"":""2026-10-04T04:35:31.557682+00:00""},""prState"":""CLOSED"",""recoveryBundle"":""tdf-app-preprune.bundle""}"
integration/ticketing-activation-20261006,499,ecc42d39a40455862c5bfd65ecf96df269e274db,,"7 ticketing consolidation preserves493/496/497/498 and main24d8;184 migration provenance validated; ecc42d39 adds persistent late-refund fences, provider routing, retained-transfer and legacy-status fixes plus analytics repairs; six bounded abstraction tests independently pass; new PostgreSQL/runtime/hosted evidence and fresh review remain required",True,"{""sourceContainedInMain"":false,""sourceContainedInShippedRelease"":false,""initialSourceContainedInMain"":false,""initialSha"":null,""firstRecordedSha"":""ecc42d39a40455862c5bfd65ecf96df269e274db"",""currentSha"":""ecc42d39a40455862c5bfd65ecf96df269e274db"",""successorAncestry"":[],""action"":null,""prState"":""OPEN"",""recoveryBundle"":""tdf-app-preprune.bundle""}"
main,,24d8ba45d246c6e7431deb9b510e352265821a56,main,main authority,True,"{""sourceContainedInMain"":true,""sourceContainedInShippedRelease"":false,""initialSourceContainedInMain"":true,""initialSha"":""49f1f0ec087067d17f62d91df1b616eb053eb894"",""firstRecordedSha"":""49f1f0ec087067d17f62d91df1b616eb053eb894"",""currentSha"":""24d8ba45d246c6e7431deb9b510e352265821a56"",""successorAncestry"":[499,495],""action"":null,""prState"":null,""recoveryBundle"":""tdf-app-preprune.bundle""}"
release/identity-compatible-recovery-20260918,,bdd9e24bddaaa96e2da72d75041b1e1b20236e04,main,1 absent ref; source fully present in main,False,"{""sourceContainedInMain"":true,""sourceContainedInShippedRelease"":false,""initialSourceContainedInMain"":true,""initialSha"":""bdd9e24bddaaa96e2da72d75041b1e1b20236e04"",""firstRecordedSha"":""bdd9e24bddaaa96e2da72d75041b1e1b20236e04"",""currentSha"":null,""successorAncestry"":[499,498,497,496,495,493],""action"":{""repo"":""tdf-app"",""branch"":""release/identity-compatible-recovery-20260918"",""sha"":""bdd9e24bddaaa96e2da72d75041b1e1b20236e04"",""action"":""deleted fully-main-contained ref"",""main"":""49f1f0ec087067d17f62d91df1b616eb053eb894"",""timestamp"":""2026-10-03T23:38:13.874171+00:00""},""prState"":null,""recoveryBundle"":""tdf-app-preprune.bundle""}"
test/event-operations-http-boundary,345,dbe975d3143446c5e7cd9b132b6f994067065e7b,main,1 absent ref; source fully present in main,False,"{""sourceContainedInMain"":true,""sourceContainedInShippedRelease"":false,""initialSourceContainedInMain"":true,""initialSha"":""dbe975d3143446c5e7cd9b132b6f994067065e7b"",""firstRecordedSha"":""dbe975d3143446c5e7cd9b132b6f994067065e7b"",""currentSha"":null,""successorAncestry"":[499,498,497,496,495,493],""action"":{""repo"":""tdf-app"",""branch"":""test/event-operations-http-boundary"",""sha"":""dbe975d3143446c5e7cd9b132b6f994067065e7b"",""action"":""deleted fully-main-contained ref"",""main"":""b07f67c3ebe2022d5f70e94578944b6401616696"",""timestamp"":""2026-10-04T04:35:31.557685+00:00""},""prState"":""CLOSED"",""recoveryBundle"":""tdf-app-preprune.bundle""}"
test/event-operations-schema-rehearsal,349,cf591e1faa975b8023c6c06892fb50a51ba06dff,main,1 absent ref; source fully present in main,False,"{""sourceContainedInMain"":true,""sourceContainedInShippedRelease"":false,""initialSourceContainedInMain"":true,""initialSha"":""cf591e1faa975b8023c6c06892fb50a51ba06dff"",""firstRecordedSha"":""cf591e1faa975b8023c6c06892fb50a51ba06dff"",""currentSha"":null,""successorAncestry"":[499,498,497,496,495,493],""action"":{""repo"":""tdf-app"",""branch"":""test/event-operations-schema-rehearsal"",""sha"":""cf591e1faa975b8023c6c06892fb50a51ba06dff"",""action"":""deleted fully-main-contained ref"",""main"":""b07f67c3ebe2022d5f70e94578944b6401616696"",""timestamp"":""2026-10-04T04:35:31.557687+00:00""},""prState"":""CLOSED"",""recoveryBundle"":""tdf-app-preprune.bundle""}"
test/event-raci-accessibility-evidence,403,6047377348e901c919d7691b849faab30980b952,main,1 absent ref; source fully present in main,False,"{""sourceContainedInMain"":true,""sourceContainedInShippedRelease"":false,""initialSourceContainedInMain"":true,""initialSha"":""6047377348e901c919d7691b849faab30980b952"",""firstRecordedSha"":""6047377348e901c919d7691b849faab30980b952"",""currentSha"":null,""successorAncestry"":[499,498,497,496,495,493],""action"":{""repo"":""tdf-app"",""branch"":""test/event-raci-accessibility-evidence"",""sha"":""6047377348e901c919d7691b849faab30980b952"",""action"":""deleted fully-main-contained ref"",""main"":""b07f67c3ebe2022d5f70e94578944b6401616696"",""timestamp"":""2026-10-04T04:35:31.557690+00:00""},""prState"":""CLOSED"",""recoveryBundle"":""tdf-app-preprune.bundle""}"
test/event-raci-full-stack,395,7cdd712568311975407cf0b7cb2ee2081a0c0414,main,1 absent ref; source fully present in main,False,"{""sourceContainedInMain"":true,""sourceContainedInShippedRelease"":false,""initialSourceContainedInMain"":true,""initialSha"":""7cdd712568311975407cf0b7cb2ee2081a0c0414"",""firstRecordedSha"":""7cdd712568311975407cf0b7cb2ee2081a0c0414"",""currentSha"":null,""successorAncestry"":[499,498,497,496,495,493],""action"":{""repo"":""tdf-app"",""branch"":""test/event-raci-full-stack"",""sha"":""7cdd712568311975407cf0b7cb2ee2081a0c0414"",""action"":""deleted fully-main-contained ref"",""main"":""b07f67c3ebe2022d5f70e94578944b6401616696"",""timestamp"":""2026-10-04T04:35:31.557693+00:00""},""prState"":""CLOSED"",""recoveryBundle"":""tdf-app-preprune.bundle""}"
test/event-rsvp-ci-contracts,398,5ad2333c2a6ce379579a1cffa2708d56cbb21f5f,main,1 absent ref; source fully present in main,False,"{""sourceContainedInMain"":true,""sourceContainedInShippedRelease"":false,""initialSourceContainedInMain"":true,""initialSha"":""5ad2333c2a6ce379579a1cffa2708d56cbb21f5f"",""firstRecordedSha"":""5ad2333c2a6ce379579a1cffa2708d56cbb21f5f"",""currentSha"":null,""successorAncestry"":[499,498,497,496,495,493],""action"":{""repo"":""tdf-app"",""branch"":""test/event-rsvp-ci-contracts"",""sha"":""5ad2333c2a6ce379579a1cffa2708d56cbb21f5f"",""action"":""deleted fully-main-contained ref"",""main"":""b07f67c3ebe2022d5f70e94578944b6401616696"",""timestamp"":""2026-10-04T04:35:31.557696+00:00""},""prState"":""CLOSED"",""recoveryBundle"":""tdf-app-preprune.bundle""}"
test/event-task-browser-startup,375,221d1205c9cc2e992f8f36f73d441a3f9c6fda21,main,1 absent ref; source fully present in main,False,"{""sourceContainedInMain"":true,""sourceContainedInShippedRelease"":false,""initialSourceContainedInMain"":true,""initialSha"":""221d1205c9cc2e992f8f36f73d441a3f9c6fda21"",""firstRecordedSha"":""221d1205c9cc2e992f8f36f73d441a3f9c6fda21"",""currentSha"":null,""successorAncestry"":[499,498,497,496,495,493],""action"":{""repo"":""tdf-app"",""branch"":""test/event-task-browser-startup"",""sha"":""221d1205c9cc2e992f8f36f73d441a3f9c6fda21"",""action"":""deleted fully-main-contained ref"",""main"":""b07f67c3ebe2022d5f70e94578944b6401616696"",""timestamp"":""2026-10-04T04:35:31.557698+00:00""},""prState"":""CLOSED"",""recoveryBundle"":""tdf-app-preprune.bundle""}"
test/merch-expiry-checkout-contract,352,a1895105c6e15e1f95b4b72fd6218b34a311f6e6,main,1 absent ref; source fully present in main,False,"{""sourceContainedInMain"":true,""sourceContainedInShippedRelease"":false,""initialSourceContainedInMain"":true,""initialSha"":""a1895105c6e15e1f95b4b72fd6218b34a311f6e6"",""firstRecordedSha"":""a1895105c6e15e1f95b4b72fd6218b34a311f6e6"",""currentSha"":null,""successorAncestry"":[499,498,497,496,495,493],""action"":{""repo"":""tdf-app"",""branch"":""test/merch-expiry-checkout-contract"",""sha"":""a1895105c6e15e1f95b4b72fd6218b34a311f6e6"",""action"":""deleted fully-main-contained ref"",""main"":""b07f67c3ebe2022d5f70e94578944b6401616696"",""timestamp"":""2026-10-04T04:35:31.557701+00:00""},""prState"":""CLOSED"",""recoveryBundle"":""tdf-app-preprune.bundle""}"
