perl: warning: Setting locale failed.
perl: warning: Please check that your locale settings:
	LC_ALL = "C.UTF-8",
	LC_CTYPE = "C.UTF-8",
	LANG = "C.UTF-8"
    are supported and installed on your system.
perl: warning: Falling back to the standard locale ("C").
perl: warning: Setting locale failed.
perl: warning: Please check that your locale settings:
	LC_ALL = "C.UTF-8",
	LC_CTYPE = "C.UTF-8",
	LANG = "C.UTF-8"
    are supported and installed on your system.
perl: warning: Falling back to the standard locale ("C").
PlusCal regeneration matches exactly: ReservationRace.tla
✔ pinned regeneration matches the committed model without editing its source or siblings (2824.576854ms)
✔ rejects algorithm change without regeneration and preserves the rejected input (673.500622ms)
✔ rejects translation-only semantic change and preserves the rejected input (595.667005ms)
✔ rejects forged TLA checksum and preserves the rejected input (567.640925ms)
✔ rejects forged PlusCal checksum and preserves the rejected input (601.030495ms)
✔ rejects translation whitespace change and preserves the rejected input (585.2405ms)
✔ rejects original stale default-width translation and preserves the rejected input (594.530616ms)
✔ missing, duplicate and orphaned translation blocks fail closed (14.20955ms)
✔ syntax errors and missing Java are failures, not successful no-change translations (532.267316ms)
✔ directory scan includes new PlusCal files and cannot silently lose ReservationRace (1161.769063ms)
✔ missing and unpinned toolchains fail before running a translator (4.632444ms)
✔ CLI rejects unsupported options without modifying the model (214.265071ms)
✔ formal runner and both hosted triggers retain the fail-closed integrity gate (1.30844ms)
ℹ tests 13
ℹ suites 0
ℹ pass 13
ℹ fail 0
ℹ cancelled 0
ℹ skipped 0
ℹ todo 0
ℹ duration_ms 12650.810214
TLC2 Version 2.17 of 02 February 2022 (rev: 3c7caa5)
Running breadth-first search Model-Checking with fp 123 and seed -3342487392889181238 with 1 worker on 16 cores with 3641MB heap and 64MB offheap memory [pid: 91208] (Mac OS X 14.7.7 x86_64, JetBrains s.r.o. 21.0.8 x86_64, MSBDiskFPSet, DiskStateQueue).
Parsing file /private/tmp/tdf-formal-system-20260920/formal/event-operations/NativeLanding.tla
Parsing file /private/var/folders/0s/0tg301f95s51dvsjf74ksxjm0000gn/T/TLC.tla
Parsing file /private/var/folders/0s/0tg301f95s51dvsjf74ksxjm0000gn/T/Naturals.tla
Parsing file /private/var/folders/0s/0tg301f95s51dvsjf74ksxjm0000gn/T/Sequences.tla
Parsing file /private/var/folders/0s/0tg301f95s51dvsjf74ksxjm0000gn/T/FiniteSets.tla
Semantic processing of module Naturals
Semantic processing of module Sequences
Semantic processing of module FiniteSets
Semantic processing of module TLC
Semantic processing of module NativeLanding
Starting... (2026-09-20 20:45:41)
Implied-temporal checking--satisfiability problem has 1 branches.
Computing initial states...
Finished computing initial states: 1 distinct state generated at 2026-09-20 20:45:41.
Progress(3) at 2026-09-20 20:45:41: 25 states generated, 9 distinct states found, 0 states left on queue.
Checking temporal properties for the complete state space with 9 total distinct states at (2026-09-20 20:45:41)
Finished checking temporal properties in 00s at 2026-09-20 20:45:41
Model checking completed. No error has been found.
  Estimates of the probability that TLC did not check all reachable states
  because two distinct states had the same fingerprint:
  calculated (optimistic):  val = 7.8E-18
25 states generated, 9 distinct states found, 0 states left on queue.
The depth of the complete state graph search is 3.
The average outdegree of the complete state graph is 1 (minimum is 0, the maximum 4 and the 95th percentile is 4).
Finished in 02s at (2026-09-20 20:45:41)
TLC2 Version 2.17 of 02 February 2022 (rev: 3c7caa5)
Running breadth-first search Model-Checking with fp 61 and seed -1869528820531310492 with 1 worker on 16 cores with 3641MB heap and 64MB offheap memory [pid: 91211] (Mac OS X 14.7.7 x86_64, JetBrains s.r.o. 21.0.8 x86_64, MSBDiskFPSet, DiskStateQueue).
Parsing file /private/tmp/tdf-formal-system-20260920/formal/event-operations/NativeArtistFollow.tla
Parsing file /private/var/folders/0s/0tg301f95s51dvsjf74ksxjm0000gn/T/Naturals.tla
Parsing file /private/var/folders/0s/0tg301f95s51dvsjf74ksxjm0000gn/T/FiniteSets.tla
Parsing file /private/var/folders/0s/0tg301f95s51dvsjf74ksxjm0000gn/T/TLC.tla
Parsing file /private/var/folders/0s/0tg301f95s51dvsjf74ksxjm0000gn/T/Sequences.tla
Semantic processing of module Naturals
Semantic processing of module Sequences
Semantic processing of module FiniteSets
Semantic processing of module TLC
Semantic processing of module NativeArtistFollow
Starting... (2026-09-20 20:45:43)
Implied-temporal checking--satisfiability problem has 2 branches.
Computing initial states...
Finished computing initial states: 1 distinct state generated at 2026-09-20 20:45:44.
Progress(9) at 2026-09-20 20:45:44: 592 states generated, 328 distinct states found, 0 states left on queue.
Checking 2 branches of temporal properties for the complete state space with 656 total distinct states at (2026-09-20 20:45:44)
Finished checking temporal properties in 00s at 2026-09-20 20:45:44
Model checking completed. No error has been found.
  Estimates of the probability that TLC did not check all reachable states
  because two distinct states had the same fingerprint:
  calculated (optimistic):  val = 4.7E-15
592 states generated, 328 distinct states found, 0 states left on queue.
The depth of the complete state graph search is 9.
The average outdegree of the complete state graph is 1 (minimum is 0, the maximum 5 and the 95th percentile is 3).
Finished in 02s at (2026-09-20 20:45:44)
TLC2 Version 2.17 of 02 February 2022 (rev: 3c7caa5)
Running breadth-first search Model-Checking with fp 45 and seed 747261081875884129 with 1 worker on 16 cores with 3641MB heap and 64MB offheap memory [pid: 91249] (Mac OS X 14.7.7 x86_64, JetBrains s.r.o. 21.0.8 x86_64, MSBDiskFPSet, DiskStateQueue).
Parsing file /private/tmp/tdf-formal-system-20260920/formal/event-operations/ExperimentAuthority.tla
Parsing file /private/var/folders/0s/0tg301f95s51dvsjf74ksxjm0000gn/T/Naturals.tla
Parsing file /private/var/folders/0s/0tg301f95s51dvsjf74ksxjm0000gn/T/FiniteSets.tla
Parsing file /private/var/folders/0s/0tg301f95s51dvsjf74ksxjm0000gn/T/TLC.tla
Parsing file /private/var/folders/0s/0tg301f95s51dvsjf74ksxjm0000gn/T/Sequences.tla
Semantic processing of module Naturals
Semantic processing of module Sequences
Semantic processing of module FiniteSets
Semantic processing of module TLC
Semantic processing of module ExperimentAuthority
Starting... (2026-09-20 20:45:47)
Implied-temporal checking--satisfiability problem has 3 branches.
Computing initial states...
Finished computing initial states: 1 distinct state generated at 2026-09-20 20:45:48.
Checking 3 branches of temporal properties for the current state space with 1632 total distinct states at (2026-09-20 20:45:52)
Finished checking temporal properties in 00s at 2026-09-20 20:45:53
Progress(8) at 2026-09-20 20:45:53: 1,135 states generated (1,135 s/min), 545 distinct states found (545 ds/min), 160 states left on queue.
Progress(12) at 2026-09-20 20:45:53: 1,920 states generated, 876 distinct states found, 0 states left on queue.
Checking 3 branches of temporal properties for the complete state space with 2628 total distinct states at (2026-09-20 20:45:53)
Finished checking temporal properties in 00s at 2026-09-20 20:45:53
Model checking completed. No error has been found.
  Estimates of the probability that TLC did not check all reachable states
  because two distinct states had the same fingerprint:
  calculated (optimistic):  val = 5.0E-14
1920 states generated, 876 distinct states found, 0 states left on queue.
The depth of the complete state graph search is 12.
The average outdegree of the complete state graph is 1 (minimum is 0, the maximum 5 and the 95th percentile is 3).
Finished in 07s at (2026-09-20 20:45:53)
TLC2 Version 2.17 of 02 February 2022 (rev: 3c7caa5)
Running breadth-first search Model-Checking with fp 69 and seed -6340066528780111158 with 1 worker on 16 cores with 3641MB heap and 64MB offheap memory [pid: 91255] (Mac OS X 14.7.7 x86_64, JetBrains s.r.o. 21.0.8 x86_64, MSBDiskFPSet, DiskStateQueue).
Parsing file /private/tmp/tdf-formal-system-20260920/formal/event-operations/ExperimentAuthority.tla
Parsing file /private/var/folders/0s/0tg301f95s51dvsjf74ksxjm0000gn/T/Naturals.tla
Parsing file /private/var/folders/0s/0tg301f95s51dvsjf74ksxjm0000gn/T/FiniteSets.tla
Parsing file /private/var/folders/0s/0tg301f95s51dvsjf74ksxjm0000gn/T/TLC.tla
Parsing file /private/var/folders/0s/0tg301f95s51dvsjf74ksxjm0000gn/T/Sequences.tla
Semantic processing of module Naturals
Semantic processing of module Sequences
Semantic processing of module FiniteSets
Semantic processing of module TLC
Semantic processing of module ExperimentAuthority
Starting... (2026-09-20 20:45:55)
Implied-temporal checking--satisfiability problem has 3 branches.
Computing initial states...
Finished computing initial states: 1 distinct state generated at 2026-09-20 20:45:56.
Progress(12) at 2026-09-20 20:45:57: 1,574 states generated, 660 distinct states found, 0 states left on queue.
Checking 3 branches of temporal properties for the complete state space with 1980 total distinct states at (2026-09-20 20:45:57)
Finished checking temporal properties in 00s at 2026-09-20 20:45:57
Model checking completed. No error has been found.
  Estimates of the probability that TLC did not check all reachable states
  because two distinct states had the same fingerprint:
  calculated (optimistic):  val = 3.3E-14
1574 states generated, 660 distinct states found, 0 states left on queue.
The depth of the complete state graph search is 12.
The average outdegree of the complete state graph is 1 (minimum is 0, the maximum 5 and the 95th percentile is 3).
Finished in 02s at (2026-09-20 20:45:57)
TLC2 Version 2.17 of 02 February 2022 (rev: 3c7caa5)
Running breadth-first search Model-Checking with fp 124 and seed -7207817293545078018 with 1 worker on 16 cores with 3641MB heap and 64MB offheap memory [pid: 91269] (Mac OS X 14.7.7 x86_64, JetBrains s.r.o. 21.0.8 x86_64, MSBDiskFPSet, DiskStateQueue).
Parsing file /private/tmp/tdf-formal-system-20260920/formal/event-operations/EventLifecycle.tla
Parsing file /private/var/folders/0s/0tg301f95s51dvsjf74ksxjm0000gn/T/FiniteSets.tla
Parsing file /private/var/folders/0s/0tg301f95s51dvsjf74ksxjm0000gn/T/Naturals.tla
Parsing file /private/var/folders/0s/0tg301f95s51dvsjf74ksxjm0000gn/T/Sequences.tla
Parsing file /private/var/folders/0s/0tg301f95s51dvsjf74ksxjm0000gn/T/TLC.tla
Semantic processing of module Naturals
Semantic processing of module Sequences
Semantic processing of module FiniteSets
Semantic processing of module TLC
Semantic processing of module EventLifecycle
Starting... (2026-09-20 20:46:03)
Computing initial states...
Finished computing initial states: 1 distinct state generated at 2026-09-20 20:46:04.
Progress(3) at 2026-09-20 20:46:07: 5,042 states generated (5,042 s/min), 5,042 distinct states found (5,042 ds/min), 4,969 states left on queue.
Model checking completed. No error has been found.
  Estimates of the probability that TLC did not check all reachable states
  because two distinct states had the same fingerprint:
  calculated (optimistic):  val = 0.0
9941 states generated, 9941 distinct states found, 0 states left on queue.
The depth of the complete state graph search is 3.
The average outdegree of the complete state graph is 0 (minimum is 0, the maximum 31 and the 95th percentile is 0).
Finished in 19s at (2026-09-20 20:46:21)
TLC2 Version 2.17 of 02 February 2022 (rev: 3c7caa5)
Running breadth-first search Model-Checking with fp 13 and seed 1222430880723534019 with 1 worker on 16 cores with 3641MB heap and 64MB offheap memory [pid: 91307] (Mac OS X 14.7.7 x86_64, JetBrains s.r.o. 21.0.8 x86_64, MSBDiskFPSet, DiskStateQueue).
Parsing file /private/tmp/tdf-formal-system-20260920/formal/event-operations/EventLifecycle.tla
Parsing file /private/var/folders/0s/0tg301f95s51dvsjf74ksxjm0000gn/T/FiniteSets.tla
Parsing file /private/var/folders/0s/0tg301f95s51dvsjf74ksxjm0000gn/T/Naturals.tla
Parsing file /private/var/folders/0s/0tg301f95s51dvsjf74ksxjm0000gn/T/Sequences.tla
Parsing file /private/var/folders/0s/0tg301f95s51dvsjf74ksxjm0000gn/T/TLC.tla
Semantic processing of module Naturals
Semantic processing of module Sequences
Semantic processing of module FiniteSets
Semantic processing of module TLC
Semantic processing of module EventLifecycle
Starting... (2026-09-20 20:46:23)
Computing initial states...
Computed 2 initial states...
Computed 4 initial states...
Computed 8 initial states...
Finished computing initial states: 14 distinct states generated at 2026-09-20 20:46:24.
Progress(3) at 2026-09-20 20:46:27: 32,915 states generated (32,915 s/min), 32,915 distinct states found (32,915 ds/min), 32,457 states left on queue.
Progress(3) at 2026-09-20 20:47:27: 139,174 states generated (106,259 s/min), 139,174 distinct states found (106,259 ds/min), 99,765 states left on queue.
Progress(3) at 2026-09-20 20:48:28: 139,174 states generated (0 s/min), 139,174 distinct states found (0 ds/min), 74,568 states left on queue.
Progress(3) at 2026-09-20 20:49:28: 139,174 states generated (0 s/min), 139,174 distinct states found (0 ds/min), 5,570 states left on queue.
Model checking completed. No error has been found.
  Estimates of the probability that TLC did not check all reachable states
  because two distinct states had the same fingerprint:
  calculated (optimistic):  val = 0.0
139174 states generated, 139174 distinct states found, 0 states left on queue.
The depth of the complete state graph search is 3.
The average outdegree of the complete state graph is 0 (minimum is 0, the maximum 31 and the 95th percentile is 0).
Finished in 03min 11s at (2026-09-20 20:49:34)
TLC2 Version 2.17 of 02 February 2022 (rev: 3c7caa5)
Running breadth-first search Model-Checking with fp 91 and seed 4282485938563843314 with 1 worker on 16 cores with 3641MB heap and 64MB offheap memory [pid: 94479] (Mac OS X 14.7.7 x86_64, JetBrains s.r.o. 21.0.8 x86_64, MSBDiskFPSet, DiskStateQueue).
Parsing file /private/tmp/tdf-formal-system-20260920/formal/event-operations/MarketplaceStorage.tla
Parsing file /private/var/folders/0s/0tg301f95s51dvsjf74ksxjm0000gn/T/Naturals.tla
Parsing file /private/var/folders/0s/0tg301f95s51dvsjf74ksxjm0000gn/T/TLC.tla
Parsing file /private/var/folders/0s/0tg301f95s51dvsjf74ksxjm0000gn/T/Sequences.tla
Parsing file /private/var/folders/0s/0tg301f95s51dvsjf74ksxjm0000gn/T/FiniteSets.tla
Semantic processing of module Naturals
Semantic processing of module Sequences
Semantic processing of module FiniteSets
Semantic processing of module TLC
Semantic processing of module MarketplaceStorage
Starting... (2026-09-20 20:49:37)
Implied-temporal checking--satisfiability problem has 1 branches.
Computing initial states...
Finished computing initial states: 2 distinct states generated at 2026-09-20 20:49:38.
Progress(4) at 2026-09-20 20:49:38: 8 states generated, 8 distinct states found, 0 states left on queue.
Checking temporal properties for the complete state space with 8 total distinct states at (2026-09-20 20:49:38)
Finished checking temporal properties in 00s at 2026-09-20 20:49:38
Model checking completed. No error has been found.
  Estimates of the probability that TLC did not check all reachable states
  because two distinct states had the same fingerprint:
  calculated (optimistic):  val = 0.0
8 states generated, 8 distinct states found, 0 states left on queue.
The depth of the complete state graph search is 4.
The average outdegree of the complete state graph is 1 (minimum is 0, the maximum 1 and the 95th percentile is 1).
Finished in 02s at (2026-09-20 20:49:38)
TLC2 Version 2.17 of 02 February 2022 (rev: 3c7caa5)
Running breadth-first search Model-Checking with fp 104 and seed -8330178081828583754 with 1 worker on 16 cores with 3641MB heap and 64MB offheap memory [pid: 94877] (Mac OS X 14.7.7 x86_64, JetBrains s.r.o. 21.0.8 x86_64, MSBDiskFPSet, DiskStateQueue).
Parsing file /private/tmp/tdf-formal-system-20260920/formal/event-operations/MarketplaceStorage.tla
Parsing file /private/var/folders/0s/0tg301f95s51dvsjf74ksxjm0000gn/T/Naturals.tla
Parsing file /private/var/folders/0s/0tg301f95s51dvsjf74ksxjm0000gn/T/TLC.tla
Parsing file /private/var/folders/0s/0tg301f95s51dvsjf74ksxjm0000gn/T/Sequences.tla
Parsing file /private/var/folders/0s/0tg301f95s51dvsjf74ksxjm0000gn/T/FiniteSets.tla
Semantic processing of module Naturals
Semantic processing of module Sequences
Semantic processing of module FiniteSets
Semantic processing of module TLC
Semantic processing of module MarketplaceStorage
Starting... (2026-09-20 20:49:40)
Computing initial states...
Finished computing initial states: 2 distinct states generated at 2026-09-20 20:49:40.
Error: Invariant NoStorageExceptionEscapes is violated.
Error: The behavior up to this point is:
State 1: <Initial predicate>
/\ persistedKey = FALSE
/\ attempts = 0
/\ requests = 0
/\ phase = "boot"
/\ storageThrows = TRUE

State 2: <Open line 8, col 9 to line 10, col 72 of module MarketplaceStorage>
/\ persistedKey = FALSE
/\ attempts = 0
/\ requests = 0
/\ phase = "crashed"
/\ storageThrows = TRUE

4 states generated, 4 distinct states found, 1 states left on queue.
The depth of the complete state graph search is 2.
The average outdegree of the complete state graph is 1 (minimum is 1, the maximum 1 and the 95th percentile is 1).
Finished in 01s at (2026-09-20 20:49:40)
TLC2 Version 2.17 of 02 February 2022 (rev: 3c7caa5)
Running breadth-first search Model-Checking with fp 124 and seed 9134221417496003204 with 1 worker on 16 cores with 3641MB heap and 64MB offheap memory [pid: 95135] (Mac OS X 14.7.7 x86_64, JetBrains s.r.o. 21.0.8 x86_64, MSBDiskFPSet, DiskStateQueue).
Parsing file /private/tmp/tdf-formal-system-20260920/formal/event-operations/MarketplaceStorage.tla
Parsing file /private/var/folders/0s/0tg301f95s51dvsjf74ksxjm0000gn/T/Naturals.tla
Parsing file /private/var/folders/0s/0tg301f95s51dvsjf74ksxjm0000gn/T/TLC.tla
Parsing file /private/var/folders/0s/0tg301f95s51dvsjf74ksxjm0000gn/T/Sequences.tla
Parsing file /private/var/folders/0s/0tg301f95s51dvsjf74ksxjm0000gn/T/FiniteSets.tla
Semantic processing of module Naturals
Semantic processing of module Sequences
Semantic processing of module FiniteSets
Semantic processing of module TLC
Semantic processing of module MarketplaceStorage
Starting... (2026-09-20 20:49:42)
Computing initial states...
Finished computing initial states: 2 distinct states generated at 2026-09-20 20:49:43.
Error: Invariant NoDispatchWithoutDurableKey is violated.
Error: The behavior up to this point is:
State 1: <Initial predicate>
/\ persistedKey = FALSE
/\ attempts = 0
/\ requests = 0
/\ phase = "boot"
/\ storageThrows = TRUE

State 2: <Open line 8, col 9 to line 10, col 72 of module MarketplaceStorage>
/\ persistedKey = FALSE
/\ attempts = 0
/\ requests = 0
/\ phase = "browse"
/\ storageThrows = TRUE

State 3: <Checkout line 11, col 13 to line 15, col 49 of module MarketplaceStorage>
/\ persistedKey = FALSE
/\ attempts = 1
/\ requests = 1
/\ phase = "browse"
/\ storageThrows = TRUE

6 states generated, 6 distinct states found, 1 states left on queue.
The depth of the complete state graph search is 3.
The average outdegree of the complete state graph is 1 (minimum is 1, the maximum 1 and the 95th percentile is 1).
Finished in 01s at (2026-09-20 20:49:43)
TLC2 Version 2.17 of 02 February 2022 (rev: 3c7caa5)
Running breadth-first search Model-Checking with fp 84 and seed -8557724836958206437 with 1 worker on 16 cores with 3641MB heap and 64MB offheap memory [pid: 95722] (Mac OS X 14.7.7 x86_64, JetBrains s.r.o. 21.0.8 x86_64, MSBDiskFPSet, DiskStateQueue).
Parsing file /private/tmp/tdf-formal-system-20260920/formal/event-operations/OptionalTokenRecovery.tla
Parsing file /private/var/folders/0s/0tg301f95s51dvsjf74ksxjm0000gn/T/Naturals.tla
Parsing file /private/var/folders/0s/0tg301f95s51dvsjf74ksxjm0000gn/T/TLC.tla
Parsing file /private/var/folders/0s/0tg301f95s51dvsjf74ksxjm0000gn/T/Sequences.tla
Parsing file /private/var/folders/0s/0tg301f95s51dvsjf74ksxjm0000gn/T/FiniteSets.tla
Semantic processing of module Naturals
Semantic processing of module Sequences
Semantic processing of module FiniteSets
Semantic processing of module TLC
Semantic processing of module OptionalTokenRecovery
Starting... (2026-09-20 20:49:45)
Implied-temporal checking--satisfiability problem has 1 branches.
Computing initial states...
Computed 2 initial states...
Computed 4 initial states...
Computed 8 initial states...
Computed 16 initial states...
Finished computing initial states: 32 distinct states generated at 2026-09-20 20:49:45.
Progress(3) at 2026-09-20 20:49:45: 96 states generated, 96 distinct states found, 0 states left on queue.
Checking temporal properties for the complete state space with 96 total distinct states at (2026-09-20 20:49:45)
Finished checking temporal properties in 00s at 2026-09-20 20:49:45
Model checking completed. No error has been found.
  Estimates of the probability that TLC did not check all reachable states
  because two distinct states had the same fingerprint:
  calculated (optimistic):  val = 0.0
96 states generated, 96 distinct states found, 0 states left on queue.
The depth of the complete state graph search is 3.
The average outdegree of the complete state graph is 1 (minimum is 0, the maximum 1 and the 95th percentile is 1).
Finished in 01s at (2026-09-20 20:49:45)
TLC2 Version 2.17 of 02 February 2022 (rev: 3c7caa5)
Running breadth-first search Model-Checking with fp 88 and seed 4353879691449587745 with 1 worker on 16 cores with 3641MB heap and 64MB offheap memory [pid: 96157] (Mac OS X 14.7.7 x86_64, JetBrains s.r.o. 21.0.8 x86_64, MSBDiskFPSet, DiskStateQueue).
Parsing file /private/tmp/tdf-formal-system-20260920/formal/event-operations/OptionalTokenRecovery.tla
Parsing file /private/var/folders/0s/0tg301f95s51dvsjf74ksxjm0000gn/T/Naturals.tla
Parsing file /private/var/folders/0s/0tg301f95s51dvsjf74ksxjm0000gn/T/TLC.tla
Parsing file /private/var/folders/0s/0tg301f95s51dvsjf74ksxjm0000gn/T/Sequences.tla
Parsing file /private/var/folders/0s/0tg301f95s51dvsjf74ksxjm0000gn/T/FiniteSets.tla
Semantic processing of module Naturals
Semantic processing of module Sequences
Semantic processing of module FiniteSets
Semantic processing of module TLC
Semantic processing of module OptionalTokenRecovery
Starting... (2026-09-20 20:49:47)
Implied-temporal checking--satisfiability problem has 1 branches.
Computing initial states...
Computed 2 initial states...
Computed 4 initial states...
Computed 8 initial states...
Computed 16 initial states...
Finished computing initial states: 32 distinct states generated at 2026-09-20 20:49:48.
Progress(3) at 2026-09-20 20:49:48: 84 states generated, 84 distinct states found, 0 states left on queue.
Checking temporal properties for the complete state space with 84 total distinct states at (2026-09-20 20:49:48)
Error: Temporal properties were violated.

Error: The following behavior constitutes a counter-example:

State 1: <Initial predicate>
/\ lookup = ""
/\ mode = "tracking"
/\ cached = ""
/\ requests = 0
/\ phase = "resolve"
/\ fragment = ""
/\ hasReference = FALSE
/\ storageThrows = TRUE

State 2: <Resolve line 11, col 12 to line 18, col 89 of module OptionalTokenRecovery>
/\ lookup = ""
/\ mode = "tracking"
/\ cached = ""
/\ requests = 0
/\ phase = "crashed"
/\ fragment = ""
/\ hasReference = FALSE
/\ storageThrows = TRUE

State 3: Stuttering
Finished checking temporal properties in 00s at 2026-09-20 20:49:48
84 states generated, 84 distinct states found, 0 states left on queue.
Finished in 01s at (2026-09-20 20:49:48)
TLC2 Version 2.17 of 02 February 2022 (rev: 3c7caa5)
Running breadth-first search Model-Checking with fp 44 and seed -4932833571061090330 with 1 worker on 16 cores with 3641MB heap and 64MB offheap memory [pid: 96487] (Mac OS X 14.7.7 x86_64, JetBrains s.r.o. 21.0.8 x86_64, MSBDiskFPSet, DiskStateQueue).
Parsing file /private/tmp/tdf-formal-system-20260920/formal/event-operations/OptionalTokenRecovery.tla
Parsing file /private/var/folders/0s/0tg301f95s51dvsjf74ksxjm0000gn/T/Naturals.tla
Parsing file /private/var/folders/0s/0tg301f95s51dvsjf74ksxjm0000gn/T/TLC.tla
Parsing file /private/var/folders/0s/0tg301f95s51dvsjf74ksxjm0000gn/T/Sequences.tla
Parsing file /private/var/folders/0s/0tg301f95s51dvsjf74ksxjm0000gn/T/FiniteSets.tla
Semantic processing of module Naturals
Semantic processing of module Sequences
Semantic processing of module FiniteSets
Semantic processing of module TLC
Semantic processing of module OptionalTokenRecovery
Starting... (2026-09-20 20:49:50)
Implied-temporal checking--satisfiability problem has 1 branches.
Computing initial states...
Computed 2 initial states...
Computed 4 initial states...
Computed 8 initial states...
Computed 16 initial states...
Finished computing initial states: 32 distinct states generated at 2026-09-20 20:49:51.
Error: Invariant FragmentPrecedence is violated.
Error: The behavior up to this point is:
State 1: <Initial predicate>
/\ lookup = ""
/\ mode = "tracking"
/\ cached = ""
/\ requests = 0
/\ phase = "resolve"
/\ fragment = "fragment-key"
/\ hasReference = FALSE
/\ storageThrows = FALSE

State 2: <Resolve line 11, col 12 to line 18, col 89 of module OptionalTokenRecovery>
/\ lookup = ""
/\ mode = "tracking"
/\ cached = ""
/\ requests = 0
/\ phase = "ready"
/\ fragment = "fragment-key"
/\ hasReference = FALSE
/\ storageThrows = FALSE

41 states generated, 41 distinct states found, 31 states left on queue.
The depth of the complete state graph search is 2.
The average outdegree of the complete state graph is 1 (minimum is 1, the maximum 1 and the 95th percentile is 1).
Finished in 01s at (2026-09-20 20:49:51)
TLC2 Version 2.17 of 02 February 2022 (rev: 3c7caa5)
Running breadth-first search Model-Checking with fp 27 and seed 6606118767949509105 with 1 worker on 16 cores with 3641MB heap and 64MB offheap memory [pid: 96843] (Mac OS X 14.7.7 x86_64, JetBrains s.r.o. 21.0.8 x86_64, MSBDiskFPSet, DiskStateQueue).
Parsing file /private/tmp/tdf-formal-system-20260920/formal/event-operations/NativeLanding.tla
Parsing file /private/var/folders/0s/0tg301f95s51dvsjf74ksxjm0000gn/T/TLC.tla
Parsing file /private/var/folders/0s/0tg301f95s51dvsjf74ksxjm0000gn/T/Naturals.tla
Parsing file /private/var/folders/0s/0tg301f95s51dvsjf74ksxjm0000gn/T/Sequences.tla
Parsing file /private/var/folders/0s/0tg301f95s51dvsjf74ksxjm0000gn/T/FiniteSets.tla
Semantic processing of module Naturals
Semantic processing of module Sequences
Semantic processing of module FiniteSets
Semantic processing of module TLC
Semantic processing of module NativeLanding
Starting... (2026-09-20 20:49:53)
Implied-temporal checking--satisfiability problem has 1 branches.
Computing initial states...
Finished computing initial states: 1 distinct state generated at 2026-09-20 20:49:54.
Error: Invariant CurrentSessionSkipsMarker is violated.
Error: The behavior up to this point is:
State 1: <Initial predicate>
/\ auth = "hydrating"
/\ marker = "pending"

State 2: <ResolveAuth line 9, col 16 to line 10, col 34 of module NativeLanding>
/\ auth = "member"
/\ marker = "pending"

3 states generated, 3 distinct states found, 1 states left on queue.
The depth of the complete state graph search is 2.
Finished in 02s at (2026-09-20 20:49:54)
TLC2 Version 2.17 of 02 February 2022 (rev: 3c7caa5)
Running breadth-first search Model-Checking with fp 72 and seed 4512000588942891207 with 1 worker on 16 cores with 3641MB heap and 64MB offheap memory [pid: 97164] (Mac OS X 14.7.7 x86_64, JetBrains s.r.o. 21.0.8 x86_64, MSBDiskFPSet, DiskStateQueue).
Parsing file /private/tmp/tdf-formal-system-20260920/formal/event-operations/NativeArtistFollow.tla
Parsing file /private/var/folders/0s/0tg301f95s51dvsjf74ksxjm0000gn/T/Naturals.tla
Parsing file /private/var/folders/0s/0tg301f95s51dvsjf74ksxjm0000gn/T/FiniteSets.tla
Parsing file /private/var/folders/0s/0tg301f95s51dvsjf74ksxjm0000gn/T/TLC.tla
Parsing file /private/var/folders/0s/0tg301f95s51dvsjf74ksxjm0000gn/T/Sequences.tla
Semantic processing of module Naturals
Semantic processing of module Sequences
Semantic processing of module FiniteSets
Semantic processing of module TLC
Semantic processing of module NativeArtistFollow
Starting... (2026-09-20 20:49:58)
Computing initial states...
Finished computing initial states: 1 distinct state generated at 2026-09-20 20:49:59.
Error: Invariant SuccessfulFollowQualifies is violated.
Error: The behavior up to this point is:
State 1: <Initial predicate>
/\ contextOK = TRUE
/\ canonical = {}
/\ completed = {}
/\ legacy = {}
/\ owner = <<0, 0>>
/\ generation = 0
/\ applied = {}
/\ phase = <<"idle", "idle">>

State 2: <Dispatch line 15, col 16 to line 18, col 92 of module NativeArtistFollow>
/\ contextOK = TRUE
/\ canonical = {}
/\ completed = {}
/\ legacy = {}
/\ owner = <<0, 0>>
/\ generation = 0
/\ applied = {}
/\ phase = <<"pending", "idle">>

State 3: <Persist line 19, col 15 to line 23, col 79 of module NativeArtistFollow>
/\ contextOK = TRUE
/\ canonical = {}
/\ completed = {}
/\ legacy = {1}
/\ owner = <<0, 0>>
/\ generation = 0
/\ applied = {}
/\ phase = <<"persisted", "idle">>

State 4: <ReceiptAndHandshake line 28, col 3 to line 35, col 55 of module NativeArtistFollow>
/\ contextOK = TRUE
/\ canonical = {}
/\ completed = {}
/\ legacy = {1}
/\ owner = <<0, 0>>
/\ generation = 0
/\ applied = {1}
/\ phase = <<"done", "idle">>

31 states generated, 28 distinct states found, 18 states left on queue.
The depth of the complete state graph search is 4.
The average outdegree of the complete state graph is 3 (minimum is 2, the maximum 4 and the 95th percentile is 4).
Finished in 03s at (2026-09-20 20:49:59)
TLC2 Version 2.17 of 02 February 2022 (rev: 3c7caa5)
Running breadth-first search Model-Checking with fp 21 and seed 8579221551543232558 with 1 worker on 16 cores with 3641MB heap and 64MB offheap memory [pid: 97612] (Mac OS X 14.7.7 x86_64, JetBrains s.r.o. 21.0.8 x86_64, MSBDiskFPSet, DiskStateQueue).
Parsing file /private/tmp/tdf-formal-system-20260920/formal/event-operations/NativeArtistFollow.tla
Parsing file /private/var/folders/0s/0tg301f95s51dvsjf74ksxjm0000gn/T/Naturals.tla
Parsing file /private/var/folders/0s/0tg301f95s51dvsjf74ksxjm0000gn/T/FiniteSets.tla
Parsing file /private/var/folders/0s/0tg301f95s51dvsjf74ksxjm0000gn/T/TLC.tla
Parsing file /private/var/folders/0s/0tg301f95s51dvsjf74ksxjm0000gn/T/Sequences.tla
Semantic processing of module Naturals
Semantic processing of module Sequences
Semantic processing of module FiniteSets
Semantic processing of module TLC
Semantic processing of module NativeArtistFollow
Starting... (2026-09-20 20:50:00)
Computing initial states...
Finished computing initial states: 1 distinct state generated at 2026-09-20 20:50:01.
Error: Invariant CurrentSession is violated.
Error: The behavior up to this point is:
State 1: <Initial predicate>
/\ contextOK = TRUE
/\ canonical = {}
/\ completed = {}
/\ legacy = {}
/\ owner = <<0, 0>>
/\ generation = 0
/\ applied = {}
/\ phase = <<"idle", "idle">>

State 2: <Dispatch line 15, col 16 to line 18, col 92 of module NativeArtistFollow>
/\ contextOK = TRUE
/\ canonical = {}
/\ completed = {}
/\ legacy = {}
/\ owner = <<0, 0>>
/\ generation = 0
/\ applied = {}
/\ phase = <<"pending", "idle">>

State 3: <ChangeSession line 13, col 18 to line 14, col 96 of module NativeArtistFollow>
/\ contextOK = TRUE
/\ canonical = {}
/\ completed = {}
/\ legacy = {}
/\ owner = <<0, 0>>
/\ generation = 1
/\ applied = {}
/\ phase = <<"pending", "idle">>

State 4: <ChangeSession line 13, col 18 to line 14, col 96 of module NativeArtistFollow>
/\ contextOK = TRUE
/\ canonical = {}
/\ completed = {}
/\ legacy = {}
/\ owner = <<0, 0>>
/\ generation = 2
/\ applied = {}
/\ phase = <<"pending", "idle">>

State 5: <Persist line 19, col 15 to line 23, col 79 of module NativeArtistFollow>
/\ contextOK = TRUE
/\ canonical = {1}
/\ completed = {}
/\ legacy = {}
/\ owner = <<0, 0>>
/\ generation = 2
/\ applied = {}
/\ phase = <<"persisted", "idle">>

State 6: <ReceiptAndHandshake line 28, col 3 to line 35, col 55 of module NativeArtistFollow>
/\ contextOK = FALSE
/\ canonical = {1}
/\ completed = {1}
/\ legacy = {}
/\ owner = <<0, 0>>
/\ generation = 2
/\ applied = {1}
/\ phase = <<"done", "idle">>

171 states generated, 116 distinct states found, 58 states left on queue.
The depth of the complete state graph search is 6.
The average outdegree of the complete state graph is 2 (minimum is 0, the maximum 5 and the 95th percentile is 4).
Finished in 01s at (2026-09-20 20:50:01)
TLC2 Version 2.17 of 02 February 2022 (rev: 3c7caa5)
Running breadth-first search Model-Checking with fp 106 and seed -1375815230007477765 with 1 worker on 16 cores with 3641MB heap and 64MB offheap memory [pid: 97796] (Mac OS X 14.7.7 x86_64, JetBrains s.r.o. 21.0.8 x86_64, MSBDiskFPSet, DiskStateQueue).
Parsing file /private/tmp/tdf-formal-system-20260920/formal/event-operations/MarketplaceCatalogRead.tla
Parsing file /private/var/folders/0s/0tg301f95s51dvsjf74ksxjm0000gn/T/Naturals.tla
Parsing file /private/var/folders/0s/0tg301f95s51dvsjf74ksxjm0000gn/T/TLC.tla
Parsing file /private/var/folders/0s/0tg301f95s51dvsjf74ksxjm0000gn/T/Sequences.tla
Parsing file /private/var/folders/0s/0tg301f95s51dvsjf74ksxjm0000gn/T/FiniteSets.tla
Semantic processing of module Naturals
Semantic processing of module Sequences
Semantic processing of module FiniteSets
Semantic processing of module TLC
Semantic processing of module MarketplaceCatalogRead
Starting... (2026-09-20 20:50:05)
Implied-temporal checking--satisfiability problem has 1 branches.
Computing initial states...
Finished computing initial states: 1 distinct state generated at 2026-09-20 20:50:06.
Progress(5) at 2026-09-20 20:50:06: 13 states generated, 11 distinct states found, 0 states left on queue.
Checking temporal properties for the complete state space with 11 total distinct states at (2026-09-20 20:50:06)
Finished checking temporal properties in 00s at 2026-09-20 20:50:06
Model checking completed. No error has been found.
  Estimates of the probability that TLC did not check all reachable states
  because two distinct states had the same fingerprint:
  calculated (optimistic):  val = 1.2E-18
13 states generated, 11 distinct states found, 0 states left on queue.
The depth of the complete state graph search is 5.
The average outdegree of the complete state graph is 1 (minimum is 0, the maximum 2 and the 95th percentile is 2).
Finished in 03s at (2026-09-20 20:50:06)
TLC2 Version 2.17 of 02 February 2022 (rev: 3c7caa5)
Running breadth-first search Model-Checking with fp 3 and seed -9095007062725141556 with 1 worker on 16 cores with 3641MB heap and 64MB offheap memory [pid: 98257] (Mac OS X 14.7.7 x86_64, JetBrains s.r.o. 21.0.8 x86_64, MSBDiskFPSet, DiskStateQueue).
Parsing file /private/tmp/tdf-formal-system-20260920/formal/event-operations/MarketplaceCatalogRead.tla
Parsing file /private/var/folders/0s/0tg301f95s51dvsjf74ksxjm0000gn/T/Naturals.tla
Parsing file /private/var/folders/0s/0tg301f95s51dvsjf74ksxjm0000gn/T/TLC.tla
Parsing file /private/var/folders/0s/0tg301f95s51dvsjf74ksxjm0000gn/T/Sequences.tla
Parsing file /private/var/folders/0s/0tg301f95s51dvsjf74ksxjm0000gn/T/FiniteSets.tla
Semantic processing of module Naturals
Semantic processing of module Sequences
Semantic processing of module FiniteSets
Semantic processing of module TLC
Semantic processing of module MarketplaceCatalogRead
Starting... (2026-09-20 20:50:08)
Implied-temporal checking--satisfiability problem has 1 branches.
Computing initial states...
Finished computing initial states: 1 distinct state generated at 2026-09-20 20:50:09.
Progress(5) at 2026-09-20 20:50:09: 13 states generated, 11 distinct states found, 0 states left on queue.
Checking temporal properties for the complete state space with 11 total distinct states at (2026-09-20 20:50:09)
Finished checking temporal properties in 00s at 2026-09-20 20:50:09
Model checking completed. No error has been found.
  Estimates of the probability that TLC did not check all reachable states
  because two distinct states had the same fingerprint:
  calculated (optimistic):  val = 1.2E-18
13 states generated, 11 distinct states found, 0 states left on queue.
The depth of the complete state graph search is 5.
The average outdegree of the complete state graph is 1 (minimum is 0, the maximum 2 and the 95th percentile is 2).
Finished in 02s at (2026-09-20 20:50:09)
TLC2 Version 2.17 of 02 February 2022 (rev: 3c7caa5)
Running breadth-first search Model-Checking with fp 62 and seed -6074175370161096809 with 1 worker on 16 cores with 3641MB heap and 64MB offheap memory [pid: 98793] (Mac OS X 14.7.7 x86_64, JetBrains s.r.o. 21.0.8 x86_64, MSBDiskFPSet, DiskStateQueue).
Parsing file /private/tmp/tdf-formal-system-20260920/formal/event-operations/MarketplaceCatalogRead.tla
Parsing file /private/var/folders/0s/0tg301f95s51dvsjf74ksxjm0000gn/T/Naturals.tla
Parsing file /private/var/folders/0s/0tg301f95s51dvsjf74ksxjm0000gn/T/TLC.tla
Parsing file /private/var/folders/0s/0tg301f95s51dvsjf74ksxjm0000gn/T/Sequences.tla
Parsing file /private/var/folders/0s/0tg301f95s51dvsjf74ksxjm0000gn/T/FiniteSets.tla
Semantic processing of module Naturals
Semantic processing of module Sequences
Semantic processing of module FiniteSets
Semantic processing of module TLC
Semantic processing of module MarketplaceCatalogRead
Starting... (2026-09-20 20:50:12)
Implied-temporal checking--satisfiability problem has 1 branches.
Computing initial states...
Finished computing initial states: 1 distinct state generated at 2026-09-20 20:50:12.
Error: Invariant SelectedRentalKeepsApprovedTerms is violated.
Error: The behavior up to this point is:
State 1: <Initial predicate>
/\ price = 0
/\ active = TRUE
/\ selected = FALSE
/\ phase = "arrival"
/\ hasTerms = FALSE

State 2: <SelectListing line 8, col 18 to line 10, col 57 of module MarketplaceCatalogRead>
/\ price = 0
/\ active = TRUE
/\ selected = TRUE
/\ phase = "selected"
/\ hasTerms = FALSE

State 3: <DeliverSale line 11, col 16 to line 12, col 64 of module MarketplaceCatalogRead>
/\ price = 0
/\ active = FALSE
/\ selected = TRUE
/\ phase = "selected"
/\ hasTerms = FALSE

State 4: <ReadTerms line 13, col 14 to line 16, col 53 of module MarketplaceCatalogRead>
/\ price = 0
/\ active = FALSE
/\ selected = TRUE
/\ phase = "terms"
/\ hasTerms = FALSE

State 5: <Render line 17, col 11 to line 19, col 53 of module MarketplaceCatalogRead>
/\ price = 10
/\ active = FALSE
/\ selected = TRUE
/\ phase = "done"
/\ hasTerms = FALSE

11 states generated, 11 distinct states found, 3 states left on queue.
The depth of the complete state graph search is 5.
The average outdegree of the complete state graph is 2 (minimum is 1, the maximum 2 and the 95th percentile is 2).
Finished in 02s at (2026-09-20 20:50:12)
TLC2 Version 2.17 of 02 February 2022 (rev: 3c7caa5)
Running breadth-first search Model-Checking with fp 8 and seed 4637683441619543869 with 1 worker on 16 cores with 3641MB heap and 64MB offheap memory [pid: 99163] (Mac OS X 14.7.7 x86_64, JetBrains s.r.o. 21.0.8 x86_64, MSBDiskFPSet, DiskStateQueue).
Parsing file /private/tmp/tdf-formal-system-20260920/formal/event-operations/CalendarConnection.tla
Parsing file /private/var/folders/0s/0tg301f95s51dvsjf74ksxjm0000gn/T/Naturals.tla
Parsing file /private/var/folders/0s/0tg301f95s51dvsjf74ksxjm0000gn/T/TLC.tla
Parsing file /private/var/folders/0s/0tg301f95s51dvsjf74ksxjm0000gn/T/Sequences.tla
Parsing file /private/var/folders/0s/0tg301f95s51dvsjf74ksxjm0000gn/T/FiniteSets.tla
Semantic processing of module Naturals
Semantic processing of module Sequences
Semantic processing of module FiniteSets
Semantic processing of module TLC
Semantic processing of module CalendarConnection
Starting... (2026-09-20 20:50:15)
Implied-temporal checking--satisfiability problem has 1 branches.
Computing initial states...
Finished computing initial states: 1 distinct state generated at 2026-09-20 20:50:15.
Progress(5) at 2026-09-20 20:50:15: 27 states generated, 21 distinct states found, 0 states left on queue.
Checking temporal properties for the complete state space with 21 total distinct states at (2026-09-20 20:50:15)
Finished checking temporal properties in 00s at 2026-09-20 20:50:15
Model checking completed. No error has been found.
  Estimates of the probability that TLC did not check all reachable states
  because two distinct states had the same fingerprint:
  calculated (optimistic):  val = 6.8E-18
27 states generated, 21 distinct states found, 0 states left on queue.
The depth of the complete state graph search is 5.
The average outdegree of the complete state graph is 1 (minimum is 0, the maximum 3 and the 95th percentile is 3).
Finished in 02s at (2026-09-20 20:50:15)
TLC2 Version 2.17 of 02 February 2022 (rev: 3c7caa5)
Running breadth-first search Model-Checking with fp 124 and seed -4921291093734891798 with 1 worker on 16 cores with 3641MB heap and 64MB offheap memory [pid: 99560] (Mac OS X 14.7.7 x86_64, JetBrains s.r.o. 21.0.8 x86_64, MSBDiskFPSet, DiskStateQueue).
Parsing file /private/tmp/tdf-formal-system-20260920/formal/event-operations/CalendarConnection.tla
Parsing file /private/var/folders/0s/0tg301f95s51dvsjf74ksxjm0000gn/T/Naturals.tla
Parsing file /private/var/folders/0s/0tg301f95s51dvsjf74ksxjm0000gn/T/TLC.tla
Parsing file /private/var/folders/0s/0tg301f95s51dvsjf74ksxjm0000gn/T/Sequences.tla
Parsing file /private/var/folders/0s/0tg301f95s51dvsjf74ksxjm0000gn/T/FiniteSets.tla
Semantic processing of module Naturals
Semantic processing of module Sequences
Semantic processing of module FiniteSets
Semantic processing of module TLC
Semantic processing of module CalendarConnection
Starting... (2026-09-20 20:50:17)
Implied-temporal checking--satisfiability problem has 1 branches.
Computing initial states...
Finished computing initial states: 1 distinct state generated at 2026-09-20 20:50:18.
Error: Invariant AtMostOneAutomaticExchange is violated.
Error: The behavior up to this point is:
State 1: <Initial predicate>
/\ pending = FALSE
/\ persisted = FALSE
/\ epoch = 0
/\ consumed = FALSE
/\ displayEpoch = 0
/\ preference = TRUE
/\ requestEpoch = 0
/\ displayed = FALSE
/\ autoRequests = 0
/\ settled = FALSE

State 2: <AutoReturn line 12, col 15 to line 17, col 93 of module CalendarConnection>
/\ pending = TRUE
/\ persisted = FALSE
/\ epoch = 0
/\ consumed = TRUE
/\ displayEpoch = 0
/\ preference = TRUE
/\ requestEpoch = 0
/\ displayed = FALSE
/\ autoRequests = 1
/\ settled = FALSE

State 3: <Response line 22, col 17 to line 27, col 88 of module CalendarConnection>
/\ pending = FALSE
/\ persisted = TRUE
/\ epoch = 0
/\ consumed = TRUE
/\ displayEpoch = 0
/\ preference = TRUE
/\ requestEpoch = 0
/\ displayed = TRUE
/\ autoRequests = 1
/\ settled = TRUE

State 4: <AutoReturn line 12, col 15 to line 17, col 93 of module CalendarConnection>
/\ pending = TRUE
/\ persisted = TRUE
/\ epoch = 0
/\ consumed = TRUE
/\ displayEpoch = 0
/\ preference = TRUE
/\ requestEpoch = 0
/\ displayed = TRUE
/\ autoRequests = 2
/\ settled = TRUE

15 states generated, 9 distinct states found, 4 states left on queue.
The depth of the complete state graph search is 4.
The average outdegree of the complete state graph is 2 (minimum is 2, the maximum 3 and the 95th percentile is 3).
Finished in 02s at (2026-09-20 20:50:18)
TLC2 Version 2.17 of 02 February 2022 (rev: 3c7caa5)
Running breadth-first search Model-Checking with fp 4 and seed -5226955458085790064 with 1 worker on 16 cores with 3641MB heap and 64MB offheap memory [pid: 99900] (Mac OS X 14.7.7 x86_64, JetBrains s.r.o. 21.0.8 x86_64, MSBDiskFPSet, DiskStateQueue).
Parsing file /private/tmp/tdf-formal-system-20260920/formal/event-operations/CalendarConnection.tla
Parsing file /private/var/folders/0s/0tg301f95s51dvsjf74ksxjm0000gn/T/Naturals.tla
Parsing file /private/var/folders/0s/0tg301f95s51dvsjf74ksxjm0000gn/T/TLC.tla
Parsing file /private/var/folders/0s/0tg301f95s51dvsjf74ksxjm0000gn/T/Sequences.tla
Parsing file /private/var/folders/0s/0tg301f95s51dvsjf74ksxjm0000gn/T/FiniteSets.tla
Semantic processing of module Naturals
Semantic processing of module Sequences
Semantic processing of module FiniteSets
Semantic processing of module TLC
Semantic processing of module CalendarConnection
Starting... (2026-09-20 20:50:20)
Implied-temporal checking--satisfiability problem has 1 branches.
Computing initial states...
Finished computing initial states: 1 distinct state generated at 2026-09-20 20:50:21.
Error: Invariant OnlyPersistedConnection is violated.
Error: The behavior up to this point is:
State 1: <Initial predicate>
/\ pending = FALSE
/\ persisted = FALSE
/\ epoch = 0
/\ consumed = FALSE
/\ displayEpoch = 0
/\ preference = TRUE
/\ requestEpoch = 0
/\ displayed = FALSE
/\ autoRequests = 0
/\ settled = FALSE

State 2: <LoadPreference line 19, col 19 to line 21, col 119 of module CalendarConnection>
/\ pending = FALSE
/\ persisted = FALSE
/\ epoch = 0
/\ consumed = FALSE
/\ displayEpoch = 0
/\ preference = TRUE
/\ requestEpoch = 0
/\ displayed = TRUE
/\ autoRequests = 0
/\ settled = FALSE

3 states generated, 3 distinct states found, 1 states left on queue.
The depth of the complete state graph search is 2.
Finished in 01s at (2026-09-20 20:50:21)
TLC2 Version 2.17 of 02 February 2022 (rev: 3c7caa5)
Running breadth-first search Model-Checking with fp 7 and seed 270177805187293131 with 1 worker on 16 cores with 3641MB heap and 64MB offheap memory [pid: 447] (Mac OS X 14.7.7 x86_64, JetBrains s.r.o. 21.0.8 x86_64, MSBDiskFPSet, DiskStateQueue).
Parsing file /private/tmp/tdf-formal-system-20260920/formal/event-operations/CalendarConnection.tla
Parsing file /private/var/folders/0s/0tg301f95s51dvsjf74ksxjm0000gn/T/Naturals.tla
Parsing file /private/var/folders/0s/0tg301f95s51dvsjf74ksxjm0000gn/T/TLC.tla
Parsing file /private/var/folders/0s/0tg301f95s51dvsjf74ksxjm0000gn/T/Sequences.tla
Parsing file /private/var/folders/0s/0tg301f95s51dvsjf74ksxjm0000gn/T/FiniteSets.tla
Semantic processing of module Naturals
Semantic processing of module Sequences
Semantic processing of module FiniteSets
Semantic processing of module TLC
Semantic processing of module CalendarConnection
Starting... (2026-09-20 20:50:23)
Implied-temporal checking--satisfiability problem has 1 branches.
Computing initial states...
Finished computing initial states: 1 distinct state generated at 2026-09-20 20:50:23.
Error: Invariant CurrentSessionReceipt is violated.
Error: The behavior up to this point is:
State 1: <Initial predicate>
/\ pending = FALSE
/\ persisted = FALSE
/\ epoch = 0
/\ consumed = FALSE
/\ displayEpoch = 0
/\ preference = TRUE
/\ requestEpoch = 0
/\ displayed = FALSE
/\ autoRequests = 0
/\ settled = FALSE

State 2: <AutoReturn line 12, col 15 to line 17, col 93 of module CalendarConnection>
/\ pending = TRUE
/\ persisted = FALSE
/\ epoch = 0
/\ consumed = TRUE
/\ displayEpoch = 0
/\ preference = TRUE
/\ requestEpoch = 0
/\ displayed = FALSE
/\ autoRequests = 1
/\ settled = FALSE

State 3: <SwitchSession line 28, col 18 to line 30, col 111 of module CalendarConnection>
/\ pending = TRUE
/\ persisted = FALSE
/\ epoch = 1
/\ consumed = TRUE
/\ displayEpoch = 1
/\ preference = TRUE
/\ requestEpoch = 0
/\ displayed = FALSE
/\ autoRequests = 1
/\ settled = FALSE

State 4: <Response line 22, col 17 to line 27, col 88 of module CalendarConnection>
/\ pending = FALSE
/\ persisted = TRUE
/\ epoch = 1
/\ consumed = TRUE
/\ displayEpoch = 0
/\ preference = TRUE
/\ requestEpoch = 0
/\ displayed = TRUE
/\ autoRequests = 1
/\ settled = TRUE

11 states generated, 11 distinct states found, 4 states left on queue.
The depth of the complete state graph search is 4.
The average outdegree of the complete state graph is 2 (minimum is 1, the maximum 3 and the 95th percentile is 3).
Finished in 01s at (2026-09-20 20:50:23)
TLC2 Version 2.17 of 02 February 2022 (rev: 3c7caa5)
Running breadth-first search Model-Checking with fp 21 and seed -2356666179634881517 with 1 worker on 16 cores with 3641MB heap and 64MB offheap memory [pid: 972] (Mac OS X 14.7.7 x86_64, JetBrains s.r.o. 21.0.8 x86_64, MSBDiskFPSet, DiskStateQueue).
Parsing file /private/tmp/tdf-formal-system-20260920/formal/event-operations/DirectoryFavoriteAuthority.tla
Parsing file /private/var/folders/0s/0tg301f95s51dvsjf74ksxjm0000gn/T/Naturals.tla
Parsing file /private/var/folders/0s/0tg301f95s51dvsjf74ksxjm0000gn/T/TLC.tla
Parsing file /private/var/folders/0s/0tg301f95s51dvsjf74ksxjm0000gn/T/Sequences.tla
Parsing file /private/var/folders/0s/0tg301f95s51dvsjf74ksxjm0000gn/T/FiniteSets.tla
Semantic processing of module Naturals
Semantic processing of module Sequences
Semantic processing of module FiniteSets
Semantic processing of module TLC
Semantic processing of module DirectoryFavoriteAuthority
Starting... (2026-09-20 20:50:25)
Implied-temporal checking--satisfiability problem has 1 branches.
Computing initial states...
Finished computing initial states: 2 distinct states generated at 2026-09-20 20:50:26.
Progress(9) at 2026-09-20 20:50:26: 356 states generated, 208 distinct states found, 0 states left on queue.
Checking temporal properties for the complete state space with 208 total distinct states at (2026-09-20 20:50:26)
Finished checking temporal properties in 00s at 2026-09-20 20:50:26
Model checking completed. No error has been found.
  Estimates of the probability that TLC did not check all reachable states
  because two distinct states had the same fingerprint:
  calculated (optimistic):  val = 1.7E-15
356 states generated, 208 distinct states found, 0 states left on queue.
The depth of the complete state graph search is 9.
The average outdegree of the complete state graph is 1 (minimum is 0, the maximum 4 and the 95th percentile is 3).
Finished in 01s at (2026-09-20 20:50:26)
TLC2 Version 2.17 of 02 February 2022 (rev: 3c7caa5)
Running breadth-first search Model-Checking with fp 35 and seed 522078509792103310 with 1 worker on 16 cores with 3641MB heap and 64MB offheap memory [pid: 1005] (Mac OS X 14.7.7 x86_64, JetBrains s.r.o. 21.0.8 x86_64, MSBDiskFPSet, DiskStateQueue).
Parsing file /private/tmp/tdf-formal-system-20260920/formal/event-operations/DirectoryFavoriteAuthority.tla
Parsing file /private/var/folders/0s/0tg301f95s51dvsjf74ksxjm0000gn/T/Naturals.tla
Parsing file /private/var/folders/0s/0tg301f95s51dvsjf74ksxjm0000gn/T/TLC.tla
Parsing file /private/var/folders/0s/0tg301f95s51dvsjf74ksxjm0000gn/T/Sequences.tla
Parsing file /private/var/folders/0s/0tg301f95s51dvsjf74ksxjm0000gn/T/FiniteSets.tla
Semantic processing of module Naturals
Semantic processing of module Sequences
Semantic processing of module FiniteSets
Semantic processing of module TLC
Semantic processing of module DirectoryFavoriteAuthority
Starting... (2026-09-20 20:50:28)
Implied-temporal checking--satisfiability problem has 1 branches.
Computing initial states...
Finished computing initial states: 2 distinct states generated at 2026-09-20 20:50:28.
Error: Invariant AuthorizedDispatch is violated.
Error: The behavior up to this point is:
State 1: <Initial predicate>
/\ persisted = FALSE
/\ epoch = 0
/\ receiptEpoch = 0
/\ owner = 0
/\ rendered = 0
/\ dispatchedAt = 0
/\ phase = "idle"
/\ visible = FALSE
/\ mounted = TRUE
/\ kind = "read"

State 2: <Queue line 12, col 10 to line 14, col 104 of module DirectoryFavoriteAuthority>
/\ persisted = FALSE
/\ epoch = 0
/\ receiptEpoch = 0
/\ owner = 0
/\ rendered = 0
/\ dispatchedAt = 0
/\ phase = "queued"
/\ visible = FALSE
/\ mounted = TRUE
/\ kind = "read"

State 3: <Switch line 27, col 11 to line 29, col 103 of module DirectoryFavoriteAuthority>
/\ persisted = FALSE
/\ epoch = 1
/\ receiptEpoch = 0
/\ owner = 0
/\ rendered = 0
/\ dispatchedAt = 0
/\ phase = "queued"
/\ visible = FALSE
/\ mounted = TRUE
/\ kind = "read"

State 4: <Dispatch line 15, col 13 to line 19, col 100 of module DirectoryFavoriteAuthority>
/\ persisted = FALSE
/\ epoch = 1
/\ receiptEpoch = 0
/\ owner = 0
/\ rendered = 0
/\ dispatchedAt = 1
/\ phase = "pending"
/\ visible = FALSE
/\ mounted = TRUE
/\ kind = "read"

29 states generated, 25 distinct states found, 14 states left on queue.
The depth of the complete state graph search is 4.
The average outdegree of the complete state graph is 2 (minimum is 0, the maximum 4 and the 95th percentile is 4).
Finished in 01s at (2026-09-20 20:50:29)
TLC2 Version 2.17 of 02 February 2022 (rev: 3c7caa5)
Running breadth-first search Model-Checking with fp 129 and seed -7135433115044562450 with 1 worker on 16 cores with 3641MB heap and 64MB offheap memory [pid: 1162] (Mac OS X 14.7.7 x86_64, JetBrains s.r.o. 21.0.8 x86_64, MSBDiskFPSet, DiskStateQueue).
Parsing file /private/tmp/tdf-formal-system-20260920/formal/event-operations/DirectoryFavoriteAuthority.tla
Parsing file /private/var/folders/0s/0tg301f95s51dvsjf74ksxjm0000gn/T/Naturals.tla
Parsing file /private/var/folders/0s/0tg301f95s51dvsjf74ksxjm0000gn/T/TLC.tla
Parsing file /private/var/folders/0s/0tg301f95s51dvsjf74ksxjm0000gn/T/Sequences.tla
Parsing file /private/var/folders/0s/0tg301f95s51dvsjf74ksxjm0000gn/T/FiniteSets.tla
Semantic processing of module Naturals
Semantic processing of module Sequences
Semantic processing of module FiniteSets
Semantic processing of module TLC
Semantic processing of module DirectoryFavoriteAuthority
Starting... (2026-09-20 20:50:30)
Implied-temporal checking--satisfiability problem has 1 branches.
Computing initial states...
Finished computing initial states: 2 distinct states generated at 2026-09-20 20:50:31.
Error: Invariant CurrentSessionReceipt is violated.
Error: The behavior up to this point is:
State 1: <Initial predicate>
/\ persisted = FALSE
/\ epoch = 0
/\ receiptEpoch = 0
/\ owner = 0
/\ rendered = 0
/\ dispatchedAt = 0
/\ phase = "idle"
/\ visible = FALSE
/\ mounted = TRUE
/\ kind = "read"

State 2: <Queue line 12, col 10 to line 14, col 104 of module DirectoryFavoriteAuthority>
/\ persisted = FALSE
/\ epoch = 0
/\ receiptEpoch = 0
/\ owner = 0
/\ rendered = 0
/\ dispatchedAt = 0
/\ phase = "queued"
/\ visible = FALSE
/\ mounted = TRUE
/\ kind = "read"

State 3: <Dispatch line 15, col 13 to line 19, col 100 of module DirectoryFavoriteAuthority>
/\ persisted = FALSE
/\ epoch = 0
/\ receiptEpoch = 0
/\ owner = 0
/\ rendered = 0
/\ dispatchedAt = 0
/\ phase = "pending"
/\ visible = FALSE
/\ mounted = TRUE
/\ kind = "read"

State 4: <Switch line 27, col 11 to line 29, col 103 of module DirectoryFavoriteAuthority>
/\ persisted = FALSE
/\ epoch = 1
/\ receiptEpoch = 0
/\ owner = 0
/\ rendered = 0
/\ dispatchedAt = 0
/\ phase = "pending"
/\ visible = FALSE
/\ mounted = TRUE
/\ kind = "read"

State 5: <Response line 20, col 17 to line 26, col 84 of module DirectoryFavoriteAuthority>
/\ persisted = TRUE
/\ epoch = 1
/\ receiptEpoch = 0
/\ owner = 0
/\ rendered = 0
/\ dispatchedAt = 0
/\ phase = "done"
/\ visible = TRUE
/\ mounted = TRUE
/\ kind = "read"

63 states generated, 51 distinct states found, 27 states left on queue.
The depth of the complete state graph search is 5.
The average outdegree of the complete state graph is 2 (minimum is 0, the maximum 4 and the 95th percentile is 4).
Finished in 01s at (2026-09-20 20:50:31)
TLC2 Version 2.17 of 02 February 2022 (rev: 3c7caa5)
Running breadth-first search Model-Checking with fp 27 and seed 5936393911592766741 with 1 worker on 16 cores with 3641MB heap and 64MB offheap memory [pid: 1184] (Mac OS X 14.7.7 x86_64, JetBrains s.r.o. 21.0.8 x86_64, MSBDiskFPSet, DiskStateQueue).
Parsing file /private/tmp/tdf-formal-system-20260920/formal/event-operations/ExperimentAuthority.tla
Parsing file /private/var/folders/0s/0tg301f95s51dvsjf74ksxjm0000gn/T/Naturals.tla
Parsing file /private/var/folders/0s/0tg301f95s51dvsjf74ksxjm0000gn/T/FiniteSets.tla
Parsing file /private/var/folders/0s/0tg301f95s51dvsjf74ksxjm0000gn/T/TLC.tla
Parsing file /private/var/folders/0s/0tg301f95s51dvsjf74ksxjm0000gn/T/Sequences.tla
Semantic processing of module Naturals
Semantic processing of module Sequences
Semantic processing of module FiniteSets
Semantic processing of module TLC
Semantic processing of module ExperimentAuthority
Starting... (2026-09-20 20:50:33)
Computing initial states...
Finished computing initial states: 1 distinct state generated at 2026-09-20 20:50:33.
Error: Invariant AccountAndEligibilityAuthority is violated.
Error: The behavior up to this point is:
State 1: <Initial predicate>
/\ validWrites = TRUE
/\ locks = <<0, 0>>
/\ exposureCount = <<0, 0>>
/\ eligible = <<TRUE, TRUE>>
/\ phase = <<"idle", "idle", "idle">>
/\ assigned = {}
/\ captured = <<FALSE, FALSE, FALSE>>

State 2: <Start line 17, col 13 to line 20, col 82 of module ExperimentAuthority>
/\ validWrites = TRUE
/\ locks = <<0, 0>>
/\ exposureCount = <<0, 0>>
/\ eligible = <<TRUE, TRUE>>
/\ phase = <<"waiting", "idle", "idle">>
/\ assigned = {}
/\ captured = <<TRUE, FALSE, FALSE>>

State 3: <FinishOrExpire line 35, col 22 to line 37, col 98 of module ExperimentAuthority>
/\ validWrites = TRUE
/\ locks = <<0, 0>>
/\ exposureCount = <<0, 0>>
/\ eligible = <<FALSE, TRUE>>
/\ phase = <<"waiting", "idle", "idle">>
/\ assigned = {}
/\ captured = <<TRUE, FALSE, FALSE>>

State 4: <Acquire line 21, col 15 to line 24, col 87 of module ExperimentAuthority>
/\ validWrites = TRUE
/\ locks = <<1, 0>>
/\ exposureCount = <<0, 0>>
/\ eligible = <<FALSE, TRUE>>
/\ phase = <<"holding", "idle", "idle">>
/\ assigned = {}
/\ captured = <<TRUE, FALSE, FALSE>>

State 5: <Commit line 25, col 14 to line 34, col 48 of module ExperimentAuthority>
/\ validWrites = FALSE
/\ locks = <<0, 0>>
/\ exposureCount = <<1, 0>>
/\ eligible = <<FALSE, TRUE>>
/\ phase = <<"done", "idle", "idle">>
/\ assigned = {1}
/\ captured = <<TRUE, FALSE, FALSE>>

138 states generated, 86 distinct states found, 51 states left on queue.
The depth of the complete state graph search is 5.
The average outdegree of the complete state graph is 3 (minimum is 1, the maximum 5 and the 95th percentile is 5).
Finished in 01s at (2026-09-20 20:50:33)
TLC2 Version 2.17 of 02 February 2022 (rev: 3c7caa5)
Running breadth-first search Model-Checking with fp 70 and seed -9194509429079425633 with 1 worker on 16 cores with 3641MB heap and 64MB offheap memory [pid: 1193] (Mac OS X 14.7.7 x86_64, JetBrains s.r.o. 21.0.8 x86_64, MSBDiskFPSet, DiskStateQueue).
Parsing file /private/tmp/tdf-formal-system-20260920/formal/event-operations/ExperimentAuthority.tla
Parsing file /private/var/folders/0s/0tg301f95s51dvsjf74ksxjm0000gn/T/Naturals.tla
Parsing file /private/var/folders/0s/0tg301f95s51dvsjf74ksxjm0000gn/T/FiniteSets.tla
Parsing file /private/var/folders/0s/0tg301f95s51dvsjf74ksxjm0000gn/T/TLC.tla
Parsing file /private/var/folders/0s/0tg301f95s51dvsjf74ksxjm0000gn/T/Sequences.tla
Semantic processing of module Naturals
Semantic processing of module Sequences
Semantic processing of module FiniteSets
Semantic processing of module TLC
Semantic processing of module ExperimentAuthority
Starting... (2026-09-20 20:50:35)
Computing initial states...
Finished computing initial states: 1 distinct state generated at 2026-09-20 20:50:36.
Error: Invariant ExposureAtMostOnce is violated.
Error: The behavior up to this point is:
State 1: <Initial predicate>
/\ validWrites = TRUE
/\ locks = <<0, 0>>
/\ exposureCount = <<0, 0>>
/\ eligible = <<TRUE, TRUE>>
/\ phase = <<"idle", "idle", "idle">>
/\ assigned = {}
/\ captured = <<FALSE, FALSE, FALSE>>

State 2: <Start line 17, col 13 to line 20, col 82 of module ExperimentAuthority>
/\ validWrites = TRUE
/\ locks = <<0, 0>>
/\ exposureCount = <<0, 0>>
/\ eligible = <<TRUE, TRUE>>
/\ phase = <<"waiting", "idle", "idle">>
/\ assigned = {}
/\ captured = <<TRUE, FALSE, FALSE>>

State 3: <Acquire line 21, col 15 to line 24, col 87 of module ExperimentAuthority>
/\ validWrites = TRUE
/\ locks = <<1, 0>>
/\ exposureCount = <<0, 0>>
/\ eligible = <<TRUE, TRUE>>
/\ phase = <<"holding", "idle", "idle">>
/\ assigned = {}
/\ captured = <<TRUE, FALSE, FALSE>>

State 4: <Commit line 25, col 14 to line 34, col 48 of module ExperimentAuthority>
/\ validWrites = TRUE
/\ locks = <<0, 0>>
/\ exposureCount = <<1, 0>>
/\ eligible = <<TRUE, TRUE>>
/\ phase = <<"done", "idle", "idle">>
/\ assigned = {1}
/\ captured = <<TRUE, FALSE, FALSE>>

State 5: <Start line 17, col 13 to line 20, col 82 of module ExperimentAuthority>
/\ validWrites = TRUE
/\ locks = <<0, 0>>
/\ exposureCount = <<1, 0>>
/\ eligible = <<TRUE, TRUE>>
/\ phase = <<"done", "waiting", "idle">>
/\ assigned = {1}
/\ captured = <<TRUE, TRUE, FALSE>>

State 6: <Acquire line 21, col 15 to line 24, col 87 of module ExperimentAuthority>
/\ validWrites = TRUE
/\ locks = <<2, 0>>
/\ exposureCount = <<1, 0>>
/\ eligible = <<TRUE, TRUE>>
/\ phase = <<"done", "holding", "idle">>
/\ assigned = {1}
/\ captured = <<TRUE, TRUE, FALSE>>

State 7: <Commit line 25, col 14 to line 34, col 48 of module ExperimentAuthority>
/\ validWrites = TRUE
/\ locks = <<0, 0>>
/\ exposureCount = <<2, 0>>
/\ eligible = <<TRUE, TRUE>>
/\ phase = <<"done", "done", "idle">>
/\ assigned = {1}
/\ captured = <<TRUE, TRUE, FALSE>>

476 states generated, 246 distinct states found, 111 states left on queue.
The depth of the complete state graph search is 7.
The average outdegree of the complete state graph is 2 (minimum is 0, the maximum 5 and the 95th percentile is 4).
Finished in 01s at (2026-09-20 20:50:36)
TLC2 Version 2.17 of 02 February 2022 (rev: 3c7caa5)
Running breadth-first search Model-Checking with fp 119 and seed 5368286674768826402 with 1 worker on 16 cores with 3641MB heap and 64MB offheap memory [pid: 1219] (Mac OS X 14.7.7 x86_64, JetBrains s.r.o. 21.0.8 x86_64, MSBDiskFPSet, DiskStateQueue).
Parsing file /private/tmp/tdf-formal-system-20260920/formal/event-operations/ExperimentAuthority.tla
Parsing file /private/var/folders/0s/0tg301f95s51dvsjf74ksxjm0000gn/T/Naturals.tla
Parsing file /private/var/folders/0s/0tg301f95s51dvsjf74ksxjm0000gn/T/FiniteSets.tla
Parsing file /private/var/folders/0s/0tg301f95s51dvsjf74ksxjm0000gn/T/TLC.tla
Parsing file /private/var/folders/0s/0tg301f95s51dvsjf74ksxjm0000gn/T/Sequences.tla
Semantic processing of module Naturals
Semantic processing of module Sequences
Semantic processing of module FiniteSets
Semantic processing of module TLC
Semantic processing of module ExperimentAuthority
Starting... (2026-09-20 20:50:38)
Computing initial states...
Finished computing initial states: 1 distinct state generated at 2026-09-20 20:50:38.
Error: Invariant AccountAndEligibilityAuthority is violated.
Error: The behavior up to this point is:
State 1: <Initial predicate>
/\ validWrites = TRUE
/\ locks = <<0, 0>>
/\ exposureCount = <<0, 0>>
/\ eligible = <<TRUE, TRUE>>
/\ phase = <<"idle", "idle", "idle">>
/\ assigned = {}
/\ captured = <<FALSE, FALSE, FALSE>>

State 2: <Start line 17, col 13 to line 20, col 82 of module ExperimentAuthority>
/\ validWrites = TRUE
/\ locks = <<0, 0>>
/\ exposureCount = <<0, 0>>
/\ eligible = <<TRUE, TRUE>>
/\ phase = <<"idle", "idle", "waiting">>
/\ assigned = {}
/\ captured = <<FALSE, FALSE, TRUE>>

State 3: <Acquire line 21, col 15 to line 24, col 87 of module ExperimentAuthority>
/\ validWrites = TRUE
/\ locks = <<3, 0>>
/\ exposureCount = <<0, 0>>
/\ eligible = <<TRUE, TRUE>>
/\ phase = <<"idle", "idle", "holding">>
/\ assigned = {}
/\ captured = <<FALSE, FALSE, TRUE>>

State 4: <Commit line 25, col 14 to line 34, col 48 of module ExperimentAuthority>
/\ validWrites = FALSE
/\ locks = <<0, 0>>
/\ exposureCount = <<1, 0>>
/\ eligible = <<TRUE, TRUE>>
/\ phase = <<"idle", "idle", "done">>
/\ assigned = {1}
/\ captured = <<FALSE, FALSE, TRUE>>

71 states generated, 48 distinct states found, 31 states left on queue.
The depth of the complete state graph search is 4.
The average outdegree of the complete state graph is 3 (minimum is 1, the maximum 5 and the 95th percentile is 5).
Finished in 01s at (2026-09-20 20:50:39)
TLC2 Version 2.17 of 02 February 2022 (rev: 3c7caa5)
Running breadth-first search Model-Checking with fp 1 and seed 4386367493462327686 with 1 worker on 16 cores with 3641MB heap and 64MB offheap memory [pid: 1260] (Mac OS X 14.7.7 x86_64, JetBrains s.r.o. 21.0.8 x86_64, MSBDiskFPSet, DiskStateQueue).
Parsing file /private/tmp/tdf-formal-system-20260920/formal/event-operations/EventLifecycle.tla
Parsing file /private/var/folders/0s/0tg301f95s51dvsjf74ksxjm0000gn/T/FiniteSets.tla
Parsing file /private/var/folders/0s/0tg301f95s51dvsjf74ksxjm0000gn/T/Naturals.tla
Parsing file /private/var/folders/0s/0tg301f95s51dvsjf74ksxjm0000gn/T/Sequences.tla
Parsing file /private/var/folders/0s/0tg301f95s51dvsjf74ksxjm0000gn/T/TLC.tla
Semantic processing of module Naturals
Semantic processing of module Sequences
Semantic processing of module FiniteSets
Semantic processing of module TLC
Semantic processing of module EventLifecycle
Starting... (2026-09-20 20:50:40)
Computing initial states...
Computed 2 initial states...
Computed 4 initial states...
Computed 8 initial states...
Finished computing initial states: 14 distinct states generated at 2026-09-20 20:50:41.
Error: Invariant AcceptedAuditIsAuthorized is violated.
Error: The behavior up to this point is:
State 1: <Initial predicate>
/\ seenCommands = {}
/\ visible = FALSE
/\ state = "settlement_pending"
/\ audit = <<>>
/\ revision = 0

State 2: <Approve line 64, col 3 to line 75, col 27 of module EventLifecycle>
/\ seenCommands = {c1}
/\ visible = FALSE
/\ state = "settled"
/\ audit = << [ from |-> "settlement_pending",
     to |-> "settled",
     actor |-> approver,
     command |-> c1,
     accepted |-> TRUE ] >>
/\ revision = 1

1275 states generated, 1275 distinct states found, 1264 states left on queue.
The depth of the complete state graph search is 2.
The average outdegree of the complete state graph is 31 (minimum is 31, the maximum 31 and the 95th percentile is 31).
Finished in 02s at (2026-09-20 20:50:42)
TLC2 Version 2.17 of 02 February 2022 (rev: 3c7caa5)
Running breadth-first search Model-Checking with fp 26 and seed 8782089616710611087 with 1 worker on 16 cores with 3641MB heap and 64MB offheap memory [pid: 1351] (Mac OS X 14.7.7 x86_64, JetBrains s.r.o. 21.0.8 x86_64, MSBDiskFPSet, DiskStateQueue).
Parsing file /private/tmp/tdf-formal-system-20260920/formal/event-operations/EventLifecycle.tla
Parsing file /private/var/folders/0s/0tg301f95s51dvsjf74ksxjm0000gn/T/FiniteSets.tla
Parsing file /private/var/folders/0s/0tg301f95s51dvsjf74ksxjm0000gn/T/Naturals.tla
Parsing file /private/var/folders/0s/0tg301f95s51dvsjf74ksxjm0000gn/T/Sequences.tla
Parsing file /private/var/folders/0s/0tg301f95s51dvsjf74ksxjm0000gn/T/TLC.tla
Semantic processing of module Naturals
Semantic processing of module Sequences
Semantic processing of module FiniteSets
Semantic processing of module TLC
Semantic processing of module EventLifecycle
Starting... (2026-09-20 20:50:44)
Computing initial states...
Computed 2 initial states...
Computed 4 initial states...
Computed 8 initial states...
Finished computing initial states: 14 distinct states generated at 2026-09-20 20:50:45.
Error: Invariant AcceptedAuditIsAuthorized is violated.
Error: The behavior up to this point is:
State 1: <Initial predicate>
/\ seenCommands = {}
/\ visible = FALSE
/\ state = "settled"
/\ audit = <<>>
/\ revision = 0

State 2: <Approve line 64, col 3 to line 75, col 27 of module EventLifecycle>
/\ seenCommands = {c1}
/\ visible = FALSE
/\ state = "archived"
/\ audit = << [ from |-> "settled",
     to |-> "archived",
     actor |-> owner,
     command |-> c1,
     accepted |-> TRUE ] >>
/\ revision = 1

1415 states generated, 1415 distinct states found, 1403 states left on queue.
The depth of the complete state graph search is 2.
The average outdegree of the complete state graph is 31 (minimum is 31, the maximum 31 and the 95th percentile is 31).
Finished in 02s at (2026-09-20 20:50:45)
TLC2 Version 2.17 of 02 February 2022 (rev: 3c7caa5)
Running breadth-first search Model-Checking with fp 51 and seed -6827162121710524993 with 1 worker on 16 cores with 3641MB heap and 64MB offheap memory [pid: 1405] (Mac OS X 14.7.7 x86_64, JetBrains s.r.o. 21.0.8 x86_64, MSBDiskFPSet, DiskStateQueue).
Parsing file /private/tmp/tdf-formal-system-20260920/formal/event-operations/EventLifecycle.tla
Parsing file /private/var/folders/0s/0tg301f95s51dvsjf74ksxjm0000gn/T/FiniteSets.tla
Parsing file /private/var/folders/0s/0tg301f95s51dvsjf74ksxjm0000gn/T/Naturals.tla
Parsing file /private/var/folders/0s/0tg301f95s51dvsjf74ksxjm0000gn/T/Sequences.tla
Parsing file /private/var/folders/0s/0tg301f95s51dvsjf74ksxjm0000gn/T/TLC.tla
Semantic processing of module Naturals
Semantic processing of module Sequences
Semantic processing of module FiniteSets
Semantic processing of module TLC
Semantic processing of module EventLifecycle
Starting... (2026-09-20 20:50:48)
Computing initial states...
Finished computing initial states: 1 distinct state generated at 2026-09-20 20:50:48.
Error: Action property AuditAppendOnly is violated.
Error: The behavior up to this point is:
State 1: <Initial predicate>
/\ seenCommands = {}
/\ visible = FALSE
/\ state = "draft"
/\ audit = <<>>
/\ revision = 0

State 2: <Approve line 64, col 3 to line 75, col 27 of module EventLifecycle>
/\ seenCommands = {c1}
/\ visible = FALSE
/\ state = "planning"
/\ audit = << [ from |-> "draft",
     to |-> "planning",
     actor |-> owner,
     command |-> c1,
     accepted |-> TRUE ] >>
/\ revision = 1

State 3: <RewriteAudit line 89, col 3 to line 93, col 57 of module EventLifecycle>
/\ seenCommands = {c1}
/\ visible = FALSE
/\ state = "planning"
/\ audit = << [ from |-> "draft",
     to |-> "planning",
     actor |-> outsider,
     command |-> c1,
     accepted |-> TRUE ] >>
/\ revision = 1

142 states generated, 142 distinct states found, 139 states left on queue.
The depth of the complete state graph search is 3.
The average outdegree of the complete state graph is 31 (minimum is 31, the maximum 31 and the 95th percentile is 31).
Finished in 02s at (2026-09-20 20:50:49)
TLC2 Version 2.17 of 02 February 2022 (rev: 3c7caa5)
Running breadth-first search Model-Checking with fp 23 and seed 4768363294603751262 with 1 worker on 16 cores with 3641MB heap and 64MB offheap memory [pid: 1488] (Mac OS X 14.7.7 x86_64, JetBrains s.r.o. 21.0.8 x86_64, MSBDiskFPSet, DiskStateQueue).
Parsing file /private/tmp/tdf-formal-system-20260920/formal/event-operations/ReservationRace.tla
Parsing file /private/var/folders/0s/0tg301f95s51dvsjf74ksxjm0000gn/T/FiniteSets.tla
Parsing file /private/var/folders/0s/0tg301f95s51dvsjf74ksxjm0000gn/T/Integers.tla
Parsing file /private/var/folders/0s/0tg301f95s51dvsjf74ksxjm0000gn/T/Sequences.tla
Parsing file /private/var/folders/0s/0tg301f95s51dvsjf74ksxjm0000gn/T/TLC.tla
Parsing file /private/var/folders/0s/0tg301f95s51dvsjf74ksxjm0000gn/T/Naturals.tla
Semantic processing of module Naturals
Semantic processing of module Sequences
Semantic processing of module FiniteSets
Semantic processing of module Integers
Semantic processing of module TLC
Semantic processing of module ReservationRace
Starting... (2026-09-20 20:50:50)
Computing initial states...
Finished computing initial states: 1 distinct state generated at 2026-09-20 20:50:51.
Model checking completed. No error has been found.
  Estimates of the probability that TLC did not check all reachable states
  because two distinct states had the same fingerprint:
  calculated (optimistic):  val = 5.4E-19
7 states generated, 5 distinct states found, 0 states left on queue.
The depth of the complete state graph search is 3.
The average outdegree of the complete state graph is 1 (minimum is 0, the maximum 2 and the 95th percentile is 2).
Finished in 01s at (2026-09-20 20:50:51)
TLC2 Version 2.17 of 02 February 2022 (rev: 3c7caa5)
Running breadth-first search Model-Checking with fp 23 and seed 8481963669342440618 with 1 worker on 16 cores with 3641MB heap and 64MB offheap memory [pid: 1600] (Mac OS X 14.7.7 x86_64, JetBrains s.r.o. 21.0.8 x86_64, MSBDiskFPSet, DiskStateQueue).
Parsing file /private/tmp/tdf-formal-system-20260920/formal/event-operations/ReservationRace.tla
Parsing file /private/var/folders/0s/0tg301f95s51dvsjf74ksxjm0000gn/T/FiniteSets.tla
Parsing file /private/var/folders/0s/0tg301f95s51dvsjf74ksxjm0000gn/T/Integers.tla
Parsing file /private/var/folders/0s/0tg301f95s51dvsjf74ksxjm0000gn/T/Sequences.tla
Parsing file /private/var/folders/0s/0tg301f95s51dvsjf74ksxjm0000gn/T/TLC.tla
Parsing file /private/var/folders/0s/0tg301f95s51dvsjf74ksxjm0000gn/T/Naturals.tla
Semantic processing of module Naturals
Semantic processing of module Sequences
Semantic processing of module FiniteSets
Semantic processing of module Integers
Semantic processing of module TLC
Semantic processing of module ReservationRace
Starting... (2026-09-20 20:50:53)
Computing initial states...
Finished computing initial states: 1 distinct state generated at 2026-09-20 20:50:53.
Model checking completed. No error has been found.
  Estimates of the probability that TLC did not check all reachable states
  because two distinct states had the same fingerprint:
  calculated (optimistic):  val = 5.4E-19
7 states generated, 5 distinct states found, 0 states left on queue.
The depth of the complete state graph search is 3.
The average outdegree of the complete state graph is 1 (minimum is 0, the maximum 2 and the 95th percentile is 2).
Finished in 01s at (2026-09-20 20:50:53)
TLC2 Version 2.17 of 02 February 2022 (rev: 3c7caa5)
Running breadth-first search Model-Checking with fp 59 and seed -3319755029948413184 with 1 worker on 16 cores with 3641MB heap and 64MB offheap memory [pid: 1707] (Mac OS X 14.7.7 x86_64, JetBrains s.r.o. 21.0.8 x86_64, MSBDiskFPSet, DiskStateQueue).
Parsing file /private/tmp/tdf-formal-system-20260920/formal/event-operations/InvitationSafety.tla
Parsing file /private/var/folders/0s/0tg301f95s51dvsjf74ksxjm0000gn/T/FiniteSets.tla
Parsing file /private/var/folders/0s/0tg301f95s51dvsjf74ksxjm0000gn/T/Naturals.tla
Parsing file /private/var/folders/0s/0tg301f95s51dvsjf74ksxjm0000gn/T/Sequences.tla
Parsing file /private/var/folders/0s/0tg301f95s51dvsjf74ksxjm0000gn/T/TLC.tla
Semantic processing of module Naturals
Semantic processing of module Sequences
Semantic processing of module FiniteSets
Semantic processing of module TLC
Semantic processing of module InvitationSafety
Starting... (2026-09-20 20:50:55)
Computing initial states...
Finished computing initial states: 1 distinct state generated at 2026-09-20 20:50:56.
Model checking completed. No error has been found.
  Estimates of the probability that TLC did not check all reachable states
  because two distinct states had the same fingerprint:
  calculated (optimistic):  val = 9.6E-15
1107 states generated, 912 distinct states found, 0 states left on queue.
The depth of the complete state graph search is 7.
The average outdegree of the complete state graph is 1 (minimum is 0, the maximum 10 and the 95th percentile is 5).
Finished in 01s at (2026-09-20 20:50:56)
TLC2 Version 2.17 of 02 February 2022 (rev: 3c7caa5)
Running breadth-first search Model-Checking with fp 102 and seed -6576569557189604787 with 1 worker on 16 cores with 3641MB heap and 64MB offheap memory [pid: 1839] (Mac OS X 14.7.7 x86_64, JetBrains s.r.o. 21.0.8 x86_64, MSBDiskFPSet, DiskStateQueue).
Parsing file /private/tmp/tdf-formal-system-20260920/formal/event-operations/TaskRaci.tla
Parsing file /private/var/folders/0s/0tg301f95s51dvsjf74ksxjm0000gn/T/FiniteSets.tla
Parsing file /private/var/folders/0s/0tg301f95s51dvsjf74ksxjm0000gn/T/Naturals.tla
Parsing file /private/var/folders/0s/0tg301f95s51dvsjf74ksxjm0000gn/T/Sequences.tla
Parsing file /private/var/folders/0s/0tg301f95s51dvsjf74ksxjm0000gn/T/TLC.tla
Semantic processing of module Naturals
Semantic processing of module Sequences
Semantic processing of module FiniteSets
Semantic processing of module TLC
Semantic processing of module TaskRaci
Starting... (2026-09-20 20:51:00)
Computing initial states...
Finished computing initial states: 1 distinct state generated at 2026-09-20 20:51:01.
Model checking completed. No error has been found.
  Estimates of the probability that TLC did not check all reachable states
  because two distinct states had the same fingerprint:
  calculated (optimistic):  val = 3.2E-13
5810 states generated, 1338 distinct states found, 0 states left on queue.
The depth of the complete state graph search is 10.
The average outdegree of the complete state graph is 1 (minimum is 0, the maximum 11 and the 95th percentile is 4).
Finished in 04s at (2026-09-20 20:51:01)
TLC2 Version 2.17 of 02 February 2022 (rev: 3c7caa5)
Running breadth-first search Model-Checking with fp 130 and seed 3925152678097367451 with 1 worker on 16 cores with 3641MB heap and 64MB offheap memory [pid: 1937] (Mac OS X 14.7.7 x86_64, JetBrains s.r.o. 21.0.8 x86_64, MSBDiskFPSet, DiskStateQueue).
Parsing file /private/tmp/tdf-formal-system-20260920/formal/event-operations/ContractPayment.tla
Parsing file /private/var/folders/0s/0tg301f95s51dvsjf74ksxjm0000gn/T/FiniteSets.tla
Parsing file /private/var/folders/0s/0tg301f95s51dvsjf74ksxjm0000gn/T/Naturals.tla
Parsing file /private/var/folders/0s/0tg301f95s51dvsjf74ksxjm0000gn/T/TLC.tla
Parsing file /private/var/folders/0s/0tg301f95s51dvsjf74ksxjm0000gn/T/Sequences.tla
Semantic processing of module Naturals
Semantic processing of module Sequences
Semantic processing of module FiniteSets
Semantic processing of module TLC
Semantic processing of module ContractPayment
Starting... (2026-09-20 20:51:05)
Computing initial states...
Finished computing initial states: 1 distinct state generated at 2026-09-20 20:51:07.
Model checking completed. No error has been found.
  Estimates of the probability that TLC did not check all reachable states
  because two distinct states had the same fingerprint:
  calculated (optimistic):  val = 1.3E-17
31 states generated, 16 distinct states found, 0 states left on queue.
The depth of the complete state graph search is 8.
The average outdegree of the complete state graph is 1 (minimum is 0, the maximum 3 and the 95th percentile is 3).
Finished in 04s at (2026-09-20 20:51:07)
TLC2 Version 2.17 of 02 February 2022 (rev: 3c7caa5)
Running breadth-first search Model-Checking with fp 52 and seed 3319474507692240784 with 1 worker on 16 cores with 3641MB heap and 64MB offheap memory [pid: 1952] (Mac OS X 14.7.7 x86_64, JetBrains s.r.o. 21.0.8 x86_64, MSBDiskFPSet, DiskStateQueue).
Parsing file /private/tmp/tdf-formal-system-20260920/formal/event-operations/CheckoutReadiness.tla
Parsing file /private/var/folders/0s/0tg301f95s51dvsjf74ksxjm0000gn/T/Naturals.tla
Parsing file /private/var/folders/0s/0tg301f95s51dvsjf74ksxjm0000gn/T/FiniteSets.tla
Parsing file /private/var/folders/0s/0tg301f95s51dvsjf74ksxjm0000gn/T/TLC.tla
Parsing file /private/var/folders/0s/0tg301f95s51dvsjf74ksxjm0000gn/T/Sequences.tla
Semantic processing of module Naturals
Semantic processing of module Sequences
Semantic processing of module FiniteSets
Semantic processing of module TLC
Semantic processing of module CheckoutReadiness
Starting... (2026-09-20 20:51:09)
Implied-temporal checking--satisfiability problem has 2 branches.
Computing initial states...
Finished computing initial states: 1 distinct state generated at 2026-09-20 20:51:09.
Progress(9) at 2026-09-20 20:51:09: 389 states generated, 221 distinct states found, 0 states left on queue.
Checking 2 branches of temporal properties for the complete state space with 442 total distinct states at (2026-09-20 20:51:09)
Finished checking temporal properties in 00s at 2026-09-20 20:51:09
Model checking completed. No error has been found.
  Estimates of the probability that TLC did not check all reachable states
  because two distinct states had the same fingerprint:
  calculated (optimistic):  val = 2.0E-15
389 states generated, 221 distinct states found, 0 states left on queue.
The depth of the complete state graph search is 9.
The average outdegree of the complete state graph is 1 (minimum is 0, the maximum 3 and the 95th percentile is 3).
Finished in 01s at (2026-09-20 20:51:09)
TLC2 Version 2.17 of 02 February 2022 (rev: 3c7caa5)
Running breadth-first search Model-Checking with fp 62 and seed -160519572471147293 with 1 worker on 16 cores with 3641MB heap and 64MB offheap memory [pid: 1958] (Mac OS X 14.7.7 x86_64, JetBrains s.r.o. 21.0.8 x86_64, MSBDiskFPSet, DiskStateQueue).
Parsing file /private/tmp/tdf-formal-system-20260920/formal/event-operations/CheckoutCancellation.tla
Parsing file /private/var/folders/0s/0tg301f95s51dvsjf74ksxjm0000gn/T/Naturals.tla
Parsing file /private/var/folders/0s/0tg301f95s51dvsjf74ksxjm0000gn/T/TLC.tla
Parsing file /private/var/folders/0s/0tg301f95s51dvsjf74ksxjm0000gn/T/Sequences.tla
Parsing file /private/var/folders/0s/0tg301f95s51dvsjf74ksxjm0000gn/T/FiniteSets.tla
Semantic processing of module Naturals
Semantic processing of module Sequences
Semantic processing of module FiniteSets
Semantic processing of module TLC
Semantic processing of module CheckoutCancellation
Starting... (2026-09-20 20:51:11)
Implied-temporal checking--satisfiability problem has 2 branches.
Computing initial states...
Finished computing initial states: 1 distinct state generated at 2026-09-20 20:51:20.
Progress(6) at 2026-09-20 20:51:21: 13 states generated, 8 distinct states found, 0 states left on queue.
Checking 2 branches of temporal properties for the complete state space with 16 total distinct states at (2026-09-20 20:51:21)
Finished checking temporal properties in 00s at 2026-09-20 20:51:21
Model checking completed. No error has been found.
  Estimates of the probability that TLC did not check all reachable states
  because two distinct states had the same fingerprint:
  calculated (optimistic):  val = 2.2E-18
13 states generated, 8 distinct states found, 0 states left on queue.
The depth of the complete state graph search is 6.
The average outdegree of the complete state graph is 1 (minimum is 0, the maximum 2 and the 95th percentile is 2).
Finished in 11s at (2026-09-20 20:51:21)
TLC2 Version 2.17 of 02 February 2022 (rev: 3c7caa5)
Running breadth-first search Model-Checking with fp 63 and seed 5966949762401688854 with 1 worker on 16 cores with 3641MB heap and 64MB offheap memory [pid: 2004] (Mac OS X 14.7.7 x86_64, JetBrains s.r.o. 21.0.8 x86_64, MSBDiskFPSet, DiskStateQueue).
Parsing file /private/tmp/tdf-formal-system-20260920/formal/event-operations/CheckoutCancellation.tla
Parsing file /private/var/folders/0s/0tg301f95s51dvsjf74ksxjm0000gn/T/Naturals.tla
Parsing file /private/var/folders/0s/0tg301f95s51dvsjf74ksxjm0000gn/T/TLC.tla
Parsing file /private/var/folders/0s/0tg301f95s51dvsjf74ksxjm0000gn/T/Sequences.tla
Parsing file /private/var/folders/0s/0tg301f95s51dvsjf74ksxjm0000gn/T/FiniteSets.tla
Semantic processing of module Naturals
Semantic processing of module Sequences
Semantic processing of module FiniteSets
Semantic processing of module TLC
Semantic processing of module CheckoutCancellation
Starting... (2026-09-20 20:51:23)
Computing initial states...
Finished computing initial states: 1 distinct state generated at 2026-09-20 20:51:23.
Error: Invariant NoAbandonedReservation is violated.
Error: The behavior up to this point is:
State 1: <Initial predicate>
/\ requestPending = FALSE
/\ abandoned = FALSE
/\ lostPayment = FALSE
/\ reserved = FALSE
/\ phase = "buyer"
/\ paymentPending = FALSE

State 2: <Submit line 8, col 11 to line 9, col 91 of module CheckoutCancellation>
/\ requestPending = FALSE
/\ abandoned = FALSE
/\ lostPayment = FALSE
/\ reserved = FALSE
/\ phase = "readiness"
/\ paymentPending = FALSE

State 3: <Ready line 10, col 10 to line 11, col 74 of module CheckoutCancellation>
/\ requestPending = TRUE
/\ abandoned = FALSE
/\ lostPayment = FALSE
/\ reserved = FALSE
/\ phase = "reserving"
/\ paymentPending = FALSE

State 4: <Cancel line 14, col 11 to line 18, col 91 of module CheckoutCancellation>
/\ requestPending = TRUE
/\ abandoned = FALSE
/\ lostPayment = FALSE
/\ reserved = FALSE
/\ phase = "closed"
/\ paymentPending = FALSE

State 5: <Resolve line 19, col 12 to line 25, col 55 of module CheckoutCancellation>
/\ requestPending = FALSE
/\ abandoned = TRUE
/\ lostPayment = FALSE
/\ reserved = TRUE
/\ phase = "closed"
/\ paymentPending = FALSE

13 states generated, 7 distinct states found, 1 states left on queue.
The depth of the complete state graph search is 5.
The average outdegree of the complete state graph is 1 (minimum is 0, the maximum 2 and the 95th percentile is 2).
Finished in 01s at (2026-09-20 20:51:24)
TLC2 Version 2.17 of 02 February 2022 (rev: 3c7caa5)
Running breadth-first search Model-Checking with fp 94 and seed 7183706859264290159 with 1 worker on 16 cores with 3641MB heap and 64MB offheap memory [pid: 2166] (Mac OS X 14.7.7 x86_64, JetBrains s.r.o. 21.0.8 x86_64, MSBDiskFPSet, DiskStateQueue).
Parsing file /private/tmp/tdf-formal-system-20260920/formal/event-operations/CheckoutCancellation.tla
Parsing file /private/var/folders/0s/0tg301f95s51dvsjf74ksxjm0000gn/T/Naturals.tla
Parsing file /private/var/folders/0s/0tg301f95s51dvsjf74ksxjm0000gn/T/TLC.tla
Parsing file /private/var/folders/0s/0tg301f95s51dvsjf74ksxjm0000gn/T/Sequences.tla
Parsing file /private/var/folders/0s/0tg301f95s51dvsjf74ksxjm0000gn/T/FiniteSets.tla
Semantic processing of module Naturals
Semantic processing of module Sequences
Semantic processing of module FiniteSets
Semantic processing of module TLC
Semantic processing of module CheckoutCancellation
Starting... (2026-09-20 20:51:25)
Computing initial states...
Finished computing initial states: 1 distinct state generated at 2026-09-20 20:51:26.
Error: Invariant NoLostPayment is violated.
Error: The behavior up to this point is:
State 1: <Initial predicate>
/\ requestPending = FALSE
/\ abandoned = FALSE
/\ lostPayment = FALSE
/\ reserved = FALSE
/\ phase = "buyer"
/\ paymentPending = FALSE

State 2: <Submit line 8, col 11 to line 9, col 91 of module CheckoutCancellation>
/\ requestPending = FALSE
/\ abandoned = FALSE
/\ lostPayment = FALSE
/\ reserved = FALSE
/\ phase = "readiness"
/\ paymentPending = FALSE

State 3: <Ready line 10, col 10 to line 11, col 74 of module CheckoutCancellation>
/\ requestPending = TRUE
/\ abandoned = FALSE
/\ lostPayment = FALSE
/\ reserved = FALSE
/\ phase = "reserving"
/\ paymentPending = FALSE

State 4: <Resolve line 19, col 12 to line 25, col 55 of module CheckoutCancellation>
/\ requestPending = FALSE
/\ abandoned = FALSE
/\ lostPayment = FALSE
/\ reserved = TRUE
/\ phase = "payment"
/\ paymentPending = FALSE

State 5: <Pay line 26, col 8 to line 27, col 72 of module CheckoutCancellation>
/\ requestPending = FALSE
/\ abandoned = FALSE
/\ lostPayment = FALSE
/\ reserved = TRUE
/\ phase = "paying"
/\ paymentPending = TRUE

State 6: <Cancel line 14, col 11 to line 18, col 91 of module CheckoutCancellation>
/\ requestPending = FALSE
/\ abandoned = FALSE
/\ lostPayment = FALSE
/\ reserved = TRUE
/\ phase = "closed"
/\ paymentPending = TRUE

State 7: <Confirm line 28, col 12 to line 33, col 63 of module CheckoutCancellation>
/\ requestPending = FALSE
/\ abandoned = FALSE
/\ lostPayment = TRUE
/\ reserved = TRUE
/\ phase = "closed"
/\ paymentPending = FALSE

18 states generated, 10 distinct states found, 1 states left on queue.
The depth of the complete state graph search is 7.
The average outdegree of the complete state graph is 1 (minimum is 0, the maximum 2 and the 95th percentile is 2).
Finished in 01s at (2026-09-20 20:51:26)
TLC2 Version 2.17 of 02 February 2022 (rev: 3c7caa5)
Running breadth-first search Model-Checking with fp 103 and seed 7841781886317828136 with 1 worker on 16 cores with 3641MB heap and 64MB offheap memory [pid: 2328] (Mac OS X 14.7.7 x86_64, JetBrains s.r.o. 21.0.8 x86_64, MSBDiskFPSet, DiskStateQueue).
Parsing file /private/tmp/tdf-formal-system-20260920/formal/event-operations/CheckoutReadiness.tla
Parsing file /private/var/folders/0s/0tg301f95s51dvsjf74ksxjm0000gn/T/Naturals.tla
Parsing file /private/var/folders/0s/0tg301f95s51dvsjf74ksxjm0000gn/T/FiniteSets.tla
Parsing file /private/var/folders/0s/0tg301f95s51dvsjf74ksxjm0000gn/T/TLC.tla
Parsing file /private/var/folders/0s/0tg301f95s51dvsjf74ksxjm0000gn/T/Sequences.tla
Semantic processing of module Naturals
Semantic processing of module Sequences
Semantic processing of module FiniteSets
Semantic processing of module TLC
Semantic processing of module CheckoutReadiness
Starting... (2026-09-20 20:51:28)
Implied-temporal checking--satisfiability problem has 2 branches.
Computing initial states...
Finished computing initial states: 1 distinct state generated at 2026-09-20 20:51:28.
Error: Invariant ReadyBeforeReservation is violated.
Error: The behavior up to this point is:
State 1: <Initial predicate>
/\ pending = {}
/\ generation = 0
/\ used = {}
/\ reservations = {}
/\ phase = "buyer"
/\ requestGeneration = <<0, 0>>

State 2: <Submit line 9, col 14 to line 14, col 54 of module CheckoutReadiness>
/\ pending = {1}
/\ generation = 0
/\ used = {1}
/\ reservations = {}
/\ phase = "loading"
/\ requestGeneration = <<0, 0>>

State 3: <Resolve line 20, col 15 to line 27, col 66 of module CheckoutReadiness>
/\ pending = {}
/\ generation = 0
/\ used = {1}
/\ reservations = {[ready |-> FALSE, request |-> 1, owner |-> 0, current |-> 0, open |-> TRUE]}
/\ phase = "buyer"
/\ requestGeneration = <<0, 0>>

5 states generated, 5 distinct states found, 2 states left on queue.
The depth of the complete state graph search is 3.
The average outdegree of the complete state graph is 3 (minimum is 3, the maximum 3 and the 95th percentile is 3).
Finished in 01s at (2026-09-20 20:51:28)
TLC2 Version 2.17 of 02 February 2022 (rev: 3c7caa5)
Running breadth-first search Model-Checking with fp 7 and seed -7050166087608131165 with 1 worker on 16 cores with 3641MB heap and 64MB offheap memory [pid: 2469] (Mac OS X 14.7.7 x86_64, JetBrains s.r.o. 21.0.8 x86_64, MSBDiskFPSet, DiskStateQueue).
Parsing file /private/tmp/tdf-formal-system-20260920/formal/event-operations/CheckoutReadiness.tla
Parsing file /private/var/folders/0s/0tg301f95s51dvsjf74ksxjm0000gn/T/Naturals.tla
Parsing file /private/var/folders/0s/0tg301f95s51dvsjf74ksxjm0000gn/T/FiniteSets.tla
Parsing file /private/var/folders/0s/0tg301f95s51dvsjf74ksxjm0000gn/T/TLC.tla
Parsing file /private/var/folders/0s/0tg301f95s51dvsjf74ksxjm0000gn/T/Sequences.tla
Semantic processing of module Naturals
Semantic processing of module Sequences
Semantic processing of module FiniteSets
Semantic processing of module TLC
Semantic processing of module CheckoutReadiness
Starting... (2026-09-20 20:51:30)
Implied-temporal checking--satisfiability problem has 2 branches.
Computing initial states...
Finished computing initial states: 1 distinct state generated at 2026-09-20 20:51:30.
Error: Invariant CurrentReservation is violated.
Error: The behavior up to this point is:
State 1: <Initial predicate>
/\ pending = {}
/\ generation = 0
/\ used = {}
/\ reservations = {}
/\ phase = "buyer"
/\ requestGeneration = <<0, 0>>

State 2: <Submit line 9, col 14 to line 14, col 54 of module CheckoutReadiness>
/\ pending = {1}
/\ generation = 0
/\ used = {1}
/\ reservations = {}
/\ phase = "loading"
/\ requestGeneration = <<0, 0>>

State 3: <Close line 15, col 10 to line 17, col 72 of module CheckoutReadiness>
/\ pending = {1}
/\ generation = 1
/\ used = {1}
/\ reservations = {}
/\ phase = "closed"
/\ requestGeneration = <<0, 0>>

State 4: <Resolve line 20, col 15 to line 27, col 66 of module CheckoutReadiness>
/\ pending = {}
/\ generation = 1
/\ used = {1}
/\ reservations = {[ready |-> TRUE, request |-> 1, owner |-> 0, current |-> 1, open |-> FALSE]}
/\ phase = "closed"
/\ requestGeneration = <<0, 0>>

17 states generated, 16 distinct states found, 8 states left on queue.
The depth of the complete state graph search is 4.
The average outdegree of the complete state graph is 2 (minimum is 1, the maximum 3 and the 95th percentile is 3).
Finished in 01s at (2026-09-20 20:51:30)
TLC2 Version 2.17 of 02 February 2022 (rev: 3c7caa5)
Running breadth-first search Model-Checking with fp 108 and seed -344543902478618051 with 1 worker on 16 cores with 3641MB heap and 64MB offheap memory [pid: 2618] (Mac OS X 14.7.7 x86_64, JetBrains s.r.o. 21.0.8 x86_64, MSBDiskFPSet, DiskStateQueue).
Parsing file /private/tmp/tdf-formal-system-20260920/formal/event-operations/CheckoutReadiness.tla
Parsing file /private/var/folders/0s/0tg301f95s51dvsjf74ksxjm0000gn/T/Naturals.tla
Parsing file /private/var/folders/0s/0tg301f95s51dvsjf74ksxjm0000gn/T/FiniteSets.tla
Parsing file /private/var/folders/0s/0tg301f95s51dvsjf74ksxjm0000gn/T/TLC.tla
Parsing file /private/var/folders/0s/0tg301f95s51dvsjf74ksxjm0000gn/T/Sequences.tla
Semantic processing of module Naturals
Semantic processing of module Sequences
Semantic processing of module FiniteSets
Semantic processing of module TLC
Semantic processing of module CheckoutReadiness
Starting... (2026-09-20 20:51:32)
Implied-temporal checking--satisfiability problem has 2 branches.
Computing initial states...
Finished computing initial states: 1 distinct state generated at 2026-09-20 20:51:32.
Error: Invariant SingleCurrentFlight is violated.
Error: The behavior up to this point is:
State 1: <Initial predicate>
/\ pending = {}
/\ generation = 0
/\ used = {}
/\ reservations = {}
/\ phase = "buyer"
/\ requestGeneration = <<0, 0>>

State 2: <Submit line 9, col 14 to line 14, col 54 of module CheckoutReadiness>
/\ pending = {1}
/\ generation = 0
/\ used = {1}
/\ reservations = {}
/\ phase = "loading"
/\ requestGeneration = <<0, 0>>

State 3: <Submit line 9, col 14 to line 14, col 54 of module CheckoutReadiness>
/\ pending = {1, 2}
/\ generation = 0
/\ used = {1, 2}
/\ reservations = {}
/\ phase = "loading"
/\ requestGeneration = <<0, 0>>

9 states generated, 7 distinct states found, 4 states left on queue.
The depth of the complete state graph search is 3.
The average outdegree of the complete state graph is 3 (minimum is 3, the maximum 3 and the 95th percentile is 3).
Finished in 01s at (2026-09-20 20:51:32)
TLC2 Version 2.17 of 02 February 2022 (rev: 3c7caa5)
Running breadth-first search Model-Checking with fp 88 and seed 850097924250209093 with 1 worker on 16 cores with 3641MB heap and 64MB offheap memory [pid: 2740] (Mac OS X 14.7.7 x86_64, JetBrains s.r.o. 21.0.8 x86_64, MSBDiskFPSet, DiskStateQueue).
Parsing file /private/tmp/tdf-formal-system-20260920/formal/event-operations/NavigationVisit.tla
Parsing file /private/var/folders/0s/0tg301f95s51dvsjf74ksxjm0000gn/T/Naturals.tla
Parsing file /private/var/folders/0s/0tg301f95s51dvsjf74ksxjm0000gn/T/FiniteSets.tla
Parsing file /private/var/folders/0s/0tg301f95s51dvsjf74ksxjm0000gn/T/TLC.tla
Parsing file /private/var/folders/0s/0tg301f95s51dvsjf74ksxjm0000gn/T/Sequences.tla
Semantic processing of module Naturals
Semantic processing of module Sequences
Semantic processing of module FiniteSets
Semantic processing of module TLC
Semantic processing of module NavigationVisit
Starting... (2026-09-20 20:51:34)
Implied-temporal checking--satisfiability problem has 1 branches.
Computing initial states...
Finished computing initial states: 1 distinct state generated at 2026-09-20 20:51:34.
Progress(5) at 2026-09-20 20:51:34: 33 states generated, 16 distinct states found, 0 states left on queue.
Checking temporal properties for the complete state space with 16 total distinct states at (2026-09-20 20:51:34)
Finished checking temporal properties in 00s at 2026-09-20 20:51:35
Model checking completed. No error has been found.
  Estimates of the probability that TLC did not check all reachable states
  because two distinct states had the same fingerprint:
  calculated (optimistic):  val = 1.5E-17
33 states generated, 16 distinct states found, 0 states left on queue.
The depth of the complete state graph search is 5.
The average outdegree of the complete state graph is 1 (minimum is 0, the maximum 4 and the 95th percentile is 4).
Finished in 02s at (2026-09-20 20:51:35)
TLC2 Version 2.17 of 02 February 2022 (rev: 3c7caa5)
Running breadth-first search Model-Checking with fp 38 and seed -3314054488731753953 with 1 worker on 16 cores with 3641MB heap and 64MB offheap memory [pid: 2746] (Mac OS X 14.7.7 x86_64, JetBrains s.r.o. 21.0.8 x86_64, MSBDiskFPSet, DiskStateQueue).
Parsing file /private/tmp/tdf-formal-system-20260920/formal/event-operations/NavigationVisit.tla
Parsing file /private/var/folders/0s/0tg301f95s51dvsjf74ksxjm0000gn/T/Naturals.tla
Parsing file /private/var/folders/0s/0tg301f95s51dvsjf74ksxjm0000gn/T/FiniteSets.tla
Parsing file /private/var/folders/0s/0tg301f95s51dvsjf74ksxjm0000gn/T/TLC.tla
Parsing file /private/var/folders/0s/0tg301f95s51dvsjf74ksxjm0000gn/T/Sequences.tla
Semantic processing of module Naturals
Semantic processing of module Sequences
Semantic processing of module FiniteSets
Semantic processing of module TLC
Semantic processing of module NavigationVisit
Starting... (2026-09-20 20:51:37)
Computing initial states...
Finished computing initial states: 1 distinct state generated at 2026-09-20 20:51:37.
Error: Invariant NoFailedVisits is violated.
Error: The behavior up to this point is:
State 1: <Initial predicate>
/\ settingsDone = FALSE
/\ counts = [a |-> 0, b |-> 0]
/\ observed = <<FALSE, FALSE, FALSE>>
/\ phase = <<"new", "new", "new">>
/\ accepted = {}
/\ pinned = [a |-> FALSE, b |-> FALSE]
/\ failed = {}

State 2: <Read line 14, col 12 to line 17, col 74 of module NavigationVisit>
/\ settingsDone = FALSE
/\ counts = [a |-> 0, b |-> 0]
/\ observed = <<FALSE, FALSE, FALSE>>
/\ phase = <<"read", "new", "new">>
/\ accepted = {}
/\ pinned = [a |-> FALSE, b |-> FALSE]
/\ failed = {}

State 3: <Read line 14, col 12 to line 17, col 74 of module NavigationVisit>
/\ settingsDone = FALSE
/\ counts = [a |-> 0, b |-> 0]
/\ observed = <<FALSE, FALSE, FALSE>>
/\ phase = <<"read", "read", "new">>
/\ accepted = {}
/\ pinned = [a |-> FALSE, b |-> FALSE]
/\ failed = {}

State 4: <Commit line 19, col 3 to line 25, col 49 of module NavigationVisit>
/\ settingsDone = FALSE
/\ counts = [a |-> 1, b |-> 0]
/\ observed = <<FALSE, FALSE, FALSE>>
/\ phase = <<"done", "read", "new">>
/\ accepted = {1}
/\ pinned = [a |-> FALSE, b |-> FALSE]
/\ failed = {}

State 5: <Commit line 19, col 3 to line 25, col 49 of module NavigationVisit>
/\ settingsDone = FALSE
/\ counts = [a |-> 1, b |-> 0]
/\ observed = <<FALSE, FALSE, FALSE>>
/\ phase = <<"done", "done", "new">>
/\ accepted = {1}
/\ pinned = [a |-> FALSE, b |-> FALSE]
/\ failed = {2}

59 states generated, 35 distinct states found, 16 states left on queue.
The depth of the complete state graph search is 5.
The average outdegree of the complete state graph is 2 (minimum is 0, the maximum 4 and the 95th percentile is 4).
Finished in 01s at (2026-09-20 20:51:37)
TLC2 Version 2.17 of 02 February 2022 (rev: 3c7caa5)
Running breadth-first search Model-Checking with fp 0 and seed 6137246436584942855 with 1 worker on 16 cores with 3641MB heap and 64MB offheap memory [pid: 2756] (Mac OS X 14.7.7 x86_64, JetBrains s.r.o. 21.0.8 x86_64, MSBDiskFPSet, DiskStateQueue).
Parsing file /private/tmp/tdf-formal-system-20260920/formal/event-operations/ProviderRollback.tla
Parsing file /private/var/folders/0s/0tg301f95s51dvsjf74ksxjm0000gn/T/Naturals.tla
Parsing file /private/var/folders/0s/0tg301f95s51dvsjf74ksxjm0000gn/T/FiniteSets.tla
Parsing file /private/var/folders/0s/0tg301f95s51dvsjf74ksxjm0000gn/T/Sequences.tla
Semantic processing of module Naturals
Semantic processing of module Sequences
Semantic processing of module FiniteSets
Semantic processing of module ProviderRollback
Starting... (2026-09-20 20:51:39)
Implied-temporal checking--satisfiability problem has 1 branches.
Computing initial states...
Finished computing initial states: 1 distinct state generated at 2026-09-20 20:51:39.
Progress(9) at 2026-09-20 20:51:39: 74 states generated, 38 distinct states found, 0 states left on queue.
Checking temporal properties for the complete state space with 38 total distinct states at (2026-09-20 20:51:39)
Finished checking temporal properties in 00s at 2026-09-20 20:51:39
Model checking completed. No error has been found.
  Estimates of the probability that TLC did not check all reachable states
  because two distinct states had the same fingerprint:
  calculated (optimistic):  val = 7.4E-17
74 states generated, 38 distinct states found, 0 states left on queue.
The depth of the complete state graph search is 9.
The average outdegree of the complete state graph is 1 (minimum is 0, the maximum 3 and the 95th percentile is 2).
Finished in 01s at (2026-09-20 20:51:39)
TLC2 Version 2.17 of 02 February 2022 (rev: 3c7caa5)
Running breadth-first search Model-Checking with fp 64 and seed 3464138905273065012 with 1 worker on 16 cores with 3641MB heap and 64MB offheap memory [pid: 2774] (Mac OS X 14.7.7 x86_64, JetBrains s.r.o. 21.0.8 x86_64, MSBDiskFPSet, DiskStateQueue).
Parsing file /private/tmp/tdf-formal-system-20260920/formal/event-operations/ProviderRollback.tla
Parsing file /private/var/folders/0s/0tg301f95s51dvsjf74ksxjm0000gn/T/Naturals.tla
Parsing file /private/var/folders/0s/0tg301f95s51dvsjf74ksxjm0000gn/T/FiniteSets.tla
Parsing file /private/var/folders/0s/0tg301f95s51dvsjf74ksxjm0000gn/T/Sequences.tla
Semantic processing of module Naturals
Semantic processing of module Sequences
Semantic processing of module FiniteSets
Semantic processing of module ProviderRollback
Starting... (2026-09-20 20:51:45)
Implied-temporal checking--satisfiability problem has 1 branches.
Computing initial states...
Finished computing initial states: 1 distinct state generated at 2026-09-20 20:51:46.
Progress(9) at 2026-09-20 20:51:46: 64 states generated, 31 distinct states found, 0 states left on queue.
Checking temporal properties for the complete state space with 31 total distinct states at (2026-09-20 20:51:46)
Finished checking temporal properties in 00s at 2026-09-20 20:51:46
Model checking completed. No error has been found.
  Estimates of the probability that TLC did not check all reachable states
  because two distinct states had the same fingerprint:
  calculated (optimistic):  val = 5.5E-17
64 states generated, 31 distinct states found, 0 states left on queue.
The depth of the complete state graph search is 9.
The average outdegree of the complete state graph is 1 (minimum is 0, the maximum 3 and the 95th percentile is 2).
Finished in 05s at (2026-09-20 20:51:46)
TLC2 Version 2.17 of 02 February 2022 (rev: 3c7caa5)
Running breadth-first search Model-Checking with fp 72 and seed 2171977159310559407 with 1 worker on 16 cores with 3641MB heap and 64MB offheap memory [pid: 2783] (Mac OS X 14.7.7 x86_64, JetBrains s.r.o. 21.0.8 x86_64, MSBDiskFPSet, DiskStateQueue).
Parsing file /private/tmp/tdf-formal-system-20260920/formal/event-operations/ProviderRollback.tla
Parsing file /private/var/folders/0s/0tg301f95s51dvsjf74ksxjm0000gn/T/Naturals.tla
Parsing file /private/var/folders/0s/0tg301f95s51dvsjf74ksxjm0000gn/T/FiniteSets.tla
Parsing file /private/var/folders/0s/0tg301f95s51dvsjf74ksxjm0000gn/T/Sequences.tla
Semantic processing of module Naturals
Semantic processing of module Sequences
Semantic processing of module FiniteSets
Semantic processing of module ProviderRollback
Starting... (2026-09-20 20:51:47)
Implied-temporal checking--satisfiability problem has 1 branches.
Computing initial states...
Finished computing initial states: 1 distinct state generated at 2026-09-20 20:51:48.
Progress(9) at 2026-09-20 20:51:48: 70 states generated, 35 distinct states found, 0 states left on queue.
Checking temporal properties for the complete state space with 35 total distinct states at (2026-09-20 20:51:48)
Finished checking temporal properties in 00s at 2026-09-20 20:51:48
Model checking completed. No error has been found.
  Estimates of the probability that TLC did not check all reachable states
  because two distinct states had the same fingerprint:
  calculated (optimistic):  val = 6.6E-17
70 states generated, 35 distinct states found, 0 states left on queue.
The depth of the complete state graph search is 9.
The average outdegree of the complete state graph is 1 (minimum is 0, the maximum 3 and the 95th percentile is 2).
Finished in 01s at (2026-09-20 20:51:48)
TLC2 Version 2.17 of 02 February 2022 (rev: 3c7caa5)
Running breadth-first search Model-Checking with fp 109 and seed -1809459525136722700 with 1 worker on 16 cores with 3641MB heap and 64MB offheap memory [pid: 2829] (Mac OS X 14.7.7 x86_64, JetBrains s.r.o. 21.0.8 x86_64, MSBDiskFPSet, DiskStateQueue).
Parsing file /private/tmp/tdf-formal-system-20260920/formal/event-operations/ProviderRollback.tla
Parsing file /private/var/folders/0s/0tg301f95s51dvsjf74ksxjm0000gn/T/Naturals.tla
Parsing file /private/var/folders/0s/0tg301f95s51dvsjf74ksxjm0000gn/T/FiniteSets.tla
Parsing file /private/var/folders/0s/0tg301f95s51dvsjf74ksxjm0000gn/T/Sequences.tla
Semantic processing of module Naturals
Semantic processing of module Sequences
Semantic processing of module FiniteSets
Semantic processing of module ProviderRollback
Starting... (2026-09-20 20:51:49)
Implied-temporal checking--satisfiability problem has 1 branches.
Computing initial states...
Finished computing initial states: 1 distinct state generated at 2026-09-20 20:51:50.
Progress(9) at 2026-09-20 20:51:50: 74 states generated, 38 distinct states found, 0 states left on queue.
Checking temporal properties for the complete state space with 38 total distinct states at (2026-09-20 20:51:50)
Finished checking temporal properties in 00s at 2026-09-20 20:51:50
Model checking completed. No error has been found.
  Estimates of the probability that TLC did not check all reachable states
  because two distinct states had the same fingerprint:
  calculated (optimistic):  val = 7.4E-17
74 states generated, 38 distinct states found, 0 states left on queue.
The depth of the complete state graph search is 9.
The average outdegree of the complete state graph is 1 (minimum is 0, the maximum 3 and the 95th percentile is 2).
Finished in 01s at (2026-09-20 20:51:50)
TLC2 Version 2.17 of 02 February 2022 (rev: 3c7caa5)
Running breadth-first search Model-Checking with fp 10 and seed -8802813728227198656 with 1 worker on 16 cores with 3641MB heap and 64MB offheap memory [pid: 2838] (Mac OS X 14.7.7 x86_64, JetBrains s.r.o. 21.0.8 x86_64, MSBDiskFPSet, DiskStateQueue).
Parsing file /private/tmp/tdf-formal-system-20260920/formal/event-operations/ProviderRollback.tla
Parsing file /private/var/folders/0s/0tg301f95s51dvsjf74ksxjm0000gn/T/Naturals.tla
Parsing file /private/var/folders/0s/0tg301f95s51dvsjf74ksxjm0000gn/T/FiniteSets.tla
Parsing file /private/var/folders/0s/0tg301f95s51dvsjf74ksxjm0000gn/T/Sequences.tla
Semantic processing of module Naturals
Semantic processing of module Sequences
Semantic processing of module FiniteSets
Semantic processing of module ProviderRollback
Starting... (2026-09-20 20:51:52)
Computing initial states...
Finished computing initial states: 1 distinct state generated at 2026-09-20 20:51:52.
Error: Invariant StoppedFleetSafe is violated.
Error: The behavior up to this point is:
State 1: <Initial predicate>
/\ touched = {}
/\ safe = <<FALSE, FALSE>>
/\ outcome = <<"pending", "pending">>
/\ bound = FALSE
/\ phase = "ready"

State 2: <Migrate line 14, col 12 to line 16, col 57 of module ProviderRollback>
/\ touched = {}
/\ safe = <<FALSE, FALSE>>
/\ outcome = <<"pending", "pending">>
/\ bound = FALSE
/\ phase = "deploy"

State 3: <Deploy line 17, col 14 to line 21, col 44 of module ProviderRollback>
/\ touched = {1}
/\ safe = <<TRUE, FALSE>>
/\ outcome = <<"pending", "pending">>
/\ bound = FALSE
/\ phase = "deploy"

State 4: <Fail line 26, col 9 to line 28, col 54 of module ProviderRollback>
/\ touched = {1}
/\ safe = <<TRUE, FALSE>>
/\ outcome = <<"pending", "pending">>
/\ bound = FALSE
/\ phase = "rollback"

State 5: <Rollback line 30, col 16 to line 37, col 53 of module ProviderRollback>
/\ touched = {1}
/\ safe = <<TRUE, FALSE>>
/\ outcome = <<"restored", "pending">>
/\ bound = FALSE
/\ phase = "rollback"

State 6: <Finish line 38, col 11 to line 41, col 56 of module ProviderRollback>
/\ touched = {1}
/\ safe = <<TRUE, FALSE>>
/\ outcome = <<"restored", "pending">>
/\ bound = FALSE
/\ phase = "stopped"

25 states generated, 18 distinct states found, 5 states left on queue.
The depth of the complete state graph search is 6.
The average outdegree of the complete state graph is 1 (minimum is 1, the maximum 3 and the 95th percentile is 3).
Finished in 01s at (2026-09-20 20:51:52)
TLC2 Version 2.17 of 02 February 2022 (rev: 3c7caa5)
Running breadth-first search Model-Checking with fp 60 and seed -7738530800661052709 with 1 worker on 16 cores with 3641MB heap and 64MB offheap memory [pid: 2856] (Mac OS X 14.7.7 x86_64, JetBrains s.r.o. 21.0.8 x86_64, MSBDiskFPSet, DiskStateQueue).
Parsing file /private/tmp/tdf-formal-system-20260920/formal/event-operations/ProviderRollback.tla
Parsing file /private/var/folders/0s/0tg301f95s51dvsjf74ksxjm0000gn/T/Naturals.tla
Parsing file /private/var/folders/0s/0tg301f95s51dvsjf74ksxjm0000gn/T/FiniteSets.tla
Parsing file /private/var/folders/0s/0tg301f95s51dvsjf74ksxjm0000gn/T/Sequences.tla
Semantic processing of module Naturals
Semantic processing of module Sequences
Semantic processing of module FiniteSets
Semantic processing of module ProviderRollback
Starting... (2026-09-20 20:51:54)
Computing initial states...
Finished computing initial states: 1 distinct state generated at 2026-09-20 20:51:54.
Error: Invariant NoUnsafeRestoration is violated.
Error: The behavior up to this point is:
State 1: <Initial predicate>
/\ touched = {}
/\ safe = <<FALSE, FALSE>>
/\ outcome = <<"pending", "pending">>
/\ bound = FALSE
/\ phase = "ready"

State 2: <Migrate line 14, col 12 to line 16, col 57 of module ProviderRollback>
/\ touched = {}
/\ safe = <<FALSE, FALSE>>
/\ outcome = <<"pending", "pending">>
/\ bound = FALSE
/\ phase = "deploy"

State 3: <Deploy line 17, col 14 to line 21, col 44 of module ProviderRollback>
/\ touched = {1}
/\ safe = <<TRUE, FALSE>>
/\ outcome = <<"pending", "pending">>
/\ bound = FALSE
/\ phase = "deploy"

State 4: <Fail line 26, col 9 to line 28, col 54 of module ProviderRollback>
/\ touched = {1}
/\ safe = <<TRUE, FALSE>>
/\ outcome = <<"pending", "pending">>
/\ bound = FALSE
/\ phase = "rollback"

State 5: <Rollback line 30, col 16 to line 37, col 53 of module ProviderRollback>
/\ touched = {1}
/\ safe = <<FALSE, FALSE>>
/\ outcome = <<"restored", "pending">>
/\ bound = FALSE
/\ phase = "rollback"

14 states generated, 12 distinct states found, 5 states left on queue.
The depth of the complete state graph search is 5.
The average outdegree of the complete state graph is 2 (minimum is 1, the maximum 3 and the 95th percentile is 3).
Finished in 01s at (2026-09-20 20:51:54)
TLC2 Version 2.17 of 02 February 2022 (rev: 3c7caa5)
Running breadth-first search Model-Checking with fp 103 and seed -3073574128129291033 with 1 worker on 16 cores with 3641MB heap and 64MB offheap memory [pid: 2876] (Mac OS X 14.7.7 x86_64, JetBrains s.r.o. 21.0.8 x86_64, MSBDiskFPSet, DiskStateQueue).
Parsing file /private/tmp/tdf-formal-system-20260920/formal/event-operations/OperationalLiveness.tla
Parsing file /private/var/folders/0s/0tg301f95s51dvsjf74ksxjm0000gn/T/Naturals.tla
Parsing file /private/var/folders/0s/0tg301f95s51dvsjf74ksxjm0000gn/T/TLC.tla
Parsing file /private/var/folders/0s/0tg301f95s51dvsjf74ksxjm0000gn/T/Sequences.tla
Parsing file /private/var/folders/0s/0tg301f95s51dvsjf74ksxjm0000gn/T/FiniteSets.tla
Semantic processing of module Naturals
Semantic processing of module Sequences
Semantic processing of module FiniteSets
Semantic processing of module TLC
Semantic processing of module OperationalLiveness
Starting... (2026-09-20 20:51:56)
Implied-temporal checking--satisfiability problem has 5 branches.
Computing initial states...
Finished computing initial states: 1 distinct state generated at 2026-09-20 20:51:56.
Progress(11) at 2026-09-20 20:51:57: 5,713 states generated, 1,440 distinct states found, 0 states left on queue.
Checking 5 branches of temporal properties for the complete state space with 7200 total distinct states at (2026-09-20 20:51:57)
Finished checking temporal properties in 00s at 2026-09-20 20:51:57
Model checking completed. No error has been found.
  Estimates of the probability that TLC did not check all reachable states
  because two distinct states had the same fingerprint:
  calculated (optimistic):  val = 3.3E-13
5713 states generated, 1440 distinct states found, 0 states left on queue.
The depth of the complete state graph search is 11.
The average outdegree of the complete state graph is 1 (minimum is 0, the maximum 12 and the 95th percentile is 7).
Finished in 02s at (2026-09-20 20:51:57)
TLC2 Version 2.17 of 02 February 2022 (rev: 3c7caa5)
Running breadth-first search Model-Checking with fp 44 and seed 1792183934186519312 with 1 worker on 16 cores with 3641MB heap and 64MB offheap memory [pid: 2892] (Mac OS X 14.7.7 x86_64, JetBrains s.r.o. 21.0.8 x86_64, MSBDiskFPSet, DiskStateQueue).
Parsing file /private/tmp/tdf-formal-system-20260920/formal/event-operations/FanHubOnboarding.tla
Parsing file /private/var/folders/0s/0tg301f95s51dvsjf74ksxjm0000gn/T/Naturals.tla
Parsing file /private/var/folders/0s/0tg301f95s51dvsjf74ksxjm0000gn/T/FiniteSets.tla
Parsing file /private/var/folders/0s/0tg301f95s51dvsjf74ksxjm0000gn/T/TLC.tla
Parsing file /private/var/folders/0s/0tg301f95s51dvsjf74ksxjm0000gn/T/Sequences.tla
Semantic processing of module Naturals
Semantic processing of module Sequences
Semantic processing of module FiniteSets
Semantic processing of module TLC
Semantic processing of module FanHubOnboarding
Starting... (2026-09-20 20:51:59)
Computing initial states...
Finished computing initial states: 1 distinct state generated at 2026-09-20 20:51:59.
Model checking completed. No error has been found.
  Estimates of the probability that TLC did not check all reachable states
  because two distinct states had the same fingerprint:
  calculated (optimistic):  val = 1.2E-14
1249 states generated, 215 distinct states found, 0 states left on queue.
The depth of the complete state graph search is 12.
The average outdegree of the complete state graph is 1 (minimum is 0, the maximum 5 and the 95th percentile is 4).
Finished in 01s at (2026-09-20 20:51:59)
TLC2 Version 2.17 of 02 February 2022 (rev: 3c7caa5)
Running breadth-first search Model-Checking with fp 98 and seed 8711194324727532685 with 1 worker on 16 cores with 3641MB heap and 64MB offheap memory [pid: 2908] (Mac OS X 14.7.7 x86_64, JetBrains s.r.o. 21.0.8 x86_64, MSBDiskFPSet, DiskStateQueue).
Parsing file /private/tmp/tdf-formal-system-20260920/formal/event-operations/FanHubOnboarding.tla
Parsing file /private/var/folders/0s/0tg301f95s51dvsjf74ksxjm0000gn/T/Naturals.tla
Parsing file /private/var/folders/0s/0tg301f95s51dvsjf74ksxjm0000gn/T/FiniteSets.tla
Parsing file /private/var/folders/0s/0tg301f95s51dvsjf74ksxjm0000gn/T/TLC.tla
Parsing file /private/var/folders/0s/0tg301f95s51dvsjf74ksxjm0000gn/T/Sequences.tla
Semantic processing of module Naturals
Semantic processing of module Sequences
Semantic processing of module FiniteSets
Semantic processing of module TLC
Semantic processing of module FanHubOnboarding
Starting... (2026-09-20 20:52:01)
Implied-temporal checking--satisfiability problem has 2 branches.
Computing initial states...
Finished computing initial states: 1 distinct state generated at 2026-09-20 20:52:02.
Progress(12) at 2026-09-20 20:52:02: 1,249 states generated, 215 distinct states found, 0 states left on queue.
Checking 2 branches of temporal properties for the complete state space with 430 total distinct states at (2026-09-20 20:52:02)
Finished checking temporal properties in 00s at 2026-09-20 20:52:02
Model checking completed. No error has been found.
  Estimates of the probability that TLC did not check all reachable states
  because two distinct states had the same fingerprint:
  calculated (optimistic):  val = 1.2E-14
1249 states generated, 215 distinct states found, 0 states left on queue.
The depth of the complete state graph search is 12.
The average outdegree of the complete state graph is 1 (minimum is 0, the maximum 5 and the 95th percentile is 4).
Finished in 02s at (2026-09-20 20:52:02)
TLC2 Version 2.17 of 02 February 2022 (rev: 3c7caa5)
Running breadth-first search Model-Checking with fp 99 and seed 3378824975967104990 with 1 worker on 16 cores with 3641MB heap and 64MB offheap memory [pid: 2931] (Mac OS X 14.7.7 x86_64, JetBrains s.r.o. 21.0.8 x86_64, MSBDiskFPSet, DiskStateQueue).
Parsing file /private/tmp/tdf-formal-system-20260920/formal/event-operations/FanHubOnboarding.tla
Parsing file /private/var/folders/0s/0tg301f95s51dvsjf74ksxjm0000gn/T/Naturals.tla
Parsing file /private/var/folders/0s/0tg301f95s51dvsjf74ksxjm0000gn/T/FiniteSets.tla
Parsing file /private/var/folders/0s/0tg301f95s51dvsjf74ksxjm0000gn/T/TLC.tla
Parsing file /private/var/folders/0s/0tg301f95s51dvsjf74ksxjm0000gn/T/Sequences.tla
Semantic processing of module Naturals
Semantic processing of module Sequences
Semantic processing of module FiniteSets
Semantic processing of module TLC
Semantic processing of module FanHubOnboarding
Starting... (2026-09-20 20:52:03)
Implied-temporal checking--satisfiability problem has 2 branches.
Computing initial states...
Finished computing initial states: 1 distinct state generated at 2026-09-20 20:52:04.
Progress(12) at 2026-09-20 20:52:04: 1,249 states generated, 215 distinct states found, 0 states left on queue.
Checking 2 branches of temporal properties for the complete state space with 430 total distinct states at (2026-09-20 20:52:04)
Error: Temporal properties were violated.

Error: The following behavior constitutes a counter-example:

State 1: <Initial predicate>
/\ pending = {}
/\ contextOK = TRUE
/\ hidden = FALSE
/\ gen = 0
/\ readGen = 0
/\ consentOK = TRUE
/\ eligible = FALSE
/\ known = FALSE
/\ captured = <<0, 0>>
/\ terminalOK = TRUE

State 2: <Change line 11, col 11 to line 13, col 87 of module FanHubOnboarding>
/\ pending = {}
/\ contextOK = TRUE
/\ hidden = FALSE
/\ gen = 1
/\ readGen = 0
/\ consentOK = TRUE
/\ eligible = FALSE
/\ known = FALSE
/\ captured = <<0, 0>>
/\ terminalOK = TRUE

State 3: <Change line 11, col 11 to line 13, col 87 of module FanHubOnboarding>
/\ pending = {}
/\ contextOK = TRUE
/\ hidden = FALSE
/\ gen = 2
/\ readGen = 0
/\ consentOK = TRUE
/\ eligible = FALSE
/\ known = FALSE
/\ captured = <<0, 0>>
/\ terminalOK = TRUE

State 4: <StartRead line 14, col 14 to line 16, col 60 of module FanHubOnboarding>
/\ pending = {}
/\ contextOK = TRUE
/\ hidden = FALSE
/\ gen = 2
/\ readGen = 2
/\ consentOK = TRUE
/\ eligible = FALSE
/\ known = FALSE
/\ captured = <<0, 0>>
/\ terminalOK = TRUE

State 5: <Read line 18, col 3 to line 22, col 81 of module FanHubOnboarding>
/\ pending = {}
/\ contextOK = TRUE
/\ hidden = FALSE
/\ gen = 2
/\ readGen = 2
/\ consentOK = TRUE
/\ eligible = TRUE
/\ known = TRUE
/\ captured = <<0, 0>>
/\ terminalOK = TRUE

State 6: <Exit line 24, col 3 to line 29, col 79 of module FanHubOnboarding>
/\ pending = {1}
/\ contextOK = TRUE
/\ hidden = FALSE
/\ gen = 2
/\ readGen = 2
/\ consentOK = TRUE
/\ eligible = TRUE
/\ known = TRUE
/\ captured = <<2, 0>>
/\ terminalOK = TRUE

State 7: <Read line 18, col 3 to line 22, col 81 of module FanHubOnboarding>
/\ pending = {1}
/\ contextOK = TRUE
/\ hidden = FALSE
/\ gen = 2
/\ readGen = 2
/\ consentOK = TRUE
/\ eligible = FALSE
/\ known = TRUE
/\ captured = <<2, 0>>
/\ terminalOK = TRUE

State 8: Stuttering
Finished checking temporal properties in 00s at 2026-09-20 20:52:04
1249 states generated, 215 distinct states found, 0 states left on queue.
Finished in 01s at (2026-09-20 20:52:04)
TLC2 Version 2.17 of 02 February 2022 (rev: 3c7caa5)
Running breadth-first search Model-Checking with fp 124 and seed -2125428026980233901 with 1 worker on 16 cores with 3641MB heap and 64MB offheap memory [pid: 2934] (Mac OS X 14.7.7 x86_64, JetBrains s.r.o. 21.0.8 x86_64, MSBDiskFPSet, DiskStateQueue).
Parsing file /private/tmp/tdf-formal-system-20260920/formal/event-operations/FanHubOnboarding.tla
Parsing file /private/var/folders/0s/0tg301f95s51dvsjf74ksxjm0000gn/T/Naturals.tla
Parsing file /private/var/folders/0s/0tg301f95s51dvsjf74ksxjm0000gn/T/FiniteSets.tla
Parsing file /private/var/folders/0s/0tg301f95s51dvsjf74ksxjm0000gn/T/TLC.tla
Parsing file /private/var/folders/0s/0tg301f95s51dvsjf74ksxjm0000gn/T/Sequences.tla
Semantic processing of module Naturals
Semantic processing of module Sequences
Semantic processing of module FiniteSets
Semantic processing of module TLC
Semantic processing of module FanHubOnboarding
Starting... (2026-09-20 20:52:06)
Computing initial states...
Finished computing initial states: 1 distinct state generated at 2026-09-20 20:52:06.
Error: Invariant ConsentOnly is violated.
Error: The behavior up to this point is:
State 1: <Initial predicate>
/\ pending = {}
/\ contextOK = TRUE
/\ hidden = FALSE
/\ gen = 0
/\ readGen = 0
/\ consentOK = TRUE
/\ eligible = FALSE
/\ known = FALSE
/\ captured = <<0, 0>>
/\ terminalOK = TRUE

State 2: <Read line 18, col 3 to line 22, col 81 of module FanHubOnboarding>
/\ pending = {}
/\ contextOK = TRUE
/\ hidden = FALSE
/\ gen = 0
/\ readGen = 0
/\ consentOK = TRUE
/\ eligible = TRUE
/\ known = TRUE
/\ captured = <<0, 0>>
/\ terminalOK = TRUE

State 3: <Exit line 24, col 3 to line 29, col 79 of module FanHubOnboarding>
/\ pending = {1}
/\ contextOK = TRUE
/\ hidden = FALSE
/\ gen = 0
/\ readGen = 0
/\ consentOK = FALSE
/\ eligible = TRUE
/\ known = TRUE
/\ captured = <<0, 0>>
/\ terminalOK = TRUE

14 states generated, 7 distinct states found, 3 states left on queue.
The depth of the complete state graph search is 3.
The average outdegree of the complete state graph is 3 (minimum is 2, the maximum 3 and the 95th percentile is 3).
Finished in 01s at (2026-09-20 20:52:06)
TLC2 Version 2.17 of 02 February 2022 (rev: 3c7caa5)
Running breadth-first search Model-Checking with fp 57 and seed -7348931473416489163 with 1 worker on 16 cores with 3641MB heap and 64MB offheap memory [pid: 2937] (Mac OS X 14.7.7 x86_64, JetBrains s.r.o. 21.0.8 x86_64, MSBDiskFPSet, DiskStateQueue).
Parsing file /private/tmp/tdf-formal-system-20260920/formal/event-operations/FanHubOnboarding.tla
Parsing file /private/var/folders/0s/0tg301f95s51dvsjf74ksxjm0000gn/T/Naturals.tla
Parsing file /private/var/folders/0s/0tg301f95s51dvsjf74ksxjm0000gn/T/FiniteSets.tla
Parsing file /private/var/folders/0s/0tg301f95s51dvsjf74ksxjm0000gn/T/TLC.tla
Parsing file /private/var/folders/0s/0tg301f95s51dvsjf74ksxjm0000gn/T/Sequences.tla
Semantic processing of module Naturals
Semantic processing of module Sequences
Semantic processing of module FiniteSets
Semantic processing of module TLC
Semantic processing of module FanHubOnboarding
Starting... (2026-09-20 20:52:08)
Computing initial states...
Finished computing initial states: 1 distinct state generated at 2026-09-20 20:52:08.
Error: Invariant CurrentContext is violated.
Error: The behavior up to this point is:
State 1: <Initial predicate>
/\ pending = {}
/\ contextOK = TRUE
/\ hidden = FALSE
/\ gen = 0
/\ readGen = 0
/\ consentOK = TRUE
/\ eligible = FALSE
/\ known = FALSE
/\ captured = <<0, 0>>
/\ terminalOK = TRUE

State 2: <Change line 11, col 11 to line 13, col 87 of module FanHubOnboarding>
/\ pending = {}
/\ contextOK = TRUE
/\ hidden = FALSE
/\ gen = 1
/\ readGen = 0
/\ consentOK = TRUE
/\ eligible = FALSE
/\ known = FALSE
/\ captured = <<0, 0>>
/\ terminalOK = TRUE

State 3: <Read line 18, col 3 to line 22, col 81 of module FanHubOnboarding>
/\ pending = {}
/\ contextOK = FALSE
/\ hidden = FALSE
/\ gen = 1
/\ readGen = 0
/\ consentOK = TRUE
/\ eligible = TRUE
/\ known = TRUE
/\ captured = <<0, 0>>
/\ terminalOK = TRUE

12 states generated, 7 distinct states found, 4 states left on queue.
The depth of the complete state graph search is 3.
The average outdegree of the complete state graph is 3 (minimum is 3, the maximum 3 and the 95th percentile is 3).
Finished in 01s at (2026-09-20 20:52:08)
TLC2 Version 2.17 of 02 February 2022 (rev: 3c7caa5)
Running breadth-first search Model-Checking with fp 70 and seed -1091175619061459322 with 1 worker on 16 cores with 3641MB heap and 64MB offheap memory [pid: 2953] (Mac OS X 14.7.7 x86_64, JetBrains s.r.o. 21.0.8 x86_64, MSBDiskFPSet, DiskStateQueue).
Parsing file /private/tmp/tdf-formal-system-20260920/formal/event-operations/FanHubOnboarding.tla
Parsing file /private/var/folders/0s/0tg301f95s51dvsjf74ksxjm0000gn/T/Naturals.tla
Parsing file /private/var/folders/0s/0tg301f95s51dvsjf74ksxjm0000gn/T/FiniteSets.tla
Parsing file /private/var/folders/0s/0tg301f95s51dvsjf74ksxjm0000gn/T/TLC.tla
Parsing file /private/var/folders/0s/0tg301f95s51dvsjf74ksxjm0000gn/T/Sequences.tla
Semantic processing of module Naturals
Semantic processing of module Sequences
Semantic processing of module FiniteSets
Semantic processing of module TLC
Semantic processing of module FanHubOnboarding
Starting... (2026-09-20 20:52:10)
Computing initial states...
Finished computing initial states: 1 distinct state generated at 2026-09-20 20:52:11.
Error: Invariant SingleFlight is violated.
Error: The behavior up to this point is:
State 1: <Initial predicate>
/\ pending = {}
/\ contextOK = TRUE
/\ hidden = FALSE
/\ gen = 0
/\ readGen = 0
/\ consentOK = TRUE
/\ eligible = FALSE
/\ known = FALSE
/\ captured = <<0, 0>>
/\ terminalOK = TRUE

State 2: <Read line 18, col 3 to line 22, col 81 of module FanHubOnboarding>
/\ pending = {}
/\ contextOK = TRUE
/\ hidden = FALSE
/\ gen = 0
/\ readGen = 0
/\ consentOK = TRUE
/\ eligible = TRUE
/\ known = TRUE
/\ captured = <<0, 0>>
/\ terminalOK = TRUE

State 3: <Exit line 24, col 3 to line 29, col 79 of module FanHubOnboarding>
/\ pending = {1}
/\ contextOK = TRUE
/\ hidden = FALSE
/\ gen = 0
/\ readGen = 0
/\ consentOK = TRUE
/\ eligible = TRUE
/\ known = TRUE
/\ captured = <<0, 0>>
/\ terminalOK = TRUE

State 4: <Exit line 24, col 3 to line 29, col 79 of module FanHubOnboarding>
/\ pending = {1, 2}
/\ contextOK = TRUE
/\ hidden = FALSE
/\ gen = 0
/\ readGen = 0
/\ consentOK = TRUE
/\ eligible = TRUE
/\ known = TRUE
/\ captured = <<0, 0>>
/\ terminalOK = TRUE

34 states generated, 16 distinct states found, 8 states left on queue.
The depth of the complete state graph search is 4.
The average outdegree of the complete state graph is 2 (minimum is 0, the maximum 3 and the 95th percentile is 3).
Finished in 01s at (2026-09-20 20:52:11)
TLC2 Version 2.17 of 02 February 2022 (rev: 3c7caa5)
Running breadth-first search Model-Checking with fp 36 and seed 9188386420200234151 with 1 worker on 16 cores with 3641MB heap and 64MB offheap memory [pid: 2968] (Mac OS X 14.7.7 x86_64, JetBrains s.r.o. 21.0.8 x86_64, MSBDiskFPSet, DiskStateQueue).
Parsing file /private/tmp/tdf-formal-system-20260920/formal/event-operations/FanHubOnboarding.tla
Parsing file /private/var/folders/0s/0tg301f95s51dvsjf74ksxjm0000gn/T/Naturals.tla
Parsing file /private/var/folders/0s/0tg301f95s51dvsjf74ksxjm0000gn/T/FiniteSets.tla
Parsing file /private/var/folders/0s/0tg301f95s51dvsjf74ksxjm0000gn/T/TLC.tla
Parsing file /private/var/folders/0s/0tg301f95s51dvsjf74ksxjm0000gn/T/Sequences.tla
Semantic processing of module Naturals
Semantic processing of module Sequences
Semantic processing of module FiniteSets
Semantic processing of module TLC
Semantic processing of module FanHubOnboarding
Starting... (2026-09-20 20:52:12)
Computing initial states...
Finished computing initial states: 1 distinct state generated at 2026-09-20 20:52:13.
Error: Invariant TerminalOnly is violated.
Error: The behavior up to this point is:
State 1: <Initial predicate>
/\ pending = {}
/\ contextOK = TRUE
/\ hidden = FALSE
/\ gen = 0
/\ readGen = 0
/\ consentOK = TRUE
/\ eligible = FALSE
/\ known = FALSE
/\ captured = <<0, 0>>
/\ terminalOK = TRUE

State 2: <Read line 18, col 3 to line 22, col 81 of module FanHubOnboarding>
/\ pending = {}
/\ contextOK = TRUE
/\ hidden = FALSE
/\ gen = 0
/\ readGen = 0
/\ consentOK = TRUE
/\ eligible = TRUE
/\ known = TRUE
/\ captured = <<0, 0>>
/\ terminalOK = TRUE

State 3: <Exit line 24, col 3 to line 29, col 79 of module FanHubOnboarding>
/\ pending = {1}
/\ contextOK = TRUE
/\ hidden = FALSE
/\ gen = 0
/\ readGen = 0
/\ consentOK = TRUE
/\ eligible = TRUE
/\ known = TRUE
/\ captured = <<0, 0>>
/\ terminalOK = TRUE

State 4: <Receipt line 31, col 3 to line 37, col 69 of module FanHubOnboarding>
/\ pending = {}
/\ contextOK = TRUE
/\ hidden = TRUE
/\ gen = 0
/\ readGen = 0
/\ consentOK = TRUE
/\ eligible = TRUE
/\ known = TRUE
/\ captured = <<0, 0>>
/\ terminalOK = FALSE

32 states generated, 16 distinct states found, 8 states left on queue.
The depth of the complete state graph search is 4.
The average outdegree of the complete state graph is 2 (minimum is 0, the maximum 3 and the 95th percentile is 3).
Finished in 01s at (2026-09-20 20:52:13)
TLC2 Version 2.17 of 02 February 2022 (rev: 3c7caa5)
Running breadth-first search Model-Checking with fp 19 and seed -2665086484557408226 with 1 worker on 16 cores with 3641MB heap and 64MB offheap memory [pid: 2989] (Mac OS X 14.7.7 x86_64, JetBrains s.r.o. 21.0.8 x86_64, MSBDiskFPSet, DiskStateQueue).
Parsing file /private/tmp/tdf-formal-system-20260920/formal/event-operations/AccessCodeValidation.tla
Parsing file /private/var/folders/0s/0tg301f95s51dvsjf74ksxjm0000gn/T/Naturals.tla
Parsing file /private/var/folders/0s/0tg301f95s51dvsjf74ksxjm0000gn/T/TLC.tla
Parsing file /private/var/folders/0s/0tg301f95s51dvsjf74ksxjm0000gn/T/Sequences.tla
Parsing file /private/var/folders/0s/0tg301f95s51dvsjf74ksxjm0000gn/T/FiniteSets.tla
Semantic processing of module Naturals
Semantic processing of module Sequences
Semantic processing of module FiniteSets
Semantic processing of module TLC
Semantic processing of module AccessCodeValidation
Starting... (2026-09-20 20:52:15)
Implied-temporal checking--satisfiability problem has 1 branches.
Computing initial states...
Finished computing initial states: 1 distinct state generated at 2026-09-20 20:52:15.
Progress(4) at 2026-09-20 20:52:15: 16 states generated, 9 distinct states found, 0 states left on queue.
Checking temporal properties for the complete state space with 9 total distinct states at (2026-09-20 20:52:15)
Finished checking temporal properties in 00s at 2026-09-20 20:52:15
Model checking completed. No error has been found.
  Estimates of the probability that TLC did not check all reachable states
  because two distinct states had the same fingerprint:
  calculated (optimistic):  val = 3.4E-18
16 states generated, 9 distinct states found, 0 states left on queue.
The depth of the complete state graph search is 4.
The average outdegree of the complete state graph is 1 (minimum is 0, the maximum 3 and the 95th percentile is 3).
Finished in 01s at (2026-09-20 20:52:15)
TLC2 Version 2.17 of 02 February 2022 (rev: 3c7caa5)
Running breadth-first search Model-Checking with fp 0 and seed 8862839765330169701 with 1 worker on 16 cores with 3641MB heap and 64MB offheap memory [pid: 2990] (Mac OS X 14.7.7 x86_64, JetBrains s.r.o. 21.0.8 x86_64, MSBDiskFPSet, DiskStateQueue).
Parsing file /private/tmp/tdf-formal-system-20260920/formal/event-operations/AccessCodeValidation.tla
Parsing file /private/var/folders/0s/0tg301f95s51dvsjf74ksxjm0000gn/T/Naturals.tla
Parsing file /private/var/folders/0s/0tg301f95s51dvsjf74ksxjm0000gn/T/TLC.tla
Parsing file /private/var/folders/0s/0tg301f95s51dvsjf74ksxjm0000gn/T/Sequences.tla
Parsing file /private/var/folders/0s/0tg301f95s51dvsjf74ksxjm0000gn/T/FiniteSets.tla
Semantic processing of module Naturals
Semantic processing of module Sequences
Semantic processing of module FiniteSets
Semantic processing of module TLC
Semantic processing of module AccessCodeValidation
Starting... (2026-09-20 20:52:17)
Implied-temporal checking--satisfiability problem has 1 branches.
Computing initial states...
Finished computing initial states: 1 distinct state generated at 2026-09-20 20:52:18.
Error: Invariant CurrentCredential is violated.
Error: The behavior up to this point is:
State 1: <Initial predicate>
/\ generation = 0
/\ validAccount = FALSE
/\ phase = "pending"
/\ acceptedGeneration = 0
/\ enabled = FALSE

State 2: <EditCode line 8, col 13 to line 9, col 68 of module AccessCodeValidation>
/\ generation = 1
/\ validAccount = FALSE
/\ phase = "pending"
/\ acceptedGeneration = 0
/\ enabled = FALSE

State 3: <Resolve line 10, col 12 to line 12, col 61 of module AccessCodeValidation>
/\ generation = 1
/\ validAccount = TRUE
/\ phase = "done"
/\ acceptedGeneration = 0
/\ enabled = TRUE

8 states generated, 7 distinct states found, 4 states left on queue.
The depth of the complete state graph search is 3.
The average outdegree of the complete state graph is 3 (minimum is 3, the maximum 3 and the 95th percentile is 3).
Finished in 01s at (2026-09-20 20:52:18)
TLC2 Version 2.17 of 02 February 2022 (rev: 3c7caa5)
Running breadth-first search Model-Checking with fp 122 and seed -817819470662128502 with 1 worker on 16 cores with 3641MB heap and 64MB offheap memory [pid: 2994] (Mac OS X 14.7.7 x86_64, JetBrains s.r.o. 21.0.8 x86_64, MSBDiskFPSet, DiskStateQueue).
Parsing file /private/tmp/tdf-formal-system-20260920/formal/event-operations/AccessCodeValidation.tla
Parsing file /private/var/folders/0s/0tg301f95s51dvsjf74ksxjm0000gn/T/Naturals.tla
Parsing file /private/var/folders/0s/0tg301f95s51dvsjf74ksxjm0000gn/T/TLC.tla
Parsing file /private/var/folders/0s/0tg301f95s51dvsjf74ksxjm0000gn/T/Sequences.tla
Parsing file /private/var/folders/0s/0tg301f95s51dvsjf74ksxjm0000gn/T/FiniteSets.tla
Semantic processing of module Naturals
Semantic processing of module Sequences
Semantic processing of module FiniteSets
Semantic processing of module TLC
Semantic processing of module AccessCodeValidation
Starting... (2026-09-20 20:52:20)
Implied-temporal checking--satisfiability problem has 1 branches.
Computing initial states...
Finished computing initial states: 1 distinct state generated at 2026-09-20 20:52:20.
Error: Invariant VerifiedAccount is violated.
Error: The behavior up to this point is:
State 1: <Initial predicate>
/\ generation = 0
/\ validAccount = FALSE
/\ phase = "pending"
/\ acceptedGeneration = 0
/\ enabled = FALSE

State 2: <Resolve line 10, col 12 to line 12, col 61 of module AccessCodeValidation>
/\ generation = 0
/\ validAccount = FALSE
/\ phase = "done"
/\ acceptedGeneration = 0
/\ enabled = TRUE

3 states generated, 3 distinct states found, 1 states left on queue.
The depth of the complete state graph search is 2.
Finished in 01s at (2026-09-20 20:52:20)
TLC2 Version 2.17 of 02 February 2022 (rev: 3c7caa5)
Running breadth-first search Model-Checking with fp 5 and seed 4497523165376696908 with 1 worker on 16 cores with 3641MB heap and 64MB offheap memory [pid: 2999] (Mac OS X 14.7.7 x86_64, JetBrains s.r.o. 21.0.8 x86_64, MSBDiskFPSet, DiskStateQueue).
Parsing file /private/tmp/tdf-formal-system-20260920/formal/event-operations/LiveIntakeAuthority.tla
Parsing file /private/var/folders/0s/0tg301f95s51dvsjf74ksxjm0000gn/T/Naturals.tla
Parsing file /private/var/folders/0s/0tg301f95s51dvsjf74ksxjm0000gn/T/TLC.tla
Parsing file /private/var/folders/0s/0tg301f95s51dvsjf74ksxjm0000gn/T/Sequences.tla
Parsing file /private/var/folders/0s/0tg301f95s51dvsjf74ksxjm0000gn/T/FiniteSets.tla
Semantic processing of module Naturals
Semantic processing of module Sequences
Semantic processing of module FiniteSets
Semantic processing of module TLC
Semantic processing of module LiveIntakeAuthority
Starting... (2026-09-20 20:52:22)
Implied-temporal checking--satisfiability problem has 1 branches.
Computing initial states...
Finished computing initial states: 2 distinct states generated at 2026-09-20 20:52:23.
Progress(5) at 2026-09-20 20:52:23: 96 states generated, 42 distinct states found, 0 states left on queue.
Checking temporal properties for the complete state space with 42 total distinct states at (2026-09-20 20:52:23)
Finished checking temporal properties in 00s at 2026-09-20 20:52:23
Model checking completed. No error has been found.
  Estimates of the probability that TLC did not check all reachable states
  because two distinct states had the same fingerprint:
  calculated (optimistic):  val = 1.2E-16
96 states generated, 42 distinct states found, 0 states left on queue.
The depth of the complete state graph search is 5.
The average outdegree of the complete state graph is 1 (minimum is 0, the maximum 3 and the 95th percentile is 3).
Finished in 01s at (2026-09-20 20:52:23)
TLC2 Version 2.17 of 02 February 2022 (rev: 3c7caa5)
Running breadth-first search Model-Checking with fp 62 and seed 5108917790634894385 with 1 worker on 16 cores with 3641MB heap and 64MB offheap memory [pid: 3027] (Mac OS X 14.7.7 x86_64, JetBrains s.r.o. 21.0.8 x86_64, MSBDiskFPSet, DiskStateQueue).
Parsing file /private/tmp/tdf-formal-system-20260920/formal/event-operations/LiveIntakeAuthority.tla
Parsing file /private/var/folders/0s/0tg301f95s51dvsjf74ksxjm0000gn/T/Naturals.tla
Parsing file /private/var/folders/0s/0tg301f95s51dvsjf74ksxjm0000gn/T/TLC.tla
Parsing file /private/var/folders/0s/0tg301f95s51dvsjf74ksxjm0000gn/T/Sequences.tla
Parsing file /private/var/folders/0s/0tg301f95s51dvsjf74ksxjm0000gn/T/FiniteSets.tla
Semantic processing of module Naturals
Semantic processing of module Sequences
Semantic processing of module FiniteSets
Semantic processing of module TLC
Semantic processing of module LiveIntakeAuthority
Starting... (2026-09-20 20:52:24)
Implied-temporal checking--satisfiability problem has 1 branches.
Computing initial states...
Finished computing initial states: 2 distinct states generated at 2026-09-20 20:52:25.
Error: Invariant ExplicitAuthority is violated.
Error: The behavior up to this point is:
State 1: <Initial predicate>
/\ receiptGeneration = 0
/\ persisted = FALSE
/\ generation = 0
/\ phase = "ready"
/\ ambient = 2
/\ requestGeneration = 0
/\ receipt = FALSE
/\ writer = 0

State 2: <Submit line 10, col 11 to line 13, col 85 of module LiveIntakeAuthority>
/\ receiptGeneration = 0
/\ persisted = FALSE
/\ generation = 0
/\ phase = "pending"
/\ ambient = 2
/\ requestGeneration = 0
/\ receipt = FALSE
/\ writer = 2

6 states generated, 5 distinct states found, 2 states left on queue.
The depth of the complete state graph search is 2.
The average outdegree of the complete state graph is 2 (minimum is 2, the maximum 2 and the 95th percentile is 2).
Finished in 01s at (2026-09-20 20:52:25)
TLC2 Version 2.17 of 02 February 2022 (rev: 3c7caa5)
Running breadth-first search Model-Checking with fp 103 and seed -7153889033365829324 with 1 worker on 16 cores with 3641MB heap and 64MB offheap memory [pid: 3030] (Mac OS X 14.7.7 x86_64, JetBrains s.r.o. 21.0.8 x86_64, MSBDiskFPSet, DiskStateQueue).
Parsing file /private/tmp/tdf-formal-system-20260920/formal/event-operations/LiveIntakeAuthority.tla
Parsing file /private/var/folders/0s/0tg301f95s51dvsjf74ksxjm0000gn/T/Naturals.tla
Parsing file /private/var/folders/0s/0tg301f95s51dvsjf74ksxjm0000gn/T/TLC.tla
Parsing file /private/var/folders/0s/0tg301f95s51dvsjf74ksxjm0000gn/T/Sequences.tla
Parsing file /private/var/folders/0s/0tg301f95s51dvsjf74ksxjm0000gn/T/FiniteSets.tla
Semantic processing of module Naturals
Semantic processing of module Sequences
Semantic processing of module FiniteSets
Semantic processing of module TLC
Semantic processing of module LiveIntakeAuthority
Starting... (2026-09-20 20:52:27)
Implied-temporal checking--satisfiability problem has 1 branches.
Computing initial states...
Finished computing initial states: 2 distinct states generated at 2026-09-20 20:52:28.
Error: Invariant CurrentReceipt is violated.
Error: The behavior up to this point is:
State 1: <Initial predicate>
/\ receiptGeneration = 0
/\ persisted = FALSE
/\ generation = 0
/\ phase = "ready"
/\ ambient = 1
/\ requestGeneration = 0
/\ receipt = FALSE
/\ writer = 0

State 2: <Submit line 10, col 11 to line 13, col 85 of module LiveIntakeAuthority>
/\ receiptGeneration = 0
/\ persisted = FALSE
/\ generation = 0
/\ phase = "pending"
/\ ambient = 1
/\ requestGeneration = 0
/\ receipt = FALSE
/\ writer = 1

State 3: <EditCode line 14, col 13 to line 16, col 100 of module LiveIntakeAuthority>
/\ receiptGeneration = 0
/\ persisted = FALSE
/\ generation = 1
/\ phase = "pending"
/\ ambient = 1
/\ requestGeneration = 0
/\ receipt = FALSE
/\ writer = 1

State 4: <Resolve line 19, col 12 to line 23, col 74 of module LiveIntakeAuthority>
/\ receiptGeneration = 0
/\ persisted = TRUE
/\ generation = 1
/\ phase = "done"
/\ ambient = 1
/\ requestGeneration = 0
/\ receipt = TRUE
/\ writer = 1

26 states generated, 19 distinct states found, 11 states left on queue.
The depth of the complete state graph search is 4.
The average outdegree of the complete state graph is 2 (minimum is 2, the maximum 3 and the 95th percentile is 3).
Finished in 01s at (2026-09-20 20:52:28)
TLC2 Version 2.17 of 02 February 2022 (rev: 3c7caa5)
Running breadth-first search Model-Checking with fp 122 and seed -5779458277333521078 with 1 worker on 16 cores with 3641MB heap and 64MB offheap memory [pid: 3038] (Mac OS X 14.7.7 x86_64, JetBrains s.r.o. 21.0.8 x86_64, MSBDiskFPSet, DiskStateQueue).
Parsing file /private/tmp/tdf-formal-system-20260920/formal/event-operations/LiveIntakeAuthority.tla
Parsing file /private/var/folders/0s/0tg301f95s51dvsjf74ksxjm0000gn/T/Naturals.tla
Parsing file /private/var/folders/0s/0tg301f95s51dvsjf74ksxjm0000gn/T/TLC.tla
Parsing file /private/var/folders/0s/0tg301f95s51dvsjf74ksxjm0000gn/T/Sequences.tla
Parsing file /private/var/folders/0s/0tg301f95s51dvsjf74ksxjm0000gn/T/FiniteSets.tla
Semantic processing of module Naturals
Semantic processing of module Sequences
Semantic processing of module FiniteSets
Semantic processing of module TLC
Semantic processing of module LiveIntakeAuthority
Starting... (2026-09-20 20:52:30)
Implied-temporal checking--satisfiability problem has 1 branches.
Computing initial states...
Finished computing initial states: 2 distinct states generated at 2026-09-20 20:52:30.
Error: Invariant PersistedReceipt is violated.
Error: The behavior up to this point is:
State 1: <Initial predicate>
/\ receiptGeneration = 0
/\ persisted = FALSE
/\ generation = 0
/\ phase = "ready"
/\ ambient = 1
/\ requestGeneration = 0
/\ receipt = FALSE
/\ writer = 0

State 2: <Submit line 10, col 11 to line 13, col 85 of module LiveIntakeAuthority>
/\ receiptGeneration = 0
/\ persisted = FALSE
/\ generation = 0
/\ phase = "pending"
/\ ambient = 1
/\ requestGeneration = 0
/\ receipt = FALSE
/\ writer = 1

State 3: <Resolve line 19, col 12 to line 23, col 74 of module LiveIntakeAuthority>
/\ receiptGeneration = 0
/\ persisted = FALSE
/\ generation = 0
/\ phase = "done"
/\ ambient = 1
/\ requestGeneration = 0
/\ receipt = TRUE
/\ writer = 1

11 states generated, 8 distinct states found, 4 states left on queue.
The depth of the complete state graph search is 3.
The average outdegree of the complete state graph is 2 (minimum is 2, the maximum 2 and the 95th percentile is 2).
Finished in 01s at (2026-09-20 20:52:30)
TLC2 Version 2.17 of 02 February 2022 (rev: 3c7caa5)
Running breadth-first search Model-Checking with fp 54 and seed 5504561306214390485 with 1 worker on 16 cores with 3641MB heap and 64MB offheap memory [pid: 3055] (Mac OS X 14.7.7 x86_64, JetBrains s.r.o. 21.0.8 x86_64, MSBDiskFPSet, DiskStateQueue).
Parsing file /private/tmp/tdf-formal-system-20260920/formal/event-operations/ArtistActivation.tla
Parsing file /private/var/folders/0s/0tg301f95s51dvsjf74ksxjm0000gn/T/Naturals.tla
Parsing file /private/var/folders/0s/0tg301f95s51dvsjf74ksxjm0000gn/T/TLC.tla
Parsing file /private/var/folders/0s/0tg301f95s51dvsjf74ksxjm0000gn/T/Sequences.tla
Parsing file /private/var/folders/0s/0tg301f95s51dvsjf74ksxjm0000gn/T/FiniteSets.tla
Semantic processing of module Naturals
Semantic processing of module Sequences
Semantic processing of module FiniteSets
Semantic processing of module TLC
Semantic processing of module ArtistActivation
Starting... (2026-09-20 20:52:32)
Implied-temporal checking--satisfiability problem has 1 branches.
Computing initial states...
Finished computing initial states: 1 distinct state generated at 2026-09-20 20:52:32.
Progress(5) at 2026-09-20 20:52:32: 23 states generated, 15 distinct states found, 0 states left on queue.
Checking temporal properties for the complete state space with 15 total distinct states at (2026-09-20 20:52:32)
Finished checking temporal properties in 00s at 2026-09-20 20:52:33
Model checking completed. No error has been found.
  Estimates of the probability that TLC did not check all reachable states
  because two distinct states had the same fingerprint:
  calculated (optimistic):  val = 6.5E-18
23 states generated, 15 distinct states found, 0 states left on queue.
The depth of the complete state graph search is 5.
The average outdegree of the complete state graph is 1 (minimum is 0, the maximum 3 and the 95th percentile is 3).
Finished in 01s at (2026-09-20 20:52:33)
TLC2 Version 2.17 of 02 February 2022 (rev: 3c7caa5)
Running breadth-first search Model-Checking with fp 4 and seed 3570423572540064229 with 1 worker on 16 cores with 3641MB heap and 64MB offheap memory [pid: 3060] (Mac OS X 14.7.7 x86_64, JetBrains s.r.o. 21.0.8 x86_64, MSBDiskFPSet, DiskStateQueue).
Parsing file /private/tmp/tdf-formal-system-20260920/formal/event-operations/ArtistActivation.tla
Parsing file /private/var/folders/0s/0tg301f95s51dvsjf74ksxjm0000gn/T/Naturals.tla
Parsing file /private/var/folders/0s/0tg301f95s51dvsjf74ksxjm0000gn/T/TLC.tla
Parsing file /private/var/folders/0s/0tg301f95s51dvsjf74ksxjm0000gn/T/Sequences.tla
Parsing file /private/var/folders/0s/0tg301f95s51dvsjf74ksxjm0000gn/T/FiniteSets.tla
Semantic processing of module Naturals
Semantic processing of module Sequences
Semantic processing of module FiniteSets
Semantic processing of module TLC
Semantic processing of module ArtistActivation
Starting... (2026-09-20 20:52:34)
Implied-temporal checking--satisfiability problem has 1 branches.
Computing initial states...
Finished computing initial states: 1 distinct state generated at 2026-09-20 20:52:35.
Error: Invariant CurrentContext is violated.
Error: The behavior up to this point is:
State 1: <Initial predicate>
/\ persisted = FALSE
/\ generation = 0
/\ applied = FALSE
/\ phase = "activate"
/\ requestGeneration = 0
/\ authoritative = FALSE
/\ acceptedGeneration = 0

State 2: <ChangeContext line 8, col 18 to line 10, col 104 of module ArtistActivation>
/\ persisted = FALSE
/\ generation = 1
/\ applied = FALSE
/\ phase = "activate"
/\ requestGeneration = 0
/\ authoritative = FALSE
/\ acceptedGeneration = 0

State 3: <ResolveActivation line 11, col 22 to line 14, col 111 of module ArtistActivation>
/\ persisted = TRUE
/\ generation = 1
/\ applied = FALSE
/\ phase = "refresh"
/\ requestGeneration = 0
/\ authoritative = FALSE
/\ acceptedGeneration = 0

State 4: <ResolveSession line 15, col 19 to line 20, col 75 of module ArtistActivation>
/\ persisted = TRUE
/\ generation = 1
/\ applied = TRUE
/\ phase = "done"
/\ requestGeneration = 0
/\ authoritative = TRUE
/\ acceptedGeneration = 0

17 states generated, 13 distinct states found, 5 states left on queue.
The depth of the complete state graph search is 4.
The average outdegree of the complete state graph is 2 (minimum is 0, the maximum 3 and the 95th percentile is 3).
Finished in 01s at (2026-09-20 20:52:35)
TLC2 Version 2.17 of 02 February 2022 (rev: 3c7caa5)
Running breadth-first search Model-Checking with fp 101 and seed 5768380693444956565 with 1 worker on 16 cores with 3641MB heap and 64MB offheap memory [pid: 3063] (Mac OS X 14.7.7 x86_64, JetBrains s.r.o. 21.0.8 x86_64, MSBDiskFPSet, DiskStateQueue).
Parsing file /private/tmp/tdf-formal-system-20260920/formal/event-operations/ArtistClaimKind.tla
Parsing file /private/var/folders/0s/0tg301f95s51dvsjf74ksxjm0000gn/T/TLC.tla
Parsing file /private/var/folders/0s/0tg301f95s51dvsjf74ksxjm0000gn/T/Naturals.tla
Parsing file /private/var/folders/0s/0tg301f95s51dvsjf74ksxjm0000gn/T/Sequences.tla
Parsing file /private/var/folders/0s/0tg301f95s51dvsjf74ksxjm0000gn/T/FiniteSets.tla
Semantic processing of module Naturals
Semantic processing of module Sequences
Semantic processing of module FiniteSets
Semantic processing of module TLC
Semantic processing of module ArtistClaimKind
Starting... (2026-09-20 20:52:36)
Implied-temporal checking--satisfiability problem has 1 branches.
Computing initial states...
Computed 2 initial states...
Finished computing initial states: 4 distinct states generated at 2026-09-20 20:52:37.
Progress(2) at 2026-09-20 20:52:37: 8 states generated, 8 distinct states found, 0 states left on queue.
Checking temporal properties for the complete state space with 8 total distinct states at (2026-09-20 20:52:37)
Finished checking temporal properties in 00s at 2026-09-20 20:52:37
Model checking completed. No error has been found.
  Estimates of the probability that TLC did not check all reachable states
  because two distinct states had the same fingerprint:
  calculated (optimistic):  val = 0.0
8 states generated, 8 distinct states found, 0 states left on queue.
The depth of the complete state graph search is 2.
The average outdegree of the complete state graph is 1 (minimum is 0, the maximum 1 and the 95th percentile is 1).
Finished in 01s at (2026-09-20 20:52:37)
TLC2 Version 2.17 of 02 February 2022 (rev: 3c7caa5)
Running breadth-first search Model-Checking with fp 43 and seed -6967346907989682503 with 1 worker on 16 cores with 3641MB heap and 64MB offheap memory [pid: 3064] (Mac OS X 14.7.7 x86_64, JetBrains s.r.o. 21.0.8 x86_64, MSBDiskFPSet, DiskStateQueue).
Parsing file /private/tmp/tdf-formal-system-20260920/formal/event-operations/ArtistClaimKind.tla
Parsing file /private/var/folders/0s/0tg301f95s51dvsjf74ksxjm0000gn/T/TLC.tla
Parsing file /private/var/folders/0s/0tg301f95s51dvsjf74ksxjm0000gn/T/Naturals.tla
Parsing file /private/var/folders/0s/0tg301f95s51dvsjf74ksxjm0000gn/T/Sequences.tla
Parsing file /private/var/folders/0s/0tg301f95s51dvsjf74ksxjm0000gn/T/FiniteSets.tla
Semantic processing of module Naturals
Semantic processing of module Sequences
Semantic processing of module FiniteSets
Semantic processing of module TLC
Semantic processing of module ArtistClaimKind
Starting... (2026-09-20 20:52:38)
Computing initial states...
Computed 2 initial states...
Finished computing initial states: 4 distinct states generated at 2026-09-20 20:52:39.
Error: Invariant OnlyArtist is violated.
Error: The behavior up to this point is:
State 1: <Initial predicate>
/\ sourceKind = "artist"
/\ done = FALSE
/\ prepared = "none"
/\ canonicalKind = "band"

State 2: <Prepare line 9, col 12 to line 15, col 53 of module ArtistClaimKind>
/\ sourceKind = "artist"
/\ done = TRUE
/\ prepared = "band"
/\ canonicalKind = "band"

6 states generated, 6 distinct states found, 3 states left on queue.
The depth of the complete state graph search is 2.
The average outdegree of the complete state graph is 1 (minimum is 1, the maximum 1 and the 95th percentile is 1).
Finished in 01s at (2026-09-20 20:52:39)
TLC2 Version 2.17 of 02 February 2022 (rev: 3c7caa5)
Running breadth-first search Model-Checking with fp 69 and seed 6766629319468704605 with 1 worker on 16 cores with 3641MB heap and 64MB offheap memory [pid: 3093] (Mac OS X 14.7.7 x86_64, JetBrains s.r.o. 21.0.8 x86_64, MSBDiskFPSet, DiskStateQueue).
Parsing file /private/tmp/tdf-formal-system-20260920/formal/event-operations/ArtistClaimTarget.tla
Parsing file /private/var/folders/0s/0tg301f95s51dvsjf74ksxjm0000gn/T/Naturals.tla
Parsing file /private/var/folders/0s/0tg301f95s51dvsjf74ksxjm0000gn/T/TLC.tla
Parsing file /private/var/folders/0s/0tg301f95s51dvsjf74ksxjm0000gn/T/Sequences.tla
Parsing file /private/var/folders/0s/0tg301f95s51dvsjf74ksxjm0000gn/T/FiniteSets.tla
Semantic processing of module Naturals
Semantic processing of module Sequences
Semantic processing of module FiniteSets
Semantic processing of module TLC
Semantic processing of module ArtistClaimTarget
Starting... (2026-09-20 20:52:41)
Implied-temporal checking--satisfiability problem has 1 branches.
Computing initial states...
Computed 2 initial states...
Finished computing initial states: 4 distinct states generated at 2026-09-20 20:52:41.
Progress(7) at 2026-09-20 20:52:41: 52 states generated, 49 distinct states found, 0 states left on queue.
Checking temporal properties for the complete state space with 49 total distinct states at (2026-09-20 20:52:41)
Finished checking temporal properties in 00s at 2026-09-20 20:52:41
Model checking completed. No error has been found.
  Estimates of the probability that TLC did not check all reachable states
  because two distinct states had the same fingerprint:
  calculated (optimistic):  val = 8.0E-18
52 states generated, 49 distinct states found, 0 states left on queue.
The depth of the complete state graph search is 7.
The average outdegree of the complete state graph is 1 (minimum is 0, the maximum 2 and the 95th percentile is 2).
Finished in 01s at (2026-09-20 20:52:41)
TLC2 Version 2.17 of 02 February 2022 (rev: 3c7caa5)
Running breadth-first search Model-Checking with fp 53 and seed -1321221823778902963 with 1 worker on 16 cores with 3641MB heap and 64MB offheap memory [pid: 3096] (Mac OS X 14.7.7 x86_64, JetBrains s.r.o. 21.0.8 x86_64, MSBDiskFPSet, DiskStateQueue).
Parsing file /private/tmp/tdf-formal-system-20260920/formal/event-operations/ArtistClaimTarget.tla
Parsing file /private/var/folders/0s/0tg301f95s51dvsjf74ksxjm0000gn/T/Naturals.tla
Parsing file /private/var/folders/0s/0tg301f95s51dvsjf74ksxjm0000gn/T/TLC.tla
Parsing file /private/var/folders/0s/0tg301f95s51dvsjf74ksxjm0000gn/T/Sequences.tla
Parsing file /private/var/folders/0s/0tg301f95s51dvsjf74ksxjm0000gn/T/FiniteSets.tla
Semantic processing of module Naturals
Semantic processing of module Sequences
Semantic processing of module FiniteSets
Semantic processing of module TLC
Semantic processing of module ArtistClaimTarget
Starting... (2026-09-20 20:52:43)
Computing initial states...
Computed 2 initial states...
Finished computing initial states: 4 distinct states generated at 2026-09-20 20:52:44.
Error: Invariant UniqueTarget is violated.
Error: The behavior up to this point is:
State 1: <Initial predicate>
/\ returned = {}
/\ owner = 0
/\ observed = <<0, 0>>
/\ published = FALSE
/\ twins = 0
/\ allowed = TRUE
/\ phase = <<"start", "start">>
/\ grants = {}

State 2: <Acquire line 12, col 15 to line 15, col 84 of module ArtistClaimTarget>
/\ returned = {}
/\ owner = 0
/\ observed = <<0, 0>>
/\ published = FALSE
/\ twins = 0
/\ allowed = TRUE
/\ phase = <<"read", "start">>
/\ grants = {}

State 3: <Read line 16, col 12 to line 19, col 78 of module ArtistClaimTarget>
/\ returned = {}
/\ owner = 0
/\ observed = <<0, 0>>
/\ published = FALSE
/\ twins = 0
/\ allowed = TRUE
/\ phase = <<"write", "start">>
/\ grants = {}

State 4: <Acquire line 12, col 15 to line 15, col 84 of module ArtistClaimTarget>
/\ returned = {}
/\ owner = 0
/\ observed = <<0, 0>>
/\ published = FALSE
/\ twins = 0
/\ allowed = TRUE
/\ phase = <<"write", "read">>
/\ grants = {}

State 5: <Read line 16, col 12 to line 19, col 78 of module ArtistClaimTarget>
/\ returned = {}
/\ owner = 0
/\ observed = <<0, 0>>
/\ published = FALSE
/\ twins = 0
/\ allowed = TRUE
/\ phase = <<"write", "write">>
/\ grants = {}

State 6: <Commit line 20, col 14 to line 25, col 66 of module ArtistClaimTarget>
/\ returned = {1}
/\ owner = 0
/\ observed = <<0, 0>>
/\ published = FALSE
/\ twins = 1
/\ allowed = TRUE
/\ phase = <<"done", "write">>
/\ grants = {}

State 7: <Commit line 20, col 14 to line 25, col 66 of module ArtistClaimTarget>
/\ returned = {1, 2}
/\ owner = 0
/\ observed = <<0, 0>>
/\ published = FALSE
/\ twins = 2
/\ allowed = TRUE
/\ phase = <<"done", "done">>
/\ grants = {}

128 states generated, 65 distinct states found, 8 states left on queue.
The depth of the complete state graph search is 7.
The average outdegree of the complete state graph is 1 (minimum is 0, the maximum 2 and the 95th percentile is 2).
Finished in 01s at (2026-09-20 20:52:44)
00. run   EventOperationsScenario     0    1/1     SAT
00. check ExactlyOneAccountable     0       UNSAT
00. check RequiredResponsibleIsPresent     0       UNSAT
00. check DependenciesAreAcyclic     0       UNSAT
00. check ConfirmedContractUsesOneAcceptedVersion     0       UNSAT
00. check ExclusiveConflictHasAuthorizedOverride     0       UNSAT
00. check InvitationCannotExpandScopes     0       UNSAT
00. check RestrictedReadRequiresEventRelationship     0       UNSAT
00. check RaciAssignmentsAreNotOrphaned     0       UNSAT
Event operations formal verification passed within the documented finite bounds.
