method,path,authentication_boundary,mapped_feature_id,mapped_action,action_rule_present,interface_disposition,authorization_evidence,source_aliases,source
POST,/academy/enroll,public-root,technical.course-registration,submit,true,user/admin interface mapped,public route; handler validation/signature/rate-limit review still required,API > AcademyAPI,tdf-hq/src/TDF/Routes/Academy.hs:116
GET,/academy/microcourse/{slug},public-root,technical.course-public,view,true,user/admin interface mapped,public route; handler validation/signature/rate-limit review still required,API > AcademyAPI,tdf-hq/src/TDF/Routes/Academy.hs:116
POST,/academy/progress,public-root,technical.course-registration,submit,true,user/admin interface mapped,public route; handler validation/signature/rate-limit review still required,API > AcademyAPI,tdf-hq/src/TDF/Routes/Academy.hs:116
GET,/access-requests,authenticated-root,access-requests.mine,view,true,user/admin interface mapped,root bearer/session authentication; handler/action/record-scope review still required,API > ProtectedAPI > AccessRequestsAPI,tdf-hq/src/TDF/API.hs:481
POST,/access-requests,authenticated-root,access-requests.create,create,true,user/admin interface mapped,root bearer/session authentication; handler/action/record-scope review still required,API > ProtectedAPI > AccessRequestsAPI,tdf-hq/src/TDF/API.hs:481
PATCH,/access-requests/{requestId}/cancel,authenticated-root,access-requests.mine,edit,true,user/admin interface mapped,root bearer/session authentication; handler/action/record-scope review still required,API > ProtectedAPI > AccessRequestsAPI,tdf-hq/src/TDF/API.hs:481
PATCH,/access-requests/{requestId}/decision,authenticated-root,access-requests.review,approve,true,user/admin interface mapped,root bearer/session authentication; handler/action/record-scope review still required,API > ProtectedAPI > AccessRequestsAPI,tdf-hq/src/TDF/API.hs:481
GET,/access-requests/review,authenticated-root,access-requests.review,view,true,user/admin interface mapped,root bearer/session authentication; handler/action/record-scope review still required,API > ProtectedAPI > AccessRequestsAPI,tdf-hq/src/TDF/API.hs:481
GET,/admin/activity,authenticated-root,admin.activity,view,true,user/admin interface mapped,root bearer/session authentication; handler/action/record-scope review still required,API > ProtectedAPI > AdminAPI > ActivityAPI,tdf-hq/src/TDF/API/Admin.hs:140
GET,/admin/artists/{artistId}/promotions,authenticated-root,label.artists,view,true,user/admin interface mapped,root bearer/session authentication; handler/action/record-scope review still required,API > ProtectedAPI > AdminAPI > ArtistAdminAPI > ArtistPromotionAdminAPI,tdf-hq/src/TDF/API/Admin.hs:73
POST,/admin/artists/{artistId}/promotions,authenticated-root,label.artists,create,true,user/admin interface mapped,root bearer/session authentication; handler/action/record-scope review still required,API > ProtectedAPI > AdminAPI > ArtistAdminAPI > ArtistPromotionAdminAPI,tdf-hq/src/TDF/API/Admin.hs:73
DELETE,/admin/artists/{artistId}/promotions/{promotionId},authenticated-root,label.artists,delete,true,user/admin interface mapped,root bearer/session authentication; handler/action/record-scope review still required,API > ProtectedAPI > AdminAPI > ArtistAdminAPI > ArtistPromotionAdminAPI,tdf-hq/src/TDF/API/Admin.hs:73
PUT,/admin/artists/{artistId}/promotions/{promotionId},authenticated-root,label.artists,edit,true,user/admin interface mapped,root bearer/session authentication; handler/action/record-scope review still required,API > ProtectedAPI > AdminAPI > ArtistAdminAPI > ArtistPromotionAdminAPI,tdf-hq/src/TDF/API/Admin.hs:73
GET,/admin/artists/{artistId}/promotions/report,authenticated-root,label.artists,view,true,user/admin interface mapped,root bearer/session authentication; handler/action/record-scope review still required,API > ProtectedAPI > AdminAPI > ArtistAdminAPI > ArtistPromotionAdminAPI,tdf-hq/src/TDF/API/Admin.hs:73
GET,/admin/artists/{artistId}/promotions/report/pdf,authenticated-root,label.artists,view,true,user/admin interface mapped,root bearer/session authentication; handler/action/record-scope review still required,API > ProtectedAPI > AdminAPI > ArtistAdminAPI > ArtistPromotionAdminAPI,tdf-hq/src/TDF/API/Admin.hs:73
POST,/admin/artists/enrichment/artists/{artistId}/rerun,authenticated-root,admin.artist-enrichment,create,true,user/admin interface mapped,root bearer/session authentication; handler/action/record-scope review still required,API > ProtectedAPI > AdminAPI > ArtistAdminAPI > ArtistEnrichmentAdminAPI,tdf-hq/src/TDF/API/Admin.hs:97
POST,/admin/artists/enrichment/media,authenticated-root,admin.artist-enrichment,create,true,user/admin interface mapped,root bearer/session authentication; handler/action/record-scope review still required,API > ProtectedAPI > AdminAPI > ArtistAdminAPI > ArtistEnrichmentAdminAPI,tdf-hq/src/TDF/API/Admin.hs:97
GET,/admin/artists/enrichment/overview,authenticated-root,admin.artist-enrichment,view,true,user/admin interface mapped,root bearer/session authentication; handler/action/record-scope review still required,API > ProtectedAPI > AdminAPI > ArtistAdminAPI > ArtistEnrichmentAdminAPI,tdf-hq/src/TDF/API/Admin.hs:97
GET,/admin/artists/enrichment/runs,authenticated-root,admin.artist-enrichment,view,true,user/admin interface mapped,root bearer/session authentication; handler/action/record-scope review still required,API > ProtectedAPI > AdminAPI > ArtistAdminAPI > ArtistEnrichmentAdminAPI,tdf-hq/src/TDF/API/Admin.hs:97
POST,/admin/artists/enrichment/sources,authenticated-root,admin.artist-enrichment,create,true,user/admin interface mapped,root bearer/session authentication; handler/action/record-scope review still required,API > ProtectedAPI > AdminAPI > ArtistAdminAPI > ArtistEnrichmentAdminAPI,tdf-hq/src/TDF/API/Admin.hs:97
PATCH,/admin/artists/enrichment/suggestion-sets/{artistId},authenticated-root,admin.artist-enrichment,edit,true,user/admin interface mapped,root bearer/session authentication; handler/action/record-scope review still required,API > ProtectedAPI > AdminAPI > ArtistAdminAPI > ArtistEnrichmentAdminAPI,tdf-hq/src/TDF/API/Admin.hs:97
POST,/admin/artists/enrichment/suggestions,authenticated-root,admin.artist-enrichment,create,true,user/admin interface mapped,root bearer/session authentication; handler/action/record-scope review still required,API > ProtectedAPI > AdminAPI > ArtistAdminAPI > ArtistEnrichmentAdminAPI,tdf-hq/src/TDF/API/Admin.hs:97
PATCH,/admin/artists/enrichment/suggestions/{suggestionId},authenticated-root,admin.artist-enrichment,edit,true,user/admin interface mapped,root bearer/session authentication; handler/action/record-scope review still required,API > ProtectedAPI > AdminAPI > ArtistAdminAPI > ArtistEnrichmentAdminAPI,tdf-hq/src/TDF/API/Admin.hs:97
GET,/admin/artists/profiles,authenticated-root,label.artists,view,true,user/admin interface mapped,root bearer/session authentication; handler/action/record-scope review still required,API > ProtectedAPI > AdminAPI > ArtistAdminAPI,tdf-hq/src/TDF/API/Admin.hs:82
POST,/admin/artists/profiles/{artistProfileId}/connect/onboarding-link,authenticated-root,label.artists,create,true,user/admin interface mapped,root bearer/session authentication; handler/action/record-scope review still required,API > ProtectedAPI > AdminAPI > ArtistAdminAPI,tdf-hq/src/TDF/API/Admin.hs:82
GET,/admin/brain/entries,authenticated-root,admin.brain,view,true,user/admin interface mapped,root bearer/session authentication; handler/action/record-scope review still required,API > ProtectedAPI > AdminAPI > BrainAdminAPI,tdf-hq/src/TDF/API/Admin.hs:143
POST,/admin/brain/entries,authenticated-root,admin.brain,create,true,user/admin interface mapped,root bearer/session authentication; handler/action/record-scope review still required,API > ProtectedAPI > AdminAPI > BrainAdminAPI,tdf-hq/src/TDF/API/Admin.hs:143
PATCH,/admin/brain/entries/{entryId},authenticated-root,admin.brain,edit,true,user/admin interface mapped,root bearer/session authentication; handler/action/record-scope review still required,API > ProtectedAPI > AdminAPI > BrainAdminAPI,tdf-hq/src/TDF/API/Admin.hs:143
POST,/admin/communications/email/registered-users,authenticated-root,admin.campaign-automations,publish,true,user/admin interface mapped,root bearer/session authentication; handler/action/record-scope review still required,API > ProtectedAPI > AdminAPI > UserCommunicationsAPI,tdf-hq/src/TDF/API/Admin.hs:57
POST,/admin/communications/whatsapp/{messageId}/resend,authenticated-root,admin.campaign-automations,publish,true,user/admin interface mapped,root bearer/session authentication; handler/action/record-scope review still required,API > ProtectedAPI > AdminAPI > UserCommunicationsAPI,tdf-hq/src/TDF/API/Admin.hs:57
POST,/admin/courses,authenticated-root,admin.course-registrations,create,true,user/admin interface mapped,root bearer/session authentication; handler/action/record-scope review still required,API > ProtectedAPI > CoursesAdminAPI,tdf-hq/src/TDF/Routes/Courses.hs:442
GET,/admin/courses/{slug}/registrations/{registrationId},authenticated-root,admin.course-registrations,view,true,user/admin interface mapped,root bearer/session authentication; handler/action/record-scope review still required,API > ProtectedAPI > CoursesAdminAPI,tdf-hq/src/TDF/Routes/Courses.hs:442
GET,/admin/courses/{slug}/registrations/{registrationId}/dossier,authenticated-root,admin.course-registrations,view,true,user/admin interface mapped,root bearer/session authentication; handler/action/record-scope review still required,API > ProtectedAPI > CoursesAdminAPI,tdf-hq/src/TDF/Routes/Courses.hs:442
POST,/admin/courses/{slug}/registrations/{registrationId}/follow-ups,authenticated-root,admin.course-registrations,create,true,user/admin interface mapped,root bearer/session authentication; handler/action/record-scope review still required,API > ProtectedAPI > CoursesAdminAPI,tdf-hq/src/TDF/Routes/Courses.hs:442
DELETE,/admin/courses/{slug}/registrations/{registrationId}/follow-ups/{followUpId},authenticated-root,admin.course-registrations,delete,true,user/admin interface mapped,root bearer/session authentication; handler/action/record-scope review still required,API > ProtectedAPI > CoursesAdminAPI,tdf-hq/src/TDF/Routes/Courses.hs:442
PATCH,/admin/courses/{slug}/registrations/{registrationId}/follow-ups/{followUpId},authenticated-root,admin.course-registrations,edit,true,user/admin interface mapped,root bearer/session authentication; handler/action/record-scope review still required,API > ProtectedAPI > CoursesAdminAPI,tdf-hq/src/TDF/Routes/Courses.hs:442
PATCH,/admin/courses/{slug}/registrations/{registrationId}/notes,authenticated-root,admin.course-registrations,edit,true,user/admin interface mapped,root bearer/session authentication; handler/action/record-scope review still required,API > ProtectedAPI > CoursesAdminAPI,tdf-hq/src/TDF/Routes/Courses.hs:442
POST,/admin/courses/{slug}/registrations/{registrationId}/receipts,authenticated-root,admin.course-registrations,create,true,user/admin interface mapped,root bearer/session authentication; handler/action/record-scope review still required,API > ProtectedAPI > CoursesAdminAPI,tdf-hq/src/TDF/Routes/Courses.hs:442
DELETE,/admin/courses/{slug}/registrations/{registrationId}/receipts/{receiptId},authenticated-root,admin.course-registrations,delete,true,user/admin interface mapped,root bearer/session authentication; handler/action/record-scope review still required,API > ProtectedAPI > CoursesAdminAPI,tdf-hq/src/TDF/Routes/Courses.hs:442
PATCH,/admin/courses/{slug}/registrations/{registrationId}/receipts/{receiptId},authenticated-root,admin.course-registrations,edit,true,user/admin interface mapped,root bearer/session authentication; handler/action/record-scope review still required,API > ProtectedAPI > CoursesAdminAPI,tdf-hq/src/TDF/Routes/Courses.hs:442
PATCH,/admin/courses/{slug}/registrations/{registrationId}/status,authenticated-root,admin.course-registrations,edit,true,user/admin interface mapped,root bearer/session authentication; handler/action/record-scope review still required,API > ProtectedAPI > CoursesAdminAPI,tdf-hq/src/TDF/Routes/Courses.hs:442
GET,/admin/courses/cohorts,authenticated-root,admin.course-registrations,view,true,user/admin interface mapped,root bearer/session authentication; handler/action/record-scope review still required,API > ProtectedAPI > CoursesAdminAPI,tdf-hq/src/TDF/Routes/Courses.hs:442
GET,/admin/courses/registrations,authenticated-root,admin.course-registrations,view,true,user/admin interface mapped,root bearer/session authentication; handler/action/record-scope review still required,API > ProtectedAPI > CoursesAdminAPI,tdf-hq/src/TDF/Routes/Courses.hs:442
GET,/admin/courses/registrations/{registrationId}/emails,authenticated-root,admin.course-registrations,view,true,user/admin interface mapped,root bearer/session authentication; handler/action/record-scope review still required,API > ProtectedAPI > CoursesAdminAPI,tdf-hq/src/TDF/Routes/Courses.hs:442
GET,/admin/dropdowns/{category},authenticated-root,admin.ux-options,view,true,user/admin interface mapped,root bearer/session authentication; handler/action/record-scope review still required,API > ProtectedAPI > AdminAPI > DropdownCategoryAPI,tdf-hq/src/TDF/API/Admin.hs:44
POST,/admin/dropdowns/{category},authenticated-root,admin.ux-options,create,true,user/admin interface mapped,root bearer/session authentication; handler/action/record-scope review still required,API > ProtectedAPI > AdminAPI > DropdownCategoryAPI,tdf-hq/src/TDF/API/Admin.hs:44
PATCH,/admin/dropdowns/{category}/{optionId},authenticated-root,admin.ux-options,edit,true,user/admin interface mapped,root bearer/session authentication; handler/action/record-scope review still required,API > ProtectedAPI > AdminAPI > DropdownCategoryAPI,tdf-hq/src/TDF/API/Admin.hs:44
POST,/admin/email-test,authenticated-root,admin.diagnostics,administer,true,user/admin interface mapped,root bearer/session authentication; handler/action/record-scope review still required,API > ProtectedAPI > AdminAPI,tdf-hq/src/TDF/API/Admin.hs:163
DELETE,/admin/logs,authenticated-root,admin.logs,delete,true,user/admin interface mapped,root bearer/session authentication; handler/action/record-scope review still required,API > ProtectedAPI > AdminAPI > LogsAPI,tdf-hq/src/TDF/API/Admin.hs:136
GET,/admin/logs,authenticated-root,admin.logs,view,true,user/admin interface mapped,root bearer/session authentication; handler/action/record-scope review still required,API > ProtectedAPI > AdminAPI > LogsAPI,tdf-hq/src/TDF/API/Admin.hs:136
POST,/admin/rag/refresh,authenticated-root,admin.brain,administer,true,user/admin interface mapped,root bearer/session authentication; handler/action/record-scope review still required,API > ProtectedAPI > AdminAPI > RagAdminAPI,tdf-hq/src/TDF/API/Admin.hs:154
GET,/admin/rag/status,authenticated-root,admin.brain,view,true,user/admin interface mapped,root bearer/session authentication; handler/action/record-scope review still required,API > ProtectedAPI > AdminAPI > RagAdminAPI,tdf-hq/src/TDF/API/Admin.hs:154
GET,/admin/roles,authenticated-root,admin.roles,view,true,user/admin interface mapped,root bearer/session authentication; handler/action/record-scope review still required,API > ProtectedAPI > AdminAPI > RolesAPI,tdf-hq/src/TDF/API/Admin.hs:71
POST,/admin/seed,authenticated-root,admin.diagnostics,administer,true,user/admin interface mapped,root bearer/session authentication; handler/action/record-scope review still required,API > ProtectedAPI > AdminAPI,tdf-hq/src/TDF/API/Admin.hs:163
GET,/admin/services/storefront/orders,authenticated-root,operations.marketplace-orders,view,true,user/admin interface mapped,root bearer/session authentication; handler/action/record-scope review still required,API > ProtectedAPI > ServiceStorefrontAdminAPI,tdf-hq/src/TDF/API/ServiceStorefront.hs:32
PUT,/admin/services/storefront/orders/{orderId},authenticated-root,operations.marketplace-orders,edit,true,user/admin interface mapped,root bearer/session authentication; handler/action/record-scope review still required,API > ProtectedAPI > ServiceStorefrontAdminAPI,tdf-hq/src/TDF/API/ServiceStorefront.hs:32
GET,/admin/services/storefront/packages,authenticated-root,operations.marketplace-orders,view,true,user/admin interface mapped,root bearer/session authentication; handler/action/record-scope review still required,API > ProtectedAPI > ServiceStorefrontAdminAPI,tdf-hq/src/TDF/API/ServiceStorefront.hs:32
POST,/admin/services/storefront/packages,authenticated-root,operations.marketplace-orders,create,true,user/admin interface mapped,root bearer/session authentication; handler/action/record-scope review still required,API > ProtectedAPI > ServiceStorefrontAdminAPI,tdf-hq/src/TDF/API/ServiceStorefront.hs:32
PUT,/admin/services/storefront/packages/{packageId},authenticated-root,operations.marketplace-orders,edit,true,user/admin interface mapped,root bearer/session authentication; handler/action/record-scope review still required,API > ProtectedAPI > ServiceStorefrontAdminAPI,tdf-hq/src/TDF/API/ServiceStorefront.hs:32
GET,/admin/social/errors,authenticated-root,admin.diagnostics,view,true,user/admin interface mapped,root bearer/session authentication; handler/action/record-scope review still required,API > ProtectedAPI > AdminAPI > SocialAdminAPI,tdf-hq/src/TDF/API/Admin.hs:158
GET,/admin/social/status,authenticated-root,admin.diagnostics,view,true,user/admin interface mapped,root bearer/session authentication; handler/action/record-scope review still required,API > ProtectedAPI > AdminAPI > SocialAdminAPI,tdf-hq/src/TDF/API/Admin.hs:158
POST,/admin/social/unhold,authenticated-root,admin.diagnostics,administer,true,user/admin interface mapped,root bearer/session authentication; handler/action/record-scope review still required,API > ProtectedAPI > AdminAPI > SocialAdminAPI,tdf-hq/src/TDF/API/Admin.hs:158
GET,/admin/users,authenticated-root,admin.users,view,true,user/admin interface mapped,root bearer/session authentication; handler/action/record-scope review still required,API > ProtectedAPI > AdminAPI > UsersAPI,tdf-hq/src/TDF/API/Admin.hs:49
POST,/admin/users,authenticated-root,admin.users,create,true,user/admin interface mapped,root bearer/session authentication; handler/action/record-scope review still required,API > ProtectedAPI > AdminAPI > UsersAPI,tdf-hq/src/TDF/API/Admin.hs:49
GET,/admin/users/{userId},authenticated-root,admin.users,view,true,user/admin interface mapped,root bearer/session authentication; handler/action/record-scope review still required,API > ProtectedAPI > AdminAPI > UsersAPI,tdf-hq/src/TDF/API/Admin.hs:49
GET,/admin/users/{userId}/communications,authenticated-root,admin.users,view,true,user/admin interface mapped,root bearer/session authentication; handler/action/record-scope review still required,API > ProtectedAPI > AdminAPI > UserCommunicationsAPI,tdf-hq/src/TDF/API/Admin.hs:57
POST,/admin/users/{userId}/communications/whatsapp,authenticated-root,admin.users,create,true,user/admin interface mapped,root bearer/session authentication; handler/action/record-scope review still required,API > ProtectedAPI > AdminAPI > UserCommunicationsAPI,tdf-hq/src/TDF/API/Admin.hs:57
GET,/ads/{adId}/examples,authenticated-root,admin.campaign-automations,view,true,user/admin interface mapped,root bearer/session authentication; handler/action/record-scope review still required,API > ProtectedAPI > AdsAdminAPI,tdf-hq/src/TDF/API.hs:94
POST,/ads/{adId}/examples,authenticated-root,admin.campaign-automations,create,true,user/admin interface mapped,root bearer/session authentication; handler/action/record-scope review still required,API > ProtectedAPI > AdsAdminAPI,tdf-hq/src/TDF/API.hs:94
POST,/ads/ads,authenticated-root,admin.campaign-automations,create,true,user/admin interface mapped,root bearer/session authentication; handler/action/record-scope review still required,API > ProtectedAPI > AdsAdminAPI,tdf-hq/src/TDF/API.hs:94
POST,/ads/assist,public-root,admin.campaign-automations,create,true,user/admin interface mapped,public route; handler validation/signature/rate-limit review still required,API > AdsPublicAPI,tdf-hq/src/TDF/API.hs:90
GET,/ads/automation-templates,authenticated-root,admin.campaign-automations,view,true,user/admin interface mapped,root bearer/session authentication; handler/action/record-scope review still required,API > ProtectedAPI > AdsAdminAPI,tdf-hq/src/TDF/API.hs:94
GET,/ads/automations,authenticated-root,admin.campaign-automations,view,true,user/admin interface mapped,root bearer/session authentication; handler/action/record-scope review still required,API > ProtectedAPI > AdsAdminAPI,tdf-hq/src/TDF/API.hs:94
POST,/ads/automations,authenticated-root,admin.campaign-automations,create,true,user/admin interface mapped,root bearer/session authentication; handler/action/record-scope review still required,API > ProtectedAPI > AdsAdminAPI,tdf-hq/src/TDF/API.hs:94
POST,/ads/automations/{automationId}/enroll,authenticated-root,admin.campaign-automations,create,true,user/admin interface mapped,root bearer/session authentication; handler/action/record-scope review still required,API > ProtectedAPI > AdsAdminAPI,tdf-hq/src/TDF/API.hs:94
GET,/ads/automations/{automationId}/enrollments,authenticated-root,admin.campaign-automations,view,true,user/admin interface mapped,root bearer/session authentication; handler/action/record-scope review still required,API > ProtectedAPI > AdsAdminAPI,tdf-hq/src/TDF/API.hs:94
POST,/ads/automations/{automationId}/enrollments/{enrollmentId}/status,authenticated-root,admin.campaign-automations,create,true,user/admin interface mapped,root bearer/session authentication; handler/action/record-scope review still required,API > ProtectedAPI > AdsAdminAPI,tdf-hq/src/TDF/API.hs:94
GET,/ads/automations/{automationId}/preview,authenticated-root,admin.campaign-automations,view,true,user/admin interface mapped,root bearer/session authentication; handler/action/record-scope review still required,API > ProtectedAPI > AdsAdminAPI,tdf-hq/src/TDF/API.hs:94
POST,/ads/automations/{automationId}/status,authenticated-root,admin.campaign-automations,create,true,user/admin interface mapped,root bearer/session authentication; handler/action/record-scope review still required,API > ProtectedAPI > AdsAdminAPI,tdf-hq/src/TDF/API.hs:94
GET,/ads/campaigns,authenticated-root,admin.campaign-automations,view,true,user/admin interface mapped,root bearer/session authentication; handler/action/record-scope review still required,API > ProtectedAPI > AdsAdminAPI,tdf-hq/src/TDF/API.hs:94
POST,/ads/campaigns,authenticated-root,admin.campaign-automations,create,true,user/admin interface mapped,root bearer/session authentication; handler/action/record-scope review still required,API > ProtectedAPI > AdsAdminAPI,tdf-hq/src/TDF/API.hs:94
GET,/ads/campaigns/{campaignId},authenticated-root,admin.campaign-automations,view,true,user/admin interface mapped,root bearer/session authentication; handler/action/record-scope review still required,API > ProtectedAPI > AdsAdminAPI,tdf-hq/src/TDF/API.hs:94
GET,/ads/campaigns/{campaignId}/ads,authenticated-root,admin.campaign-automations,view,true,user/admin interface mapped,root bearer/session authentication; handler/action/record-scope review still required,API > ProtectedAPI > AdsAdminAPI,tdf-hq/src/TDF/API.hs:94
GET,/ads/inquiries,authenticated-root,admin.campaign-automations,view,true,user/admin interface mapped,root bearer/session authentication; handler/action/record-scope review still required,API > ProtectedAPI > AdsAdminAPI,tdf-hq/src/TDF/API.hs:94
POST,/ads/inquiry,public-root,admin.campaign-automations,create,true,user/admin interface mapped,public route; handler validation/signature/rate-limit review still required,API > AdsPublicAPI,tdf-hq/src/TDF/API.hs:90
GET,/api/users,authenticated-root,admin.roles,view,true,user/admin interface mapped,root bearer/session authentication; handler/action/record-scope review still required,API > ProtectedAPI > UserRolesAPI,tdf-hq/src/TDF/API.hs:369
GET,/api/users/{userId}/roles,authenticated-root,admin.roles,view,true,user/admin interface mapped,root bearer/session authentication; handler/action/record-scope review still required,API > ProtectedAPI > UserRolesAPI,tdf-hq/src/TDF/API.hs:369
GET,/artists,public-root,artist.public,view,true,user/admin interface mapped,public route; handler validation/signature/rate-limit review still required,API > ArtistPublicAPI,tdf-hq/src/TDF/API.hs:396
GET,/artists/{artistId},public-root,artist.public,view,true,user/admin interface mapped,public route; handler validation/signature/rate-limit review still required,API > ArtistPublicAPI,tdf-hq/src/TDF/API.hs:396
GET,/artists/{artistRef}/public,public-root,artist.public,view,true,user/admin interface mapped,public route; handler validation/signature/rate-limit review still required,API > ArtistPublicAPI,tdf-hq/src/TDF/API.hs:396
POST,/artists/me/photo,authenticated-root,artist.profile.edit,edit,true,user/admin interface mapped,root bearer/session authentication; handler/action/record-scope review still required,API > ProtectedAPI > ArtistSecureAPI,tdf-hq/src/TDF/API.hs:464
GET,/artists/me/profile,authenticated-root,artist.public,view,true,user/admin interface mapped,root bearer/session authentication; handler/action/record-scope review still required,API > ProtectedAPI > ArtistSecureAPI,tdf-hq/src/TDF/API.hs:464
GET,/artists/search,public-root,artist.public,view,true,user/admin interface mapped,public route; handler validation/signature/rate-limit review still required,API > ArtistPublicAPI,tdf-hq/src/TDF/API.hs:396
GET,/assets,authenticated-root,operations.inventory,view,true,user/admin interface mapped,root bearer/session authentication; handler/action/record-scope review still required,API > ProtectedAPI > InventoryAPI,tdf-hq/src/TDF/API/Inventory.hs:306
POST,/assets,authenticated-root,operations.inventory,create,true,user/admin interface mapped,root bearer/session authentication; handler/action/record-scope review still required,API > ProtectedAPI > InventoryAPI,tdf-hq/src/TDF/API/Inventory.hs:306
DELETE,/assets/{id},authenticated-root,operations.inventory,delete,true,user/admin interface mapped,root bearer/session authentication; handler/action/record-scope review still required,API > ProtectedAPI > InventoryAPI,tdf-hq/src/TDF/API/Inventory.hs:306
GET,/assets/{id},authenticated-root,operations.inventory,view,true,user/admin interface mapped,root bearer/session authentication; handler/action/record-scope review still required,API > ProtectedAPI > InventoryAPI,tdf-hq/src/TDF/API/Inventory.hs:306
PATCH,/assets/{id},authenticated-root,operations.inventory,edit,true,user/admin interface mapped,root bearer/session authentication; handler/action/record-scope review still required,API > ProtectedAPI > InventoryAPI,tdf-hq/src/TDF/API/Inventory.hs:306
POST,/assets/{id}/checkin,authenticated-root,operations.inventory,create,true,user/admin interface mapped,root bearer/session authentication; handler/action/record-scope review still required,API > ProtectedAPI > InventoryAPI,tdf-hq/src/TDF/API/Inventory.hs:306
POST,/assets/{id}/checkout,authenticated-root,operations.inventory,create,true,user/admin interface mapped,root bearer/session authentication; handler/action/record-scope review still required,API > ProtectedAPI > InventoryAPI,tdf-hq/src/TDF/API/Inventory.hs:306
GET,/assets/{id}/history,authenticated-root,operations.inventory,view,true,user/admin interface mapped,root bearer/session authentication; handler/action/record-scope review still required,API > ProtectedAPI > InventoryAPI,tdf-hq/src/TDF/API/Inventory.hs:306
POST,/assets/{id}/qr,authenticated-root,operations.inventory,create,true,user/admin interface mapped,root bearer/session authentication; handler/action/record-scope review still required,API > ProtectedAPI > InventoryAPI,tdf-hq/src/TDF/API/Inventory.hs:306
GET,/assets/qr/{token},authenticated-root,technical.inventory-scan,view,true,documented API-only capability,root bearer/session authentication; handler/action/record-scope review still required,API > ProtectedAPI > InventoryAPI,tdf-hq/src/TDF/API/Inventory.hs:306
RAW,/assets/serve,public-root,,,false,technical/static/API-only; never display,public route; handler validation/signature/rate-limit review still required,API > AssetsServeAPI,tdf-hq/src/TDF/API.hs:73
POST,/assets/upload,authenticated-root,operations.inventory,create,true,user/admin interface mapped,root bearer/session authentication; handler/action/record-scope review still required,API > ProtectedAPI > InventoryAPI,tdf-hq/src/TDF/API/Inventory.hs:306
GET,/bookings,authenticated-root,studio.calendar,view,true,user/admin interface mapped,root bearer/session authentication; handler/action/record-scope review still required,API > ProtectedAPI > BookingAPI,tdf-hq/src/TDF/API.hs:317
POST,/bookings,authenticated-root,studio.calendar,create,true,user/admin interface mapped,root bearer/session authentication; handler/action/record-scope review still required,API > ProtectedAPI > BookingAPI,tdf-hq/src/TDF/API.hs:317
PUT,/bookings/{bookingId},authenticated-root,studio.calendar,edit,true,user/admin interface mapped,root bearer/session authentication; handler/action/record-scope review still required,API > ProtectedAPI > BookingAPI,tdf-hq/src/TDF/API.hs:317
POST,/bookings/public,public-root,bookings.public,create,true,user/admin interface mapped,public route; handler validation/signature/rate-limit review still required,API > BookingPublicAPI,tdf-hq/src/TDF/API.hs:325
POST,/calendar/v1/auth-url,authenticated-root,admin.calendar-integration,administer,true,user/admin interface mapped,root bearer/session authentication; handler/action/record-scope review still required,API > ProtectedAPI > CalendarAPI,tdf-hq/src/TDF/API/Calendar.hs:193
GET,/calendar/v1/config,authenticated-root,admin.calendar-integration,view,true,user/admin interface mapped,root bearer/session authentication; handler/action/record-scope review still required,API > ProtectedAPI > CalendarAPI,tdf-hq/src/TDF/API/Calendar.hs:193
GET,/calendar/v1/events,authenticated-root,admin.calendar-integration,view,true,user/admin interface mapped,root bearer/session authentication; handler/action/record-scope review still required,API > ProtectedAPI > CalendarAPI,tdf-hq/src/TDF/API/Calendar.hs:193
POST,/calendar/v1/sync,authenticated-root,admin.calendar-integration,administer,true,user/admin interface mapped,root bearer/session authentication; handler/action/record-scope review still required,API > ProtectedAPI > CalendarAPI,tdf-hq/src/TDF/API/Calendar.hs:193
POST,/calendar/v1/tokens,authenticated-root,admin.calendar-integration,administer,true,user/admin interface mapped,root bearer/session authentication; handler/action/record-scope review still required,API > ProtectedAPI > CalendarAPI,tdf-hq/src/TDF/API/Calendar.hs:193
GET,/catalog/releases,authenticated-root,label.releases,view,true,user/admin interface mapped,root bearer/session authentication; handler/action/record-scope review still required,API > ProtectedAPI > CatalogAPI,tdf-hq/src/TDF/API/Catalog.hs:14
GET,/catalog/releases/{id},authenticated-root,label.releases,view,true,user/admin interface mapped,root bearer/session authentication; handler/action/record-scope review still required,API > ProtectedAPI > CatalogAPI,tdf-hq/src/TDF/API/Catalog.hs:14
PATCH,/catalog/releases/{id},authenticated-root,label.releases,edit,true,user/admin interface mapped,root bearer/session authentication; handler/action/record-scope review still required,API > ProtectedAPI > CatalogAPI,tdf-hq/src/TDF/API/Catalog.hs:14
POST,/catalog/releases/{id}/ddex-exports,authenticated-root,label.releases,export,true,user/admin interface mapped,root bearer/session authentication; handler/action/record-scope review still required,API > ProtectedAPI > CatalogAPI,tdf-hq/src/TDF/API/Catalog.hs:14
GET,/chat/threads,authenticated-root,chat,view,true,user/admin interface mapped,root bearer/session authentication; handler/action/record-scope review still required,API > ProtectedAPI > ChatAPI,tdf-hq/src/TDF/API.hs:145
GET,/chat/threads/{threadId}/messages,authenticated-root,chat,view,true,user/admin interface mapped,root bearer/session authentication; handler/action/record-scope review still required,API > ProtectedAPI > ChatAPI,tdf-hq/src/TDF/API.hs:145
POST,/chat/threads/{threadId}/messages,authenticated-root,chat,create,true,user/admin interface mapped,root bearer/session authentication; handler/action/record-scope review still required,API > ProtectedAPI > ChatAPI,tdf-hq/src/TDF/API.hs:145
POST,/chat/threads/dm/{otherPartyId},authenticated-root,chat,create,true,user/admin interface mapped,root bearer/session authentication; handler/action/record-scope review still required,API > ProtectedAPI > ChatAPI,tdf-hq/src/TDF/API.hs:145
POST,/chatkit/sessions,authenticated-root,tools.chatkit,create,true,user/admin interface mapped,root bearer/session authentication; handler/action/record-scope review still required,API > ProtectedAPI > ChatKitSessionAPI,tdf-hq/src/TDF/API.hs:157
GET,/cms/content,public-root,admin.cms,view,true,user/admin interface mapped,public route; handler validation/signature/rate-limit review still required,API > CmsPublicAPI,tdf-hq/src/TDF/API.hs:112
GET,/cms/contents,public-root,admin.cms,view,true,user/admin interface mapped,public route; handler validation/signature/rate-limit review still required,API > CmsPublicAPI,tdf-hq/src/TDF/API.hs:112
GET,/cohorts/next,public-root,technical.course-public,view,true,user/admin interface mapped,public route; handler validation/signature/rate-limit review still required,API > AcademyAPI,tdf-hq/src/TDF/Routes/Academy.hs:116
POST,/contracts,authenticated-root,label.contracts.create,create,true,security-sensitive concealed capability; interface decision documented,root bearer/session authentication; handler/action/record-scope review still required,API > ProtectedAPI > ContractsAPI,tdf-hq/src/TDF/Contracts/API.hs:9
GET,/contracts/{id}/pdf,authenticated-root,label.contracts.detail,view,true,security-sensitive concealed capability; interface decision documented,root bearer/session authentication; handler/action/record-scope review still required,API > ProtectedAPI > ContractsAPI,tdf-hq/src/TDF/Contracts/API.hs:9
POST,/contracts/{id}/send,authenticated-root,label.contracts.create,create,true,security-sensitive concealed capability; interface decision documented,root bearer/session authentication; handler/action/record-scope review still required,API > ProtectedAPI > ContractsAPI,tdf-hq/src/TDF/Contracts/API.hs:9
GET,/countries,authenticated-root,bookings.public,view,true,user/admin interface mapped,root bearer/session authentication; handler/action/record-scope review still required,API > ProtectedAPI > CountryAPI,tdf-hq/src/TDF/API.hs:405
GET,/ddex/catalog/releases,authenticated-root,label.ddex.inbox,view,true,user/admin interface mapped,root bearer/session authentication; handler/action/record-scope review still required,API > ProtectedAPI > DDEXAPI,tdf-hq/src/TDF/API/DDEX.hs:33
GET,/ddex/documents,authenticated-root,label.ddex.inbox,view,true,user/admin interface mapped,root bearer/session authentication; handler/action/record-scope review still required,API > ProtectedAPI > DDEXAPI,tdf-hq/src/TDF/API/DDEX.hs:33
POST,/ddex/documents,authenticated-root,label.ddex.inbox,import,true,user/admin interface mapped,root bearer/session authentication; handler/action/record-scope review still required,API > ProtectedAPI > DDEXAPI,tdf-hq/src/TDF/API/DDEX.hs:33
GET,/ddex/documents/{id},authenticated-root,label.ddex.inbox,view,true,user/admin interface mapped,root bearer/session authentication; handler/action/record-scope review still required,API > ProtectedAPI > DDEXAPI,tdf-hq/src/TDF/API/DDEX.hs:33
POST,/ddex/documents/{id}/import-plans,authenticated-root,label.ddex.inbox,import,true,user/admin interface mapped,root bearer/session authentication; handler/action/record-scope review still required,API > ProtectedAPI > DDEXAPI,tdf-hq/src/TDF/API/DDEX.hs:33
GET,/ddex/documents/{id}/preview,authenticated-root,label.ddex.inbox,view,true,user/admin interface mapped,root bearer/session authentication; handler/action/record-scope review still required,API > ProtectedAPI > DDEXAPI,tdf-hq/src/TDF/API/DDEX.hs:33
GET,/ddex/documents/{id}/raw,authenticated-root,label.ddex.inbox,view,true,user/admin interface mapped,root bearer/session authentication; handler/action/record-scope review still required,API > ProtectedAPI > DDEXAPI,tdf-hq/src/TDF/API/DDEX.hs:33
POST,/ddex/documents/{id}/validation-runs,authenticated-root,label.ddex.inbox,import,true,user/admin interface mapped,root bearer/session authentication; handler/action/record-scope review still required,API > ProtectedAPI > DDEXAPI,tdf-hq/src/TDF/API/DDEX.hs:33
GET,/ddex/documents/{id}/validation-runs/latest,authenticated-root,label.ddex.inbox,view,true,user/admin interface mapped,root bearer/session authentication; handler/action/record-scope review still required,API > ProtectedAPI > DDEXAPI,tdf-hq/src/TDF/API/DDEX.hs:33
POST,/ddex/exports,authenticated-root,label.ddex.inbox,export,true,user/admin interface mapped,root bearer/session authentication; handler/action/record-scope review still required,API > ProtectedAPI > DDEXAPI,tdf-hq/src/TDF/API/DDEX.hs:33
GET,/ddex/exports/{id}/download,authenticated-root,label.ddex.inbox,export,true,user/admin interface mapped,root bearer/session authentication; handler/action/record-scope review still required,API > ProtectedAPI > DDEXAPI,tdf-hq/src/TDF/API/DDEX.hs:33
PATCH,/ddex/import-plans/{id},authenticated-root,label.ddex.inbox,import,true,user/admin interface mapped,root bearer/session authentication; handler/action/record-scope review still required,API > ProtectedAPI > DDEXAPI,tdf-hq/src/TDF/API/DDEX.hs:33
POST,/ddex/import-plans/{id}/commit,authenticated-root,label.ddex.inbox,import,true,user/admin interface mapped,root bearer/session authentication; handler/action/record-scope review still required,API > ProtectedAPI > DDEXAPI,tdf-hq/src/TDF/API/DDEX.hs:33
GET,/ddex/partners,authenticated-root,label.ddex.partners,view,true,user/admin interface mapped,root bearer/session authentication; handler/action/record-scope review still required,API > ProtectedAPI > DDEXAPI,tdf-hq/src/TDF/API/DDEX.hs:33
POST,/ddex/partners,authenticated-root,label.ddex.partners,create,true,user/admin interface mapped,root bearer/session authentication; handler/action/record-scope review still required,API > ProtectedAPI > DDEXAPI,tdf-hq/src/TDF/API/DDEX.hs:33
GET,/docs,public-root,help.docs,view,true,user/admin interface mapped,public route; handler validation/signature/rate-limit review still required,API > MetaAPI,tdf-hq/src/TDF/Meta.hs:39
POST,/drive/token,authenticated-root,technical.oauth-google-drive,administer,false,documented API-only capability,root bearer/session authentication; handler/action/record-scope review still required,API > ProtectedAPI > DriveAPI,tdf-hq/src/TDF/API/Drive.hs:141
POST,/drive/token/refresh,authenticated-root,technical.oauth-google-drive,administer,false,documented API-only capability,root bearer/session authentication; handler/action/record-scope review still required,API > ProtectedAPI > DriveAPI,tdf-hq/src/TDF/API/Drive.hs:141
POST,/drive/upload,authenticated-root,technical.oauth-google-drive,administer,false,documented API-only capability,root bearer/session authentication; handler/action/record-scope review still required,API > ProtectedAPI > DriveAPI,tdf-hq/src/TDF/API/Drive.hs:141
GET,/engineers,public-root,bookings.public,view,true,user/admin interface mapped,public route; handler validation/signature/rate-limit review still required,API,tdf-hq/src/TDF/API.hs:559
GET,/facebook/messages,authenticated-root,social.inbox,view,true,user/admin interface mapped,root bearer/session authentication; handler/action/record-scope review still required,API > ProtectedAPI > FacebookAPI,tdf-hq/src/TDF/API/Facebook.hs:111
POST,/facebook/reply,authenticated-root,social.inbox,create,true,user/admin interface mapped,root bearer/session authentication; handler/action/record-scope review still required,API > ProtectedAPI > FacebookAPI,tdf-hq/src/TDF/API/Facebook.hs:111
GET,/facebook/webhook,public-root,social.inbox,view,true,user/admin interface mapped,public route; handler validation/signature/rate-limit review still required,API > FacebookWebhookAPI,tdf-hq/src/TDF/API/Facebook.hs:119
POST,/facebook/webhook,public-root,social.inbox,create,true,user/admin interface mapped,public route; handler validation/signature/rate-limit review still required,API > FacebookWebhookAPI,tdf-hq/src/TDF/API/Facebook.hs:119
GET,/fans/artists,public-root,home,view,true,user/admin interface mapped,public route; handler validation/signature/rate-limit review still required,API > FanPublicAPI,tdf-hq/src/TDF/API.hs:382
GET,/fans/artists/{artistId},public-root,home,view,true,user/admin interface mapped,public route; handler validation/signature/rate-limit review still required,API > FanPublicAPI,tdf-hq/src/TDF/API.hs:382
GET,/fans/artists/{artistId}/fans,public-root,home,view,true,user/admin interface mapped,public route; handler validation/signature/rate-limit review still required,API > FanPublicAPI,tdf-hq/src/TDF/API.hs:382
GET,/fans/artists/{artistId}/releases,public-root,home,view,true,user/admin interface mapped,public route; handler validation/signature/rate-limit review still required,API > FanPublicAPI,tdf-hq/src/TDF/API.hs:382
POST,/fans/artists/{artistId}/tips,public-root,community,create,true,user/admin interface mapped,public route; handler validation/signature/rate-limit review still required,API > FanPublicAPI,tdf-hq/src/TDF/API.hs:382
GET,/fans/clubs/{artistId},public-root,community.club,view,true,user/admin interface mapped,public route; handler validation/signature/rate-limit review still required,API > FanPublicAPI,tdf-hq/src/TDF/API.hs:382
GET,/fans/clubs/{artistId}/events,public-root,community.club,view,true,user/admin interface mapped,public route; handler validation/signature/rate-limit review still required,API > FanPublicAPI,tdf-hq/src/TDF/API.hs:382
GET,/fans/discovery,authenticated-root,home,view,true,user/admin interface mapped,root bearer/session authentication; handler/action/record-scope review still required,API > ProtectedAPI > FanSecureAPI,tdf-hq/src/TDF/API.hs:407
GET,/fans/me/artist-profile,authenticated-root,home,view,true,user/admin interface mapped,root bearer/session authentication; handler/action/record-scope review still required,API > ProtectedAPI > FanSecureAPI,tdf-hq/src/TDF/API.hs:407
GET,/fans/me/clubs,authenticated-root,home,view,true,user/admin interface mapped,root bearer/session authentication; handler/action/record-scope review still required,API > ProtectedAPI > FanSecureAPI,tdf-hq/src/TDF/API.hs:407
GET,/fans/me/clubs/{artistId},authenticated-root,home,view,true,user/admin interface mapped,root bearer/session authentication; handler/action/record-scope review still required,API > ProtectedAPI > FanSecureAPI,tdf-hq/src/TDF/API.hs:407
GET,/fans/me/follows,authenticated-root,home,view,true,user/admin interface mapped,root bearer/session authentication; handler/action/record-scope review still required,API > ProtectedAPI > FanSecureAPI,tdf-hq/src/TDF/API.hs:407
GET,/fans/me/profile,authenticated-root,profile.self,view,true,user/admin interface mapped,root bearer/session authentication; handler/action/record-scope review still required,API > ProtectedAPI > FanSecureAPI,tdf-hq/src/TDF/API.hs:407
POST,/feedback,public-root,help.feedback,create,true,user/admin interface mapped,public route; handler validation/signature/rate-limit review still required,API > FeedbackAPI,tdf-hq/src/TDF/API/Feedback.hs:26
GET,/health,public-root,admin.system-status,view,true,user/admin interface mapped,public route; handler validation/signature/rate-limit review still required,API > HealthAPI,tdf-hq/src/TDF/API.hs:353
GET,/hooks/whatsapp,public-root,,,false,technical/static/API-only; never display,public route; handler validation/signature/rate-limit review still required,API > WhatsAppHooksAPI,tdf-hq/src/TDF/Routes/Courses.hs:466
POST,/hooks/whatsapp,public-root,,,false,technical/static/API-only; never display,public route; handler validation/signature/rate-limit review still required,API > WhatsAppHooksAPI,tdf-hq/src/TDF/Routes/Courses.hs:466
GET,/input-list/inventory,public-root,studio.session.input-list,view,true,user/admin interface mapped,public route; handler validation/signature/rate-limit review still required,API > InputListAPI > InputListPublicAPI,tdf-hq/src/TDF/API.hs:75
POST,/input-list/inventory/seed,public-root,,,false,technical/API-only; never display,public route; handler validation/signature/rate-limit review still required,API > InputListAPI > InputListSeedAPI > SeedAPI,tdf-hq/src/TDF/API.hs:472
GET,/input-list/sessions,public-root,studio.session.input-list,view,true,user/admin interface mapped,public route; handler validation/signature/rate-limit review still required,API > InputListAPI > InputListPublicAPI,tdf-hq/src/TDF/API.hs:75
GET,/input-list/sessions/pdf,public-root,studio.session.input-list,view,true,user/admin interface mapped,public route; handler validation/signature/rate-limit review still required,API > InputListAPI > InputListPublicAPI,tdf-hq/src/TDF/API.hs:75
POST,/input-list/sessions/seed,public-root,,,false,technical/API-only; never display,public route; handler validation/signature/rate-limit review still required,API > InputListAPI > InputListSeedAPI > SeedAPI,tdf-hq/src/TDF/API.hs:472
GET,/instagram/messages,authenticated-root,social.inbox,view,true,user/admin interface mapped,root bearer/session authentication; handler/action/record-scope review still required,API > ProtectedAPI > InstagramAPI,tdf-hq/src/TDF/API/Instagram.hs:111
POST,/instagram/oauth/exchange,authenticated-root,social.instagram,administer,true,user/admin interface mapped,root bearer/session authentication; handler/action/record-scope review still required,API > ProtectedAPI > InstagramOAuthAPI,tdf-hq/src/TDF/API/InstagramOAuth.hs:110
POST,/instagram/reply,authenticated-root,social.instagram,administer,true,user/admin interface mapped,root bearer/session authentication; handler/action/record-scope review still required,API > ProtectedAPI > InstagramAPI,tdf-hq/src/TDF/API/Instagram.hs:111
GET,/instagram/webhook,public-root,social.instagram,view,true,user/admin interface mapped,public route; handler validation/signature/rate-limit review still required,API > InstagramWebhookAPI,tdf-hq/src/TDF/API/Instagram.hs:119
POST,/instagram/webhook,public-root,social.instagram,administer,true,user/admin interface mapped,public route; handler validation/signature/rate-limit review still required,API > InstagramWebhookAPI,tdf-hq/src/TDF/API/Instagram.hs:119
GET,/internships/interns,authenticated-root,internships,view,true,user/admin interface mapped,root bearer/session authentication; handler/action/record-scope review still required,API > ProtectedAPI > InternshipsAPI,tdf-hq/src/TDF/API/Internships.hs:12
GET,/internships/permissions,authenticated-root,internships,view,true,user/admin interface mapped,root bearer/session authentication; handler/action/record-scope review still required,API > ProtectedAPI > InternshipsAPI,tdf-hq/src/TDF/API/Internships.hs:12
GET,/internships/profile,authenticated-root,internships,view,true,user/admin interface mapped,root bearer/session authentication; handler/action/record-scope review still required,API > ProtectedAPI > InternshipsAPI,tdf-hq/src/TDF/API/Internships.hs:12
PATCH,/internships/profile,authenticated-root,internships,edit,true,user/admin interface mapped,root bearer/session authentication; handler/action/record-scope review still required,API > ProtectedAPI > InternshipsAPI,tdf-hq/src/TDF/API/Internships.hs:12
GET,/internships/projects,authenticated-root,internships,view,true,user/admin interface mapped,root bearer/session authentication; handler/action/record-scope review still required,API > ProtectedAPI > InternshipsAPI,tdf-hq/src/TDF/API/Internships.hs:12
PATCH,/internships/projects/{projectId},authenticated-root,internships,edit,true,user/admin interface mapped,root bearer/session authentication; handler/action/record-scope review still required,API > ProtectedAPI > InternshipsAPI,tdf-hq/src/TDF/API/Internships.hs:12
GET,/internships/tasks,authenticated-root,internships,view,true,user/admin interface mapped,root bearer/session authentication; handler/action/record-scope review still required,API > ProtectedAPI > InternshipsAPI,tdf-hq/src/TDF/API/Internships.hs:12
PATCH,/internships/tasks/{taskId},authenticated-root,internships,edit,true,user/admin interface mapped,root bearer/session authentication; handler/action/record-scope review still required,API > ProtectedAPI > InternshipsAPI,tdf-hq/src/TDF/API/Internships.hs:12
GET,/internships/time-entries,authenticated-root,internships,view,true,user/admin interface mapped,root bearer/session authentication; handler/action/record-scope review still required,API > ProtectedAPI > InternshipsAPI,tdf-hq/src/TDF/API/Internships.hs:12
POST,/internships/time-entries/clock-in,authenticated-root,internships,create,true,user/admin interface mapped,root bearer/session authentication; handler/action/record-scope review still required,API > ProtectedAPI > InternshipsAPI,tdf-hq/src/TDF/API/Internships.hs:12
POST,/internships/time-entries/clock-out,authenticated-root,internships,create,true,user/admin interface mapped,root bearer/session authentication; handler/action/record-scope review still required,API > ProtectedAPI > InternshipsAPI,tdf-hq/src/TDF/API/Internships.hs:12
GET,/internships/todos,authenticated-root,internships,view,true,user/admin interface mapped,root bearer/session authentication; handler/action/record-scope review still required,API > ProtectedAPI > InternshipsAPI,tdf-hq/src/TDF/API/Internships.hs:12
RAW,/inventory,public-root,,,false,technical/static/API-only; never display,public route; handler validation/signature/rate-limit review still required,API > AssetsAPI,tdf-hq/src/TDF/API.hs:72
GET,/invoices,authenticated-root,finance.payments,view,true,user/admin interface mapped,root bearer/session authentication; handler/action/record-scope review still required,API > ProtectedAPI > InvoiceAPI,tdf-hq/src/TDF/API.hs:341
POST,/invoices,authenticated-root,finance.payments,create,true,user/admin interface mapped,root bearer/session authentication; handler/action/record-scope review still required,API > ProtectedAPI > InvoiceAPI,tdf-hq/src/TDF/API.hs:341
GET,/invoices/{invoiceId},authenticated-root,finance.payments,view,true,user/admin interface mapped,root bearer/session authentication; handler/action/record-scope review still required,API > ProtectedAPI > InvoiceAPI,tdf-hq/src/TDF/API.hs:341
POST,/invoices/{sessionId}/generate,authenticated-root,finance.payments,create,true,user/admin interface mapped,root bearer/session authentication; handler/action/record-scope review still required,API > ProtectedAPI > InvoiceAPI,tdf-hq/src/TDF/API.hs:341
GET,/invoices/by-session/{sessionId},authenticated-root,finance.payments,view,true,user/admin interface mapped,root bearer/session authentication; handler/action/record-scope review still required,API > ProtectedAPI > InvoiceAPI,tdf-hq/src/TDF/API.hs:341
GET,/label/tracks,authenticated-root,label.tracks,view,true,user/admin interface mapped,root bearer/session authentication; handler/action/record-scope review still required,API > ProtectedAPI > LabelAPI,tdf-hq/src/TDF/API/Label.hs:11
POST,/label/tracks,authenticated-root,label.tracks,create,true,user/admin interface mapped,root bearer/session authentication; handler/action/record-scope review still required,API > ProtectedAPI > LabelAPI,tdf-hq/src/TDF/API/Label.hs:11
DELETE,/label/tracks/{id},authenticated-root,label.tracks,delete,true,user/admin interface mapped,root bearer/session authentication; handler/action/record-scope review still required,API > ProtectedAPI > LabelAPI,tdf-hq/src/TDF/API/Label.hs:11
PATCH,/label/tracks/{id},authenticated-root,label.tracks,edit,true,user/admin interface mapped,root bearer/session authentication; handler/action/record-scope review still required,API > ProtectedAPI > LabelAPI,tdf-hq/src/TDF/API/Label.hs:11
POST,/live-sessions/intake,authenticated-root,studio.live-sessions,create,true,user/admin interface mapped,root bearer/session authentication; handler/action/record-scope review still required,API > ProtectedAPI > LiveSessionsAPI,tdf-hq/src/TDF/API/LiveSessions.hs:52
POST,/login,public-root,technical.auth-login,create,false,user/admin interface mapped,public route; handler validation/signature/rate-limit review still required,API > LoginAPI,tdf-hq/src/TDF/API.hs:358
POST,/login/google,public-root,technical.auth-login,create,false,user/admin interface mapped,public route; handler validation/signature/rate-limit review still required,API > GoogleLoginAPI,tdf-hq/src/TDF/API.hs:359
GET,/marketplace,public-root,marketplace,view,true,user/admin interface mapped,public route; handler validation/signature/rate-limit review still required,API > MarketplaceAPI,tdf-hq/src/TDF/API/Marketplace.hs:22
GET,/marketplace/{id},public-root,marketplace,view,true,user/admin interface mapped,public route; handler validation/signature/rate-limit review still required,API > MarketplaceAPI,tdf-hq/src/TDF/API/Marketplace.hs:22
POST,/marketplace/cart,public-root,marketplace,create,true,user/admin interface mapped,public route; handler validation/signature/rate-limit review still required,API > MarketplaceAPI,tdf-hq/src/TDF/API/Marketplace.hs:22
GET,/marketplace/cart/{cartId},public-root,marketplace,view,true,user/admin interface mapped,public route; handler validation/signature/rate-limit review still required,API > MarketplaceAPI,tdf-hq/src/TDF/API/Marketplace.hs:22
POST,/marketplace/cart/{cartId}/checkout,public-root,marketplace,create,true,user/admin interface mapped,public route; handler validation/signature/rate-limit review still required,API > MarketplaceAPI,tdf-hq/src/TDF/API/Marketplace.hs:22
POST,/marketplace/cart/{cartId}/datafast/checkout,public-root,marketplace,create,true,user/admin interface mapped,public route; handler validation/signature/rate-limit review still required,API > MarketplaceAPI,tdf-hq/src/TDF/API/Marketplace.hs:22
POST,/marketplace/cart/{cartId}/items,public-root,marketplace,create,true,user/admin interface mapped,public route; handler validation/signature/rate-limit review still required,API > MarketplaceAPI,tdf-hq/src/TDF/API/Marketplace.hs:22
POST,/marketplace/cart/{cartId}/paypal/create,public-root,marketplace,create,true,user/admin interface mapped,public route; handler validation/signature/rate-limit review still required,API > MarketplaceAPI,tdf-hq/src/TDF/API/Marketplace.hs:22
POST,/marketplace/cart/{cartId}/stripe/payment-intent,public-root,marketplace,create,true,user/admin interface mapped,public route; handler validation/signature/rate-limit review still required,API > MarketplaceAPI,tdf-hq/src/TDF/API/Marketplace.hs:22
GET,/marketplace/datafast/status,public-root,marketplace,view,true,user/admin interface mapped,public route; handler validation/signature/rate-limit review still required,API > MarketplaceAPI,tdf-hq/src/TDF/API/Marketplace.hs:22
GET,/marketplace/orders,authenticated-root,marketplace,view,true,user/admin interface mapped,root bearer/session authentication; handler/action/record-scope review still required,API > ProtectedAPI > MarketplaceAdminAPI,tdf-hq/src/TDF/API/Marketplace.hs:36
GET,/marketplace/orders/{orderId},public-root,marketplace,view,true,user/admin interface mapped,public route; handler validation/signature/rate-limit review still required,API > MarketplaceAPI,tdf-hq/src/TDF/API/Marketplace.hs:22
PUT,/marketplace/orders/{orderId},authenticated-root,marketplace,edit,true,user/admin interface mapped,root bearer/session authentication; handler/action/record-scope review still required,API > ProtectedAPI > MarketplaceAdminAPI,tdf-hq/src/TDF/API/Marketplace.hs:36
POST,/marketplace/paypal/capture,public-root,marketplace,create,true,user/admin interface mapped,public route; handler validation/signature/rate-limit review still required,API > MarketplaceAPI,tdf-hq/src/TDF/API/Marketplace.hs:22
POST,/mcp,public-root,,,false,technical/API-only; never display,public route; handler validation/signature/rate-limit review still required,API > McpAPI,tdf-hq/src/TDF/API.hs:354
POST,/meta/backfill,authenticated-root,admin.diagnostics,administer,true,user/admin interface mapped,root bearer/session authentication; handler/action/record-scope review still required,API > ProtectedAPI > MetaBackfillAPI,tdf-hq/src/TDF/API.hs:163
GET,/navigation/preferences,authenticated-root,navigation.explore,view,true,user/admin interface mapped,root bearer/session authentication; handler/action/record-scope review still required,API > ProtectedAPI > NavigationPreferencesAPI,tdf-hq/src/TDF/API.hs:492
PUT,/navigation/preferences/{featureId},authenticated-root,navigation.explore,edit,true,user/admin interface mapped,root bearer/session authentication; handler/action/record-scope review still required,API > ProtectedAPI > NavigationPreferencesAPI,tdf-hq/src/TDF/API.hs:492
POST,/navigation/preferences/{featureId}/visit,authenticated-root,navigation.explore,edit,true,user/admin interface mapped,root bearer/session authentication; handler/action/record-scope review still required,API > ProtectedAPI > NavigationPreferencesAPI,tdf-hq/src/TDF/API.hs:492
GET,/openapi.yaml,public-root,help.docs,view,true,user/admin interface mapped,public route; handler validation/signature/rate-limit review still required,API > MetaAPI,tdf-hq/src/TDF/Meta.hs:39
GET,/packages/products,authenticated-root,marketplace,view,true,user/admin interface mapped,root bearer/session authentication; handler/action/record-scope review still required,API > ProtectedAPI > PackageAPI,tdf-hq/src/TDF/API.hs:337
POST,/packages/purchases,authenticated-root,marketplace,create,true,user/admin interface mapped,root bearer/session authentication; handler/action/record-scope review still required,API > ProtectedAPI > PackageAPI,tdf-hq/src/TDF/API.hs:337
GET,/parties,authenticated-root,crm.contacts,view,true,user/admin interface mapped,root bearer/session authentication; handler/action/record-scope review still required,API > ProtectedAPI > PartyAPI,tdf-hq/src/TDF/API.hs:124
POST,/parties,authenticated-root,crm.contacts,create,true,user/admin interface mapped,root bearer/session authentication; handler/action/record-scope review still required,API > ProtectedAPI > PartyAPI,tdf-hq/src/TDF/API.hs:124
GET,/parties/{partyId},authenticated-root,crm.contacts,view,true,user/admin interface mapped,root bearer/session authentication; handler/action/record-scope review still required,API > ProtectedAPI > PartyAPI,tdf-hq/src/TDF/API.hs:124
POST,/password/change,public-root,,,false,technical/API-only; never display,public route; handler validation/signature/rate-limit review still required,API > PasswordAPI,tdf-hq/src/TDF/API.hs:367
GET,/payments,authenticated-root,finance.payments,view,true,user/admin interface mapped,root bearer/session authentication; handler/action/record-scope review still required,API > ProtectedAPI > PaymentsAPI,tdf-hq/src/TDF/API/Payments.hs:332
POST,/payments,authenticated-root,finance.payments,create,true,user/admin interface mapped,root bearer/session authentication; handler/action/record-scope review still required,API > ProtectedAPI > PaymentsAPI,tdf-hq/src/TDF/API/Payments.hs:332
GET,/payments/{paymentId},authenticated-root,finance.payments,view,true,user/admin interface mapped,root bearer/session authentication; handler/action/record-scope review still required,API > ProtectedAPI > PaymentsAPI,tdf-hq/src/TDF/API/Payments.hs:332
GET,/pipelines/{pipelineType},authenticated-root,studio.pipelines,view,true,user/admin interface mapped,root bearer/session authentication; handler/action/record-scope review still required,API > ProtectedAPI > PipelinesAPI,tdf-hq/src/TDF/API/Pipelines.hs:11
GET,/proposals,authenticated-root,crm.leads,view,true,user/admin interface mapped,root bearer/session authentication; handler/action/record-scope review still required,API > ProtectedAPI > ProposalsAPI,tdf-hq/src/TDF/API/Proposals.hs:33
GET,/public/assets/qr/{token},public-root,technical.inventory-scan,view,true,documented API-only capability,public route; handler validation/signature/rate-limit review still required,API > InventoryPublicAPI,tdf-hq/src/TDF/API/Inventory.hs:323
POST,/public/assets/qr/{token}/checkin,public-root,technical.inventory-scan,edit,false,documented API-only capability,public route; handler validation/signature/rate-limit review still required,API > InventoryPublicAPI,tdf-hq/src/TDF/API/Inventory.hs:323
POST,/public/assets/qr/{token}/checkout,public-root,technical.inventory-scan,edit,false,documented API-only capability,public route; handler validation/signature/rate-limit review still required,API > InventoryPublicAPI,tdf-hq/src/TDF/API/Inventory.hs:323
POST,/public/assets/qr/{token}/upload,public-root,technical.inventory-scan,edit,false,documented API-only capability,public route; handler validation/signature/rate-limit review still required,API > InventoryPublicAPI,tdf-hq/src/TDF/API/Inventory.hs:323
GET,/public/courses/{slug},public-root,technical.course-public,view,true,user/admin interface mapped,public route; handler validation/signature/rate-limit review still required,API > CoursesPublicAPI,tdf-hq/src/TDF/Routes/Courses.hs:434
POST,/public/courses/{slug}/registrations,public-root,technical.course-registration,submit,true,user/admin interface mapped,public route; handler validation/signature/rate-limit review still required,API > CoursesPublicAPI,tdf-hq/src/TDF/Routes/Courses.hs:434
POST,/public/courses/{slug}/registrations/{registrationId}/checkout-session,public-root,technical.course-registration,submit,true,user/admin interface mapped,public route; handler validation/signature/rate-limit review still required,API > CoursesPublicAPI,tdf-hq/src/TDF/Routes/Courses.hs:434
POST,/public/courses/{slug}/registrations/{registrationId}/payment-intent,public-root,technical.course-registration,submit,true,user/admin interface mapped,public route; handler validation/signature/rate-limit review still required,API > CoursesPublicAPI,tdf-hq/src/TDF/Routes/Courses.hs:434
GET,/public/whatsapp/consent,public-root,technical.whatsapp-consent-public,view,true,user/admin interface mapped,public route; handler validation/signature/rate-limit review still required,API > WhatsAppConsentPublicAPI > WhatsAppConsentRoutes,tdf-hq/src/TDF/API.hs:216
POST,/public/whatsapp/consent,public-root,technical.whatsapp-consent-public,submit,true,user/admin interface mapped,public route; handler validation/signature/rate-limit review still required,API > WhatsAppConsentPublicAPI > WhatsAppConsentRoutes,tdf-hq/src/TDF/API.hs:216
POST,/public/whatsapp/opt-out,public-root,technical.whatsapp-consent-public,submit,true,user/admin interface mapped,public route; handler validation/signature/rate-limit review still required,API > WhatsAppConsentPublicAPI > WhatsAppConsentRoutes,tdf-hq/src/TDF/API.hs:216
DELETE,/radio/presence,authenticated-root,studio.live-sessions,edit,true,user/admin interface mapped,root bearer/session authentication; handler/action/record-scope review still required,API > ProtectedAPI > RadioAPI,tdf-hq/src/TDF/API/Radio.hs:16
GET,/radio/presence,authenticated-root,studio.live-sessions,view,true,user/admin interface mapped,root bearer/session authentication; handler/action/record-scope review still required,API > ProtectedAPI > RadioAPI,tdf-hq/src/TDF/API/Radio.hs:16
POST,/radio/presence,authenticated-root,studio.live-sessions,edit,true,user/admin interface mapped,root bearer/session authentication; handler/action/record-scope review still required,API > ProtectedAPI > RadioAPI,tdf-hq/src/TDF/API/Radio.hs:16
GET,/radio/presence/{partyId},authenticated-root,studio.live-sessions,view,true,user/admin interface mapped,root bearer/session authentication; handler/action/record-scope review still required,API > ProtectedAPI > RadioAPI,tdf-hq/src/TDF/API/Radio.hs:16
GET,/radio/streams,authenticated-root,studio.live-sessions,view,true,user/admin interface mapped,root bearer/session authentication; handler/action/record-scope review still required,API > ProtectedAPI > RadioAPI,tdf-hq/src/TDF/API/Radio.hs:16
POST,/radio/streams/active,authenticated-root,studio.live-sessions,edit,true,user/admin interface mapped,root bearer/session authentication; handler/action/record-scope review still required,API > ProtectedAPI > RadioAPI,tdf-hq/src/TDF/API/Radio.hs:16
POST,/radio/streams/import,authenticated-root,studio.live-sessions,edit,true,user/admin interface mapped,root bearer/session authentication; handler/action/record-scope review still required,API > ProtectedAPI > RadioAPI,tdf-hq/src/TDF/API/Radio.hs:16
POST,/radio/streams/now-playing,authenticated-root,studio.live-sessions,edit,true,user/admin interface mapped,root bearer/session authentication; handler/action/record-scope review still required,API > ProtectedAPI > RadioAPI,tdf-hq/src/TDF/API/Radio.hs:16
POST,/radio/streams/refresh-metadata,authenticated-root,studio.live-sessions,edit,true,user/admin interface mapped,root bearer/session authentication; handler/action/record-scope review still required,API > ProtectedAPI > RadioAPI,tdf-hq/src/TDF/API/Radio.hs:16
POST,/radio/transmissions,authenticated-root,studio.live-sessions,edit,true,user/admin interface mapped,root bearer/session authentication; handler/action/record-scope review still required,API > ProtectedAPI > RadioAPI,tdf-hq/src/TDF/API/Radio.hs:16
GET,/receipts,authenticated-root,finance.payments,view,true,user/admin interface mapped,root bearer/session authentication; handler/action/record-scope review still required,API > ProtectedAPI > ReceiptAPI,tdf-hq/src/TDF/API.hs:348
POST,/receipts,authenticated-root,finance.payments,create,true,user/admin interface mapped,root bearer/session authentication; handler/action/record-scope review still required,API > ProtectedAPI > ReceiptAPI,tdf-hq/src/TDF/API.hs:348
GET,/receipts/{receiptId},authenticated-root,finance.payments,view,true,user/admin interface mapped,root bearer/session authentication; handler/action/record-scope review still required,API > ProtectedAPI > ReceiptAPI,tdf-hq/src/TDF/API.hs:348
POST,/referrals/claim,public-root,technical.course-registration,submit,true,user/admin interface mapped,public route; handler validation/signature/rate-limit review still required,API > AcademyAPI,tdf-hq/src/TDF/Routes/Academy.hs:116
GET,/rooms,authenticated-root,studio.rooms,view,true,user/admin interface mapped,root bearer/session authentication; handler/action/record-scope review still required,API > ProtectedAPI > RoomsAPI,tdf-hq/src/TDF/API/Rooms.hs:14
POST,/rooms,authenticated-root,studio.rooms,create,true,user/admin interface mapped,root bearer/session authentication; handler/action/record-scope review still required,API > ProtectedAPI > RoomsAPI,tdf-hq/src/TDF/API/Rooms.hs:14
PATCH,/rooms/{id},authenticated-root,studio.rooms,edit,true,user/admin interface mapped,root bearer/session authentication; handler/action/record-scope review still required,API > ProtectedAPI > RoomsAPI,tdf-hq/src/TDF/API/Rooms.hs:14
GET,/rooms/public,public-root,studio.rooms,view,true,user/admin interface mapped,public route; handler validation/signature/rate-limit review still required,API > RoomsPublicAPI,tdf-hq/src/TDF/API/Rooms.hs:11
POST,/seed,public-root,,,false,technical/API-only; never display,public route; handler validation/signature/rate-limit review still required,API > SeedAPI,tdf-hq/src/TDF/API.hs:472
GET,/service-marketplace/ads,authenticated-root,marketplace,view,true,user/admin interface mapped,root bearer/session authentication; handler/action/record-scope review still required,API > ProtectedAPI > ServiceMarketplaceAPI,tdf-hq/src/TDF/API.hs:328
POST,/service-marketplace/ads,authenticated-root,marketplace,create,true,user/admin interface mapped,root bearer/session authentication; handler/action/record-scope review still required,API > ProtectedAPI > ServiceMarketplaceAPI,tdf-hq/src/TDF/API.hs:328
GET,/service-marketplace/ads/{adId}/slots,authenticated-root,marketplace,view,true,user/admin interface mapped,root bearer/session authentication; handler/action/record-scope review still required,API > ProtectedAPI > ServiceMarketplaceAPI,tdf-hq/src/TDF/API.hs:328
POST,/service-marketplace/ads/{adId}/slots,authenticated-root,marketplace,create,true,user/admin interface mapped,root bearer/session authentication; handler/action/record-scope review still required,API > ProtectedAPI > ServiceMarketplaceAPI,tdf-hq/src/TDF/API.hs:328
POST,/service-marketplace/bookings,authenticated-root,marketplace,create,true,user/admin interface mapped,root bearer/session authentication; handler/action/record-scope review still required,API > ProtectedAPI > ServiceMarketplaceAPI,tdf-hq/src/TDF/API.hs:328
POST,/service-marketplace/bookings/{bookingId}/complete,authenticated-root,marketplace,create,true,user/admin interface mapped,root bearer/session authentication; handler/action/record-scope review still required,API > ProtectedAPI > ServiceMarketplaceAPI,tdf-hq/src/TDF/API.hs:328
POST,/service-marketplace/bookings/{bookingId}/escrow/release,authenticated-root,marketplace,create,true,user/admin interface mapped,root bearer/session authentication; handler/action/record-scope review still required,API > ProtectedAPI > ServiceMarketplaceAPI,tdf-hq/src/TDF/API.hs:328
GET,/services/catalog,authenticated-root,studio.services,view,true,user/admin interface mapped,root bearer/session authentication; handler/action/record-scope review still required,API > ProtectedAPI > ServiceCatalogAPI,tdf-hq/src/TDF/API/Services.hs:14
POST,/services/catalog,authenticated-root,studio.services,create,true,user/admin interface mapped,root bearer/session authentication; handler/action/record-scope review still required,API > ProtectedAPI > ServiceCatalogAPI,tdf-hq/src/TDF/API/Services.hs:14
DELETE,/services/catalog/{id},authenticated-root,studio.services,delete,true,user/admin interface mapped,root bearer/session authentication; handler/action/record-scope review still required,API > ProtectedAPI > ServiceCatalogAPI,tdf-hq/src/TDF/API/Services.hs:14
PATCH,/services/catalog/{id},authenticated-root,studio.services,edit,true,user/admin interface mapped,root bearer/session authentication; handler/action/record-scope review still required,API > ProtectedAPI > ServiceCatalogAPI,tdf-hq/src/TDF/API/Services.hs:14
GET,/services/catalog/public,public-root,studio.services,view,true,user/admin interface mapped,public route; handler validation/signature/rate-limit review still required,API > ServiceCatalogPublicAPI,tdf-hq/src/TDF/API/Services.hs:11
GET,/services/storefront,public-root,studio.services,view,true,user/admin interface mapped,public route; handler validation/signature/rate-limit review still required,API > ServiceStorefrontPublicAPI,tdf-hq/src/TDF/API/ServiceStorefront.hs:19
GET,/services/storefront/{packageId},public-root,studio.services,view,true,user/admin interface mapped,public route; handler validation/signature/rate-limit review still required,API > ServiceStorefrontPublicAPI,tdf-hq/src/TDF/API/ServiceStorefront.hs:19
GET,/services/storefront/datafast/status,public-root,studio.services,view,true,user/admin interface mapped,public route; handler validation/signature/rate-limit review still required,API > ServiceStorefrontPublicAPI,tdf-hq/src/TDF/API/ServiceStorefront.hs:19
POST,/services/storefront/order,public-root,studio.services,create,true,user/admin interface mapped,public route; handler validation/signature/rate-limit review still required,API > ServiceStorefrontPublicAPI,tdf-hq/src/TDF/API/ServiceStorefront.hs:19
GET,/services/storefront/order/{orderId},public-root,studio.services,view,true,user/admin interface mapped,public route; handler validation/signature/rate-limit review still required,API > ServiceStorefrontPublicAPI,tdf-hq/src/TDF/API/ServiceStorefront.hs:19
POST,/services/storefront/order/{orderId}/datafast/checkout,public-root,studio.services,create,true,user/admin interface mapped,public route; handler validation/signature/rate-limit review still required,API > ServiceStorefrontPublicAPI,tdf-hq/src/TDF/API/ServiceStorefront.hs:19
POST,/services/storefront/order/{orderId}/paypal/create,public-root,studio.services,create,true,user/admin interface mapped,public route; handler validation/signature/rate-limit review still required,API > ServiceStorefrontPublicAPI,tdf-hq/src/TDF/API/ServiceStorefront.hs:19
POST,/services/storefront/order/{orderId}/revision,public-root,studio.services,create,true,user/admin interface mapped,public route; handler validation/signature/rate-limit review still required,API > ServiceStorefrontPublicAPI,tdf-hq/src/TDF/API/ServiceStorefront.hs:19
POST,/services/storefront/order/{orderId}/stripe/payment-intent,public-root,studio.services,create,true,user/admin interface mapped,public route; handler validation/signature/rate-limit review still required,API > ServiceStorefrontPublicAPI,tdf-hq/src/TDF/API/ServiceStorefront.hs:19
POST,/services/storefront/paypal/capture,public-root,studio.services,create,true,user/admin interface mapped,public route; handler validation/signature/rate-limit review still required,API > ServiceStorefrontPublicAPI,tdf-hq/src/TDF/API/ServiceStorefront.hs:19
GET,/session,public-root,,,false,technical/API-only; never display,public route; handler validation/signature/rate-limit review still required,API > SessionAPI,tdf-hq/src/TDF/API.hs:474
POST,/session/currency-conversions,public-root,,,false,technical/API-only; never display,public route; handler validation/signature/rate-limit review still required,API > SessionAPI,tdf-hq/src/TDF/API.hs:474
POST,/session/logout,public-root,,,false,technical/API-only; never display,public route; handler validation/signature/rate-limit review still required,API > SessionAPI,tdf-hq/src/TDF/API.hs:474
GET,/session/preferences,public-root,admin.preferences,view,true,user/admin interface mapped,public route; handler validation/signature/rate-limit review still required,API > SessionAPI,tdf-hq/src/TDF/API.hs:474
PUT,/session/preferences,public-root,admin.preferences,edit,true,user/admin interface mapped,public route; handler validation/signature/rate-limit review still required,API > SessionAPI,tdf-hq/src/TDF/API.hs:474
POST,/signup,public-root,technical.auth-login,create,false,user/admin interface mapped,public route; handler validation/signature/rate-limit review still required,API > SignupAPI,tdf-hq/src/TDF/API.hs:361
GET,/social-discovery/posts,authenticated-root,social.discovery,view,true,user/admin interface mapped,root bearer/session authentication; handler/action/record-scope review still required,API > ProtectedAPI > SocialDiscoveryAPI,tdf-hq/src/TDF/API/SocialDiscoveryAPI.hs:11
PUT,/social-discovery/posts/{postId}/review,authenticated-root,social.discovery,administer,true,user/admin interface mapped,root bearer/session authentication; handler/action/record-scope review still required,API > ProtectedAPI > SocialDiscoveryAPI,tdf-hq/src/TDF/API/SocialDiscoveryAPI.hs:11
GET,/social-events/artists,authenticated-root,social,view,true,user/admin interface mapped,root bearer/session authentication; handler/action/record-scope review still required,API > ProtectedAPI > SocialEventsAPI > ArtistsRoutes,tdf-hq/src/TDF/API/SocialEventsAPI.hs:406
POST,/social-events/artists,authenticated-root,social,create,true,user/admin interface mapped,root bearer/session authentication; handler/action/record-scope review still required,API > ProtectedAPI > SocialEventsAPI > ArtistsRoutes,tdf-hq/src/TDF/API/SocialEventsAPI.hs:406
DELETE,/social-events/artists/{artistId}/follow,authenticated-root,social,delete,true,user/admin interface mapped,root bearer/session authentication; handler/action/record-scope review still required,API > ProtectedAPI > SocialEventsAPI > ArtistsRoutes,tdf-hq/src/TDF/API/SocialEventsAPI.hs:406
POST,/social-events/artists/{artistId}/follow,authenticated-root,social,create,true,user/admin interface mapped,root bearer/session authentication; handler/action/record-scope review still required,API > ProtectedAPI > SocialEventsAPI > ArtistsRoutes,tdf-hq/src/TDF/API/SocialEventsAPI.hs:406
GET,/social-events/artists/{artistId}/followers,authenticated-root,social,view,true,user/admin interface mapped,root bearer/session authentication; handler/action/record-scope review still required,API > ProtectedAPI > SocialEventsAPI > ArtistsRoutes,tdf-hq/src/TDF/API/SocialEventsAPI.hs:406
GET,/social-events/cities,authenticated-root,social,view,true,user/admin interface mapped,root bearer/session authentication; handler/action/record-scope review still required,API > ProtectedAPI > SocialEventsAPI > EventCitiesRoutes,tdf-hq/src/TDF/API/SocialEventsAPI.hs:379
GET,/social-events/event-sources,authenticated-root,social,view,true,user/admin interface mapped,root bearer/session authentication; handler/action/record-scope review still required,API > ProtectedAPI > SocialEventsAPI > EventDiscoverySourcesRoutes,tdf-hq/src/TDF/API/SocialEventsAPI.hs:390
POST,/social-events/event-sources,authenticated-root,social,create,true,user/admin interface mapped,root bearer/session authentication; handler/action/record-scope review still required,API > ProtectedAPI > SocialEventsAPI > EventDiscoverySourcesRoutes,tdf-hq/src/TDF/API/SocialEventsAPI.hs:390
GET,/social-events/events,authenticated-root,social.events,view,true,user/admin interface mapped,root bearer/session authentication; handler/action/record-scope review still required,API > ProtectedAPI > SocialEventsAPI > EventsRoutes,tdf-hq/src/TDF/API/SocialEventsAPI.hs:361
POST,/social-events/events,authenticated-root,social.events,create,true,user/admin interface mapped,root bearer/session authentication; handler/action/record-scope review still required,API > ProtectedAPI > SocialEventsAPI > EventsRoutes,tdf-hq/src/TDF/API/SocialEventsAPI.hs:361
GET,/social-events/events/{eventId}/budget-lines,authenticated-root,social.events,view,true,user/admin interface mapped,root bearer/session authentication; handler/action/record-scope review still required,API > ProtectedAPI > SocialEventsAPI > BudgetRoutes,tdf-hq/src/TDF/API/SocialEventsAPI.hs:516
POST,/social-events/events/{eventId}/budget-lines,authenticated-root,social.events,create,true,user/admin interface mapped,root bearer/session authentication; handler/action/record-scope review still required,API > ProtectedAPI > SocialEventsAPI > BudgetRoutes,tdf-hq/src/TDF/API/SocialEventsAPI.hs:516
PUT,/social-events/events/{eventId}/budget-lines/{lineId},authenticated-root,social.events,edit,true,user/admin interface mapped,root bearer/session authentication; handler/action/record-scope review still required,API > ProtectedAPI > SocialEventsAPI > BudgetRoutes,tdf-hq/src/TDF/API/SocialEventsAPI.hs:516
GET,/social-events/events/{eventId}/finance-entries,authenticated-root,social.events,view,true,user/admin interface mapped,root bearer/session authentication; handler/action/record-scope review still required,API > ProtectedAPI > SocialEventsAPI > FinanceRoutes,tdf-hq/src/TDF/API/SocialEventsAPI.hs:521
POST,/social-events/events/{eventId}/finance-entries,authenticated-root,social.events,create,true,user/admin interface mapped,root bearer/session authentication; handler/action/record-scope review still required,API > ProtectedAPI > SocialEventsAPI > FinanceRoutes,tdf-hq/src/TDF/API/SocialEventsAPI.hs:521
PUT,/social-events/events/{eventId}/finance-entries/{entryId},authenticated-root,social.events,edit,true,user/admin interface mapped,root bearer/session authentication; handler/action/record-scope review still required,API > ProtectedAPI > SocialEventsAPI > FinanceRoutes,tdf-hq/src/TDF/API/SocialEventsAPI.hs:521
GET,/social-events/events/{eventId}/finance-summary,authenticated-root,social.events,view,true,user/admin interface mapped,root bearer/session authentication; handler/action/record-scope review still required,API > ProtectedAPI > SocialEventsAPI > FinanceRoutes,tdf-hq/src/TDF/API/SocialEventsAPI.hs:521
GET,/social-events/events/{eventId}/invitations,authenticated-root,social.events,view,true,user/admin interface mapped,root bearer/session authentication; handler/action/record-scope review still required,API > ProtectedAPI > SocialEventsAPI > InvitationsRoutes,tdf-hq/src/TDF/API/SocialEventsAPI.hs:419
GET,/social-events/events/{eventId}/live-broadcasts,authenticated-root,social.events,view,true,user/admin interface mapped,root bearer/session authentication; handler/action/record-scope review still required,API > ProtectedAPI > SocialEventsAPI > LiveBroadcastsRoutes,tdf-hq/src/TDF/API/SocialEventsAPI.hs:435
POST,/social-events/events/{eventId}/live-broadcasts,authenticated-root,social.events,create,true,user/admin interface mapped,root bearer/session authentication; handler/action/record-scope review still required,API > ProtectedAPI > SocialEventsAPI > LiveBroadcastsRoutes,tdf-hq/src/TDF/API/SocialEventsAPI.hs:435
POST,/social-events/events/{eventId}/live-broadcasts/{broadcastId}/end,authenticated-root,social.events,create,true,user/admin interface mapped,root bearer/session authentication; handler/action/record-scope review still required,API > ProtectedAPI > SocialEventsAPI > LiveBroadcastsRoutes,tdf-hq/src/TDF/API/SocialEventsAPI.hs:435
POST,/social-events/events/{eventId}/live-broadcasts/{broadcastId}/heartbeat,authenticated-root,social.events,create,true,user/admin interface mapped,root bearer/session authentication; handler/action/record-scope review still required,API > ProtectedAPI > SocialEventsAPI > LiveBroadcastsRoutes,tdf-hq/src/TDF/API/SocialEventsAPI.hs:435
GET,/social-events/events/{eventId}/logistics,authenticated-root,social.event.logistics,view,true,user/admin interface mapped,root bearer/session authentication; handler/action/record-scope review still required,API > ProtectedAPI > SocialEventsAPI > LogisticsRoutes,tdf-hq/src/TDF/API/SocialEventsAPI.hs:533
GET,/social-events/events/{eventId}/moments,authenticated-root,social.events,view,true,user/admin interface mapped,root bearer/session authentication; handler/action/record-scope review still required,API > ProtectedAPI > SocialEventsAPI > MomentsRoutes,tdf-hq/src/TDF/API/SocialEventsAPI.hs:428
POST,/social-events/events/{eventId}/moments,authenticated-root,social.events,create,true,user/admin interface mapped,root bearer/session authentication; handler/action/record-scope review still required,API > ProtectedAPI > SocialEventsAPI > MomentsRoutes,tdf-hq/src/TDF/API/SocialEventsAPI.hs:428
POST,/social-events/events/{eventId}/moments/{momentId}/comments,authenticated-root,social.events,create,true,user/admin interface mapped,root bearer/session authentication; handler/action/record-scope review still required,API > ProtectedAPI > SocialEventsAPI > MomentsRoutes,tdf-hq/src/TDF/API/SocialEventsAPI.hs:428
POST,/social-events/events/{eventId}/moments/{momentId}/reactions,authenticated-root,social.events,create,true,user/admin interface mapped,root bearer/session authentication; handler/action/record-scope review still required,API > ProtectedAPI > SocialEventsAPI > MomentsRoutes,tdf-hq/src/TDF/API/SocialEventsAPI.hs:428
POST,/social-events/events/{eventId}/moments/image,authenticated-root,social.events,create,true,user/admin interface mapped,root bearer/session authentication; handler/action/record-scope review still required,API > ProtectedAPI > SocialEventsAPI > MomentsRoutes,tdf-hq/src/TDF/API/SocialEventsAPI.hs:428
GET,/social-events/events/{eventId}/promo-codes,authenticated-root,social.events,view,true,user/admin interface mapped,root bearer/session authentication; handler/action/record-scope review still required,API > ProtectedAPI > SocialEventsAPI > TicketsRoutes,tdf-hq/src/TDF/API/SocialEventsAPI.hs:441
POST,/social-events/events/{eventId}/promo-codes,authenticated-root,social.events,create,true,user/admin interface mapped,root bearer/session authentication; handler/action/record-scope review still required,API > ProtectedAPI > SocialEventsAPI > TicketsRoutes,tdf-hq/src/TDF/API/SocialEventsAPI.hs:441
PUT,/social-events/events/{eventId}/promo-codes/{codeId},authenticated-root,social.events,edit,true,user/admin interface mapped,root bearer/session authentication; handler/action/record-scope review still required,API > ProtectedAPI > SocialEventsAPI > TicketsRoutes,tdf-hq/src/TDF/API/SocialEventsAPI.hs:441
GET,/social-events/events/{eventId}/promo-codes/{codeId}/validate,authenticated-root,social.events,view,true,user/admin interface mapped,root bearer/session authentication; handler/action/record-scope review still required,API > ProtectedAPI > SocialEventsAPI > TicketsRoutes,tdf-hq/src/TDF/API/SocialEventsAPI.hs:441
GET,/social-events/events/{eventId}/refunds,authenticated-root,social.events,view,true,user/admin interface mapped,root bearer/session authentication; handler/action/record-scope review still required,API > ProtectedAPI > SocialEventsAPI > TicketsRoutes,tdf-hq/src/TDF/API/SocialEventsAPI.hs:441
POST,/social-events/events/{eventId}/refunds/{refundId}/approve,authenticated-root,social.events,create,true,user/admin interface mapped,root bearer/session authentication; handler/action/record-scope review still required,API > ProtectedAPI > SocialEventsAPI > TicketsRoutes,tdf-hq/src/TDF/API/SocialEventsAPI.hs:441
POST,/social-events/events/{eventId}/refunds/{refundId}/reject,authenticated-root,social.events,create,true,user/admin interface mapped,root bearer/session authentication; handler/action/record-scope review still required,API > ProtectedAPI > SocialEventsAPI > TicketsRoutes,tdf-hq/src/TDF/API/SocialEventsAPI.hs:441
GET,/social-events/events/{eventId}/rsvps,authenticated-root,social.events,view,true,user/admin interface mapped,root bearer/session authentication; handler/action/record-scope review still required,API > ProtectedAPI > SocialEventsAPI > RsvpRoutes,tdf-hq/src/TDF/API/SocialEventsAPI.hs:415
POST,/social-events/events/{eventId}/rsvps,authenticated-root,social.events,create,true,user/admin interface mapped,root bearer/session authentication; handler/action/record-scope review still required,API > ProtectedAPI > SocialEventsAPI > RsvpRoutes,tdf-hq/src/TDF/API/SocialEventsAPI.hs:415
GET,/social-events/events/{eventId}/ticket-orders,authenticated-root,social.events,view,true,user/admin interface mapped,root bearer/session authentication; handler/action/record-scope review still required,API > ProtectedAPI > SocialEventsAPI > TicketsRoutes,tdf-hq/src/TDF/API/SocialEventsAPI.hs:441
POST,/social-events/events/{eventId}/ticket-orders,authenticated-root,social.ticket-checkout,create,true,user/admin interface mapped,root bearer/session authentication; handler/action/record-scope review still required,API > ProtectedAPI > SocialEventsAPI > TicketsRoutes,tdf-hq/src/TDF/API/SocialEventsAPI.hs:441
POST,/social-events/events/{eventId}/ticket-orders/{orderId}/refund,authenticated-root,social.ticket-checkout,create,true,user/admin interface mapped,root bearer/session authentication; handler/action/record-scope review still required,API > ProtectedAPI > SocialEventsAPI > TicketsRoutes,tdf-hq/src/TDF/API/SocialEventsAPI.hs:441
PUT,/social-events/events/{eventId}/ticket-orders/{orderId}/status,authenticated-root,social.events,edit,true,user/admin interface mapped,root bearer/session authentication; handler/action/record-scope review still required,API > ProtectedAPI > SocialEventsAPI > TicketsRoutes,tdf-hq/src/TDF/API/SocialEventsAPI.hs:441
GET,/social-events/events/{eventId}/ticket-tiers,authenticated-root,social.events,view,true,user/admin interface mapped,root bearer/session authentication; handler/action/record-scope review still required,API > ProtectedAPI > SocialEventsAPI > TicketsRoutes,tdf-hq/src/TDF/API/SocialEventsAPI.hs:441
POST,/social-events/events/{eventId}/ticket-tiers,authenticated-root,social.events,create,true,user/admin interface mapped,root bearer/session authentication; handler/action/record-scope review still required,API > ProtectedAPI > SocialEventsAPI > TicketsRoutes,tdf-hq/src/TDF/API/SocialEventsAPI.hs:441
PUT,/social-events/events/{eventId}/ticket-tiers/{tierId},authenticated-root,social.events,edit,true,user/admin interface mapped,root bearer/session authentication; handler/action/record-scope review still required,API > ProtectedAPI > SocialEventsAPI > TicketsRoutes,tdf-hq/src/TDF/API/SocialEventsAPI.hs:441
GET,/social-events/events/{eventId}/tickets,authenticated-root,social.events,view,true,user/admin interface mapped,root bearer/session authentication; handler/action/record-scope review still required,API > ProtectedAPI > SocialEventsAPI > TicketsRoutes,tdf-hq/src/TDF/API/SocialEventsAPI.hs:441
GET,/social-events/events/{eventId}/tickets/{ticketId}/qr,authenticated-root,social.events,view,true,user/admin interface mapped,root bearer/session authentication; handler/action/record-scope review still required,API > ProtectedAPI > SocialEventsAPI > TicketsRoutes,tdf-hq/src/TDF/API/SocialEventsAPI.hs:441
POST,/social-events/events/{eventId}/tickets/{ticketId}/transfer,authenticated-root,social.events,create,true,user/admin interface mapped,root bearer/session authentication; handler/action/record-scope review still required,API > ProtectedAPI > SocialEventsAPI > TicketsRoutes,tdf-hq/src/TDF/API/SocialEventsAPI.hs:441
GET,/social-events/events/{eventId}/tickets/{ticketId}/transfers,authenticated-root,social.events,view,true,user/admin interface mapped,root bearer/session authentication; handler/action/record-scope review still required,API > ProtectedAPI > SocialEventsAPI > TicketsRoutes,tdf-hq/src/TDF/API/SocialEventsAPI.hs:441
POST,/social-events/events/{eventId}/tickets/check-in,authenticated-root,social.events,create,true,user/admin interface mapped,root bearer/session authentication; handler/action/record-scope review still required,API > ProtectedAPI > SocialEventsAPI > TicketsRoutes,tdf-hq/src/TDF/API/SocialEventsAPI.hs:441
GET,/social-events/events/{eventId}/waitlist,authenticated-root,social.events,view,true,user/admin interface mapped,root bearer/session authentication; handler/action/record-scope review still required,API > ProtectedAPI > SocialEventsAPI > TicketsRoutes,tdf-hq/src/TDF/API/SocialEventsAPI.hs:441
POST,/social-events/events/{eventId}/waitlist,authenticated-root,social.events,create,true,user/admin interface mapped,root bearer/session authentication; handler/action/record-scope review still required,API > ProtectedAPI > SocialEventsAPI > TicketsRoutes,tdf-hq/src/TDF/API/SocialEventsAPI.hs:441
DELETE,/social-events/events/{eventId}/waitlist/{entryId},authenticated-root,social.events,delete,true,user/admin interface mapped,root bearer/session authentication; handler/action/record-scope review still required,API > ProtectedAPI > SocialEventsAPI > TicketsRoutes,tdf-hq/src/TDF/API/SocialEventsAPI.hs:441
POST,/social-events/events/{eventId}/waitlist/{entryId}/notify,authenticated-root,social.events,create,true,user/admin interface mapped,root bearer/session authentication; handler/action/record-scope review still required,API > ProtectedAPI > SocialEventsAPI > TicketsRoutes,tdf-hq/src/TDF/API/SocialEventsAPI.hs:441
GET,/social-events/me/city-subscriptions,authenticated-root,social.events,view,true,user/admin interface mapped,root bearer/session authentication; handler/action/record-scope review still required,API > ProtectedAPI > SocialEventsAPI > EventCitiesRoutes,tdf-hq/src/TDF/API/SocialEventsAPI.hs:379
PUT,/social-events/me/city-subscriptions,authenticated-root,social.events,edit,true,user/admin interface mapped,root bearer/session authentication; handler/action/record-scope review still required,API > ProtectedAPI > SocialEventsAPI > EventCitiesRoutes,tdf-hq/src/TDF/API/SocialEventsAPI.hs:379
POST,/social-events/stripe/create-payment-intent,authenticated-root,social.ticket-checkout,create,true,user/admin interface mapped,root bearer/session authentication; handler/action/record-scope review still required,API > ProtectedAPI > SocialEventsAPI > TicketsRoutes,tdf-hq/src/TDF/API/SocialEventsAPI.hs:441
POST,/social-events/stripe/webhook,public-root,social,create,true,user/admin interface mapped,public route; handler validation/signature/rate-limit review still required,API > StripeWebhookAPI,tdf-hq/src/TDF/API.hs:501
GET,/social-events/ticket-orders,authenticated-root,social.tickets,view,true,user/admin interface mapped,root bearer/session authentication; handler/action/record-scope review still required,API > ProtectedAPI > SocialEventsAPI > TicketsRoutes,tdf-hq/src/TDF/API/SocialEventsAPI.hs:441
POST,/social-events/ticket-transfers/{transferCode}/accept,authenticated-root,social,create,true,user/admin interface mapped,root bearer/session authentication; handler/action/record-scope review still required,API > ProtectedAPI > SocialEventsAPI > TicketsRoutes,tdf-hq/src/TDF/API/SocialEventsAPI.hs:441
POST,/social-events/ticket-transfers/{transferCode}/cancel,authenticated-root,social,create,true,user/admin interface mapped,root bearer/session authentication; handler/action/record-scope review still required,API > ProtectedAPI > SocialEventsAPI > TicketsRoutes,tdf-hq/src/TDF/API/SocialEventsAPI.hs:441
GET,/social-events/venues,authenticated-root,social.venues,view,true,user/admin interface mapped,root bearer/session authentication; handler/action/record-scope review still required,API > ProtectedAPI > SocialEventsAPI > VenuesRoutes,tdf-hq/src/TDF/API/SocialEventsAPI.hs:400
POST,/social-events/venues,authenticated-root,social.venues,create,true,user/admin interface mapped,root bearer/session authentication; handler/action/record-scope review still required,API > ProtectedAPI > SocialEventsAPI > VenuesRoutes,tdf-hq/src/TDF/API/SocialEventsAPI.hs:400
POST,/social-sync/social-sync/ingest,authenticated-root,social,create,true,user/admin interface mapped,root bearer/session authentication; handler/action/record-scope review still required,API > ProtectedAPI > SocialSyncAPI,tdf-hq/src/TDF/API/SocialSyncAPI.hs:11
GET,/social-sync/social-sync/posts,authenticated-root,social,view,true,user/admin interface mapped,root bearer/session authentication; handler/action/record-scope review still required,API > ProtectedAPI > SocialSyncAPI,tdf-hq/src/TDF/API/SocialSyncAPI.hs:11
GET,/social/followers,authenticated-root,social,view,true,user/admin interface mapped,root bearer/session authentication; handler/action/record-scope review still required,API > ProtectedAPI > SocialAPI,tdf-hq/src/TDF/API.hs:134
GET,/social/following,authenticated-root,social,view,true,user/admin interface mapped,root bearer/session authentication; handler/action/record-scope review still required,API > ProtectedAPI > SocialAPI,tdf-hq/src/TDF/API.hs:134
GET,/social/friends,authenticated-root,social,view,true,user/admin interface mapped,root bearer/session authentication; handler/action/record-scope review still required,API > ProtectedAPI > SocialAPI,tdf-hq/src/TDF/API.hs:134
DELETE,/social/friends/{partyId},authenticated-root,social,delete,true,user/admin interface mapped,root bearer/session authentication; handler/action/record-scope review still required,API > ProtectedAPI > SocialAPI,tdf-hq/src/TDF/API.hs:134
POST,/social/friends/{partyId},authenticated-root,social,create,true,user/admin interface mapped,root bearer/session authentication; handler/action/record-scope review still required,API > ProtectedAPI > SocialAPI,tdf-hq/src/TDF/API.hs:134
GET,/social/profiles,authenticated-root,profile.detail,view,true,user/admin interface mapped,root bearer/session authentication; handler/action/record-scope review still required,API > ProtectedAPI > SocialAPI,tdf-hq/src/TDF/API.hs:134
GET,/social/profiles/{partyId},authenticated-root,profile.detail,view,true,user/admin interface mapped,root bearer/session authentication; handler/action/record-scope review still required,API > ProtectedAPI > SocialAPI,tdf-hq/src/TDF/API.hs:134
GET,/social/suggestions,authenticated-root,social,view,true,user/admin interface mapped,root bearer/session authentication; handler/action/record-scope review still required,API > ProtectedAPI > SocialAPI,tdf-hq/src/TDF/API.hs:134
POST,/social/vcard-exchange,authenticated-root,social.vcard,create,true,user/admin interface mapped,root bearer/session authentication; handler/action/record-scope review still required,API > ProtectedAPI > SocialAPI,tdf-hq/src/TDF/API.hs:134
GET,/stubs/access/login-options,authenticated-root,experimental.future-stubs,view,true,documented API-only capability,root bearer/session authentication; handler/action/record-scope review still required,API > ProtectedAPI > FutureAPI > AccessStubAPI,tdf-hq/src/TDF/API/Future.hs:90
GET,/stubs/access/module-behaviour,authenticated-root,experimental.future-stubs,view,true,documented API-only capability,root bearer/session authentication; handler/action/record-scope review still required,API > ProtectedAPI > FutureAPI > AccessStubAPI,tdf-hq/src/TDF/API/Future.hs:90
GET,/stubs/access/session-policy,authenticated-root,experimental.future-stubs,view,true,documented API-only capability,root bearer/session authentication; handler/action/record-scope review still required,API > ProtectedAPI > FutureAPI > AccessStubAPI,tdf-hq/src/TDF/API/Future.hs:90
GET,/stubs/admin/console,authenticated-root,experimental.future-stubs,view,true,documented API-only capability,root bearer/session authentication; handler/action/record-scope review still required,API > ProtectedAPI > FutureAPI > AdminStubAPI,tdf-hq/src/TDF/API/Future.hs:124
GET,/stubs/admin/seed-policy,authenticated-root,experimental.future-stubs,view,true,documented API-only capability,root bearer/session authentication; handler/action/record-scope review still required,API > ProtectedAPI > FutureAPI > AdminStubAPI,tdf-hq/src/TDF/API/Future.hs:124
GET,/stubs/catalog,authenticated-root,experimental.future-stubs,view,true,documented API-only capability,root bearer/session authentication; handler/action/record-scope review still required,API > ProtectedAPI > FutureAPI > FutureCatalogAPI,tdf-hq/src/TDF/API/Future.hs:137
GET,/stubs/crm/parties/detail-tabs,authenticated-root,experimental.future-stubs,view,true,documented API-only capability,root bearer/session authentication; handler/action/record-scope review still required,API > ProtectedAPI > FutureAPI > CrmStubAPI,tdf-hq/src/TDF/API/Future.hs:96
GET,/stubs/crm/parties/filters,authenticated-root,experimental.future-stubs,view,true,documented API-only capability,root bearer/session authentication; handler/action/record-scope review still required,API > ProtectedAPI > FutureAPI > CrmStubAPI,tdf-hq/src/TDF/API/Future.hs:96
GET,/stubs/crm/parties/list-columns,authenticated-root,experimental.future-stubs,view,true,documented API-only capability,root bearer/session authentication; handler/action/record-scope review still required,API > ProtectedAPI > FutureAPI > CrmStubAPI,tdf-hq/src/TDF/API/Future.hs:96
GET,/stubs/experience/auditing,authenticated-root,experimental.future-stubs,view,true,documented API-only capability,root bearer/session authentication; handler/action/record-scope review still required,API > ProtectedAPI > FutureAPI > CrossCuttingStubAPI,tdf-hq/src/TDF/API/Future.hs:129
GET,/stubs/experience/design,authenticated-root,experimental.future-stubs,view,true,documented API-only capability,root bearer/session authentication; handler/action/record-scope review still required,API > ProtectedAPI > FutureAPI > CrossCuttingStubAPI,tdf-hq/src/TDF/API/Future.hs:129
GET,/stubs/experience/feedback,authenticated-root,experimental.future-stubs,view,true,documented API-only capability,root bearer/session authentication; handler/action/record-scope review still required,API > ProtectedAPI > FutureAPI > CrossCuttingStubAPI,tdf-hq/src/TDF/API/Future.hs:129
GET,/stubs/experience/navigation,authenticated-root,experimental.future-stubs,view,true,documented API-only capability,root bearer/session authentication; handler/action/record-scope review still required,API > ProtectedAPI > FutureAPI > CrossCuttingStubAPI,tdf-hq/src/TDF/API/Future.hs:129
GET,/stubs/experience/offline,authenticated-root,experimental.future-stubs,view,true,documented API-only capability,root bearer/session authentication; handler/action/record-scope review still required,API > ProtectedAPI > FutureAPI > CrossCuttingStubAPI,tdf-hq/src/TDF/API/Future.hs:129
GET,/stubs/inventory/assets/metadata,authenticated-root,experimental.future-stubs,view,true,documented API-only capability,root bearer/session authentication; handler/action/record-scope review still required,API > ProtectedAPI > FutureAPI > InventoryStubAPI,tdf-hq/src/TDF/API/Future.hs:118
GET,/stubs/inventory/assets/workflow,authenticated-root,experimental.future-stubs,view,true,documented API-only capability,root bearer/session authentication; handler/action/record-scope review still required,API > ProtectedAPI > FutureAPI > InventoryStubAPI,tdf-hq/src/TDF/API/Future.hs:118
GET,/stubs/inventory/stock,authenticated-root,experimental.future-stubs,view,true,documented API-only capability,root bearer/session authentication; handler/action/record-scope review still required,API > ProtectedAPI > FutureAPI > InventoryStubAPI,tdf-hq/src/TDF/API/Future.hs:118
GET,/stubs/invoicing/composer,authenticated-root,experimental.future-stubs,view,true,documented API-only capability,root bearer/session authentication; handler/action/record-scope review still required,API > ProtectedAPI > FutureAPI > InvoicingStubAPI,tdf-hq/src/TDF/API/Future.hs:113
GET,/stubs/invoicing/status-flow,authenticated-root,experimental.future-stubs,view,true,documented API-only capability,root bearer/session authentication; handler/action/record-scope review still required,API > ProtectedAPI > FutureAPI > InvoicingStubAPI,tdf-hq/src/TDF/API/Future.hs:113
GET,/stubs/packages/catalog,authenticated-root,experimental.future-stubs,view,true,documented API-only capability,root bearer/session authentication; handler/action/record-scope review still required,API > ProtectedAPI > FutureAPI > PackagesStubAPI,tdf-hq/src/TDF/API/Future.hs:108
GET,/stubs/packages/purchase-flow,authenticated-root,experimental.future-stubs,view,true,documented API-only capability,root bearer/session authentication; handler/action/record-scope review still required,API > ProtectedAPI > FutureAPI > PackagesStubAPI,tdf-hq/src/TDF/API/Future.hs:108
GET,/stubs/scheduling/bookings/views,authenticated-root,experimental.future-stubs,view,true,documented API-only capability,root bearer/session authentication; handler/action/record-scope review still required,API > ProtectedAPI > FutureAPI > SchedulingStubAPI,tdf-hq/src/TDF/API/Future.hs:102
GET,/stubs/scheduling/rooms/features,authenticated-root,experimental.future-stubs,view,true,documented API-only capability,root bearer/session authentication; handler/action/record-scope review still required,API > ProtectedAPI > FutureAPI > SchedulingStubAPI,tdf-hq/src/TDF/API/Future.hs:102
GET,/stubs/scheduling/sessions/creation,authenticated-root,experimental.future-stubs,view,true,documented API-only capability,root bearer/session authentication; handler/action/record-scope review still required,API > ProtectedAPI > FutureAPI > SchedulingStubAPI,tdf-hq/src/TDF/API/Future.hs:102
POST,/tidal-agent,authenticated-root,tools.tidal-agent,create,true,user/admin interface mapped,root bearer/session authentication; handler/action/record-scope review still required,API > ProtectedAPI > TidalAgentAPI,tdf-hq/src/TDF/API.hs:160
POST,/v1/password-reset,public-root,technical.auth-reset,create,false,user/admin interface mapped,public route; handler validation/signature/rate-limit review still required,API > AuthV1API > PasswordResetAPI,tdf-hq/src/TDF/API.hs:363
POST,/v1/password-reset/confirm,public-root,technical.auth-reset,create,false,user/admin interface mapped,public route; handler validation/signature/rate-limit review still required,API > AuthV1API > PasswordResetConfirmAPI,tdf-hq/src/TDF/API.hs:365
POST,/v1/password/change,public-root,,,false,technical/API-only; never display,public route; handler validation/signature/rate-limit review still required,API > AuthV1API > PasswordAPI,tdf-hq/src/TDF/API.hs:367
POST,/v1/signup,public-root,technical.auth-login,create,false,user/admin interface mapped,public route; handler validation/signature/rate-limit review still required,API > AuthV1API > SignupAPI,tdf-hq/src/TDF/API.hs:361
GET,/version,public-root,help.about,view,true,user/admin interface mapped,public route; handler validation/signature/rate-limit review still required,API > VersionAPI,tdf-hq/src/TDF/API.hs:71
GET,/webhooks/whatsapp,public-root,,,false,technical/API-only; never display,public route; handler validation/signature/rate-limit review still required,API > WhatsAppWebhookAPI,tdf-hq/src/TDF/Routes/Courses.hs:462
POST,/webhooks/whatsapp,public-root,,,false,technical/API-only; never display,public route; handler validation/signature/rate-limit review still required,API > WhatsAppWebhookAPI,tdf-hq/src/TDF/Routes/Courses.hs:462
GET,/whatsapp/consent,authenticated-root,social.inbox,view,true,user/admin interface mapped,root bearer/session authentication; handler/action/record-scope review still required,API > ProtectedAPI > WhatsAppConsentAPI > WhatsAppConsentRoutes,tdf-hq/src/TDF/API.hs:216
POST,/whatsapp/consent,authenticated-root,social.inbox,create,true,user/admin interface mapped,root bearer/session authentication; handler/action/record-scope review still required,API > ProtectedAPI > WhatsAppConsentAPI > WhatsAppConsentRoutes,tdf-hq/src/TDF/API.hs:216
GET,/whatsapp/messages,authenticated-root,social.inbox,view,true,user/admin interface mapped,root bearer/session authentication; handler/action/record-scope review still required,API > ProtectedAPI > WhatsAppMessagesAPI,tdf-hq/src/TDF/API.hs:168
POST,/whatsapp/operator-question,authenticated-root,social.inbox,create,true,user/admin interface mapped,root bearer/session authentication; handler/action/record-scope review still required,API > ProtectedAPI > WhatsAppReplyAPI,tdf-hq/src/TDF/API.hs:212
POST,/whatsapp/opt-out,authenticated-root,social.inbox,create,true,user/admin interface mapped,root bearer/session authentication; handler/action/record-scope review still required,API > ProtectedAPI > WhatsAppConsentAPI > WhatsAppConsentRoutes,tdf-hq/src/TDF/API.hs:216
POST,/whatsapp/reply,authenticated-root,social.inbox,create,true,user/admin interface mapped,root bearer/session authentication; handler/action/record-scope review still required,API > ProtectedAPI > WhatsAppReplyAPI,tdf-hq/src/TDF/API.hs:212
