user_type,authenticated,effective_roles,effective_modules,feature_id,platform,platform_treatment,discover,view,create,edit,delete,archive,deactivate,import,export,submit,validate,approve,reject,assign,publish,report,administer
visitor,false,,,public.platform,web,available,allowed,allowed,not-supported,not-supported,not-supported,not-supported,not-supported,not-supported,not-supported,not-supported,not-supported,not-supported,not-supported,not-supported,not-supported,not-supported,not-supported
visitor,false,,,public.platform,mobile,web-fallback,allowed,allowed,not-supported,not-supported,not-supported,not-supported,not-supported,not-supported,not-supported,not-supported,not-supported,not-supported,not-supported,not-supported,not-supported,not-supported,not-supported
visitor,false,,,home,web,available,login-required,login-required,login-required,login-required,login-required,login-required,login-required,login-required,login-required,login-required,login-required,login-required,login-required,login-required,login-required,login-required,login-required
visitor,false,,,home,mobile,native,login-required,login-required,login-required,login-required,login-required,login-required,login-required,login-required,login-required,login-required,login-required,login-required,login-required,login-required,login-required,login-required,login-required
visitor,false,,,community,web,available,allowed,allowed,allowed,allowed,allowed,not-supported,not-supported,not-supported,not-supported,not-supported,not-supported,not-supported,not-supported,not-supported,not-supported,not-supported,not-supported
visitor,false,,,community,mobile,native,allowed,allowed,allowed,allowed,allowed,not-supported,not-supported,not-supported,not-supported,not-supported,not-supported,not-supported,not-supported,not-supported,not-supported,not-supported,not-supported
visitor,false,,,community.club,web,available,allowed,allowed,allowed,allowed,allowed,not-supported,not-supported,not-supported,not-supported,not-supported,not-supported,not-supported,not-supported,not-supported,not-supported,not-supported,not-supported
visitor,false,,,community.club,mobile,not-available,not-available,not-available,not-available,not-available,not-available,not-available,not-available,not-available,not-available,not-available,not-available,not-available,not-available,not-available,not-available,not-available,not-available
visitor,false,,,community.member,web,available,login-required,login-required,login-required,login-required,login-required,login-required,login-required,login-required,login-required,login-required,login-required,login-required,login-required,login-required,login-required,login-required,login-required
visitor,false,,,community.member,mobile,web-fallback,login-required,login-required,login-required,login-required,login-required,login-required,login-required,login-required,login-required,login-required,login-required,login-required,login-required,login-required,login-required,login-required,login-required
visitor,false,,,artist.public,web,available,allowed,allowed,not-supported,not-supported,not-supported,not-supported,not-supported,not-supported,not-supported,not-supported,not-supported,not-supported,not-supported,not-supported,not-supported,not-supported,not-supported
visitor,false,,,artist.public,mobile,not-available,not-available,not-available,not-available,not-available,not-available,not-available,not-available,not-available,not-available,not-available,not-available,not-available,not-available,not-available,not-available,not-available,not-available
visitor,false,,,artist.onboarding,web,available,allowed,allowed,concealed,not-supported,not-supported,not-supported,not-supported,not-supported,not-supported,not-supported,not-supported,not-supported,not-supported,not-supported,not-supported,not-supported,not-supported
visitor,false,,,artist.onboarding,mobile,native,allowed,allowed,concealed,not-supported,not-supported,not-supported,not-supported,not-supported,not-supported,not-supported,not-supported,not-supported,not-supported,not-supported,not-supported,not-supported,not-supported
visitor,false,,,marketplace,web,available,allowed,allowed,allowed,allowed,allowed,not-supported,not-supported,not-supported,not-supported,not-supported,not-supported,not-supported,not-supported,not-supported,not-supported,not-supported,not-supported
visitor,false,,,marketplace,mobile,web-fallback,allowed,allowed,allowed,allowed,allowed,not-supported,not-supported,not-supported,not-supported,not-supported,not-supported,not-supported,not-supported,not-supported,not-supported,not-supported,not-supported
visitor,false,,,marketplace.order-tracking,web,available,allowed,allowed,not-supported,not-supported,not-supported,not-supported,not-supported,not-supported,not-supported,not-supported,not-supported,not-supported,not-supported,not-supported,not-supported,not-supported,not-supported
visitor,false,,,marketplace.order-tracking,mobile,web-fallback,allowed,allowed,not-supported,not-supported,not-supported,not-supported,not-supported,not-supported,not-supported,not-supported,not-supported,not-supported,not-supported,not-supported,not-supported,not-supported,not-supported
visitor,false,,,service.mixing-mastering,web,available,allowed,allowed,not-supported,not-supported,not-supported,not-supported,not-supported,not-supported,not-supported,not-supported,not-supported,not-supported,not-supported,not-supported,not-supported,not-supported,not-supported
visitor,false,,,service.mixing-mastering,mobile,web-fallback,allowed,allowed,not-supported,not-supported,not-supported,not-supported,not-supported,not-supported,not-supported,not-supported,not-supported,not-supported,not-supported,not-supported,not-supported,not-supported,not-supported
visitor,false,,,bookings.public,web,available,allowed,allowed,allowed,not-supported,not-supported,not-supported,not-supported,not-supported,not-supported,not-supported,not-supported,not-supported,not-supported,not-supported,not-supported,not-supported,not-supported
visitor,false,,,bookings.public,mobile,native,allowed,allowed,allowed,not-supported,not-supported,not-supported,not-supported,not-supported,not-supported,not-supported,not-supported,not-supported,not-supported,not-supported,not-supported,not-supported,not-supported
visitor,false,,,bookings.dj-booth,web,available,allowed,allowed,not-supported,not-supported,not-supported,not-supported,not-supported,not-supported,not-supported,not-supported,not-supported,not-supported,not-supported,not-supported,not-supported,not-supported,not-supported
visitor,false,,,bookings.dj-booth,mobile,native,allowed,allowed,not-supported,not-supported,not-supported,not-supported,not-supported,not-supported,not-supported,not-supported,not-supported,not-supported,not-supported,not-supported,not-supported,not-supported,not-supported
visitor,false,,,public.trials,web,available,allowed,allowed,allowed,allowed,allowed,not-supported,not-supported,not-supported,not-supported,not-supported,not-supported,not-supported,not-supported,not-supported,not-supported,not-supported,not-supported
visitor,false,,,public.trials,mobile,web-fallback,allowed,allowed,allowed,allowed,allowed,not-supported,not-supported,not-supported,not-supported,not-supported,not-supported,not-supported,not-supported,not-supported,not-supported,not-supported,not-supported
visitor,false,,,public.live-session-registration,web,available,allowed,allowed,allowed,not-supported,not-supported,not-supported,not-supported,not-supported,not-supported,not-supported,not-supported,not-supported,not-supported,not-supported,not-supported,not-supported,not-supported
visitor,false,,,public.live-session-registration,mobile,web-fallback,allowed,allowed,allowed,not-supported,not-supported,not-supported,not-supported,not-supported,not-supported,not-supported,not-supported,not-supported,not-supported,not-supported,not-supported,not-supported,not-supported
visitor,false,,,public.records,web,available,allowed,allowed,not-supported,not-supported,not-supported,not-supported,not-supported,not-supported,not-supported,not-supported,not-supported,not-supported,not-supported,not-supported,not-supported,not-supported,not-supported
visitor,false,,,public.records,mobile,web-fallback,allowed,allowed,not-supported,not-supported,not-supported,not-supported,not-supported,not-supported,not-supported,not-supported,not-supported,not-supported,not-supported,not-supported,not-supported,not-supported,not-supported
visitor,false,,,public.donations,web,available,allowed,allowed,not-supported,not-supported,not-supported,not-supported,not-supported,not-supported,not-supported,not-supported,not-supported,not-supported,not-supported,not-supported,not-supported,not-supported,not-supported
visitor,false,,,public.donations,mobile,web-fallback,allowed,allowed,not-supported,not-supported,not-supported,not-supported,not-supported,not-supported,not-supported,not-supported,not-supported,not-supported,not-supported,not-supported,not-supported,not-supported,not-supported
visitor,false,,,public.domo,web,available,allowed,allowed,not-supported,not-supported,not-supported,not-supported,not-supported,not-supported,not-supported,not-supported,not-supported,not-supported,not-supported,not-supported,not-supported,not-supported,not-supported
visitor,false,,,public.domo,mobile,web-fallback,allowed,allowed,not-supported,not-supported,not-supported,not-supported,not-supported,not-supported,not-supported,not-supported,not-supported,not-supported,not-supported,not-supported,not-supported,not-supported,not-supported
visitor,false,,,profile.detail,web,available,login-required,login-required,login-required,login-required,login-required,login-required,login-required,login-required,login-required,login-required,login-required,login-required,login-required,login-required,login-required,login-required,login-required
visitor,false,,,profile.detail,mobile,not-available,not-available,not-available,not-available,not-available,not-available,not-available,not-available,not-available,not-available,not-available,not-available,not-available,not-available,not-available,not-available,not-available,not-available
visitor,false,,,social,web,available,login-required,login-required,login-required,login-required,login-required,login-required,login-required,login-required,login-required,login-required,login-required,login-required,login-required,login-required,login-required,login-required,login-required
visitor,false,,,social,mobile,native,login-required,login-required,login-required,login-required,login-required,login-required,login-required,login-required,login-required,login-required,login-required,login-required,login-required,login-required,login-required,login-required,login-required
visitor,false,,,social.instagram,web,available,login-required,login-required,login-required,login-required,login-required,login-required,login-required,login-required,login-required,login-required,login-required,login-required,login-required,login-required,login-required,login-required,login-required
visitor,false,,,social.instagram,mobile,web-fallback,login-required,login-required,login-required,login-required,login-required,login-required,login-required,login-required,login-required,login-required,login-required,login-required,login-required,login-required,login-required,login-required,login-required
visitor,false,,,social.vcard,web,not-available,not-available,not-available,not-available,not-available,not-available,not-available,not-available,not-available,not-available,not-available,not-available,not-available,not-available,not-available,not-available,not-available,not-available
visitor,false,,,social.vcard,mobile,native,login-required,login-required,login-required,login-required,login-required,login-required,login-required,login-required,login-required,login-required,login-required,login-required,login-required,login-required,login-required,login-required,login-required
visitor,false,,,social.inbox,web,available,login-required,login-required,login-required,login-required,login-required,login-required,login-required,login-required,login-required,login-required,login-required,login-required,login-required,login-required,login-required,login-required,login-required
visitor,false,,,social.inbox,mobile,web-fallback,login-required,login-required,login-required,login-required,login-required,login-required,login-required,login-required,login-required,login-required,login-required,login-required,login-required,login-required,login-required,login-required,login-required
visitor,false,,,social.events,web,available,login-required,login-required,login-required,login-required,login-required,login-required,login-required,login-required,login-required,login-required,login-required,login-required,login-required,login-required,login-required,login-required,login-required
visitor,false,,,social.events,mobile,native,login-required,login-required,login-required,login-required,login-required,login-required,login-required,login-required,login-required,login-required,login-required,login-required,login-required,login-required,login-required,login-required,login-required
visitor,false,,,social.events.create,web,available,login-required,login-required,login-required,login-required,login-required,login-required,login-required,login-required,login-required,login-required,login-required,login-required,login-required,login-required,login-required,login-required,login-required
visitor,false,,,social.events.create,mobile,native,login-required,login-required,login-required,login-required,login-required,login-required,login-required,login-required,login-required,login-required,login-required,login-required,login-required,login-required,login-required,login-required,login-required
visitor,false,,,social.event.detail,web,available,login-required,login-required,login-required,login-required,login-required,login-required,login-required,login-required,login-required,login-required,login-required,login-required,login-required,login-required,login-required,login-required,login-required
visitor,false,,,social.event.detail,mobile,not-available,not-available,not-available,not-available,not-available,not-available,not-available,not-available,not-available,not-available,not-available,not-available,not-available,not-available,not-available,not-available,not-available,not-available
visitor,false,,,social.event.logistics,web,available,login-required,login-required,login-required,login-required,login-required,login-required,login-required,login-required,login-required,login-required,login-required,login-required,login-required,login-required,login-required,login-required,login-required
visitor,false,,,social.event.logistics,mobile,not-available,not-available,not-available,not-available,not-available,not-available,not-available,not-available,not-available,not-available,not-available,not-available,not-available,not-available,not-available,not-available,not-available,not-available
visitor,false,,,social.discovery,web,available,login-required,login-required,login-required,login-required,login-required,login-required,login-required,login-required,login-required,login-required,login-required,login-required,login-required,login-required,login-required,login-required,login-required
visitor,false,,,social.discovery,mobile,native,login-required,login-required,login-required,login-required,login-required,login-required,login-required,login-required,login-required,login-required,login-required,login-required,login-required,login-required,login-required,login-required,login-required
visitor,false,,,chat,web,available,login-required,login-required,login-required,login-required,login-required,login-required,login-required,login-required,login-required,login-required,login-required,login-required,login-required,login-required,login-required,login-required,login-required
visitor,false,,,chat,mobile,web-fallback,login-required,login-required,login-required,login-required,login-required,login-required,login-required,login-required,login-required,login-required,login-required,login-required,login-required,login-required,login-required,login-required,login-required
visitor,false,,,crm.contacts,web,available,login-required,login-required,login-required,login-required,login-required,login-required,login-required,login-required,login-required,login-required,login-required,login-required,login-required,login-required,login-required,login-required,login-required
visitor,false,,,crm.contacts,mobile,native,login-required,login-required,login-required,login-required,login-required,login-required,login-required,login-required,login-required,login-required,login-required,login-required,login-required,login-required,login-required,login-required,login-required
visitor,false,,,crm.companies,web,available,login-required,login-required,login-required,login-required,login-required,login-required,login-required,login-required,login-required,login-required,login-required,login-required,login-required,login-required,login-required,login-required,login-required
visitor,false,,,crm.companies,mobile,native,login-required,login-required,login-required,login-required,login-required,login-required,login-required,login-required,login-required,login-required,login-required,login-required,login-required,login-required,login-required,login-required,login-required
visitor,false,,,crm.leads,web,available,login-required,login-required,login-required,login-required,login-required,login-required,login-required,login-required,login-required,login-required,login-required,login-required,login-required,login-required,login-required,login-required,login-required
visitor,false,,,crm.leads,mobile,web-fallback,login-required,login-required,login-required,login-required,login-required,login-required,login-required,login-required,login-required,login-required,login-required,login-required,login-required,login-required,login-required,login-required,login-required
visitor,false,,,studio.calendar,web,available,login-required,login-required,login-required,login-required,login-required,login-required,login-required,login-required,login-required,login-required,login-required,login-required,login-required,login-required,login-required,login-required,login-required
visitor,false,,,studio.calendar,mobile,native,login-required,login-required,login-required,login-required,login-required,login-required,login-required,login-required,login-required,login-required,login-required,login-required,login-required,login-required,login-required,login-required,login-required
visitor,false,,,studio.rooms,web,available,login-required,login-required,login-required,login-required,login-required,login-required,login-required,login-required,login-required,login-required,login-required,login-required,login-required,login-required,login-required,login-required,login-required
visitor,false,,,studio.rooms,mobile,native,login-required,login-required,login-required,login-required,login-required,login-required,login-required,login-required,login-required,login-required,login-required,login-required,login-required,login-required,login-required,login-required,login-required
visitor,false,,,studio.orders,web,available,login-required,login-required,login-required,login-required,login-required,login-required,login-required,login-required,login-required,login-required,login-required,login-required,login-required,login-required,login-required,login-required,login-required
visitor,false,,,studio.orders,mobile,web-fallback,login-required,login-required,login-required,login-required,login-required,login-required,login-required,login-required,login-required,login-required,login-required,login-required,login-required,login-required,login-required,login-required,login-required
visitor,false,,,studio.services,web,available,login-required,login-required,login-required,login-required,login-required,login-required,login-required,login-required,login-required,login-required,login-required,login-required,login-required,login-required,login-required,login-required,login-required
visitor,false,,,studio.services,mobile,web-fallback,login-required,login-required,login-required,login-required,login-required,login-required,login-required,login-required,login-required,login-required,login-required,login-required,login-required,login-required,login-required,login-required,login-required
visitor,false,,,studio.pipelines,web,available,login-required,login-required,login-required,login-required,login-required,login-required,login-required,login-required,login-required,login-required,login-required,login-required,login-required,login-required,login-required,login-required,login-required
visitor,false,,,studio.pipelines,mobile,native,login-required,login-required,login-required,login-required,login-required,login-required,login-required,login-required,login-required,login-required,login-required,login-required,login-required,login-required,login-required,login-required,login-required
visitor,false,,,studio.live-sessions,web,available,login-required,login-required,login-required,login-required,login-required,login-required,login-required,login-required,login-required,login-required,login-required,login-required,login-required,login-required,login-required,login-required,login-required
visitor,false,,,studio.live-sessions,mobile,web-fallback,login-required,login-required,login-required,login-required,login-required,login-required,login-required,login-required,login-required,login-required,login-required,login-required,login-required,login-required,login-required,login-required,login-required
visitor,false,,,studio.domo-campaign,web,available,login-required,login-required,login-required,login-required,login-required,login-required,login-required,login-required,login-required,login-required,login-required,login-required,login-required,login-required,login-required,login-required,login-required
visitor,false,,,studio.domo-campaign,mobile,web-fallback,login-required,login-required,login-required,login-required,login-required,login-required,login-required,login-required,login-required,login-required,login-required,login-required,login-required,login-required,login-required,login-required,login-required
visitor,false,,,studio.reports,web,available,login-required,login-required,login-required,login-required,login-required,login-required,login-required,login-required,login-required,login-required,login-required,login-required,login-required,login-required,login-required,login-required,login-required
visitor,false,,,studio.reports,mobile,web-fallback,login-required,login-required,login-required,login-required,login-required,login-required,login-required,login-required,login-required,login-required,login-required,login-required,login-required,login-required,login-required,login-required,login-required
visitor,false,,,school.teacher-portal,web,available,login-required,login-required,login-required,login-required,login-required,login-required,login-required,login-required,login-required,login-required,login-required,login-required,login-required,login-required,login-required,login-required,login-required
visitor,false,,,school.teacher-portal,mobile,web-fallback,login-required,login-required,login-required,login-required,login-required,login-required,login-required,login-required,login-required,login-required,login-required,login-required,login-required,login-required,login-required,login-required,login-required
visitor,false,,,school.teachers,web,available,login-required,login-required,login-required,login-required,login-required,login-required,login-required,login-required,login-required,login-required,login-required,login-required,login-required,login-required,login-required,login-required,login-required
visitor,false,,,school.teachers,mobile,web-fallback,login-required,login-required,login-required,login-required,login-required,login-required,login-required,login-required,login-required,login-required,login-required,login-required,login-required,login-required,login-required,login-required,login-required
visitor,false,,,school.classes,web,available,login-required,login-required,login-required,login-required,login-required,login-required,login-required,login-required,login-required,login-required,login-required,login-required,login-required,login-required,login-required,login-required,login-required
visitor,false,,,school.classes,mobile,web-fallback,login-required,login-required,login-required,login-required,login-required,login-required,login-required,login-required,login-required,login-required,login-required,login-required,login-required,login-required,login-required,login-required,login-required
visitor,false,,,school.trial-lessons,web,available,login-required,login-required,login-required,login-required,login-required,login-required,login-required,login-required,login-required,login-required,login-required,login-required,login-required,login-required,login-required,login-required,login-required
visitor,false,,,school.trial-lessons,mobile,web-fallback,login-required,login-required,login-required,login-required,login-required,login-required,login-required,login-required,login-required,login-required,login-required,login-required,login-required,login-required,login-required,login-required,login-required
visitor,false,,,school.trial-queue,web,available,login-required,login-required,login-required,login-required,login-required,login-required,login-required,login-required,login-required,login-required,login-required,login-required,login-required,login-required,login-required,login-required,login-required
visitor,false,,,school.trial-queue,mobile,web-fallback,login-required,login-required,login-required,login-required,login-required,login-required,login-required,login-required,login-required,login-required,login-required,login-required,login-required,login-required,login-required,login-required,login-required
visitor,false,,,internships,web,available,login-required,login-required,login-required,login-required,login-required,login-required,login-required,login-required,login-required,login-required,login-required,login-required,login-required,login-required,login-required,login-required,login-required
visitor,false,,,internships,mobile,web-fallback,login-required,login-required,login-required,login-required,login-required,login-required,login-required,login-required,login-required,login-required,login-required,login-required,login-required,login-required,login-required,login-required,login-required
visitor,false,,,label.artists,web,available,login-required,login-required,login-required,login-required,login-required,login-required,login-required,login-required,login-required,login-required,login-required,login-required,login-required,login-required,login-required,login-required,login-required
visitor,false,,,label.artists,mobile,native,login-required,login-required,login-required,login-required,login-required,login-required,login-required,login-required,login-required,login-required,login-required,login-required,login-required,login-required,login-required,login-required,login-required
visitor,false,,,label.projects,web,available,login-required,login-required,login-required,login-required,login-required,login-required,login-required,login-required,login-required,login-required,login-required,login-required,login-required,login-required,login-required,login-required,login-required
visitor,false,,,label.projects,mobile,web-fallback,login-required,login-required,login-required,login-required,login-required,login-required,login-required,login-required,login-required,login-required,login-required,login-required,login-required,login-required,login-required,login-required,login-required
visitor,false,,,label.releases,web,available,login-required,login-required,login-required,login-required,login-required,login-required,login-required,login-required,login-required,login-required,login-required,login-required,login-required,login-required,login-required,login-required,login-required
visitor,false,,,label.releases,mobile,web-fallback,login-required,login-required,login-required,login-required,login-required,login-required,login-required,login-required,login-required,login-required,login-required,login-required,login-required,login-required,login-required,login-required,login-required
visitor,false,,,label.assets,web,available,login-required,login-required,login-required,login-required,login-required,login-required,login-required,login-required,login-required,login-required,login-required,login-required,login-required,login-required,login-required,login-required,login-required
visitor,false,,,label.assets,mobile,web-fallback,login-required,login-required,login-required,login-required,login-required,login-required,login-required,login-required,login-required,login-required,login-required,login-required,login-required,login-required,login-required,login-required,login-required
visitor,false,,,label.tracks,web,available,login-required,login-required,login-required,login-required,login-required,login-required,login-required,login-required,login-required,login-required,login-required,login-required,login-required,login-required,login-required,login-required,login-required
visitor,false,,,label.tracks,mobile,web-fallback,login-required,login-required,login-required,login-required,login-required,login-required,login-required,login-required,login-required,login-required,login-required,login-required,login-required,login-required,login-required,login-required,login-required
visitor,false,,,label.ddex.inbox,web,available,login-required,login-required,login-required,login-required,login-required,login-required,login-required,login-required,login-required,login-required,login-required,login-required,login-required,login-required,login-required,login-required,login-required
visitor,false,,,label.ddex.inbox,mobile,native,login-required,login-required,login-required,login-required,login-required,login-required,login-required,login-required,login-required,login-required,login-required,login-required,login-required,login-required,login-required,login-required,login-required
visitor,false,,,label.ddex.document,web,available,login-required,login-required,login-required,login-required,login-required,login-required,login-required,login-required,login-required,login-required,login-required,login-required,login-required,login-required,login-required,login-required,login-required
visitor,false,,,label.ddex.document,mobile,not-available,not-available,not-available,not-available,not-available,not-available,not-available,not-available,not-available,not-available,not-available,not-available,not-available,not-available,not-available,not-available,not-available,not-available
visitor,false,,,label.ddex.import,web,available,concealed,concealed,concealed,concealed,concealed,concealed,concealed,concealed,concealed,concealed,concealed,concealed,concealed,concealed,concealed,concealed,concealed
visitor,false,,,label.ddex.import,mobile,not-available,not-available,not-available,not-available,not-available,not-available,not-available,not-available,not-available,not-available,not-available,not-available,not-available,not-available,not-available,not-available,not-available,not-available
visitor,false,,,label.ddex.partners,web,available,login-required,login-required,login-required,login-required,login-required,login-required,login-required,login-required,login-required,login-required,login-required,login-required,login-required,login-required,login-required,login-required,login-required
visitor,false,,,label.ddex.partners,mobile,native,login-required,login-required,login-required,login-required,login-required,login-required,login-required,login-required,login-required,login-required,login-required,login-required,login-required,login-required,login-required,login-required,login-required
visitor,false,,,operations.inventory,web,available,login-required,login-required,login-required,login-required,login-required,login-required,login-required,login-required,login-required,login-required,login-required,login-required,login-required,login-required,login-required,login-required,login-required
visitor,false,,,operations.inventory,mobile,native,login-required,login-required,login-required,login-required,login-required,login-required,login-required,login-required,login-required,login-required,login-required,login-required,login-required,login-required,login-required,login-required,login-required
visitor,false,,,operations.marketplace-orders,web,available,login-required,login-required,login-required,login-required,login-required,login-required,login-required,login-required,login-required,login-required,login-required,login-required,login-required,login-required,login-required,login-required,login-required
visitor,false,,,operations.marketplace-orders,mobile,web-fallback,login-required,login-required,login-required,login-required,login-required,login-required,login-required,login-required,login-required,login-required,login-required,login-required,login-required,login-required,login-required,login-required,login-required
visitor,false,,,operations.equipment-bookings,web,available,login-required,login-required,login-required,login-required,login-required,login-required,login-required,login-required,login-required,login-required,login-required,login-required,login-required,login-required,login-required,login-required,login-required
visitor,false,,,operations.equipment-bookings,mobile,native,login-required,login-required,login-required,login-required,login-required,login-required,login-required,login-required,login-required,login-required,login-required,login-required,login-required,login-required,login-required,login-required,login-required
visitor,false,,,finance.payments,web,available,login-required,login-required,login-required,login-required,login-required,login-required,login-required,login-required,login-required,login-required,login-required,login-required,login-required,login-required,login-required,login-required,login-required
visitor,false,,,finance.payments,mobile,web-fallback,login-required,login-required,login-required,login-required,login-required,login-required,login-required,login-required,login-required,login-required,login-required,login-required,login-required,login-required,login-required,login-required,login-required
visitor,false,,,finance.account-report-builder,web,available,login-required,login-required,login-required,login-required,login-required,login-required,login-required,login-required,login-required,login-required,login-required,login-required,login-required,login-required,login-required,login-required,login-required
visitor,false,,,finance.account-report-builder,mobile,web-fallback,login-required,login-required,login-required,login-required,login-required,login-required,login-required,login-required,login-required,login-required,login-required,login-required,login-required,login-required,login-required,login-required,login-required
visitor,false,,,finance.esteban-report,web,available,login-required,login-required,login-required,login-required,login-required,login-required,login-required,login-required,login-required,login-required,login-required,login-required,login-required,login-required,login-required,login-required,login-required
visitor,false,,,finance.esteban-report,mobile,web-fallback,login-required,login-required,login-required,login-required,login-required,login-required,login-required,login-required,login-required,login-required,login-required,login-required,login-required,login-required,login-required,login-required,login-required
visitor,false,,,finance.david-report,web,available,login-required,login-required,login-required,login-required,login-required,login-required,login-required,login-required,login-required,login-required,login-required,login-required,login-required,login-required,login-required,login-required,login-required
visitor,false,,,finance.david-report,mobile,web-fallback,login-required,login-required,login-required,login-required,login-required,login-required,login-required,login-required,login-required,login-required,login-required,login-required,login-required,login-required,login-required,login-required,login-required
visitor,false,,,admin.course-registrations,web,available,login-required,login-required,login-required,login-required,login-required,login-required,login-required,login-required,login-required,login-required,login-required,login-required,login-required,login-required,login-required,login-required,login-required
visitor,false,,,admin.course-registrations,mobile,web-fallback,login-required,login-required,login-required,login-required,login-required,login-required,login-required,login-required,login-required,login-required,login-required,login-required,login-required,login-required,login-required,login-required,login-required
visitor,false,,,admin.courses,web,available,login-required,login-required,login-required,login-required,login-required,login-required,login-required,login-required,login-required,login-required,login-required,login-required,login-required,login-required,login-required,login-required,login-required
visitor,false,,,admin.courses,mobile,web-fallback,login-required,login-required,login-required,login-required,login-required,login-required,login-required,login-required,login-required,login-required,login-required,login-required,login-required,login-required,login-required,login-required,login-required
visitor,false,,,admin.users,web,available,concealed,concealed,concealed,concealed,concealed,concealed,concealed,concealed,concealed,concealed,concealed,concealed,concealed,concealed,concealed,concealed,concealed
visitor,false,,,admin.users,mobile,not-available,not-available,not-available,not-available,not-available,not-available,not-available,not-available,not-available,not-available,not-available,not-available,not-available,not-available,not-available,not-available,not-available,not-available
visitor,false,,,admin.roles,web,available,concealed,concealed,concealed,concealed,concealed,concealed,concealed,concealed,concealed,concealed,concealed,concealed,concealed,concealed,concealed,concealed,concealed
visitor,false,,,admin.roles,mobile,not-available,not-available,not-available,not-available,not-available,not-available,not-available,not-available,not-available,not-available,not-available,not-available,not-available,not-available,not-available,not-available,not-available,not-available
visitor,false,,,admin.system-status,web,available,login-required,login-required,login-required,login-required,login-required,login-required,login-required,login-required,login-required,login-required,login-required,login-required,login-required,login-required,login-required,login-required,login-required
visitor,false,,,admin.system-status,mobile,web-fallback,login-required,login-required,login-required,login-required,login-required,login-required,login-required,login-required,login-required,login-required,login-required,login-required,login-required,login-required,login-required,login-required,login-required
visitor,false,,,admin.activity,web,available,login-required,login-required,login-required,login-required,login-required,login-required,login-required,login-required,login-required,login-required,login-required,login-required,login-required,login-required,login-required,login-required,login-required
visitor,false,,,admin.activity,mobile,web-fallback,login-required,login-required,login-required,login-required,login-required,login-required,login-required,login-required,login-required,login-required,login-required,login-required,login-required,login-required,login-required,login-required,login-required
visitor,false,,,admin.logs,web,available,login-required,login-required,login-required,login-required,login-required,login-required,login-required,login-required,login-required,login-required,login-required,login-required,login-required,login-required,login-required,login-required,login-required
visitor,false,,,admin.logs,mobile,web-fallback,login-required,login-required,login-required,login-required,login-required,login-required,login-required,login-required,login-required,login-required,login-required,login-required,login-required,login-required,login-required,login-required,login-required
visitor,false,,,admin.diagnostics,web,available,login-required,login-required,login-required,login-required,login-required,login-required,login-required,login-required,login-required,login-required,login-required,login-required,login-required,login-required,login-required,login-required,login-required
visitor,false,,,admin.diagnostics,mobile,web-fallback,login-required,login-required,login-required,login-required,login-required,login-required,login-required,login-required,login-required,login-required,login-required,login-required,login-required,login-required,login-required,login-required,login-required
visitor,false,,,admin.brain,web,available,login-required,login-required,login-required,login-required,login-required,login-required,login-required,login-required,login-required,login-required,login-required,login-required,login-required,login-required,login-required,login-required,login-required
visitor,false,,,admin.brain,mobile,web-fallback,login-required,login-required,login-required,login-required,login-required,login-required,login-required,login-required,login-required,login-required,login-required,login-required,login-required,login-required,login-required,login-required,login-required
visitor,false,,,admin.calendar-integration,web,available,login-required,login-required,login-required,login-required,login-required,login-required,login-required,login-required,login-required,login-required,login-required,login-required,login-required,login-required,login-required,login-required,login-required
visitor,false,,,admin.calendar-integration,mobile,not-available,not-available,not-available,not-available,not-available,not-available,not-available,not-available,not-available,not-available,not-available,not-available,not-available,not-available,not-available,not-available,not-available,not-available
visitor,false,,,admin.cms,web,available,login-required,login-required,login-required,login-required,login-required,login-required,login-required,login-required,login-required,login-required,login-required,login-required,login-required,login-required,login-required,login-required,login-required
visitor,false,,,admin.cms,mobile,web-fallback,login-required,login-required,login-required,login-required,login-required,login-required,login-required,login-required,login-required,login-required,login-required,login-required,login-required,login-required,login-required,login-required,login-required
visitor,false,,,admin.campaign-automations,web,available,login-required,login-required,login-required,login-required,login-required,login-required,login-required,login-required,login-required,login-required,login-required,login-required,login-required,login-required,login-required,login-required,login-required
visitor,false,,,admin.campaign-automations,mobile,web-fallback,login-required,login-required,login-required,login-required,login-required,login-required,login-required,login-required,login-required,login-required,login-required,login-required,login-required,login-required,login-required,login-required,login-required
visitor,false,,,admin.event-sources,web,available,login-required,login-required,login-required,login-required,login-required,login-required,login-required,login-required,login-required,login-required,login-required,login-required,login-required,login-required,login-required,login-required,login-required
visitor,false,,,admin.event-sources,mobile,not-available,not-available,not-available,not-available,not-available,not-available,not-available,not-available,not-available,not-available,not-available,not-available,not-available,not-available,not-available,not-available,not-available,not-available
visitor,false,,,admin.whatsapp-consent,web,available,login-required,login-required,login-required,login-required,login-required,login-required,login-required,login-required,login-required,login-required,login-required,login-required,login-required,login-required,login-required,login-required,login-required
visitor,false,,,admin.whatsapp-consent,mobile,not-available,not-available,not-available,not-available,not-available,not-available,not-available,not-available,not-available,not-available,not-available,not-available,not-available,not-available,not-available,not-available,not-available,not-available
visitor,false,,,admin.ux-options,web,available,login-required,login-required,login-required,login-required,login-required,login-required,login-required,login-required,login-required,login-required,login-required,login-required,login-required,login-required,login-required,login-required,login-required
visitor,false,,,admin.ux-options,mobile,web-fallback,login-required,login-required,login-required,login-required,login-required,login-required,login-required,login-required,login-required,login-required,login-required,login-required,login-required,login-required,login-required,login-required,login-required
visitor,false,,,admin.preferences,web,available,login-required,login-required,login-required,login-required,login-required,login-required,login-required,login-required,login-required,login-required,login-required,login-required,login-required,login-required,login-required,login-required,login-required
visitor,false,,,admin.preferences,mobile,web-fallback,login-required,login-required,login-required,login-required,login-required,login-required,login-required,login-required,login-required,login-required,login-required,login-required,login-required,login-required,login-required,login-required,login-required
visitor,false,,,tools.chatkit,web,available,login-required,login-required,login-required,login-required,login-required,login-required,login-required,login-required,login-required,login-required,login-required,login-required,login-required,login-required,login-required,login-required,login-required
visitor,false,,,tools.chatkit,mobile,web-fallback,login-required,login-required,login-required,login-required,login-required,login-required,login-required,login-required,login-required,login-required,login-required,login-required,login-required,login-required,login-required,login-required,login-required
visitor,false,,,tools.tidal-agent,web,available,login-required,login-required,login-required,login-required,login-required,login-required,login-required,login-required,login-required,login-required,login-required,login-required,login-required,login-required,login-required,login-required,login-required
visitor,false,,,tools.tidal-agent,mobile,web-fallback,login-required,login-required,login-required,login-required,login-required,login-required,login-required,login-required,login-required,login-required,login-required,login-required,login-required,login-required,login-required,login-required,login-required
visitor,false,,,tools.music-maker,web,available,allowed,allowed,not-supported,not-supported,not-supported,not-supported,not-supported,not-supported,not-supported,not-supported,not-supported,not-supported,not-supported,not-supported,not-supported,not-supported,not-supported
visitor,false,,,tools.music-maker,mobile,web-fallback,allowed,allowed,not-supported,not-supported,not-supported,not-supported,not-supported,not-supported,not-supported,not-supported,not-supported,not-supported,not-supported,not-supported,not-supported,not-supported,not-supported
visitor,false,,,tools.admin-token,web,available,concealed,concealed,concealed,concealed,concealed,concealed,concealed,concealed,concealed,concealed,concealed,concealed,concealed,concealed,concealed,concealed,concealed
visitor,false,,,tools.admin-token,mobile,not-available,not-available,not-available,not-available,not-available,not-available,not-available,not-available,not-available,not-available,not-available,not-available,not-available,not-available,not-available,not-available,not-available,not-available
visitor,false,,,help.manual,web,available,login-required,login-required,login-required,login-required,login-required,login-required,login-required,login-required,login-required,login-required,login-required,login-required,login-required,login-required,login-required,login-required,login-required
visitor,false,,,help.manual,mobile,native,login-required,login-required,login-required,login-required,login-required,login-required,login-required,login-required,login-required,login-required,login-required,login-required,login-required,login-required,login-required,login-required,login-required
visitor,false,,,help.docs,web,available,login-required,login-required,login-required,login-required,login-required,login-required,login-required,login-required,login-required,login-required,login-required,login-required,login-required,login-required,login-required,login-required,login-required
visitor,false,,,help.docs,mobile,native,login-required,login-required,login-required,login-required,login-required,login-required,login-required,login-required,login-required,login-required,login-required,login-required,login-required,login-required,login-required,login-required,login-required
visitor,false,,,help.about,web,available,login-required,login-required,login-required,login-required,login-required,login-required,login-required,login-required,login-required,login-required,login-required,login-required,login-required,login-required,login-required,login-required,login-required
visitor,false,,,help.about,mobile,native,login-required,login-required,login-required,login-required,login-required,login-required,login-required,login-required,login-required,login-required,login-required,login-required,login-required,login-required,login-required,login-required,login-required
visitor,false,,,help.security,web,available,login-required,login-required,login-required,login-required,login-required,login-required,login-required,login-required,login-required,login-required,login-required,login-required,login-required,login-required,login-required,login-required,login-required
visitor,false,,,help.security,mobile,native,login-required,login-required,login-required,login-required,login-required,login-required,login-required,login-required,login-required,login-required,login-required,login-required,login-required,login-required,login-required,login-required,login-required
visitor,false,,,help.feedback,web,available,allowed,allowed,allowed,not-supported,not-supported,not-supported,not-supported,not-supported,not-supported,not-supported,not-supported,not-supported,not-supported,not-supported,not-supported,not-supported,not-supported
visitor,false,,,help.feedback,mobile,native,allowed,allowed,allowed,not-supported,not-supported,not-supported,not-supported,not-supported,not-supported,not-supported,not-supported,not-supported,not-supported,not-supported,not-supported,not-supported,not-supported
visitor,false,,,navigation.quick-create,web,not-available,not-available,not-available,not-available,not-available,not-available,not-available,not-available,not-available,not-available,not-available,not-available,not-available,not-available,not-available,not-available,not-available,not-available
visitor,false,,,navigation.quick-create,mobile,native,login-required,login-required,login-required,login-required,login-required,login-required,login-required,login-required,login-required,login-required,login-required,login-required,login-required,login-required,login-required,login-required,login-required
visitor,false,,,navigation.explore,web,not-available,not-available,not-available,not-available,not-available,not-available,not-available,not-available,not-available,not-available,not-available,not-available,not-available,not-available,not-available,not-available,not-available,not-available
visitor,false,,,navigation.explore,mobile,native,login-required,login-required,login-required,login-required,login-required,login-required,login-required,login-required,login-required,login-required,login-required,login-required,login-required,login-required,login-required,login-required,login-required
visitor,false,,,profile.self,web,not-available,not-available,not-available,not-available,not-available,not-available,not-available,not-available,not-available,not-available,not-available,not-available,not-available,not-available,not-available,not-available,not-available,not-available
visitor,false,,,profile.self,mobile,native,login-required,login-required,login-required,login-required,login-required,login-required,login-required,login-required,login-required,login-required,login-required,login-required,login-required,login-required,login-required,login-required,login-required
visitor,false,,,social.venues,web,not-available,not-available,not-available,not-available,not-available,not-available,not-available,not-available,not-available,not-available,not-available,not-available,not-available,not-available,not-available,not-available,not-available,not-available
visitor,false,,,social.venues,mobile,native,login-required,login-required,login-required,login-required,login-required,login-required,login-required,login-required,login-required,login-required,login-required,login-required,login-required,login-required,login-required,login-required,login-required
visitor,false,,,social.venue.detail,web,not-available,not-available,not-available,not-available,not-available,not-available,not-available,not-available,not-available,not-available,not-available,not-available,not-available,not-available,not-available,not-available,not-available,not-available
visitor,false,,,social.venue.detail,mobile,not-available,not-available,not-available,not-available,not-available,not-available,not-available,not-available,not-available,not-available,not-available,not-available,not-available,not-available,not-available,not-available,not-available,not-available
visitor,false,,,social.venue.create,web,not-available,not-available,not-available,not-available,not-available,not-available,not-available,not-available,not-available,not-available,not-available,not-available,not-available,not-available,not-available,not-available,not-available,not-available
visitor,false,,,social.venue.create,mobile,not-available,not-available,not-available,not-available,not-available,not-available,not-available,not-available,not-available,not-available,not-available,not-available,not-available,not-available,not-available,not-available,not-available,not-available
visitor,false,,,artist.profile.edit,web,not-available,not-available,not-available,not-available,not-available,not-available,not-available,not-available,not-available,not-available,not-available,not-available,not-available,not-available,not-available,not-available,not-available,not-available
visitor,false,,,artist.profile.edit,mobile,not-available,not-available,not-available,not-available,not-available,not-available,not-available,not-available,not-available,not-available,not-available,not-available,not-available,not-available,not-available,not-available,not-available,not-available
visitor,false,,,studio.session.input-list,web,not-available,not-available,not-available,not-available,not-available,not-available,not-available,not-available,not-available,not-available,not-available,not-available,not-available,not-available,not-available,not-available,not-available,not-available
visitor,false,,,studio.session.input-list,mobile,not-available,not-available,not-available,not-available,not-available,not-available,not-available,not-available,not-available,not-available,not-available,not-available,not-available,not-available,not-available,not-available,not-available,not-available
visitor,false,,,social.tickets,web,not-available,not-available,not-available,not-available,not-available,not-available,not-available,not-available,not-available,not-available,not-available,not-available,not-available,not-available,not-available,not-available,not-available,not-available
visitor,false,,,social.tickets,mobile,native,login-required,login-required,login-required,login-required,login-required,login-required,login-required,login-required,login-required,login-required,login-required,login-required,login-required,login-required,login-required,login-required,login-required
visitor,false,,,social.ticket-checkout,web,not-available,not-available,not-available,not-available,not-available,not-available,not-available,not-available,not-available,not-available,not-available,not-available,not-available,not-available,not-available,not-available,not-available,not-available
visitor,false,,,social.ticket-checkout,mobile,not-available,not-available,not-available,not-available,not-available,not-available,not-available,not-available,not-available,not-available,not-available,not-available,not-available,not-available,not-available,not-available,not-available,not-available
visitor,false,,,label.contracts.create,web,not-available,not-available,not-available,not-available,not-available,not-available,not-available,not-available,not-available,not-available,not-available,not-available,not-available,not-available,not-available,not-available,not-available,not-available
visitor,false,,,label.contracts.create,mobile,not-available,not-available,not-available,not-available,not-available,not-available,not-available,not-available,not-available,not-available,not-available,not-available,not-available,not-available,not-available,not-available,not-available,not-available
visitor,false,,,label.contracts.detail,web,not-available,not-available,not-available,not-available,not-available,not-available,not-available,not-available,not-available,not-available,not-available,not-available,not-available,not-available,not-available,not-available,not-available,not-available
visitor,false,,,label.contracts.detail,mobile,not-available,not-available,not-available,not-available,not-available,not-available,not-available,not-available,not-available,not-available,not-available,not-available,not-available,not-available,not-available,not-available,not-available,not-available
visitor,false,,,mobile.onboarding,web,not-available,not-available,not-available,not-available,not-available,not-available,not-available,not-available,not-available,not-available,not-available,not-available,not-available,not-available,not-available,not-available,not-available,not-available
visitor,false,,,mobile.onboarding,mobile,native,allowed,allowed,not-supported,not-supported,not-supported,not-supported,not-supported,not-supported,not-supported,not-supported,not-supported,not-supported,not-supported,not-supported,not-supported,not-supported,not-supported
visitor,false,,,technical.mobile-entry,web,not-available,not-available,not-available,not-available,not-available,not-available,not-available,not-available,not-available,not-available,not-available,not-available,not-available,not-available,not-available,not-available,not-available,not-available
visitor,false,,,technical.mobile-entry,mobile,not-available,not-available,not-available,not-available,not-available,not-available,not-available,not-available,not-available,not-available,not-available,not-available,not-available,not-available,not-available,not-available,not-available,not-available
visitor,false,,,access-requests.mine,web,available,login-required,login-required,login-required,login-required,login-required,login-required,login-required,login-required,login-required,login-required,login-required,login-required,login-required,login-required,login-required,login-required,login-required
visitor,false,,,access-requests.mine,mobile,native,login-required,login-required,login-required,login-required,login-required,login-required,login-required,login-required,login-required,login-required,login-required,login-required,login-required,login-required,login-required,login-required,login-required
visitor,false,,,access-requests.create,web,available,login-required,login-required,login-required,login-required,login-required,login-required,login-required,login-required,login-required,login-required,login-required,login-required,login-required,login-required,login-required,login-required,login-required
visitor,false,,,access-requests.create,mobile,native,login-required,login-required,login-required,login-required,login-required,login-required,login-required,login-required,login-required,login-required,login-required,login-required,login-required,login-required,login-required,login-required,login-required
visitor,false,,,access-requests.review,web,available,login-required,login-required,login-required,login-required,login-required,login-required,login-required,login-required,login-required,login-required,login-required,login-required,login-required,login-required,login-required,login-required,login-required
visitor,false,,,access-requests.review,mobile,native,login-required,login-required,login-required,login-required,login-required,login-required,login-required,login-required,login-required,login-required,login-required,login-required,login-required,login-required,login-required,login-required,login-required
visitor,false,,,technical.auth-login,web,available,concealed,concealed,concealed,concealed,concealed,concealed,concealed,concealed,concealed,concealed,concealed,concealed,concealed,concealed,concealed,concealed,concealed
visitor,false,,,technical.auth-login,mobile,not-available,not-available,not-available,not-available,not-available,not-available,not-available,not-available,not-available,not-available,not-available,not-available,not-available,not-available,not-available,not-available,not-available,not-available
visitor,false,,,technical.auth-reset,web,available,concealed,concealed,concealed,concealed,concealed,concealed,concealed,concealed,concealed,concealed,concealed,concealed,concealed,concealed,concealed,concealed,concealed
visitor,false,,,technical.auth-reset,mobile,not-available,not-available,not-available,not-available,not-available,not-available,not-available,not-available,not-available,not-available,not-available,not-available,not-available,not-available,not-available,not-available,not-available,not-available
visitor,false,,,technical.oauth-google-drive,web,available,concealed,concealed,concealed,concealed,concealed,concealed,concealed,concealed,concealed,concealed,concealed,concealed,concealed,concealed,concealed,concealed,concealed
visitor,false,,,technical.oauth-google-drive,mobile,not-available,not-available,not-available,not-available,not-available,not-available,not-available,not-available,not-available,not-available,not-available,not-available,not-available,not-available,not-available,not-available,not-available,not-available
visitor,false,,,technical.oauth-instagram,web,available,concealed,concealed,concealed,concealed,concealed,concealed,concealed,concealed,concealed,concealed,concealed,concealed,concealed,concealed,concealed,concealed,concealed
visitor,false,,,technical.oauth-instagram,mobile,not-available,not-available,not-available,not-available,not-available,not-available,not-available,not-available,not-available,not-available,not-available,not-available,not-available,not-available,not-available,not-available,not-available,not-available
visitor,false,,,technical.payment-return,web,available,concealed,concealed,concealed,concealed,concealed,concealed,concealed,concealed,concealed,concealed,concealed,concealed,concealed,concealed,concealed,concealed,concealed
visitor,false,,,technical.payment-return,mobile,not-available,not-available,not-available,not-available,not-available,not-available,not-available,not-available,not-available,not-available,not-available,not-available,not-available,not-available,not-available,not-available,not-available,not-available
visitor,false,,,technical.whatsapp-return,web,available,concealed,concealed,concealed,concealed,concealed,concealed,concealed,concealed,concealed,concealed,concealed,concealed,concealed,concealed,concealed,concealed,concealed
visitor,false,,,technical.whatsapp-return,mobile,not-available,not-available,not-available,not-available,not-available,not-available,not-available,not-available,not-available,not-available,not-available,not-available,not-available,not-available,not-available,not-available,not-available,not-available
visitor,false,,,technical.inventory-scan,web,available,concealed,concealed,concealed,concealed,concealed,concealed,concealed,concealed,concealed,concealed,concealed,concealed,concealed,concealed,concealed,concealed,concealed
visitor,false,,,technical.inventory-scan,mobile,not-available,not-available,not-available,not-available,not-available,not-available,not-available,not-available,not-available,not-available,not-available,not-available,not-available,not-available,not-available,not-available,not-available,not-available
visitor,false,,,technical.course-public,web,available,allowed,allowed,not-supported,not-supported,not-supported,not-supported,not-supported,not-supported,not-supported,not-supported,not-supported,not-supported,not-supported,not-supported,not-supported,not-supported,not-supported
visitor,false,,,technical.course-public,mobile,web-fallback,allowed,allowed,not-supported,not-supported,not-supported,not-supported,not-supported,not-supported,not-supported,not-supported,not-supported,not-supported,not-supported,not-supported,not-supported,not-supported,not-supported
visitor,false,,,technical.course-registration,web,available,allowed,allowed,not-supported,not-supported,not-supported,not-supported,not-supported,not-supported,not-supported,allowed,not-supported,not-supported,not-supported,not-supported,not-supported,not-supported,not-supported
visitor,false,,,technical.course-registration,mobile,web-fallback,allowed,allowed,not-supported,not-supported,not-supported,not-supported,not-supported,not-supported,not-supported,allowed,not-supported,not-supported,not-supported,not-supported,not-supported,not-supported,not-supported
visitor,false,,,technical.whatsapp-consent-public,web,available,allowed,allowed,not-supported,not-supported,not-supported,not-supported,not-supported,not-supported,not-supported,allowed,not-supported,not-supported,not-supported,not-supported,not-supported,not-supported,not-supported
visitor,false,,,technical.whatsapp-consent-public,mobile,web-fallback,allowed,allowed,not-supported,not-supported,not-supported,not-supported,not-supported,not-supported,not-supported,allowed,not-supported,not-supported,not-supported,not-supported,not-supported,not-supported,not-supported
visitor,false,,,experimental.future-stubs,web,not-available,not-available,not-available,not-available,not-available,not-available,not-available,not-available,not-available,not-available,not-available,not-available,not-available,not-available,not-available,not-available,not-available,not-available
visitor,false,,,experimental.future-stubs,mobile,not-available,not-available,not-available,not-available,not-available,not-available,not-available,not-available,not-available,not-available,not-available,not-available,not-available,not-available,not-available,not-available,not-available,not-available
fan-client,true,Fan|Customer,Packages,public.platform,web,available,allowed,allowed,not-supported,not-supported,not-supported,not-supported,not-supported,not-supported,not-supported,not-supported,not-supported,not-supported,not-supported,not-supported,not-supported,not-supported,not-supported
fan-client,true,Fan|Customer,Packages,public.platform,mobile,web-fallback,allowed,allowed,not-supported,not-supported,not-supported,not-supported,not-supported,not-supported,not-supported,not-supported,not-supported,not-supported,not-supported,not-supported,not-supported,not-supported,not-supported
fan-client,true,Fan|Customer,Packages,home,web,available,allowed,allowed,not-supported,not-supported,not-supported,not-supported,not-supported,not-supported,not-supported,not-supported,not-supported,not-supported,not-supported,not-supported,not-supported,not-supported,not-supported
fan-client,true,Fan|Customer,Packages,home,mobile,native,allowed,allowed,not-supported,not-supported,not-supported,not-supported,not-supported,not-supported,not-supported,not-supported,not-supported,not-supported,not-supported,not-supported,not-supported,not-supported,not-supported
fan-client,true,Fan|Customer,Packages,community,web,available,allowed,allowed,allowed,allowed,allowed,not-supported,not-supported,not-supported,not-supported,not-supported,not-supported,not-supported,not-supported,not-supported,not-supported,not-supported,not-supported
fan-client,true,Fan|Customer,Packages,community,mobile,native,allowed,allowed,allowed,allowed,allowed,not-supported,not-supported,not-supported,not-supported,not-supported,not-supported,not-supported,not-supported,not-supported,not-supported,not-supported,not-supported
fan-client,true,Fan|Customer,Packages,community.club,web,available,allowed,allowed,allowed,allowed,allowed,not-supported,not-supported,not-supported,not-supported,not-supported,not-supported,not-supported,not-supported,not-supported,not-supported,not-supported,not-supported
fan-client,true,Fan|Customer,Packages,community.club,mobile,not-available,not-available,not-available,not-available,not-available,not-available,not-available,not-available,not-available,not-available,not-available,not-available,not-available,not-available,not-available,not-available,not-available,not-available
fan-client,true,Fan|Customer,Packages,community.member,web,available,allowed,allowed,not-supported,not-supported,not-supported,not-supported,not-supported,not-supported,not-supported,not-supported,not-supported,not-supported,not-supported,not-supported,not-supported,not-supported,not-supported
fan-client,true,Fan|Customer,Packages,community.member,mobile,web-fallback,allowed,allowed,not-supported,not-supported,not-supported,not-supported,not-supported,not-supported,not-supported,not-supported,not-supported,not-supported,not-supported,not-supported,not-supported,not-supported,not-supported
fan-client,true,Fan|Customer,Packages,artist.public,web,available,allowed,allowed,not-supported,not-supported,not-supported,not-supported,not-supported,not-supported,not-supported,not-supported,not-supported,not-supported,not-supported,not-supported,not-supported,not-supported,not-supported
fan-client,true,Fan|Customer,Packages,artist.public,mobile,not-available,not-available,not-available,not-available,not-available,not-available,not-available,not-available,not-available,not-available,not-available,not-available,not-available,not-available,not-available,not-available,not-available,not-available
fan-client,true,Fan|Customer,Packages,artist.onboarding,web,available,allowed,allowed,concealed,not-supported,not-supported,not-supported,not-supported,not-supported,not-supported,not-supported,not-supported,not-supported,not-supported,not-supported,not-supported,not-supported,not-supported
fan-client,true,Fan|Customer,Packages,artist.onboarding,mobile,native,allowed,allowed,concealed,not-supported,not-supported,not-supported,not-supported,not-supported,not-supported,not-supported,not-supported,not-supported,not-supported,not-supported,not-supported,not-supported,not-supported
fan-client,true,Fan|Customer,Packages,marketplace,web,available,allowed,allowed,allowed,allowed,allowed,not-supported,not-supported,not-supported,not-supported,not-supported,not-supported,not-supported,not-supported,not-supported,not-supported,not-supported,not-supported
fan-client,true,Fan|Customer,Packages,marketplace,mobile,web-fallback,allowed,allowed,allowed,allowed,allowed,not-supported,not-supported,not-supported,not-supported,not-supported,not-supported,not-supported,not-supported,not-supported,not-supported,not-supported,not-supported
fan-client,true,Fan|Customer,Packages,marketplace.order-tracking,web,available,allowed,allowed,not-supported,not-supported,not-supported,not-supported,not-supported,not-supported,not-supported,not-supported,not-supported,not-supported,not-supported,not-supported,not-supported,not-supported,not-supported
fan-client,true,Fan|Customer,Packages,marketplace.order-tracking,mobile,web-fallback,allowed,allowed,not-supported,not-supported,not-supported,not-supported,not-supported,not-supported,not-supported,not-supported,not-supported,not-supported,not-supported,not-supported,not-supported,not-supported,not-supported
fan-client,true,Fan|Customer,Packages,service.mixing-mastering,web,available,allowed,allowed,not-supported,not-supported,not-supported,not-supported,not-supported,not-supported,not-supported,not-supported,not-supported,not-supported,not-supported,not-supported,not-supported,not-supported,not-supported
fan-client,true,Fan|Customer,Packages,service.mixing-mastering,mobile,web-fallback,allowed,allowed,not-supported,not-supported,not-supported,not-supported,not-supported,not-supported,not-supported,not-supported,not-supported,not-supported,not-supported,not-supported,not-supported,not-supported,not-supported
fan-client,true,Fan|Customer,Packages,bookings.public,web,available,allowed,allowed,allowed,not-supported,not-supported,not-supported,not-supported,not-supported,not-supported,not-supported,not-supported,not-supported,not-supported,not-supported,not-supported,not-supported,not-supported
fan-client,true,Fan|Customer,Packages,bookings.public,mobile,native,allowed,allowed,allowed,not-supported,not-supported,not-supported,not-supported,not-supported,not-supported,not-supported,not-supported,not-supported,not-supported,not-supported,not-supported,not-supported,not-supported
fan-client,true,Fan|Customer,Packages,bookings.dj-booth,web,available,allowed,allowed,not-supported,not-supported,not-supported,not-supported,not-supported,not-supported,not-supported,not-supported,not-supported,not-supported,not-supported,not-supported,not-supported,not-supported,not-supported
fan-client,true,Fan|Customer,Packages,bookings.dj-booth,mobile,native,allowed,allowed,not-supported,not-supported,not-supported,not-supported,not-supported,not-supported,not-supported,not-supported,not-supported,not-supported,not-supported,not-supported,not-supported,not-supported,not-supported
fan-client,true,Fan|Customer,Packages,public.trials,web,available,allowed,allowed,allowed,allowed,allowed,not-supported,not-supported,not-supported,not-supported,not-supported,not-supported,not-supported,not-supported,not-supported,not-supported,not-supported,not-supported
fan-client,true,Fan|Customer,Packages,public.trials,mobile,web-fallback,allowed,allowed,allowed,allowed,allowed,not-supported,not-supported,not-supported,not-supported,not-supported,not-supported,not-supported,not-supported,not-supported,not-supported,not-supported,not-supported
fan-client,true,Fan|Customer,Packages,public.live-session-registration,web,available,allowed,allowed,allowed,not-supported,not-supported,not-supported,not-supported,not-supported,not-supported,not-supported,not-supported,not-supported,not-supported,not-supported,not-supported,not-supported,not-supported
fan-client,true,Fan|Customer,Packages,public.live-session-registration,mobile,web-fallback,allowed,allowed,allowed,not-supported,not-supported,not-supported,not-supported,not-supported,not-supported,not-supported,not-supported,not-supported,not-supported,not-supported,not-supported,not-supported,not-supported
fan-client,true,Fan|Customer,Packages,public.records,web,available,allowed,allowed,not-supported,not-supported,not-supported,not-supported,not-supported,not-supported,not-supported,not-supported,not-supported,not-supported,not-supported,not-supported,not-supported,not-supported,not-supported
fan-client,true,Fan|Customer,Packages,public.records,mobile,web-fallback,allowed,allowed,not-supported,not-supported,not-supported,not-supported,not-supported,not-supported,not-supported,not-supported,not-supported,not-supported,not-supported,not-supported,not-supported,not-supported,not-supported
fan-client,true,Fan|Customer,Packages,public.donations,web,available,allowed,allowed,not-supported,not-supported,not-supported,not-supported,not-supported,not-supported,not-supported,not-supported,not-supported,not-supported,not-supported,not-supported,not-supported,not-supported,not-supported
fan-client,true,Fan|Customer,Packages,public.donations,mobile,web-fallback,allowed,allowed,not-supported,not-supported,not-supported,not-supported,not-supported,not-supported,not-supported,not-supported,not-supported,not-supported,not-supported,not-supported,not-supported,not-supported,not-supported
fan-client,true,Fan|Customer,Packages,public.domo,web,available,allowed,allowed,not-supported,not-supported,not-supported,not-supported,not-supported,not-supported,not-supported,not-supported,not-supported,not-supported,not-supported,not-supported,not-supported,not-supported,not-supported
fan-client,true,Fan|Customer,Packages,public.domo,mobile,web-fallback,allowed,allowed,not-supported,not-supported,not-supported,not-supported,not-supported,not-supported,not-supported,not-supported,not-supported,not-supported,not-supported,not-supported,not-supported,not-supported,not-supported
fan-client,true,Fan|Customer,Packages,profile.detail,web,available,allowed,allowed,not-supported,not-supported,not-supported,not-supported,not-supported,not-supported,not-supported,not-supported,not-supported,not-supported,not-supported,not-supported,not-supported,not-supported,not-supported
fan-client,true,Fan|Customer,Packages,profile.detail,mobile,not-available,not-available,not-available,not-available,not-available,not-available,not-available,not-available,not-available,not-available,not-available,not-available,not-available,not-available,not-available,not-available,not-available,not-available
fan-client,true,Fan|Customer,Packages,social,web,available,allowed,allowed,allowed,not-supported,allowed,not-supported,not-supported,not-supported,not-supported,not-supported,not-supported,not-supported,not-supported,not-supported,not-supported,not-supported,not-supported
fan-client,true,Fan|Customer,Packages,social,mobile,native,allowed,allowed,allowed,not-supported,allowed,not-supported,not-supported,not-supported,not-supported,not-supported,not-supported,not-supported,not-supported,not-supported,not-supported,not-supported,not-supported
fan-client,true,Fan|Customer,Packages,social.instagram,web,available,allowed,allowed,not-supported,not-supported,not-supported,not-supported,not-supported,not-supported,not-supported,not-supported,not-supported,not-supported,not-supported,not-supported,not-supported,not-supported,locked-requestable
fan-client,true,Fan|Customer,Packages,social.instagram,mobile,web-fallback,allowed,allowed,not-supported,not-supported,not-supported,not-supported,not-supported,not-supported,not-supported,not-supported,not-supported,not-supported,not-supported,not-supported,not-supported,not-supported,locked-requestable
fan-client,true,Fan|Customer,Packages,social.vcard,web,not-available,not-available,not-available,not-available,not-available,not-available,not-available,not-available,not-available,not-available,not-available,not-available,not-available,not-available,not-available,not-available,not-available,not-available
fan-client,true,Fan|Customer,Packages,social.vcard,mobile,native,allowed,allowed,allowed,not-supported,not-supported,not-supported,not-supported,not-supported,not-supported,not-supported,not-supported,not-supported,not-supported,not-supported,not-supported,not-supported,not-supported
fan-client,true,Fan|Customer,Packages,social.inbox,web,available,locked-requestable,locked-requestable,locked-requestable,not-supported,not-supported,not-supported,not-supported,not-supported,not-supported,not-supported,not-supported,not-supported,not-supported,not-supported,not-supported,not-supported,not-supported
fan-client,true,Fan|Customer,Packages,social.inbox,mobile,web-fallback,locked-requestable,locked-requestable,locked-requestable,not-supported,not-supported,not-supported,not-supported,not-supported,not-supported,not-supported,not-supported,not-supported,not-supported,not-supported,not-supported,not-supported,not-supported
fan-client,true,Fan|Customer,Packages,social.events,web,available,allowed,allowed,allowed,allowed,allowed,not-supported,not-supported,not-supported,not-supported,not-supported,not-supported,not-supported,not-supported,not-supported,allowed,not-supported,not-supported
fan-client,true,Fan|Customer,Packages,social.events,mobile,native,allowed,allowed,allowed,allowed,allowed,not-supported,not-supported,not-supported,not-supported,not-supported,not-supported,not-supported,not-supported,not-supported,allowed,not-supported,not-supported
fan-client,true,Fan|Customer,Packages,social.events.create,web,available,allowed,allowed,allowed,not-supported,not-supported,not-supported,not-supported,not-supported,not-supported,not-supported,not-supported,not-supported,not-supported,not-supported,not-supported,not-supported,not-supported
fan-client,true,Fan|Customer,Packages,social.events.create,mobile,native,allowed,allowed,allowed,not-supported,not-supported,not-supported,not-supported,not-supported,not-supported,not-supported,not-supported,not-supported,not-supported,not-supported,not-supported,not-supported,not-supported
fan-client,true,Fan|Customer,Packages,social.event.detail,web,available,allowed,allowed,not-supported,not-supported,not-supported,not-supported,not-supported,not-supported,not-supported,not-supported,not-supported,not-supported,not-supported,not-supported,not-supported,not-supported,not-supported
fan-client,true,Fan|Customer,Packages,social.event.detail,mobile,not-available,not-available,not-available,not-available,not-available,not-available,not-available,not-available,not-available,not-available,not-available,not-available,not-available,not-available,not-available,not-available,not-available,not-available
fan-client,true,Fan|Customer,Packages,social.event.logistics,web,available,locked-requestable,locked-requestable,locked-requestable,locked-requestable,locked-requestable,not-supported,not-supported,not-supported,not-supported,not-supported,not-supported,not-supported,not-supported,locked-requestable,not-supported,not-supported,not-supported
fan-client,true,Fan|Customer,Packages,social.event.logistics,mobile,not-available,not-available,not-available,not-available,not-available,not-available,not-available,not-available,not-available,not-available,not-available,not-available,not-available,not-available,not-available,not-available,not-available,not-available
fan-client,true,Fan|Customer,Packages,social.discovery,web,available,flag-required,flag-required,flag-required,flag-required,flag-required,flag-required,flag-required,flag-required,flag-required,flag-required,flag-required,flag-required,flag-required,flag-required,flag-required,flag-required,flag-required
fan-client,true,Fan|Customer,Packages,social.discovery,mobile,native,flag-required,flag-required,flag-required,flag-required,flag-required,flag-required,flag-required,flag-required,flag-required,flag-required,flag-required,flag-required,flag-required,flag-required,flag-required,flag-required,flag-required
fan-client,true,Fan|Customer,Packages,chat,web,available,allowed,allowed,allowed,not-supported,not-supported,not-supported,not-supported,not-supported,not-supported,not-supported,not-supported,not-supported,not-supported,not-supported,not-supported,not-supported,not-supported
fan-client,true,Fan|Customer,Packages,chat,mobile,web-fallback,allowed,allowed,allowed,not-supported,not-supported,not-supported,not-supported,not-supported,not-supported,not-supported,not-supported,not-supported,not-supported,not-supported,not-supported,not-supported,not-supported
fan-client,true,Fan|Customer,Packages,crm.contacts,web,available,locked-requestable,locked-requestable,locked-requestable,locked-requestable,locked-requestable,not-supported,not-supported,not-supported,locked-requestable,not-supported,not-supported,not-supported,not-supported,locked-requestable,not-supported,not-supported,not-supported
fan-client,true,Fan|Customer,Packages,crm.contacts,mobile,native,locked-requestable,locked-requestable,locked-requestable,locked-requestable,locked-requestable,not-supported,not-supported,not-supported,locked-requestable,not-supported,not-supported,not-supported,not-supported,locked-requestable,not-supported,not-supported,not-supported
fan-client,true,Fan|Customer,Packages,crm.companies,web,available,locked-requestable,locked-requestable,locked-requestable,locked-requestable,not-supported,not-supported,not-supported,not-supported,not-supported,not-supported,not-supported,not-supported,not-supported,not-supported,not-supported,not-supported,not-supported
fan-client,true,Fan|Customer,Packages,crm.companies,mobile,native,locked-requestable,locked-requestable,locked-requestable,locked-requestable,not-supported,not-supported,not-supported,not-supported,not-supported,not-supported,not-supported,not-supported,not-supported,not-supported,not-supported,not-supported,not-supported
fan-client,true,Fan|Customer,Packages,crm.leads,web,available,locked-requestable,locked-requestable,locked-requestable,locked-requestable,not-supported,not-supported,not-supported,not-supported,not-supported,not-supported,not-supported,not-supported,not-supported,locked-requestable,not-supported,not-supported,not-supported
fan-client,true,Fan|Customer,Packages,crm.leads,mobile,web-fallback,locked-requestable,locked-requestable,locked-requestable,locked-requestable,not-supported,not-supported,not-supported,not-supported,not-supported,not-supported,not-supported,not-supported,not-supported,locked-requestable,not-supported,not-supported,not-supported
fan-client,true,Fan|Customer,Packages,studio.calendar,web,available,locked-requestable,locked-requestable,locked-requestable,locked-requestable,locked-requestable,not-supported,not-supported,not-supported,not-supported,not-supported,not-supported,not-supported,not-supported,not-supported,not-supported,not-supported,not-supported
fan-client,true,Fan|Customer,Packages,studio.calendar,mobile,native,locked-requestable,locked-requestable,locked-requestable,locked-requestable,locked-requestable,not-supported,not-supported,not-supported,not-supported,not-supported,not-supported,not-supported,not-supported,not-supported,not-supported,not-supported,not-supported
fan-client,true,Fan|Customer,Packages,studio.rooms,web,available,locked-requestable,locked-requestable,locked-requestable,locked-requestable,not-supported,not-supported,not-supported,not-supported,not-supported,not-supported,not-supported,not-supported,not-supported,not-supported,not-supported,not-supported,not-supported
fan-client,true,Fan|Customer,Packages,studio.rooms,mobile,native,locked-requestable,locked-requestable,locked-requestable,locked-requestable,not-supported,not-supported,not-supported,not-supported,not-supported,not-supported,not-supported,not-supported,not-supported,not-supported,not-supported,not-supported,not-supported
fan-client,true,Fan|Customer,Packages,studio.orders,web,available,locked-requestable,locked-requestable,locked-requestable,locked-requestable,not-supported,not-supported,not-supported,not-supported,not-supported,not-supported,not-supported,locked-requestable,not-supported,not-supported,not-supported,not-supported,not-supported
fan-client,true,Fan|Customer,Packages,studio.orders,mobile,web-fallback,locked-requestable,locked-requestable,locked-requestable,locked-requestable,not-supported,not-supported,not-supported,not-supported,not-supported,not-supported,not-supported,locked-requestable,not-supported,not-supported,not-supported,not-supported,not-supported
fan-client,true,Fan|Customer,Packages,studio.services,web,available,locked-requestable,locked-requestable,locked-requestable,locked-requestable,locked-requestable,not-supported,not-supported,not-supported,not-supported,not-supported,not-supported,not-supported,not-supported,not-supported,not-supported,not-supported,not-supported
fan-client,true,Fan|Customer,Packages,studio.services,mobile,web-fallback,locked-requestable,locked-requestable,locked-requestable,locked-requestable,locked-requestable,not-supported,not-supported,not-supported,not-supported,not-supported,not-supported,not-supported,not-supported,not-supported,not-supported,not-supported,not-supported
fan-client,true,Fan|Customer,Packages,studio.pipelines,web,available,locked-requestable,locked-requestable,locked-requestable,locked-requestable,locked-requestable,not-supported,not-supported,not-supported,not-supported,not-supported,not-supported,not-supported,not-supported,locked-requestable,not-supported,not-supported,not-supported
fan-client,true,Fan|Customer,Packages,studio.pipelines,mobile,native,locked-requestable,locked-requestable,locked-requestable,locked-requestable,locked-requestable,not-supported,not-supported,not-supported,not-supported,not-supported,not-supported,not-supported,not-supported,locked-requestable,not-supported,not-supported,not-supported
fan-client,true,Fan|Customer,Packages,studio.live-sessions,web,available,locked-requestable,locked-requestable,locked-requestable,locked-requestable,not-supported,not-supported,not-supported,not-supported,not-supported,not-supported,not-supported,not-supported,not-supported,not-supported,not-supported,not-supported,not-supported
fan-client,true,Fan|Customer,Packages,studio.live-sessions,mobile,web-fallback,locked-requestable,locked-requestable,locked-requestable,locked-requestable,not-supported,not-supported,not-supported,not-supported,not-supported,not-supported,not-supported,not-supported,not-supported,not-supported,not-supported,not-supported,not-supported
fan-client,true,Fan|Customer,Packages,studio.domo-campaign,web,available,locked-requestable,locked-requestable,not-supported,locked-requestable,not-supported,not-supported,not-supported,not-supported,not-supported,not-supported,not-supported,not-supported,not-supported,not-supported,not-supported,not-supported,not-supported
fan-client,true,Fan|Customer,Packages,studio.domo-campaign,mobile,web-fallback,locked-requestable,locked-requestable,not-supported,locked-requestable,not-supported,not-supported,not-supported,not-supported,not-supported,not-supported,not-supported,not-supported,not-supported,not-supported,not-supported,not-supported,not-supported
fan-client,true,Fan|Customer,Packages,studio.reports,web,available,locked-requestable,locked-requestable,not-supported,not-supported,not-supported,not-supported,not-supported,not-supported,locked-requestable,not-supported,not-supported,not-supported,not-supported,not-supported,not-supported,locked-requestable,not-supported
fan-client,true,Fan|Customer,Packages,studio.reports,mobile,web-fallback,locked-requestable,locked-requestable,not-supported,not-supported,not-supported,not-supported,not-supported,not-supported,locked-requestable,not-supported,not-supported,not-supported,not-supported,not-supported,not-supported,locked-requestable,not-supported
fan-client,true,Fan|Customer,Packages,school.teacher-portal,web,available,locked-requestable,locked-requestable,locked-requestable,locked-requestable,locked-requestable,not-supported,not-supported,not-supported,not-supported,not-supported,not-supported,not-supported,not-supported,not-supported,not-supported,not-supported,not-supported
fan-client,true,Fan|Customer,Packages,school.teacher-portal,mobile,web-fallback,locked-requestable,locked-requestable,locked-requestable,locked-requestable,locked-requestable,not-supported,not-supported,not-supported,not-supported,not-supported,not-supported,not-supported,not-supported,not-supported,not-supported,not-supported,not-supported
fan-client,true,Fan|Customer,Packages,school.teachers,web,available,locked-requestable,locked-requestable,locked-requestable,locked-requestable,not-supported,not-supported,not-supported,not-supported,not-supported,not-supported,not-supported,not-supported,not-supported,not-supported,not-supported,not-supported,not-supported
fan-client,true,Fan|Customer,Packages,school.teachers,mobile,web-fallback,locked-requestable,locked-requestable,locked-requestable,locked-requestable,not-supported,not-supported,not-supported,not-supported,not-supported,not-supported,not-supported,not-supported,not-supported,not-supported,not-supported,not-supported,not-supported
fan-client,true,Fan|Customer,Packages,school.classes,web,available,locked-requestable,locked-requestable,locked-requestable,locked-requestable,not-supported,not-supported,not-supported,not-supported,not-supported,not-supported,not-supported,not-supported,not-supported,not-supported,not-supported,not-supported,not-supported
fan-client,true,Fan|Customer,Packages,school.classes,mobile,web-fallback,locked-requestable,locked-requestable,locked-requestable,locked-requestable,not-supported,not-supported,not-supported,not-supported,not-supported,not-supported,not-supported,not-supported,not-supported,not-supported,not-supported,not-supported,not-supported
fan-client,true,Fan|Customer,Packages,school.trial-lessons,web,available,locked-requestable,locked-requestable,locked-requestable,not-supported,not-supported,not-supported,not-supported,not-supported,not-supported,not-supported,not-supported,not-supported,not-supported,locked-requestable,not-supported,not-supported,not-supported
fan-client,true,Fan|Customer,Packages,school.trial-lessons,mobile,web-fallback,locked-requestable,locked-requestable,locked-requestable,not-supported,not-supported,not-supported,not-supported,not-supported,not-supported,not-supported,not-supported,not-supported,not-supported,locked-requestable,not-supported,not-supported,not-supported
fan-client,true,Fan|Customer,Packages,school.trial-queue,web,available,locked-requestable,locked-requestable,not-supported,not-supported,not-supported,not-supported,not-supported,not-supported,not-supported,not-supported,not-supported,not-supported,not-supported,locked-requestable,not-supported,not-supported,not-supported
fan-client,true,Fan|Customer,Packages,school.trial-queue,mobile,web-fallback,locked-requestable,locked-requestable,not-supported,not-supported,not-supported,not-supported,not-supported,not-supported,not-supported,not-supported,not-supported,not-supported,not-supported,locked-requestable,not-supported,not-supported,not-supported
fan-client,true,Fan|Customer,Packages,internships,web,available,locked-requestable,locked-requestable,locked-requestable,locked-requestable,locked-requestable,not-supported,not-supported,not-supported,not-supported,not-supported,not-supported,locked-requestable,not-supported,not-supported,not-supported,not-supported,not-supported
fan-client,true,Fan|Customer,Packages,internships,mobile,web-fallback,locked-requestable,locked-requestable,locked-requestable,locked-requestable,locked-requestable,not-supported,not-supported,not-supported,not-supported,not-supported,not-supported,locked-requestable,not-supported,not-supported,not-supported,not-supported,not-supported
fan-client,true,Fan|Customer,Packages,label.artists,web,available,locked-requestable,locked-requestable,locked-requestable,locked-requestable,locked-requestable,not-supported,not-supported,not-supported,not-supported,not-supported,not-supported,not-supported,not-supported,not-supported,not-supported,locked-requestable,not-supported
fan-client,true,Fan|Customer,Packages,label.artists,mobile,native,locked-requestable,locked-requestable,locked-requestable,locked-requestable,locked-requestable,not-supported,not-supported,not-supported,not-supported,not-supported,not-supported,not-supported,not-supported,not-supported,not-supported,locked-requestable,not-supported
fan-client,true,Fan|Customer,Packages,label.projects,web,available,locked-requestable,locked-requestable,locked-requestable,locked-requestable,not-supported,not-supported,not-supported,not-supported,not-supported,not-supported,not-supported,not-supported,not-supported,locked-requestable,not-supported,not-supported,not-supported
fan-client,true,Fan|Customer,Packages,label.projects,mobile,web-fallback,locked-requestable,locked-requestable,locked-requestable,locked-requestable,not-supported,not-supported,not-supported,not-supported,not-supported,not-supported,not-supported,not-supported,not-supported,locked-requestable,not-supported,not-supported,not-supported
fan-client,true,Fan|Customer,Packages,label.releases,web,available,locked-requestable,locked-requestable,locked-requestable,locked-requestable,locked-requestable,not-supported,not-supported,not-supported,locked-requestable,not-supported,not-supported,not-supported,not-supported,not-supported,locked-requestable,not-supported,not-supported
fan-client,true,Fan|Customer,Packages,label.releases,mobile,web-fallback,locked-requestable,locked-requestable,locked-requestable,locked-requestable,locked-requestable,not-supported,not-supported,not-supported,locked-requestable,not-supported,not-supported,not-supported,not-supported,not-supported,locked-requestable,not-supported,not-supported
fan-client,true,Fan|Customer,Packages,label.assets,web,available,locked-requestable,locked-requestable,locked-requestable,locked-requestable,locked-requestable,not-supported,not-supported,not-supported,not-supported,not-supported,not-supported,not-supported,not-supported,not-supported,not-supported,not-supported,not-supported
fan-client,true,Fan|Customer,Packages,label.assets,mobile,web-fallback,locked-requestable,locked-requestable,locked-requestable,locked-requestable,locked-requestable,not-supported,not-supported,not-supported,not-supported,not-supported,not-supported,not-supported,not-supported,not-supported,not-supported,not-supported,not-supported
fan-client,true,Fan|Customer,Packages,label.tracks,web,available,locked-requestable,locked-requestable,locked-requestable,locked-requestable,locked-requestable,not-supported,not-supported,not-supported,not-supported,not-supported,not-supported,not-supported,not-supported,not-supported,not-supported,not-supported,not-supported
fan-client,true,Fan|Customer,Packages,label.tracks,mobile,web-fallback,locked-requestable,locked-requestable,locked-requestable,locked-requestable,locked-requestable,not-supported,not-supported,not-supported,not-supported,not-supported,not-supported,not-supported,not-supported,not-supported,not-supported,not-supported,not-supported
fan-client,true,Fan|Customer,Packages,label.ddex.inbox,web,available,locked-requestable,locked-requestable,not-supported,not-supported,not-supported,not-supported,not-supported,locked-requestable,locked-requestable,not-supported,locked-requestable,not-supported,not-supported,not-supported,not-supported,not-supported,not-supported
fan-client,true,Fan|Customer,Packages,label.ddex.inbox,mobile,native,locked-requestable,locked-requestable,not-supported,not-supported,not-supported,not-supported,not-supported,locked-requestable,locked-requestable,not-supported,locked-requestable,not-supported,not-supported,not-supported,not-supported,not-supported,not-supported
fan-client,true,Fan|Customer,Packages,label.ddex.document,web,available,locked-requestable,locked-requestable,not-supported,not-supported,not-supported,not-supported,not-supported,not-supported,not-supported,not-supported,locked-requestable,not-supported,not-supported,not-supported,not-supported,not-supported,not-supported
fan-client,true,Fan|Customer,Packages,label.ddex.document,mobile,not-available,not-available,not-available,not-available,not-available,not-available,not-available,not-available,not-available,not-available,not-available,not-available,not-available,not-available,not-available,not-available,not-available,not-available
fan-client,true,Fan|Customer,Packages,label.ddex.import,web,available,concealed,concealed,concealed,concealed,concealed,concealed,concealed,concealed,concealed,concealed,concealed,concealed,concealed,concealed,concealed,concealed,concealed
fan-client,true,Fan|Customer,Packages,label.ddex.import,mobile,not-available,not-available,not-available,not-available,not-available,not-available,not-available,not-available,not-available,not-available,not-available,not-available,not-available,not-available,not-available,not-available,not-available,not-available
fan-client,true,Fan|Customer,Packages,label.ddex.partners,web,available,locked-requestable,locked-requestable,locked-requestable,locked-requestable,locked-requestable,not-supported,not-supported,not-supported,not-supported,not-supported,not-supported,not-supported,not-supported,not-supported,not-supported,not-supported,locked-requestable
fan-client,true,Fan|Customer,Packages,label.ddex.partners,mobile,native,locked-requestable,locked-requestable,locked-requestable,locked-requestable,locked-requestable,not-supported,not-supported,not-supported,not-supported,not-supported,not-supported,not-supported,not-supported,not-supported,not-supported,not-supported,locked-requestable
fan-client,true,Fan|Customer,Packages,operations.inventory,web,available,locked-requestable,locked-requestable,locked-requestable,locked-requestable,locked-requestable,not-supported,not-supported,not-supported,not-supported,not-supported,not-supported,not-supported,not-supported,locked-requestable,not-supported,locked-requestable,not-supported
fan-client,true,Fan|Customer,Packages,operations.inventory,mobile,native,locked-requestable,locked-requestable,locked-requestable,locked-requestable,locked-requestable,not-supported,not-supported,not-supported,not-supported,not-supported,not-supported,not-supported,not-supported,locked-requestable,not-supported,locked-requestable,not-supported
fan-client,true,Fan|Customer,Packages,operations.marketplace-orders,web,available,locked-requestable,locked-requestable,locked-requestable,locked-requestable,locked-requestable,not-supported,not-supported,not-supported,locked-requestable,not-supported,not-supported,locked-requestable,not-supported,not-supported,not-supported,not-supported,not-supported
fan-client,true,Fan|Customer,Packages,operations.marketplace-orders,mobile,web-fallback,locked-requestable,locked-requestable,locked-requestable,locked-requestable,locked-requestable,not-supported,not-supported,not-supported,locked-requestable,not-supported,not-supported,locked-requestable,not-supported,not-supported,not-supported,not-supported,not-supported
fan-client,true,Fan|Customer,Packages,operations.equipment-bookings,web,available,locked-requestable,locked-requestable,locked-requestable,locked-requestable,not-supported,not-supported,not-supported,not-supported,not-supported,not-supported,not-supported,not-supported,not-supported,not-supported,not-supported,not-supported,not-supported
fan-client,true,Fan|Customer,Packages,operations.equipment-bookings,mobile,native,locked-requestable,locked-requestable,locked-requestable,locked-requestable,not-supported,not-supported,not-supported,not-supported,not-supported,not-supported,not-supported,not-supported,not-supported,not-supported,not-supported,not-supported,not-supported
fan-client,true,Fan|Customer,Packages,finance.payments,web,available,locked-requestable,locked-requestable,locked-requestable,locked-requestable,not-supported,not-supported,not-supported,not-supported,locked-requestable,not-supported,not-supported,not-supported,not-supported,not-supported,not-supported,locked-requestable,not-supported
fan-client,true,Fan|Customer,Packages,finance.payments,mobile,web-fallback,locked-requestable,locked-requestable,locked-requestable,locked-requestable,not-supported,not-supported,not-supported,not-supported,locked-requestable,not-supported,not-supported,not-supported,not-supported,not-supported,not-supported,locked-requestable,not-supported
fan-client,true,Fan|Customer,Packages,finance.account-report-builder,web,available,locked-requestable,locked-requestable,not-supported,not-supported,not-supported,not-supported,not-supported,not-supported,locked-requestable,not-supported,not-supported,not-supported,not-supported,not-supported,not-supported,locked-requestable,not-supported
fan-client,true,Fan|Customer,Packages,finance.account-report-builder,mobile,web-fallback,locked-requestable,locked-requestable,not-supported,not-supported,not-supported,not-supported,not-supported,not-supported,locked-requestable,not-supported,not-supported,not-supported,not-supported,not-supported,not-supported,locked-requestable,not-supported
fan-client,true,Fan|Customer,Packages,finance.esteban-report,web,available,locked-requestable,locked-requestable,not-supported,not-supported,not-supported,not-supported,not-supported,not-supported,locked-requestable,not-supported,not-supported,not-supported,not-supported,not-supported,not-supported,locked-requestable,not-supported
fan-client,true,Fan|Customer,Packages,finance.esteban-report,mobile,web-fallback,locked-requestable,locked-requestable,not-supported,not-supported,not-supported,not-supported,not-supported,not-supported,locked-requestable,not-supported,not-supported,not-supported,not-supported,not-supported,not-supported,locked-requestable,not-supported
fan-client,true,Fan|Customer,Packages,finance.david-report,web,available,locked-requestable,locked-requestable,not-supported,not-supported,not-supported,not-supported,not-supported,not-supported,locked-requestable,not-supported,not-supported,not-supported,not-supported,not-supported,not-supported,locked-requestable,not-supported
fan-client,true,Fan|Customer,Packages,finance.david-report,mobile,web-fallback,locked-requestable,locked-requestable,not-supported,not-supported,not-supported,not-supported,not-supported,not-supported,locked-requestable,not-supported,not-supported,not-supported,not-supported,not-supported,not-supported,locked-requestable,not-supported
fan-client,true,Fan|Customer,Packages,admin.course-registrations,web,available,locked-requestable,locked-requestable,locked-requestable,locked-requestable,locked-requestable,not-supported,not-supported,not-supported,locked-requestable,not-supported,not-supported,locked-requestable,not-supported,not-supported,not-supported,not-supported,not-supported
fan-client,true,Fan|Customer,Packages,admin.course-registrations,mobile,web-fallback,locked-requestable,locked-requestable,locked-requestable,locked-requestable,locked-requestable,not-supported,not-supported,not-supported,locked-requestable,not-supported,not-supported,locked-requestable,not-supported,not-supported,not-supported,not-supported,not-supported
fan-client,true,Fan|Customer,Packages,admin.courses,web,available,locked-requestable,locked-requestable,locked-requestable,locked-requestable,not-supported,not-supported,not-supported,not-supported,not-supported,not-supported,not-supported,not-supported,not-supported,not-supported,locked-requestable,not-supported,not-supported
fan-client,true,Fan|Customer,Packages,admin.courses,mobile,web-fallback,locked-requestable,locked-requestable,locked-requestable,locked-requestable,not-supported,not-supported,not-supported,not-supported,not-supported,not-supported,not-supported,not-supported,not-supported,not-supported,locked-requestable,not-supported,not-supported
fan-client,true,Fan|Customer,Packages,admin.users,web,available,concealed,concealed,concealed,concealed,concealed,not-supported,concealed,not-supported,not-supported,not-supported,not-supported,not-supported,not-supported,not-supported,not-supported,not-supported,concealed
fan-client,true,Fan|Customer,Packages,admin.users,mobile,not-available,not-available,not-available,not-available,not-available,not-available,not-available,not-available,not-available,not-available,not-available,not-available,not-available,not-available,not-available,not-available,not-available,not-available
fan-client,true,Fan|Customer,Packages,admin.roles,web,available,concealed,concealed,not-supported,concealed,not-supported,not-supported,not-supported,not-supported,not-supported,not-supported,not-supported,not-supported,not-supported,not-supported,not-supported,not-supported,concealed
fan-client,true,Fan|Customer,Packages,admin.roles,mobile,not-available,not-available,not-available,not-available,not-available,not-available,not-available,not-available,not-available,not-available,not-available,not-available,not-available,not-available,not-available,not-available,not-available,not-available
fan-client,true,Fan|Customer,Packages,admin.system-status,web,available,locked-requestable,locked-requestable,not-supported,not-supported,not-supported,not-supported,not-supported,not-supported,not-supported,not-supported,not-supported,not-supported,not-supported,not-supported,not-supported,not-supported,not-supported
fan-client,true,Fan|Customer,Packages,admin.system-status,mobile,web-fallback,locked-requestable,locked-requestable,not-supported,not-supported,not-supported,not-supported,not-supported,not-supported,not-supported,not-supported,not-supported,not-supported,not-supported,not-supported,not-supported,not-supported,not-supported
fan-client,true,Fan|Customer,Packages,admin.activity,web,available,locked-requestable,locked-requestable,not-supported,not-supported,not-supported,not-supported,not-supported,not-supported,locked-requestable,not-supported,not-supported,not-supported,not-supported,not-supported,not-supported,not-supported,not-supported
fan-client,true,Fan|Customer,Packages,admin.activity,mobile,web-fallback,locked-requestable,locked-requestable,not-supported,not-supported,not-supported,not-supported,not-supported,not-supported,locked-requestable,not-supported,not-supported,not-supported,not-supported,not-supported,not-supported,not-supported,not-supported
fan-client,true,Fan|Customer,Packages,admin.logs,web,available,locked-requestable,locked-requestable,not-supported,not-supported,locked-requestable,not-supported,not-supported,not-supported,not-supported,not-supported,not-supported,not-supported,not-supported,not-supported,not-supported,not-supported,not-supported
fan-client,true,Fan|Customer,Packages,admin.logs,mobile,web-fallback,locked-requestable,locked-requestable,not-supported,not-supported,locked-requestable,not-supported,not-supported,not-supported,not-supported,not-supported,not-supported,not-supported,not-supported,not-supported,not-supported,not-supported,not-supported
fan-client,true,Fan|Customer,Packages,admin.diagnostics,web,available,locked-requestable,locked-requestable,not-supported,not-supported,not-supported,not-supported,not-supported,not-supported,not-supported,not-supported,not-supported,not-supported,not-supported,not-supported,not-supported,not-supported,locked-requestable
fan-client,true,Fan|Customer,Packages,admin.diagnostics,mobile,web-fallback,locked-requestable,locked-requestable,not-supported,not-supported,not-supported,not-supported,not-supported,not-supported,not-supported,not-supported,not-supported,not-supported,not-supported,not-supported,not-supported,not-supported,locked-requestable
fan-client,true,Fan|Customer,Packages,admin.brain,web,available,locked-requestable,locked-requestable,locked-requestable,locked-requestable,not-supported,not-supported,not-supported,not-supported,not-supported,not-supported,not-supported,not-supported,not-supported,not-supported,not-supported,not-supported,locked-requestable
fan-client,true,Fan|Customer,Packages,admin.brain,mobile,web-fallback,locked-requestable,locked-requestable,locked-requestable,locked-requestable,not-supported,not-supported,not-supported,not-supported,not-supported,not-supported,not-supported,not-supported,not-supported,not-supported,not-supported,not-supported,locked-requestable
fan-client,true,Fan|Customer,Packages,admin.calendar-integration,web,available,concealed,concealed,not-supported,not-supported,not-supported,not-supported,not-supported,not-supported,not-supported,not-supported,not-supported,not-supported,not-supported,not-supported,not-supported,not-supported,concealed
fan-client,true,Fan|Customer,Packages,admin.calendar-integration,mobile,not-available,not-available,not-available,not-available,not-available,not-available,not-available,not-available,not-available,not-available,not-available,not-available,not-available,not-available,not-available,not-available,not-available,not-available
fan-client,true,Fan|Customer,Packages,admin.cms,web,available,locked-requestable,locked-requestable,locked-requestable,locked-requestable,locked-requestable,not-supported,not-supported,not-supported,not-supported,not-supported,not-supported,not-supported,not-supported,not-supported,locked-requestable,not-supported,not-supported
fan-client,true,Fan|Customer,Packages,admin.cms,mobile,web-fallback,locked-requestable,locked-requestable,locked-requestable,locked-requestable,locked-requestable,not-supported,not-supported,not-supported,not-supported,not-supported,not-supported,not-supported,not-supported,not-supported,locked-requestable,not-supported,not-supported
fan-client,true,Fan|Customer,Packages,admin.campaign-automations,web,available,locked-requestable,locked-requestable,locked-requestable,locked-requestable,not-supported,not-supported,not-supported,not-supported,not-supported,not-supported,not-supported,not-supported,not-supported,not-supported,locked-requestable,not-supported,not-supported
fan-client,true,Fan|Customer,Packages,admin.campaign-automations,mobile,web-fallback,locked-requestable,locked-requestable,locked-requestable,locked-requestable,not-supported,not-supported,not-supported,not-supported,not-supported,not-supported,not-supported,not-supported,not-supported,not-supported,locked-requestable,not-supported,not-supported
fan-client,true,Fan|Customer,Packages,admin.event-sources,web,available,flag-required,flag-required,flag-required,flag-required,flag-required,flag-required,flag-required,flag-required,flag-required,flag-required,flag-required,flag-required,flag-required,flag-required,flag-required,flag-required,flag-required
fan-client,true,Fan|Customer,Packages,admin.event-sources,mobile,not-available,not-available,not-available,not-available,not-available,not-available,not-available,not-available,not-available,not-available,not-available,not-available,not-available,not-available,not-available,not-available,not-available,not-available
fan-client,true,Fan|Customer,Packages,admin.whatsapp-consent,web,available,concealed,concealed,not-supported,not-supported,not-supported,not-supported,not-supported,not-supported,not-supported,not-supported,not-supported,not-supported,not-supported,not-supported,not-supported,not-supported,concealed
fan-client,true,Fan|Customer,Packages,admin.whatsapp-consent,mobile,not-available,not-available,not-available,not-available,not-available,not-available,not-available,not-available,not-available,not-available,not-available,not-available,not-available,not-available,not-available,not-available,not-available,not-available
fan-client,true,Fan|Customer,Packages,admin.ux-options,web,available,locked-requestable,locked-requestable,locked-requestable,locked-requestable,not-supported,not-supported,not-supported,not-supported,not-supported,not-supported,not-supported,not-supported,not-supported,not-supported,not-supported,not-supported,not-supported
fan-client,true,Fan|Customer,Packages,admin.ux-options,mobile,web-fallback,locked-requestable,locked-requestable,locked-requestable,locked-requestable,not-supported,not-supported,not-supported,not-supported,not-supported,not-supported,not-supported,not-supported,not-supported,not-supported,not-supported,not-supported,not-supported
fan-client,true,Fan|Customer,Packages,admin.preferences,web,available,locked-requestable,locked-requestable,not-supported,locked-requestable,not-supported,not-supported,not-supported,not-supported,not-supported,not-supported,not-supported,not-supported,not-supported,not-supported,not-supported,not-supported,not-supported
fan-client,true,Fan|Customer,Packages,admin.preferences,mobile,web-fallback,locked-requestable,locked-requestable,not-supported,locked-requestable,not-supported,not-supported,not-supported,not-supported,not-supported,not-supported,not-supported,not-supported,not-supported,not-supported,not-supported,not-supported,not-supported
fan-client,true,Fan|Customer,Packages,tools.chatkit,web,available,locked-requestable,locked-requestable,locked-requestable,not-supported,not-supported,not-supported,not-supported,not-supported,not-supported,not-supported,not-supported,not-supported,not-supported,not-supported,not-supported,not-supported,not-supported
fan-client,true,Fan|Customer,Packages,tools.chatkit,mobile,web-fallback,locked-requestable,locked-requestable,locked-requestable,not-supported,not-supported,not-supported,not-supported,not-supported,not-supported,not-supported,not-supported,not-supported,not-supported,not-supported,not-supported,not-supported,not-supported
fan-client,true,Fan|Customer,Packages,tools.tidal-agent,web,available,locked-requestable,locked-requestable,locked-requestable,not-supported,not-supported,not-supported,not-supported,not-supported,not-supported,not-supported,not-supported,not-supported,not-supported,not-supported,not-supported,not-supported,not-supported
fan-client,true,Fan|Customer,Packages,tools.tidal-agent,mobile,web-fallback,locked-requestable,locked-requestable,locked-requestable,not-supported,not-supported,not-supported,not-supported,not-supported,not-supported,not-supported,not-supported,not-supported,not-supported,not-supported,not-supported,not-supported,not-supported
fan-client,true,Fan|Customer,Packages,tools.music-maker,web,available,allowed,allowed,not-supported,not-supported,not-supported,not-supported,not-supported,not-supported,not-supported,not-supported,not-supported,not-supported,not-supported,not-supported,not-supported,not-supported,not-supported
fan-client,true,Fan|Customer,Packages,tools.music-maker,mobile,web-fallback,allowed,allowed,not-supported,not-supported,not-supported,not-supported,not-supported,not-supported,not-supported,not-supported,not-supported,not-supported,not-supported,not-supported,not-supported,not-supported,not-supported
fan-client,true,Fan|Customer,Packages,tools.admin-token,web,available,concealed,concealed,not-supported,not-supported,not-supported,not-supported,not-supported,not-supported,not-supported,not-supported,not-supported,not-supported,not-supported,not-supported,not-supported,not-supported,concealed
fan-client,true,Fan|Customer,Packages,tools.admin-token,mobile,not-available,not-available,not-available,not-available,not-available,not-available,not-available,not-available,not-available,not-available,not-available,not-available,not-available,not-available,not-available,not-available,not-available,not-available
fan-client,true,Fan|Customer,Packages,help.manual,web,available,allowed,allowed,not-supported,not-supported,not-supported,not-supported,not-supported,not-supported,not-supported,not-supported,not-supported,not-supported,not-supported,not-supported,not-supported,not-supported,not-supported
fan-client,true,Fan|Customer,Packages,help.manual,mobile,native,allowed,allowed,not-supported,not-supported,not-supported,not-supported,not-supported,not-supported,not-supported,not-supported,not-supported,not-supported,not-supported,not-supported,not-supported,not-supported,not-supported
fan-client,true,Fan|Customer,Packages,help.docs,web,available,allowed,allowed,not-supported,not-supported,not-supported,not-supported,not-supported,not-supported,not-supported,not-supported,not-supported,not-supported,not-supported,not-supported,not-supported,not-supported,not-supported
fan-client,true,Fan|Customer,Packages,help.docs,mobile,native,allowed,allowed,not-supported,not-supported,not-supported,not-supported,not-supported,not-supported,not-supported,not-supported,not-supported,not-supported,not-supported,not-supported,not-supported,not-supported,not-supported
fan-client,true,Fan|Customer,Packages,help.about,web,available,allowed,allowed,not-supported,not-supported,not-supported,not-supported,not-supported,not-supported,not-supported,not-supported,not-supported,not-supported,not-supported,not-supported,not-supported,not-supported,not-supported
fan-client,true,Fan|Customer,Packages,help.about,mobile,native,allowed,allowed,not-supported,not-supported,not-supported,not-supported,not-supported,not-supported,not-supported,not-supported,not-supported,not-supported,not-supported,not-supported,not-supported,not-supported,not-supported
fan-client,true,Fan|Customer,Packages,help.security,web,available,allowed,allowed,not-supported,not-supported,not-supported,not-supported,not-supported,not-supported,not-supported,not-supported,not-supported,not-supported,not-supported,not-supported,not-supported,not-supported,not-supported
fan-client,true,Fan|Customer,Packages,help.security,mobile,native,allowed,allowed,not-supported,not-supported,not-supported,not-supported,not-supported,not-supported,not-supported,not-supported,not-supported,not-supported,not-supported,not-supported,not-supported,not-supported,not-supported
fan-client,true,Fan|Customer,Packages,help.feedback,web,available,allowed,allowed,allowed,not-supported,not-supported,not-supported,not-supported,not-supported,not-supported,not-supported,not-supported,not-supported,not-supported,not-supported,not-supported,not-supported,not-supported
fan-client,true,Fan|Customer,Packages,help.feedback,mobile,native,allowed,allowed,allowed,not-supported,not-supported,not-supported,not-supported,not-supported,not-supported,not-supported,not-supported,not-supported,not-supported,not-supported,not-supported,not-supported,not-supported
fan-client,true,Fan|Customer,Packages,navigation.quick-create,web,not-available,not-available,not-available,not-available,not-available,not-available,not-available,not-available,not-available,not-available,not-available,not-available,not-available,not-available,not-available,not-available,not-available,not-available
fan-client,true,Fan|Customer,Packages,navigation.quick-create,mobile,native,allowed,allowed,not-supported,not-supported,not-supported,not-supported,not-supported,not-supported,not-supported,not-supported,not-supported,not-supported,not-supported,not-supported,not-supported,not-supported,not-supported
fan-client,true,Fan|Customer,Packages,navigation.explore,web,not-available,not-available,not-available,not-available,not-available,not-available,not-available,not-available,not-available,not-available,not-available,not-available,not-available,not-available,not-available,not-available,not-available,not-available
fan-client,true,Fan|Customer,Packages,navigation.explore,mobile,native,allowed,allowed,not-supported,allowed,allowed,not-supported,not-supported,not-supported,not-supported,not-supported,not-supported,not-supported,not-supported,not-supported,not-supported,not-supported,not-supported
fan-client,true,Fan|Customer,Packages,profile.self,web,not-available,not-available,not-available,not-available,not-available,not-available,not-available,not-available,not-available,not-available,not-available,not-available,not-available,not-available,not-available,not-available,not-available,not-available
fan-client,true,Fan|Customer,Packages,profile.self,mobile,native,allowed,allowed,not-supported,allowed,not-supported,not-supported,not-supported,not-supported,not-supported,not-supported,not-supported,not-supported,not-supported,not-supported,not-supported,not-supported,not-supported
fan-client,true,Fan|Customer,Packages,social.venues,web,not-available,not-available,not-available,not-available,not-available,not-available,not-available,not-available,not-available,not-available,not-available,not-available,not-available,not-available,not-available,not-available,not-available,not-available
fan-client,true,Fan|Customer,Packages,social.venues,mobile,native,allowed,allowed,locked-requestable,locked-requestable,not-supported,not-supported,not-supported,not-supported,not-supported,not-supported,not-supported,not-supported,not-supported,not-supported,not-supported,not-supported,not-supported
fan-client,true,Fan|Customer,Packages,social.venue.detail,web,not-available,not-available,not-available,not-available,not-available,not-available,not-available,not-available,not-available,not-available,not-available,not-available,not-available,not-available,not-available,not-available,not-available,not-available
fan-client,true,Fan|Customer,Packages,social.venue.detail,mobile,not-available,not-available,not-available,not-available,not-available,not-available,not-available,not-available,not-available,not-available,not-available,not-available,not-available,not-available,not-available,not-available,not-available,not-available
fan-client,true,Fan|Customer,Packages,social.venue.create,web,not-available,not-available,not-available,not-available,not-available,not-available,not-available,not-available,not-available,not-available,not-available,not-available,not-available,not-available,not-available,not-available,not-available,not-available
fan-client,true,Fan|Customer,Packages,social.venue.create,mobile,not-available,not-available,not-available,not-available,not-available,not-available,not-available,not-available,not-available,not-available,not-available,not-available,not-available,not-available,not-available,not-available,not-available,not-available
fan-client,true,Fan|Customer,Packages,artist.profile.edit,web,not-available,not-available,not-available,not-available,not-available,not-available,not-available,not-available,not-available,not-available,not-available,not-available,not-available,not-available,not-available,not-available,not-available,not-available
fan-client,true,Fan|Customer,Packages,artist.profile.edit,mobile,not-available,not-available,not-available,not-available,not-available,not-available,not-available,not-available,not-available,not-available,not-available,not-available,not-available,not-available,not-available,not-available,not-available,not-available
fan-client,true,Fan|Customer,Packages,studio.session.input-list,web,not-available,not-available,not-available,not-available,not-available,not-available,not-available,not-available,not-available,not-available,not-available,not-available,not-available,not-available,not-available,not-available,not-available,not-available
fan-client,true,Fan|Customer,Packages,studio.session.input-list,mobile,not-available,not-available,not-available,not-available,not-available,not-available,not-available,not-available,not-available,not-available,not-available,not-available,not-available,not-available,not-available,not-available,not-available,not-available
fan-client,true,Fan|Customer,Packages,social.tickets,web,not-available,not-available,not-available,not-available,not-available,not-available,not-available,not-available,not-available,not-available,not-available,not-available,not-available,not-available,not-available,not-available,not-available,not-available
fan-client,true,Fan|Customer,Packages,social.tickets,mobile,native,allowed,allowed,not-supported,not-supported,not-supported,not-supported,not-supported,not-supported,not-supported,not-supported,not-supported,not-supported,not-supported,not-supported,not-supported,not-supported,not-supported
fan-client,true,Fan|Customer,Packages,social.ticket-checkout,web,not-available,not-available,not-available,not-available,not-available,not-available,not-available,not-available,not-available,not-available,not-available,not-available,not-available,not-available,not-available,not-available,not-available,not-available
fan-client,true,Fan|Customer,Packages,social.ticket-checkout,mobile,not-available,not-available,not-available,not-available,not-available,not-available,not-available,not-available,not-available,not-available,not-available,not-available,not-available,not-available,not-available,not-available,not-available,not-available
fan-client,true,Fan|Customer,Packages,label.contracts.create,web,not-available,not-available,not-available,not-available,not-available,not-available,not-available,not-available,not-available,not-available,not-available,not-available,not-available,not-available,not-available,not-available,not-available,not-available
fan-client,true,Fan|Customer,Packages,label.contracts.create,mobile,not-available,not-available,not-available,not-available,not-available,not-available,not-available,not-available,not-available,not-available,not-available,not-available,not-available,not-available,not-available,not-available,not-available,not-available
fan-client,true,Fan|Customer,Packages,label.contracts.detail,web,not-available,not-available,not-available,not-available,not-available,not-available,not-available,not-available,not-available,not-available,not-available,not-available,not-available,not-available,not-available,not-available,not-available,not-available
fan-client,true,Fan|Customer,Packages,label.contracts.detail,mobile,not-available,not-available,not-available,not-available,not-available,not-available,not-available,not-available,not-available,not-available,not-available,not-available,not-available,not-available,not-available,not-available,not-available,not-available
fan-client,true,Fan|Customer,Packages,mobile.onboarding,web,not-available,not-available,not-available,not-available,not-available,not-available,not-available,not-available,not-available,not-available,not-available,not-available,not-available,not-available,not-available,not-available,not-available,not-available
fan-client,true,Fan|Customer,Packages,mobile.onboarding,mobile,native,allowed,allowed,not-supported,not-supported,not-supported,not-supported,not-supported,not-supported,not-supported,not-supported,not-supported,not-supported,not-supported,not-supported,not-supported,not-supported,not-supported
fan-client,true,Fan|Customer,Packages,technical.mobile-entry,web,not-available,not-available,not-available,not-available,not-available,not-available,not-available,not-available,not-available,not-available,not-available,not-available,not-available,not-available,not-available,not-available,not-available,not-available
fan-client,true,Fan|Customer,Packages,technical.mobile-entry,mobile,not-available,not-available,not-available,not-available,not-available,not-available,not-available,not-available,not-available,not-available,not-available,not-available,not-available,not-available,not-available,not-available,not-available,not-available
fan-client,true,Fan|Customer,Packages,access-requests.mine,web,available,allowed,allowed,not-supported,allowed,not-supported,not-supported,not-supported,not-supported,not-supported,not-supported,not-supported,not-supported,not-supported,not-supported,not-supported,not-supported,not-supported
fan-client,true,Fan|Customer,Packages,access-requests.mine,mobile,native,allowed,allowed,not-supported,allowed,not-supported,not-supported,not-supported,not-supported,not-supported,not-supported,not-supported,not-supported,not-supported,not-supported,not-supported,not-supported,not-supported
fan-client,true,Fan|Customer,Packages,access-requests.create,web,available,allowed,allowed,allowed,not-supported,not-supported,not-supported,not-supported,not-supported,not-supported,not-supported,not-supported,not-supported,not-supported,not-supported,not-supported,not-supported,not-supported
fan-client,true,Fan|Customer,Packages,access-requests.create,mobile,native,allowed,allowed,allowed,not-supported,not-supported,not-supported,not-supported,not-supported,not-supported,not-supported,not-supported,not-supported,not-supported,not-supported,not-supported,not-supported,not-supported
fan-client,true,Fan|Customer,Packages,access-requests.review,web,available,concealed,concealed,not-supported,not-supported,not-supported,not-supported,not-supported,not-supported,not-supported,not-supported,not-supported,concealed,concealed,not-supported,not-supported,not-supported,concealed
fan-client,true,Fan|Customer,Packages,access-requests.review,mobile,native,concealed,concealed,not-supported,not-supported,not-supported,not-supported,not-supported,not-supported,not-supported,not-supported,not-supported,concealed,concealed,not-supported,not-supported,not-supported,concealed
fan-client,true,Fan|Customer,Packages,technical.auth-login,web,available,concealed,concealed,concealed,concealed,concealed,concealed,concealed,concealed,concealed,concealed,concealed,concealed,concealed,concealed,concealed,concealed,concealed
fan-client,true,Fan|Customer,Packages,technical.auth-login,mobile,not-available,not-available,not-available,not-available,not-available,not-available,not-available,not-available,not-available,not-available,not-available,not-available,not-available,not-available,not-available,not-available,not-available,not-available
fan-client,true,Fan|Customer,Packages,technical.auth-reset,web,available,concealed,concealed,concealed,concealed,concealed,concealed,concealed,concealed,concealed,concealed,concealed,concealed,concealed,concealed,concealed,concealed,concealed
fan-client,true,Fan|Customer,Packages,technical.auth-reset,mobile,not-available,not-available,not-available,not-available,not-available,not-available,not-available,not-available,not-available,not-available,not-available,not-available,not-available,not-available,not-available,not-available,not-available,not-available
fan-client,true,Fan|Customer,Packages,technical.oauth-google-drive,web,available,concealed,concealed,concealed,concealed,concealed,concealed,concealed,concealed,concealed,concealed,concealed,concealed,concealed,concealed,concealed,concealed,concealed
fan-client,true,Fan|Customer,Packages,technical.oauth-google-drive,mobile,not-available,not-available,not-available,not-available,not-available,not-available,not-available,not-available,not-available,not-available,not-available,not-available,not-available,not-available,not-available,not-available,not-available,not-available
fan-client,true,Fan|Customer,Packages,technical.oauth-instagram,web,available,concealed,concealed,concealed,concealed,concealed,concealed,concealed,concealed,concealed,concealed,concealed,concealed,concealed,concealed,concealed,concealed,concealed
fan-client,true,Fan|Customer,Packages,technical.oauth-instagram,mobile,not-available,not-available,not-available,not-available,not-available,not-available,not-available,not-available,not-available,not-available,not-available,not-available,not-available,not-available,not-available,not-available,not-available,not-available
fan-client,true,Fan|Customer,Packages,technical.payment-return,web,available,concealed,concealed,concealed,concealed,concealed,concealed,concealed,concealed,concealed,concealed,concealed,concealed,concealed,concealed,concealed,concealed,concealed
fan-client,true,Fan|Customer,Packages,technical.payment-return,mobile,not-available,not-available,not-available,not-available,not-available,not-available,not-available,not-available,not-available,not-available,not-available,not-available,not-available,not-available,not-available,not-available,not-available,not-available
fan-client,true,Fan|Customer,Packages,technical.whatsapp-return,web,available,concealed,concealed,concealed,concealed,concealed,concealed,concealed,concealed,concealed,concealed,concealed,concealed,concealed,concealed,concealed,concealed,concealed
fan-client,true,Fan|Customer,Packages,technical.whatsapp-return,mobile,not-available,not-available,not-available,not-available,not-available,not-available,not-available,not-available,not-available,not-available,not-available,not-available,not-available,not-available,not-available,not-available,not-available,not-available
fan-client,true,Fan|Customer,Packages,technical.inventory-scan,web,available,concealed,concealed,concealed,concealed,concealed,concealed,concealed,concealed,concealed,concealed,concealed,concealed,concealed,concealed,concealed,concealed,concealed
fan-client,true,Fan|Customer,Packages,technical.inventory-scan,mobile,not-available,not-available,not-available,not-available,not-available,not-available,not-available,not-available,not-available,not-available,not-available,not-available,not-available,not-available,not-available,not-available,not-available,not-available
fan-client,true,Fan|Customer,Packages,technical.course-public,web,available,allowed,allowed,not-supported,not-supported,not-supported,not-supported,not-supported,not-supported,not-supported,not-supported,not-supported,not-supported,not-supported,not-supported,not-supported,not-supported,not-supported
fan-client,true,Fan|Customer,Packages,technical.course-public,mobile,web-fallback,allowed,allowed,not-supported,not-supported,not-supported,not-supported,not-supported,not-supported,not-supported,not-supported,not-supported,not-supported,not-supported,not-supported,not-supported,not-supported,not-supported
fan-client,true,Fan|Customer,Packages,technical.course-registration,web,available,allowed,allowed,not-supported,not-supported,not-supported,not-supported,not-supported,not-supported,not-supported,allowed,not-supported,not-supported,not-supported,not-supported,not-supported,not-supported,not-supported
fan-client,true,Fan|Customer,Packages,technical.course-registration,mobile,web-fallback,allowed,allowed,not-supported,not-supported,not-supported,not-supported,not-supported,not-supported,not-supported,allowed,not-supported,not-supported,not-supported,not-supported,not-supported,not-supported,not-supported
fan-client,true,Fan|Customer,Packages,technical.whatsapp-consent-public,web,available,allowed,allowed,not-supported,not-supported,not-supported,not-supported,not-supported,not-supported,not-supported,allowed,not-supported,not-supported,not-supported,not-supported,not-supported,not-supported,not-supported
fan-client,true,Fan|Customer,Packages,technical.whatsapp-consent-public,mobile,web-fallback,allowed,allowed,not-supported,not-supported,not-supported,not-supported,not-supported,not-supported,not-supported,allowed,not-supported,not-supported,not-supported,not-supported,not-supported,not-supported,not-supported
fan-client,true,Fan|Customer,Packages,experimental.future-stubs,web,not-available,not-available,not-available,not-available,not-available,not-available,not-available,not-available,not-available,not-available,not-available,not-available,not-available,not-available,not-available,not-available,not-available,not-available
fan-client,true,Fan|Customer,Packages,experimental.future-stubs,mobile,not-available,not-available,not-available,not-available,not-available,not-available,not-available,not-available,not-available,not-available,not-available,not-available,not-available,not-available,not-available,not-available,not-available,not-available
artist,true,Artist|Fan|Customer,Packages|Scheduling,public.platform,web,available,allowed,allowed,not-supported,not-supported,not-supported,not-supported,not-supported,not-supported,not-supported,not-supported,not-supported,not-supported,not-supported,not-supported,not-supported,not-supported,not-supported
artist,true,Artist|Fan|Customer,Packages|Scheduling,public.platform,mobile,web-fallback,allowed,allowed,not-supported,not-supported,not-supported,not-supported,not-supported,not-supported,not-supported,not-supported,not-supported,not-supported,not-supported,not-supported,not-supported,not-supported,not-supported
artist,true,Artist|Fan|Customer,Packages|Scheduling,home,web,available,allowed,allowed,not-supported,not-supported,not-supported,not-supported,not-supported,not-supported,not-supported,not-supported,not-supported,not-supported,not-supported,not-supported,not-supported,not-supported,not-supported
artist,true,Artist|Fan|Customer,Packages|Scheduling,home,mobile,native,allowed,allowed,not-supported,not-supported,not-supported,not-supported,not-supported,not-supported,not-supported,not-supported,not-supported,not-supported,not-supported,not-supported,not-supported,not-supported,not-supported
artist,true,Artist|Fan|Customer,Packages|Scheduling,community,web,available,allowed,allowed,allowed,allowed,allowed,not-supported,not-supported,not-supported,not-supported,not-supported,not-supported,not-supported,not-supported,not-supported,not-supported,not-supported,not-supported
artist,true,Artist|Fan|Customer,Packages|Scheduling,community,mobile,native,allowed,allowed,allowed,allowed,allowed,not-supported,not-supported,not-supported,not-supported,not-supported,not-supported,not-supported,not-supported,not-supported,not-supported,not-supported,not-supported
artist,true,Artist|Fan|Customer,Packages|Scheduling,community.club,web,available,allowed,allowed,allowed,allowed,allowed,not-supported,not-supported,not-supported,not-supported,not-supported,not-supported,not-supported,not-supported,not-supported,not-supported,not-supported,not-supported
artist,true,Artist|Fan|Customer,Packages|Scheduling,community.club,mobile,not-available,not-available,not-available,not-available,not-available,not-available,not-available,not-available,not-available,not-available,not-available,not-available,not-available,not-available,not-available,not-available,not-available,not-available
artist,true,Artist|Fan|Customer,Packages|Scheduling,community.member,web,available,allowed,allowed,not-supported,not-supported,not-supported,not-supported,not-supported,not-supported,not-supported,not-supported,not-supported,not-supported,not-supported,not-supported,not-supported,not-supported,not-supported
artist,true,Artist|Fan|Customer,Packages|Scheduling,community.member,mobile,web-fallback,allowed,allowed,not-supported,not-supported,not-supported,not-supported,not-supported,not-supported,not-supported,not-supported,not-supported,not-supported,not-supported,not-supported,not-supported,not-supported,not-supported
artist,true,Artist|Fan|Customer,Packages|Scheduling,artist.public,web,available,allowed,allowed,not-supported,not-supported,not-supported,not-supported,not-supported,not-supported,not-supported,not-supported,not-supported,not-supported,not-supported,not-supported,not-supported,not-supported,not-supported
artist,true,Artist|Fan|Customer,Packages|Scheduling,artist.public,mobile,not-available,not-available,not-available,not-available,not-available,not-available,not-available,not-available,not-available,not-available,not-available,not-available,not-available,not-available,not-available,not-available,not-available,not-available
artist,true,Artist|Fan|Customer,Packages|Scheduling,artist.onboarding,web,available,allowed,allowed,allowed,not-supported,not-supported,not-supported,not-supported,not-supported,not-supported,not-supported,not-supported,not-supported,not-supported,not-supported,not-supported,not-supported,not-supported
artist,true,Artist|Fan|Customer,Packages|Scheduling,artist.onboarding,mobile,native,allowed,allowed,allowed,not-supported,not-supported,not-supported,not-supported,not-supported,not-supported,not-supported,not-supported,not-supported,not-supported,not-supported,not-supported,not-supported,not-supported
artist,true,Artist|Fan|Customer,Packages|Scheduling,marketplace,web,available,allowed,allowed,allowed,allowed,allowed,not-supported,not-supported,not-supported,not-supported,not-supported,not-supported,not-supported,not-supported,not-supported,not-supported,not-supported,not-supported
artist,true,Artist|Fan|Customer,Packages|Scheduling,marketplace,mobile,web-fallback,allowed,allowed,allowed,allowed,allowed,not-supported,not-supported,not-supported,not-supported,not-supported,not-supported,not-supported,not-supported,not-supported,not-supported,not-supported,not-supported
artist,true,Artist|Fan|Customer,Packages|Scheduling,marketplace.order-tracking,web,available,allowed,allowed,not-supported,not-supported,not-supported,not-supported,not-supported,not-supported,not-supported,not-supported,not-supported,not-supported,not-supported,not-supported,not-supported,not-supported,not-supported
artist,true,Artist|Fan|Customer,Packages|Scheduling,marketplace.order-tracking,mobile,web-fallback,allowed,allowed,not-supported,not-supported,not-supported,not-supported,not-supported,not-supported,not-supported,not-supported,not-supported,not-supported,not-supported,not-supported,not-supported,not-supported,not-supported
artist,true,Artist|Fan|Customer,Packages|Scheduling,service.mixing-mastering,web,available,allowed,allowed,not-supported,not-supported,not-supported,not-supported,not-supported,not-supported,not-supported,not-supported,not-supported,not-supported,not-supported,not-supported,not-supported,not-supported,not-supported
artist,true,Artist|Fan|Customer,Packages|Scheduling,service.mixing-mastering,mobile,web-fallback,allowed,allowed,not-supported,not-supported,not-supported,not-supported,not-supported,not-supported,not-supported,not-supported,not-supported,not-supported,not-supported,not-supported,not-supported,not-supported,not-supported
artist,true,Artist|Fan|Customer,Packages|Scheduling,bookings.public,web,available,allowed,allowed,allowed,not-supported,not-supported,not-supported,not-supported,not-supported,not-supported,not-supported,not-supported,not-supported,not-supported,not-supported,not-supported,not-supported,not-supported
artist,true,Artist|Fan|Customer,Packages|Scheduling,bookings.public,mobile,native,allowed,allowed,allowed,not-supported,not-supported,not-supported,not-supported,not-supported,not-supported,not-supported,not-supported,not-supported,not-supported,not-supported,not-supported,not-supported,not-supported
artist,true,Artist|Fan|Customer,Packages|Scheduling,bookings.dj-booth,web,available,allowed,allowed,not-supported,not-supported,not-supported,not-supported,not-supported,not-supported,not-supported,not-supported,not-supported,not-supported,not-supported,not-supported,not-supported,not-supported,not-supported
artist,true,Artist|Fan|Customer,Packages|Scheduling,bookings.dj-booth,mobile,native,allowed,allowed,not-supported,not-supported,not-supported,not-supported,not-supported,not-supported,not-supported,not-supported,not-supported,not-supported,not-supported,not-supported,not-supported,not-supported,not-supported
artist,true,Artist|Fan|Customer,Packages|Scheduling,public.trials,web,available,allowed,allowed,allowed,allowed,allowed,not-supported,not-supported,not-supported,not-supported,not-supported,not-supported,not-supported,not-supported,not-supported,not-supported,not-supported,not-supported
artist,true,Artist|Fan|Customer,Packages|Scheduling,public.trials,mobile,web-fallback,allowed,allowed,allowed,allowed,allowed,not-supported,not-supported,not-supported,not-supported,not-supported,not-supported,not-supported,not-supported,not-supported,not-supported,not-supported,not-supported
artist,true,Artist|Fan|Customer,Packages|Scheduling,public.live-session-registration,web,available,allowed,allowed,allowed,not-supported,not-supported,not-supported,not-supported,not-supported,not-supported,not-supported,not-supported,not-supported,not-supported,not-supported,not-supported,not-supported,not-supported
artist,true,Artist|Fan|Customer,Packages|Scheduling,public.live-session-registration,mobile,web-fallback,allowed,allowed,allowed,not-supported,not-supported,not-supported,not-supported,not-supported,not-supported,not-supported,not-supported,not-supported,not-supported,not-supported,not-supported,not-supported,not-supported
artist,true,Artist|Fan|Customer,Packages|Scheduling,public.records,web,available,allowed,allowed,not-supported,not-supported,not-supported,not-supported,not-supported,not-supported,not-supported,not-supported,not-supported,not-supported,not-supported,not-supported,not-supported,not-supported,not-supported
artist,true,Artist|Fan|Customer,Packages|Scheduling,public.records,mobile,web-fallback,allowed,allowed,not-supported,not-supported,not-supported,not-supported,not-supported,not-supported,not-supported,not-supported,not-supported,not-supported,not-supported,not-supported,not-supported,not-supported,not-supported
artist,true,Artist|Fan|Customer,Packages|Scheduling,public.donations,web,available,allowed,allowed,not-supported,not-supported,not-supported,not-supported,not-supported,not-supported,not-supported,not-supported,not-supported,not-supported,not-supported,not-supported,not-supported,not-supported,not-supported
artist,true,Artist|Fan|Customer,Packages|Scheduling,public.donations,mobile,web-fallback,allowed,allowed,not-supported,not-supported,not-supported,not-supported,not-supported,not-supported,not-supported,not-supported,not-supported,not-supported,not-supported,not-supported,not-supported,not-supported,not-supported
artist,true,Artist|Fan|Customer,Packages|Scheduling,public.domo,web,available,allowed,allowed,not-supported,not-supported,not-supported,not-supported,not-supported,not-supported,not-supported,not-supported,not-supported,not-supported,not-supported,not-supported,not-supported,not-supported,not-supported
artist,true,Artist|Fan|Customer,Packages|Scheduling,public.domo,mobile,web-fallback,allowed,allowed,not-supported,not-supported,not-supported,not-supported,not-supported,not-supported,not-supported,not-supported,not-supported,not-supported,not-supported,not-supported,not-supported,not-supported,not-supported
artist,true,Artist|Fan|Customer,Packages|Scheduling,profile.detail,web,available,allowed,allowed,not-supported,not-supported,not-supported,not-supported,not-supported,not-supported,not-supported,not-supported,not-supported,not-supported,not-supported,not-supported,not-supported,not-supported,not-supported
artist,true,Artist|Fan|Customer,Packages|Scheduling,profile.detail,mobile,not-available,not-available,not-available,not-available,not-available,not-available,not-available,not-available,not-available,not-available,not-available,not-available,not-available,not-available,not-available,not-available,not-available,not-available
artist,true,Artist|Fan|Customer,Packages|Scheduling,social,web,available,allowed,allowed,allowed,not-supported,allowed,not-supported,not-supported,not-supported,not-supported,not-supported,not-supported,not-supported,not-supported,not-supported,not-supported,not-supported,not-supported
artist,true,Artist|Fan|Customer,Packages|Scheduling,social,mobile,native,allowed,allowed,allowed,not-supported,allowed,not-supported,not-supported,not-supported,not-supported,not-supported,not-supported,not-supported,not-supported,not-supported,not-supported,not-supported,not-supported
artist,true,Artist|Fan|Customer,Packages|Scheduling,social.instagram,web,available,allowed,allowed,not-supported,not-supported,not-supported,not-supported,not-supported,not-supported,not-supported,not-supported,not-supported,not-supported,not-supported,not-supported,not-supported,not-supported,locked-requestable
artist,true,Artist|Fan|Customer,Packages|Scheduling,social.instagram,mobile,web-fallback,allowed,allowed,not-supported,not-supported,not-supported,not-supported,not-supported,not-supported,not-supported,not-supported,not-supported,not-supported,not-supported,not-supported,not-supported,not-supported,locked-requestable
artist,true,Artist|Fan|Customer,Packages|Scheduling,social.vcard,web,not-available,not-available,not-available,not-available,not-available,not-available,not-available,not-available,not-available,not-available,not-available,not-available,not-available,not-available,not-available,not-available,not-available,not-available
artist,true,Artist|Fan|Customer,Packages|Scheduling,social.vcard,mobile,native,allowed,allowed,allowed,not-supported,not-supported,not-supported,not-supported,not-supported,not-supported,not-supported,not-supported,not-supported,not-supported,not-supported,not-supported,not-supported,not-supported
artist,true,Artist|Fan|Customer,Packages|Scheduling,social.inbox,web,available,locked-requestable,locked-requestable,locked-requestable,not-supported,not-supported,not-supported,not-supported,not-supported,not-supported,not-supported,not-supported,not-supported,not-supported,not-supported,not-supported,not-supported,not-supported
artist,true,Artist|Fan|Customer,Packages|Scheduling,social.inbox,mobile,web-fallback,locked-requestable,locked-requestable,locked-requestable,not-supported,not-supported,not-supported,not-supported,not-supported,not-supported,not-supported,not-supported,not-supported,not-supported,not-supported,not-supported,not-supported,not-supported
artist,true,Artist|Fan|Customer,Packages|Scheduling,social.events,web,available,allowed,allowed,allowed,allowed,allowed,not-supported,not-supported,not-supported,not-supported,not-supported,not-supported,not-supported,not-supported,not-supported,allowed,not-supported,not-supported
artist,true,Artist|Fan|Customer,Packages|Scheduling,social.events,mobile,native,allowed,allowed,allowed,allowed,allowed,not-supported,not-supported,not-supported,not-supported,not-supported,not-supported,not-supported,not-supported,not-supported,allowed,not-supported,not-supported
artist,true,Artist|Fan|Customer,Packages|Scheduling,social.events.create,web,available,allowed,allowed,allowed,not-supported,not-supported,not-supported,not-supported,not-supported,not-supported,not-supported,not-supported,not-supported,not-supported,not-supported,not-supported,not-supported,not-supported
artist,true,Artist|Fan|Customer,Packages|Scheduling,social.events.create,mobile,native,allowed,allowed,allowed,not-supported,not-supported,not-supported,not-supported,not-supported,not-supported,not-supported,not-supported,not-supported,not-supported,not-supported,not-supported,not-supported,not-supported
artist,true,Artist|Fan|Customer,Packages|Scheduling,social.event.detail,web,available,allowed,allowed,not-supported,not-supported,not-supported,not-supported,not-supported,not-supported,not-supported,not-supported,not-supported,not-supported,not-supported,not-supported,not-supported,not-supported,not-supported
artist,true,Artist|Fan|Customer,Packages|Scheduling,social.event.detail,mobile,not-available,not-available,not-available,not-available,not-available,not-available,not-available,not-available,not-available,not-available,not-available,not-available,not-available,not-available,not-available,not-available,not-available,not-available
artist,true,Artist|Fan|Customer,Packages|Scheduling,social.event.logistics,web,available,allowed,allowed,allowed,allowed,allowed,not-supported,not-supported,not-supported,not-supported,not-supported,not-supported,not-supported,not-supported,allowed,not-supported,not-supported,not-supported
artist,true,Artist|Fan|Customer,Packages|Scheduling,social.event.logistics,mobile,not-available,not-available,not-available,not-available,not-available,not-available,not-available,not-available,not-available,not-available,not-available,not-available,not-available,not-available,not-available,not-available,not-available,not-available
artist,true,Artist|Fan|Customer,Packages|Scheduling,social.discovery,web,available,flag-required,flag-required,flag-required,flag-required,flag-required,flag-required,flag-required,flag-required,flag-required,flag-required,flag-required,flag-required,flag-required,flag-required,flag-required,flag-required,flag-required
artist,true,Artist|Fan|Customer,Packages|Scheduling,social.discovery,mobile,native,flag-required,flag-required,flag-required,flag-required,flag-required,flag-required,flag-required,flag-required,flag-required,flag-required,flag-required,flag-required,flag-required,flag-required,flag-required,flag-required,flag-required
artist,true,Artist|Fan|Customer,Packages|Scheduling,chat,web,available,allowed,allowed,allowed,not-supported,not-supported,not-supported,not-supported,not-supported,not-supported,not-supported,not-supported,not-supported,not-supported,not-supported,not-supported,not-supported,not-supported
artist,true,Artist|Fan|Customer,Packages|Scheduling,chat,mobile,web-fallback,allowed,allowed,allowed,not-supported,not-supported,not-supported,not-supported,not-supported,not-supported,not-supported,not-supported,not-supported,not-supported,not-supported,not-supported,not-supported,not-supported
artist,true,Artist|Fan|Customer,Packages|Scheduling,crm.contacts,web,available,locked-requestable,locked-requestable,locked-requestable,locked-requestable,locked-requestable,not-supported,not-supported,not-supported,locked-requestable,not-supported,not-supported,not-supported,not-supported,locked-requestable,not-supported,not-supported,not-supported
artist,true,Artist|Fan|Customer,Packages|Scheduling,crm.contacts,mobile,native,locked-requestable,locked-requestable,locked-requestable,locked-requestable,locked-requestable,not-supported,not-supported,not-supported,locked-requestable,not-supported,not-supported,not-supported,not-supported,locked-requestable,not-supported,not-supported,not-supported
artist,true,Artist|Fan|Customer,Packages|Scheduling,crm.companies,web,available,locked-requestable,locked-requestable,locked-requestable,locked-requestable,not-supported,not-supported,not-supported,not-supported,not-supported,not-supported,not-supported,not-supported,not-supported,not-supported,not-supported,not-supported,not-supported
artist,true,Artist|Fan|Customer,Packages|Scheduling,crm.companies,mobile,native,locked-requestable,locked-requestable,locked-requestable,locked-requestable,not-supported,not-supported,not-supported,not-supported,not-supported,not-supported,not-supported,not-supported,not-supported,not-supported,not-supported,not-supported,not-supported
artist,true,Artist|Fan|Customer,Packages|Scheduling,crm.leads,web,available,locked-requestable,locked-requestable,locked-requestable,locked-requestable,not-supported,not-supported,not-supported,not-supported,not-supported,not-supported,not-supported,not-supported,not-supported,locked-requestable,not-supported,not-supported,not-supported
artist,true,Artist|Fan|Customer,Packages|Scheduling,crm.leads,mobile,web-fallback,locked-requestable,locked-requestable,locked-requestable,locked-requestable,not-supported,not-supported,not-supported,not-supported,not-supported,not-supported,not-supported,not-supported,not-supported,locked-requestable,not-supported,not-supported,not-supported
artist,true,Artist|Fan|Customer,Packages|Scheduling,studio.calendar,web,available,allowed,allowed,allowed,allowed,locked-requestable,not-supported,not-supported,not-supported,not-supported,not-supported,not-supported,not-supported,not-supported,not-supported,not-supported,not-supported,not-supported
artist,true,Artist|Fan|Customer,Packages|Scheduling,studio.calendar,mobile,native,allowed,allowed,allowed,allowed,locked-requestable,not-supported,not-supported,not-supported,not-supported,not-supported,not-supported,not-supported,not-supported,not-supported,not-supported,not-supported,not-supported
artist,true,Artist|Fan|Customer,Packages|Scheduling,studio.rooms,web,available,allowed,allowed,locked-requestable,locked-requestable,not-supported,not-supported,not-supported,not-supported,not-supported,not-supported,not-supported,not-supported,not-supported,not-supported,not-supported,not-supported,not-supported
artist,true,Artist|Fan|Customer,Packages|Scheduling,studio.rooms,mobile,native,allowed,allowed,locked-requestable,locked-requestable,not-supported,not-supported,not-supported,not-supported,not-supported,not-supported,not-supported,not-supported,not-supported,not-supported,not-supported,not-supported,not-supported
artist,true,Artist|Fan|Customer,Packages|Scheduling,studio.orders,web,available,allowed,allowed,allowed,allowed,not-supported,not-supported,not-supported,not-supported,not-supported,not-supported,not-supported,locked-requestable,not-supported,not-supported,not-supported,not-supported,not-supported
artist,true,Artist|Fan|Customer,Packages|Scheduling,studio.orders,mobile,web-fallback,allowed,allowed,allowed,allowed,not-supported,not-supported,not-supported,not-supported,not-supported,not-supported,not-supported,locked-requestable,not-supported,not-supported,not-supported,not-supported,not-supported
artist,true,Artist|Fan|Customer,Packages|Scheduling,studio.services,web,available,allowed,allowed,locked-requestable,locked-requestable,locked-requestable,not-supported,not-supported,not-supported,not-supported,not-supported,not-supported,not-supported,not-supported,not-supported,not-supported,not-supported,not-supported
artist,true,Artist|Fan|Customer,Packages|Scheduling,studio.services,mobile,web-fallback,allowed,allowed,locked-requestable,locked-requestable,locked-requestable,not-supported,not-supported,not-supported,not-supported,not-supported,not-supported,not-supported,not-supported,not-supported,not-supported,not-supported,not-supported
artist,true,Artist|Fan|Customer,Packages|Scheduling,studio.pipelines,web,available,allowed,allowed,allowed,allowed,locked-requestable,not-supported,not-supported,not-supported,not-supported,not-supported,not-supported,not-supported,not-supported,allowed,not-supported,not-supported,not-supported
artist,true,Artist|Fan|Customer,Packages|Scheduling,studio.pipelines,mobile,native,allowed,allowed,allowed,allowed,locked-requestable,not-supported,not-supported,not-supported,not-supported,not-supported,not-supported,not-supported,not-supported,allowed,not-supported,not-supported,not-supported
artist,true,Artist|Fan|Customer,Packages|Scheduling,studio.live-sessions,web,available,allowed,allowed,allowed,allowed,not-supported,not-supported,not-supported,not-supported,not-supported,not-supported,not-supported,not-supported,not-supported,not-supported,not-supported,not-supported,not-supported
artist,true,Artist|Fan|Customer,Packages|Scheduling,studio.live-sessions,mobile,web-fallback,allowed,allowed,allowed,allowed,not-supported,not-supported,not-supported,not-supported,not-supported,not-supported,not-supported,not-supported,not-supported,not-supported,not-supported,not-supported,not-supported
artist,true,Artist|Fan|Customer,Packages|Scheduling,studio.domo-campaign,web,available,allowed,allowed,not-supported,locked-requestable,not-supported,not-supported,not-supported,not-supported,not-supported,not-supported,not-supported,not-supported,not-supported,not-supported,not-supported,not-supported,not-supported
artist,true,Artist|Fan|Customer,Packages|Scheduling,studio.domo-campaign,mobile,web-fallback,allowed,allowed,not-supported,locked-requestable,not-supported,not-supported,not-supported,not-supported,not-supported,not-supported,not-supported,not-supported,not-supported,not-supported,not-supported,not-supported,not-supported
artist,true,Artist|Fan|Customer,Packages|Scheduling,studio.reports,web,available,allowed,allowed,not-supported,not-supported,not-supported,not-supported,not-supported,not-supported,allowed,not-supported,not-supported,not-supported,not-supported,not-supported,not-supported,allowed,not-supported
artist,true,Artist|Fan|Customer,Packages|Scheduling,studio.reports,mobile,web-fallback,allowed,allowed,not-supported,not-supported,not-supported,not-supported,not-supported,not-supported,allowed,not-supported,not-supported,not-supported,not-supported,not-supported,not-supported,allowed,not-supported
artist,true,Artist|Fan|Customer,Packages|Scheduling,school.teacher-portal,web,available,locked-requestable,locked-requestable,locked-requestable,locked-requestable,locked-requestable,not-supported,not-supported,not-supported,not-supported,not-supported,not-supported,not-supported,not-supported,not-supported,not-supported,not-supported,not-supported
artist,true,Artist|Fan|Customer,Packages|Scheduling,school.teacher-portal,mobile,web-fallback,locked-requestable,locked-requestable,locked-requestable,locked-requestable,locked-requestable,not-supported,not-supported,not-supported,not-supported,not-supported,not-supported,not-supported,not-supported,not-supported,not-supported,not-supported,not-supported
artist,true,Artist|Fan|Customer,Packages|Scheduling,school.teachers,web,available,locked-requestable,locked-requestable,locked-requestable,locked-requestable,not-supported,not-supported,not-supported,not-supported,not-supported,not-supported,not-supported,not-supported,not-supported,not-supported,not-supported,not-supported,not-supported
artist,true,Artist|Fan|Customer,Packages|Scheduling,school.teachers,mobile,web-fallback,locked-requestable,locked-requestable,locked-requestable,locked-requestable,not-supported,not-supported,not-supported,not-supported,not-supported,not-supported,not-supported,not-supported,not-supported,not-supported,not-supported,not-supported,not-supported
artist,true,Artist|Fan|Customer,Packages|Scheduling,school.classes,web,available,locked-requestable,locked-requestable,locked-requestable,locked-requestable,not-supported,not-supported,not-supported,not-supported,not-supported,not-supported,not-supported,not-supported,not-supported,not-supported,not-supported,not-supported,not-supported
artist,true,Artist|Fan|Customer,Packages|Scheduling,school.classes,mobile,web-fallback,locked-requestable,locked-requestable,locked-requestable,locked-requestable,not-supported,not-supported,not-supported,not-supported,not-supported,not-supported,not-supported,not-supported,not-supported,not-supported,not-supported,not-supported,not-supported
artist,true,Artist|Fan|Customer,Packages|Scheduling,school.trial-lessons,web,available,locked-requestable,locked-requestable,locked-requestable,not-supported,not-supported,not-supported,not-supported,not-supported,not-supported,not-supported,not-supported,not-supported,not-supported,locked-requestable,not-supported,not-supported,not-supported
artist,true,Artist|Fan|Customer,Packages|Scheduling,school.trial-lessons,mobile,web-fallback,locked-requestable,locked-requestable,locked-requestable,not-supported,not-supported,not-supported,not-supported,not-supported,not-supported,not-supported,not-supported,not-supported,not-supported,locked-requestable,not-supported,not-supported,not-supported
artist,true,Artist|Fan|Customer,Packages|Scheduling,school.trial-queue,web,available,locked-requestable,locked-requestable,not-supported,not-supported,not-supported,not-supported,not-supported,not-supported,not-supported,not-supported,not-supported,not-supported,not-supported,locked-requestable,not-supported,not-supported,not-supported
artist,true,Artist|Fan|Customer,Packages|Scheduling,school.trial-queue,mobile,web-fallback,locked-requestable,locked-requestable,not-supported,not-supported,not-supported,not-supported,not-supported,not-supported,not-supported,not-supported,not-supported,not-supported,not-supported,locked-requestable,not-supported,not-supported,not-supported
artist,true,Artist|Fan|Customer,Packages|Scheduling,internships,web,available,locked-requestable,locked-requestable,locked-requestable,locked-requestable,locked-requestable,not-supported,not-supported,not-supported,not-supported,not-supported,not-supported,locked-requestable,not-supported,not-supported,not-supported,not-supported,not-supported
artist,true,Artist|Fan|Customer,Packages|Scheduling,internships,mobile,web-fallback,locked-requestable,locked-requestable,locked-requestable,locked-requestable,locked-requestable,not-supported,not-supported,not-supported,not-supported,not-supported,not-supported,locked-requestable,not-supported,not-supported,not-supported,not-supported,not-supported
artist,true,Artist|Fan|Customer,Packages|Scheduling,label.artists,web,available,locked-requestable,locked-requestable,locked-requestable,locked-requestable,locked-requestable,not-supported,not-supported,not-supported,not-supported,not-supported,not-supported,not-supported,not-supported,not-supported,not-supported,locked-requestable,not-supported
artist,true,Artist|Fan|Customer,Packages|Scheduling,label.artists,mobile,native,locked-requestable,locked-requestable,locked-requestable,locked-requestable,locked-requestable,not-supported,not-supported,not-supported,not-supported,not-supported,not-supported,not-supported,not-supported,not-supported,not-supported,locked-requestable,not-supported
artist,true,Artist|Fan|Customer,Packages|Scheduling,label.projects,web,available,locked-requestable,locked-requestable,locked-requestable,locked-requestable,not-supported,not-supported,not-supported,not-supported,not-supported,not-supported,not-supported,not-supported,not-supported,locked-requestable,not-supported,not-supported,not-supported
artist,true,Artist|Fan|Customer,Packages|Scheduling,label.projects,mobile,web-fallback,locked-requestable,locked-requestable,locked-requestable,locked-requestable,not-supported,not-supported,not-supported,not-supported,not-supported,not-supported,not-supported,not-supported,not-supported,locked-requestable,not-supported,not-supported,not-supported
artist,true,Artist|Fan|Customer,Packages|Scheduling,label.releases,web,available,locked-requestable,locked-requestable,locked-requestable,locked-requestable,locked-requestable,not-supported,not-supported,not-supported,locked-requestable,not-supported,not-supported,not-supported,not-supported,not-supported,locked-requestable,not-supported,not-supported
artist,true,Artist|Fan|Customer,Packages|Scheduling,label.releases,mobile,web-fallback,locked-requestable,locked-requestable,locked-requestable,locked-requestable,locked-requestable,not-supported,not-supported,not-supported,locked-requestable,not-supported,not-supported,not-supported,not-supported,not-supported,locked-requestable,not-supported,not-supported
artist,true,Artist|Fan|Customer,Packages|Scheduling,label.assets,web,available,locked-requestable,locked-requestable,locked-requestable,locked-requestable,locked-requestable,not-supported,not-supported,not-supported,not-supported,not-supported,not-supported,not-supported,not-supported,not-supported,not-supported,not-supported,not-supported
artist,true,Artist|Fan|Customer,Packages|Scheduling,label.assets,mobile,web-fallback,locked-requestable,locked-requestable,locked-requestable,locked-requestable,locked-requestable,not-supported,not-supported,not-supported,not-supported,not-supported,not-supported,not-supported,not-supported,not-supported,not-supported,not-supported,not-supported
artist,true,Artist|Fan|Customer,Packages|Scheduling,label.tracks,web,available,allowed,allowed,allowed,allowed,allowed,not-supported,not-supported,not-supported,not-supported,not-supported,not-supported,not-supported,not-supported,not-supported,not-supported,not-supported,not-supported
artist,true,Artist|Fan|Customer,Packages|Scheduling,label.tracks,mobile,web-fallback,allowed,allowed,allowed,allowed,allowed,not-supported,not-supported,not-supported,not-supported,not-supported,not-supported,not-supported,not-supported,not-supported,not-supported,not-supported,not-supported
artist,true,Artist|Fan|Customer,Packages|Scheduling,label.ddex.inbox,web,available,locked-requestable,locked-requestable,not-supported,not-supported,not-supported,not-supported,not-supported,locked-requestable,locked-requestable,not-supported,locked-requestable,not-supported,not-supported,not-supported,not-supported,not-supported,not-supported
artist,true,Artist|Fan|Customer,Packages|Scheduling,label.ddex.inbox,mobile,native,locked-requestable,locked-requestable,not-supported,not-supported,not-supported,not-supported,not-supported,locked-requestable,locked-requestable,not-supported,locked-requestable,not-supported,not-supported,not-supported,not-supported,not-supported,not-supported
artist,true,Artist|Fan|Customer,Packages|Scheduling,label.ddex.document,web,available,locked-requestable,locked-requestable,not-supported,not-supported,not-supported,not-supported,not-supported,not-supported,not-supported,not-supported,locked-requestable,not-supported,not-supported,not-supported,not-supported,not-supported,not-supported
artist,true,Artist|Fan|Customer,Packages|Scheduling,label.ddex.document,mobile,not-available,not-available,not-available,not-available,not-available,not-available,not-available,not-available,not-available,not-available,not-available,not-available,not-available,not-available,not-available,not-available,not-available,not-available
artist,true,Artist|Fan|Customer,Packages|Scheduling,label.ddex.import,web,available,concealed,concealed,concealed,concealed,concealed,concealed,concealed,concealed,concealed,concealed,concealed,concealed,concealed,concealed,concealed,concealed,concealed
artist,true,Artist|Fan|Customer,Packages|Scheduling,label.ddex.import,mobile,not-available,not-available,not-available,not-available,not-available,not-available,not-available,not-available,not-available,not-available,not-available,not-available,not-available,not-available,not-available,not-available,not-available,not-available
artist,true,Artist|Fan|Customer,Packages|Scheduling,label.ddex.partners,web,available,locked-requestable,locked-requestable,locked-requestable,locked-requestable,locked-requestable,not-supported,not-supported,not-supported,not-supported,not-supported,not-supported,not-supported,not-supported,not-supported,not-supported,not-supported,locked-requestable
artist,true,Artist|Fan|Customer,Packages|Scheduling,label.ddex.partners,mobile,native,locked-requestable,locked-requestable,locked-requestable,locked-requestable,locked-requestable,not-supported,not-supported,not-supported,not-supported,not-supported,not-supported,not-supported,not-supported,not-supported,not-supported,not-supported,locked-requestable
artist,true,Artist|Fan|Customer,Packages|Scheduling,operations.inventory,web,available,locked-requestable,locked-requestable,locked-requestable,locked-requestable,locked-requestable,not-supported,not-supported,not-supported,not-supported,not-supported,not-supported,not-supported,not-supported,locked-requestable,not-supported,locked-requestable,not-supported
artist,true,Artist|Fan|Customer,Packages|Scheduling,operations.inventory,mobile,native,locked-requestable,locked-requestable,locked-requestable,locked-requestable,locked-requestable,not-supported,not-supported,not-supported,not-supported,not-supported,not-supported,not-supported,not-supported,locked-requestable,not-supported,locked-requestable,not-supported
artist,true,Artist|Fan|Customer,Packages|Scheduling,operations.marketplace-orders,web,available,locked-requestable,locked-requestable,locked-requestable,locked-requestable,locked-requestable,not-supported,not-supported,not-supported,locked-requestable,not-supported,not-supported,locked-requestable,not-supported,not-supported,not-supported,not-supported,not-supported
artist,true,Artist|Fan|Customer,Packages|Scheduling,operations.marketplace-orders,mobile,web-fallback,locked-requestable,locked-requestable,locked-requestable,locked-requestable,locked-requestable,not-supported,not-supported,not-supported,locked-requestable,not-supported,not-supported,locked-requestable,not-supported,not-supported,not-supported,not-supported,not-supported
artist,true,Artist|Fan|Customer,Packages|Scheduling,operations.equipment-bookings,web,available,locked-requestable,locked-requestable,locked-requestable,locked-requestable,not-supported,not-supported,not-supported,not-supported,not-supported,not-supported,not-supported,not-supported,not-supported,not-supported,not-supported,not-supported,not-supported
artist,true,Artist|Fan|Customer,Packages|Scheduling,operations.equipment-bookings,mobile,native,locked-requestable,locked-requestable,locked-requestable,locked-requestable,not-supported,not-supported,not-supported,not-supported,not-supported,not-supported,not-supported,not-supported,not-supported,not-supported,not-supported,not-supported,not-supported
artist,true,Artist|Fan|Customer,Packages|Scheduling,finance.payments,web,available,locked-requestable,locked-requestable,locked-requestable,locked-requestable,not-supported,not-supported,not-supported,not-supported,locked-requestable,not-supported,not-supported,not-supported,not-supported,not-supported,not-supported,locked-requestable,not-supported
artist,true,Artist|Fan|Customer,Packages|Scheduling,finance.payments,mobile,web-fallback,locked-requestable,locked-requestable,locked-requestable,locked-requestable,not-supported,not-supported,not-supported,not-supported,locked-requestable,not-supported,not-supported,not-supported,not-supported,not-supported,not-supported,locked-requestable,not-supported
artist,true,Artist|Fan|Customer,Packages|Scheduling,finance.account-report-builder,web,available,locked-requestable,locked-requestable,not-supported,not-supported,not-supported,not-supported,not-supported,not-supported,locked-requestable,not-supported,not-supported,not-supported,not-supported,not-supported,not-supported,locked-requestable,not-supported
artist,true,Artist|Fan|Customer,Packages|Scheduling,finance.account-report-builder,mobile,web-fallback,locked-requestable,locked-requestable,not-supported,not-supported,not-supported,not-supported,not-supported,not-supported,locked-requestable,not-supported,not-supported,not-supported,not-supported,not-supported,not-supported,locked-requestable,not-supported
artist,true,Artist|Fan|Customer,Packages|Scheduling,finance.esteban-report,web,available,locked-requestable,locked-requestable,not-supported,not-supported,not-supported,not-supported,not-supported,not-supported,locked-requestable,not-supported,not-supported,not-supported,not-supported,not-supported,not-supported,locked-requestable,not-supported
artist,true,Artist|Fan|Customer,Packages|Scheduling,finance.esteban-report,mobile,web-fallback,locked-requestable,locked-requestable,not-supported,not-supported,not-supported,not-supported,not-supported,not-supported,locked-requestable,not-supported,not-supported,not-supported,not-supported,not-supported,not-supported,locked-requestable,not-supported
artist,true,Artist|Fan|Customer,Packages|Scheduling,finance.david-report,web,available,locked-requestable,locked-requestable,not-supported,not-supported,not-supported,not-supported,not-supported,not-supported,locked-requestable,not-supported,not-supported,not-supported,not-supported,not-supported,not-supported,locked-requestable,not-supported
artist,true,Artist|Fan|Customer,Packages|Scheduling,finance.david-report,mobile,web-fallback,locked-requestable,locked-requestable,not-supported,not-supported,not-supported,not-supported,not-supported,not-supported,locked-requestable,not-supported,not-supported,not-supported,not-supported,not-supported,not-supported,locked-requestable,not-supported
artist,true,Artist|Fan|Customer,Packages|Scheduling,admin.course-registrations,web,available,locked-requestable,locked-requestable,locked-requestable,locked-requestable,locked-requestable,not-supported,not-supported,not-supported,locked-requestable,not-supported,not-supported,locked-requestable,not-supported,not-supported,not-supported,not-supported,not-supported
artist,true,Artist|Fan|Customer,Packages|Scheduling,admin.course-registrations,mobile,web-fallback,locked-requestable,locked-requestable,locked-requestable,locked-requestable,locked-requestable,not-supported,not-supported,not-supported,locked-requestable,not-supported,not-supported,locked-requestable,not-supported,not-supported,not-supported,not-supported,not-supported
artist,true,Artist|Fan|Customer,Packages|Scheduling,admin.courses,web,available,locked-requestable,locked-requestable,locked-requestable,locked-requestable,not-supported,not-supported,not-supported,not-supported,not-supported,not-supported,not-supported,not-supported,not-supported,not-supported,locked-requestable,not-supported,not-supported
artist,true,Artist|Fan|Customer,Packages|Scheduling,admin.courses,mobile,web-fallback,locked-requestable,locked-requestable,locked-requestable,locked-requestable,not-supported,not-supported,not-supported,not-supported,not-supported,not-supported,not-supported,not-supported,not-supported,not-supported,locked-requestable,not-supported,not-supported
artist,true,Artist|Fan|Customer,Packages|Scheduling,admin.users,web,available,concealed,concealed,concealed,concealed,concealed,not-supported,concealed,not-supported,not-supported,not-supported,not-supported,not-supported,not-supported,not-supported,not-supported,not-supported,concealed
artist,true,Artist|Fan|Customer,Packages|Scheduling,admin.users,mobile,not-available,not-available,not-available,not-available,not-available,not-available,not-available,not-available,not-available,not-available,not-available,not-available,not-available,not-available,not-available,not-available,not-available,not-available
artist,true,Artist|Fan|Customer,Packages|Scheduling,admin.roles,web,available,concealed,concealed,not-supported,concealed,not-supported,not-supported,not-supported,not-supported,not-supported,not-supported,not-supported,not-supported,not-supported,not-supported,not-supported,not-supported,concealed
artist,true,Artist|Fan|Customer,Packages|Scheduling,admin.roles,mobile,not-available,not-available,not-available,not-available,not-available,not-available,not-available,not-available,not-available,not-available,not-available,not-available,not-available,not-available,not-available,not-available,not-available,not-available
artist,true,Artist|Fan|Customer,Packages|Scheduling,admin.system-status,web,available,locked-requestable,locked-requestable,not-supported,not-supported,not-supported,not-supported,not-supported,not-supported,not-supported,not-supported,not-supported,not-supported,not-supported,not-supported,not-supported,not-supported,not-supported
artist,true,Artist|Fan|Customer,Packages|Scheduling,admin.system-status,mobile,web-fallback,locked-requestable,locked-requestable,not-supported,not-supported,not-supported,not-supported,not-supported,not-supported,not-supported,not-supported,not-supported,not-supported,not-supported,not-supported,not-supported,not-supported,not-supported
artist,true,Artist|Fan|Customer,Packages|Scheduling,admin.activity,web,available,locked-requestable,locked-requestable,not-supported,not-supported,not-supported,not-supported,not-supported,not-supported,locked-requestable,not-supported,not-supported,not-supported,not-supported,not-supported,not-supported,not-supported,not-supported
artist,true,Artist|Fan|Customer,Packages|Scheduling,admin.activity,mobile,web-fallback,locked-requestable,locked-requestable,not-supported,not-supported,not-supported,not-supported,not-supported,not-supported,locked-requestable,not-supported,not-supported,not-supported,not-supported,not-supported,not-supported,not-supported,not-supported
artist,true,Artist|Fan|Customer,Packages|Scheduling,admin.logs,web,available,locked-requestable,locked-requestable,not-supported,not-supported,locked-requestable,not-supported,not-supported,not-supported,not-supported,not-supported,not-supported,not-supported,not-supported,not-supported,not-supported,not-supported,not-supported
artist,true,Artist|Fan|Customer,Packages|Scheduling,admin.logs,mobile,web-fallback,locked-requestable,locked-requestable,not-supported,not-supported,locked-requestable,not-supported,not-supported,not-supported,not-supported,not-supported,not-supported,not-supported,not-supported,not-supported,not-supported,not-supported,not-supported
artist,true,Artist|Fan|Customer,Packages|Scheduling,admin.diagnostics,web,available,locked-requestable,locked-requestable,not-supported,not-supported,not-supported,not-supported,not-supported,not-supported,not-supported,not-supported,not-supported,not-supported,not-supported,not-supported,not-supported,not-supported,locked-requestable
artist,true,Artist|Fan|Customer,Packages|Scheduling,admin.diagnostics,mobile,web-fallback,locked-requestable,locked-requestable,not-supported,not-supported,not-supported,not-supported,not-supported,not-supported,not-supported,not-supported,not-supported,not-supported,not-supported,not-supported,not-supported,not-supported,locked-requestable
artist,true,Artist|Fan|Customer,Packages|Scheduling,admin.brain,web,available,locked-requestable,locked-requestable,locked-requestable,locked-requestable,not-supported,not-supported,not-supported,not-supported,not-supported,not-supported,not-supported,not-supported,not-supported,not-supported,not-supported,not-supported,locked-requestable
artist,true,Artist|Fan|Customer,Packages|Scheduling,admin.brain,mobile,web-fallback,locked-requestable,locked-requestable,locked-requestable,locked-requestable,not-supported,not-supported,not-supported,not-supported,not-supported,not-supported,not-supported,not-supported,not-supported,not-supported,not-supported,not-supported,locked-requestable
artist,true,Artist|Fan|Customer,Packages|Scheduling,admin.calendar-integration,web,available,concealed,concealed,not-supported,not-supported,not-supported,not-supported,not-supported,not-supported,not-supported,not-supported,not-supported,not-supported,not-supported,not-supported,not-supported,not-supported,concealed
artist,true,Artist|Fan|Customer,Packages|Scheduling,admin.calendar-integration,mobile,not-available,not-available,not-available,not-available,not-available,not-available,not-available,not-available,not-available,not-available,not-available,not-available,not-available,not-available,not-available,not-available,not-available,not-available
artist,true,Artist|Fan|Customer,Packages|Scheduling,admin.cms,web,available,locked-requestable,locked-requestable,locked-requestable,locked-requestable,locked-requestable,not-supported,not-supported,not-supported,not-supported,not-supported,not-supported,not-supported,not-supported,not-supported,locked-requestable,not-supported,not-supported
artist,true,Artist|Fan|Customer,Packages|Scheduling,admin.cms,mobile,web-fallback,locked-requestable,locked-requestable,locked-requestable,locked-requestable,locked-requestable,not-supported,not-supported,not-supported,not-supported,not-supported,not-supported,not-supported,not-supported,not-supported,locked-requestable,not-supported,not-supported
artist,true,Artist|Fan|Customer,Packages|Scheduling,admin.campaign-automations,web,available,locked-requestable,locked-requestable,locked-requestable,locked-requestable,not-supported,not-supported,not-supported,not-supported,not-supported,not-supported,not-supported,not-supported,not-supported,not-supported,locked-requestable,not-supported,not-supported
artist,true,Artist|Fan|Customer,Packages|Scheduling,admin.campaign-automations,mobile,web-fallback,locked-requestable,locked-requestable,locked-requestable,locked-requestable,not-supported,not-supported,not-supported,not-supported,not-supported,not-supported,not-supported,not-supported,not-supported,not-supported,locked-requestable,not-supported,not-supported
artist,true,Artist|Fan|Customer,Packages|Scheduling,admin.event-sources,web,available,flag-required,flag-required,flag-required,flag-required,flag-required,flag-required,flag-required,flag-required,flag-required,flag-required,flag-required,flag-required,flag-required,flag-required,flag-required,flag-required,flag-required
artist,true,Artist|Fan|Customer,Packages|Scheduling,admin.event-sources,mobile,not-available,not-available,not-available,not-available,not-available,not-available,not-available,not-available,not-available,not-available,not-available,not-available,not-available,not-available,not-available,not-available,not-available,not-available
artist,true,Artist|Fan|Customer,Packages|Scheduling,admin.whatsapp-consent,web,available,concealed,concealed,not-supported,not-supported,not-supported,not-supported,not-supported,not-supported,not-supported,not-supported,not-supported,not-supported,not-supported,not-supported,not-supported,not-supported,concealed
artist,true,Artist|Fan|Customer,Packages|Scheduling,admin.whatsapp-consent,mobile,not-available,not-available,not-available,not-available,not-available,not-available,not-available,not-available,not-available,not-available,not-available,not-available,not-available,not-available,not-available,not-available,not-available,not-available
artist,true,Artist|Fan|Customer,Packages|Scheduling,admin.ux-options,web,available,locked-requestable,locked-requestable,locked-requestable,locked-requestable,not-supported,not-supported,not-supported,not-supported,not-supported,not-supported,not-supported,not-supported,not-supported,not-supported,not-supported,not-supported,not-supported
artist,true,Artist|Fan|Customer,Packages|Scheduling,admin.ux-options,mobile,web-fallback,locked-requestable,locked-requestable,locked-requestable,locked-requestable,not-supported,not-supported,not-supported,not-supported,not-supported,not-supported,not-supported,not-supported,not-supported,not-supported,not-supported,not-supported,not-supported
artist,true,Artist|Fan|Customer,Packages|Scheduling,admin.preferences,web,available,locked-requestable,locked-requestable,not-supported,locked-requestable,not-supported,not-supported,not-supported,not-supported,not-supported,not-supported,not-supported,not-supported,not-supported,not-supported,not-supported,not-supported,not-supported
artist,true,Artist|Fan|Customer,Packages|Scheduling,admin.preferences,mobile,web-fallback,locked-requestable,locked-requestable,not-supported,locked-requestable,not-supported,not-supported,not-supported,not-supported,not-supported,not-supported,not-supported,not-supported,not-supported,not-supported,not-supported,not-supported,not-supported
artist,true,Artist|Fan|Customer,Packages|Scheduling,tools.chatkit,web,available,locked-requestable,locked-requestable,locked-requestable,not-supported,not-supported,not-supported,not-supported,not-supported,not-supported,not-supported,not-supported,not-supported,not-supported,not-supported,not-supported,not-supported,not-supported
artist,true,Artist|Fan|Customer,Packages|Scheduling,tools.chatkit,mobile,web-fallback,locked-requestable,locked-requestable,locked-requestable,not-supported,not-supported,not-supported,not-supported,not-supported,not-supported,not-supported,not-supported,not-supported,not-supported,not-supported,not-supported,not-supported,not-supported
artist,true,Artist|Fan|Customer,Packages|Scheduling,tools.tidal-agent,web,available,locked-requestable,locked-requestable,locked-requestable,not-supported,not-supported,not-supported,not-supported,not-supported,not-supported,not-supported,not-supported,not-supported,not-supported,not-supported,not-supported,not-supported,not-supported
artist,true,Artist|Fan|Customer,Packages|Scheduling,tools.tidal-agent,mobile,web-fallback,locked-requestable,locked-requestable,locked-requestable,not-supported,not-supported,not-supported,not-supported,not-supported,not-supported,not-supported,not-supported,not-supported,not-supported,not-supported,not-supported,not-supported,not-supported
artist,true,Artist|Fan|Customer,Packages|Scheduling,tools.music-maker,web,available,allowed,allowed,not-supported,not-supported,not-supported,not-supported,not-supported,not-supported,not-supported,not-supported,not-supported,not-supported,not-supported,not-supported,not-supported,not-supported,not-supported
artist,true,Artist|Fan|Customer,Packages|Scheduling,tools.music-maker,mobile,web-fallback,allowed,allowed,not-supported,not-supported,not-supported,not-supported,not-supported,not-supported,not-supported,not-supported,not-supported,not-supported,not-supported,not-supported,not-supported,not-supported,not-supported
artist,true,Artist|Fan|Customer,Packages|Scheduling,tools.admin-token,web,available,concealed,concealed,not-supported,not-supported,not-supported,not-supported,not-supported,not-supported,not-supported,not-supported,not-supported,not-supported,not-supported,not-supported,not-supported,not-supported,concealed
artist,true,Artist|Fan|Customer,Packages|Scheduling,tools.admin-token,mobile,not-available,not-available,not-available,not-available,not-available,not-available,not-available,not-available,not-available,not-available,not-available,not-available,not-available,not-available,not-available,not-available,not-available,not-available
artist,true,Artist|Fan|Customer,Packages|Scheduling,help.manual,web,available,allowed,allowed,not-supported,not-supported,not-supported,not-supported,not-supported,not-supported,not-supported,not-supported,not-supported,not-supported,not-supported,not-supported,not-supported,not-supported,not-supported
artist,true,Artist|Fan|Customer,Packages|Scheduling,help.manual,mobile,native,allowed,allowed,not-supported,not-supported,not-supported,not-supported,not-supported,not-supported,not-supported,not-supported,not-supported,not-supported,not-supported,not-supported,not-supported,not-supported,not-supported
artist,true,Artist|Fan|Customer,Packages|Scheduling,help.docs,web,available,allowed,allowed,not-supported,not-supported,not-supported,not-supported,not-supported,not-supported,not-supported,not-supported,not-supported,not-supported,not-supported,not-supported,not-supported,not-supported,not-supported
artist,true,Artist|Fan|Customer,Packages|Scheduling,help.docs,mobile,native,allowed,allowed,not-supported,not-supported,not-supported,not-supported,not-supported,not-supported,not-supported,not-supported,not-supported,not-supported,not-supported,not-supported,not-supported,not-supported,not-supported
artist,true,Artist|Fan|Customer,Packages|Scheduling,help.about,web,available,allowed,allowed,not-supported,not-supported,not-supported,not-supported,not-supported,not-supported,not-supported,not-supported,not-supported,not-supported,not-supported,not-supported,not-supported,not-supported,not-supported
artist,true,Artist|Fan|Customer,Packages|Scheduling,help.about,mobile,native,allowed,allowed,not-supported,not-supported,not-supported,not-supported,not-supported,not-supported,not-supported,not-supported,not-supported,not-supported,not-supported,not-supported,not-supported,not-supported,not-supported
artist,true,Artist|Fan|Customer,Packages|Scheduling,help.security,web,available,allowed,allowed,not-supported,not-supported,not-supported,not-supported,not-supported,not-supported,not-supported,not-supported,not-supported,not-supported,not-supported,not-supported,not-supported,not-supported,not-supported
artist,true,Artist|Fan|Customer,Packages|Scheduling,help.security,mobile,native,allowed,allowed,not-supported,not-supported,not-supported,not-supported,not-supported,not-supported,not-supported,not-supported,not-supported,not-supported,not-supported,not-supported,not-supported,not-supported,not-supported
artist,true,Artist|Fan|Customer,Packages|Scheduling,help.feedback,web,available,allowed,allowed,allowed,not-supported,not-supported,not-supported,not-supported,not-supported,not-supported,not-supported,not-supported,not-supported,not-supported,not-supported,not-supported,not-supported,not-supported
artist,true,Artist|Fan|Customer,Packages|Scheduling,help.feedback,mobile,native,allowed,allowed,allowed,not-supported,not-supported,not-supported,not-supported,not-supported,not-supported,not-supported,not-supported,not-supported,not-supported,not-supported,not-supported,not-supported,not-supported
artist,true,Artist|Fan|Customer,Packages|Scheduling,navigation.quick-create,web,not-available,not-available,not-available,not-available,not-available,not-available,not-available,not-available,not-available,not-available,not-available,not-available,not-available,not-available,not-available,not-available,not-available,not-available
artist,true,Artist|Fan|Customer,Packages|Scheduling,navigation.quick-create,mobile,native,allowed,allowed,not-supported,not-supported,not-supported,not-supported,not-supported,not-supported,not-supported,not-supported,not-supported,not-supported,not-supported,not-supported,not-supported,not-supported,not-supported
artist,true,Artist|Fan|Customer,Packages|Scheduling,navigation.explore,web,not-available,not-available,not-available,not-available,not-available,not-available,not-available,not-available,not-available,not-available,not-available,not-available,not-available,not-available,not-available,not-available,not-available,not-available
artist,true,Artist|Fan|Customer,Packages|Scheduling,navigation.explore,mobile,native,allowed,allowed,not-supported,allowed,allowed,not-supported,not-supported,not-supported,not-supported,not-supported,not-supported,not-supported,not-supported,not-supported,not-supported,not-supported,not-supported
artist,true,Artist|Fan|Customer,Packages|Scheduling,profile.self,web,not-available,not-available,not-available,not-available,not-available,not-available,not-available,not-available,not-available,not-available,not-available,not-available,not-available,not-available,not-available,not-available,not-available,not-available
artist,true,Artist|Fan|Customer,Packages|Scheduling,profile.self,mobile,native,allowed,allowed,not-supported,allowed,not-supported,not-supported,not-supported,not-supported,not-supported,not-supported,not-supported,not-supported,not-supported,not-supported,not-supported,not-supported,not-supported
artist,true,Artist|Fan|Customer,Packages|Scheduling,social.venues,web,not-available,not-available,not-available,not-available,not-available,not-available,not-available,not-available,not-available,not-available,not-available,not-available,not-available,not-available,not-available,not-available,not-available,not-available
artist,true,Artist|Fan|Customer,Packages|Scheduling,social.venues,mobile,native,allowed,allowed,locked-requestable,locked-requestable,not-supported,not-supported,not-supported,not-supported,not-supported,not-supported,not-supported,not-supported,not-supported,not-supported,not-supported,not-supported,not-supported
artist,true,Artist|Fan|Customer,Packages|Scheduling,social.venue.detail,web,not-available,not-available,not-available,not-available,not-available,not-available,not-available,not-available,not-available,not-available,not-available,not-available,not-available,not-available,not-available,not-available,not-available,not-available
artist,true,Artist|Fan|Customer,Packages|Scheduling,social.venue.detail,mobile,not-available,not-available,not-available,not-available,not-available,not-available,not-available,not-available,not-available,not-available,not-available,not-available,not-available,not-available,not-available,not-available,not-available,not-available
artist,true,Artist|Fan|Customer,Packages|Scheduling,social.venue.create,web,not-available,not-available,not-available,not-available,not-available,not-available,not-available,not-available,not-available,not-available,not-available,not-available,not-available,not-available,not-available,not-available,not-available,not-available
artist,true,Artist|Fan|Customer,Packages|Scheduling,social.venue.create,mobile,not-available,not-available,not-available,not-available,not-available,not-available,not-available,not-available,not-available,not-available,not-available,not-available,not-available,not-available,not-available,not-available,not-available,not-available
artist,true,Artist|Fan|Customer,Packages|Scheduling,artist.profile.edit,web,not-available,not-available,not-available,not-available,not-available,not-available,not-available,not-available,not-available,not-available,not-available,not-available,not-available,not-available,not-available,not-available,not-available,not-available
artist,true,Artist|Fan|Customer,Packages|Scheduling,artist.profile.edit,mobile,not-available,not-available,not-available,not-available,not-available,not-available,not-available,not-available,not-available,not-available,not-available,not-available,not-available,not-available,not-available,not-available,not-available,not-available
artist,true,Artist|Fan|Customer,Packages|Scheduling,studio.session.input-list,web,not-available,not-available,not-available,not-available,not-available,not-available,not-available,not-available,not-available,not-available,not-available,not-available,not-available,not-available,not-available,not-available,not-available,not-available
artist,true,Artist|Fan|Customer,Packages|Scheduling,studio.session.input-list,mobile,not-available,not-available,not-available,not-available,not-available,not-available,not-available,not-available,not-available,not-available,not-available,not-available,not-available,not-available,not-available,not-available,not-available,not-available
artist,true,Artist|Fan|Customer,Packages|Scheduling,social.tickets,web,not-available,not-available,not-available,not-available,not-available,not-available,not-available,not-available,not-available,not-available,not-available,not-available,not-available,not-available,not-available,not-available,not-available,not-available
artist,true,Artist|Fan|Customer,Packages|Scheduling,social.tickets,mobile,native,allowed,allowed,not-supported,not-supported,not-supported,not-supported,not-supported,not-supported,not-supported,not-supported,not-supported,not-supported,not-supported,not-supported,not-supported,not-supported,not-supported
artist,true,Artist|Fan|Customer,Packages|Scheduling,social.ticket-checkout,web,not-available,not-available,not-available,not-available,not-available,not-available,not-available,not-available,not-available,not-available,not-available,not-available,not-available,not-available,not-available,not-available,not-available,not-available
artist,true,Artist|Fan|Customer,Packages|Scheduling,social.ticket-checkout,mobile,not-available,not-available,not-available,not-available,not-available,not-available,not-available,not-available,not-available,not-available,not-available,not-available,not-available,not-available,not-available,not-available,not-available,not-available
artist,true,Artist|Fan|Customer,Packages|Scheduling,label.contracts.create,web,not-available,not-available,not-available,not-available,not-available,not-available,not-available,not-available,not-available,not-available,not-available,not-available,not-available,not-available,not-available,not-available,not-available,not-available
artist,true,Artist|Fan|Customer,Packages|Scheduling,label.contracts.create,mobile,not-available,not-available,not-available,not-available,not-available,not-available,not-available,not-available,not-available,not-available,not-available,not-available,not-available,not-available,not-available,not-available,not-available,not-available
artist,true,Artist|Fan|Customer,Packages|Scheduling,label.contracts.detail,web,not-available,not-available,not-available,not-available,not-available,not-available,not-available,not-available,not-available,not-available,not-available,not-available,not-available,not-available,not-available,not-available,not-available,not-available
artist,true,Artist|Fan|Customer,Packages|Scheduling,label.contracts.detail,mobile,not-available,not-available,not-available,not-available,not-available,not-available,not-available,not-available,not-available,not-available,not-available,not-available,not-available,not-available,not-available,not-available,not-available,not-available
artist,true,Artist|Fan|Customer,Packages|Scheduling,mobile.onboarding,web,not-available,not-available,not-available,not-available,not-available,not-available,not-available,not-available,not-available,not-available,not-available,not-available,not-available,not-available,not-available,not-available,not-available,not-available
artist,true,Artist|Fan|Customer,Packages|Scheduling,mobile.onboarding,mobile,native,allowed,allowed,not-supported,not-supported,not-supported,not-supported,not-supported,not-supported,not-supported,not-supported,not-supported,not-supported,not-supported,not-supported,not-supported,not-supported,not-supported
artist,true,Artist|Fan|Customer,Packages|Scheduling,technical.mobile-entry,web,not-available,not-available,not-available,not-available,not-available,not-available,not-available,not-available,not-available,not-available,not-available,not-available,not-available,not-available,not-available,not-available,not-available,not-available
artist,true,Artist|Fan|Customer,Packages|Scheduling,technical.mobile-entry,mobile,not-available,not-available,not-available,not-available,not-available,not-available,not-available,not-available,not-available,not-available,not-available,not-available,not-available,not-available,not-available,not-available,not-available,not-available
artist,true,Artist|Fan|Customer,Packages|Scheduling,access-requests.mine,web,available,allowed,allowed,not-supported,allowed,not-supported,not-supported,not-supported,not-supported,not-supported,not-supported,not-supported,not-supported,not-supported,not-supported,not-supported,not-supported,not-supported
artist,true,Artist|Fan|Customer,Packages|Scheduling,access-requests.mine,mobile,native,allowed,allowed,not-supported,allowed,not-supported,not-supported,not-supported,not-supported,not-supported,not-supported,not-supported,not-supported,not-supported,not-supported,not-supported,not-supported,not-supported
artist,true,Artist|Fan|Customer,Packages|Scheduling,access-requests.create,web,available,allowed,allowed,allowed,not-supported,not-supported,not-supported,not-supported,not-supported,not-supported,not-supported,not-supported,not-supported,not-supported,not-supported,not-supported,not-supported,not-supported
artist,true,Artist|Fan|Customer,Packages|Scheduling,access-requests.create,mobile,native,allowed,allowed,allowed,not-supported,not-supported,not-supported,not-supported,not-supported,not-supported,not-supported,not-supported,not-supported,not-supported,not-supported,not-supported,not-supported,not-supported
artist,true,Artist|Fan|Customer,Packages|Scheduling,access-requests.review,web,available,concealed,concealed,not-supported,not-supported,not-supported,not-supported,not-supported,not-supported,not-supported,not-supported,not-supported,concealed,concealed,not-supported,not-supported,not-supported,concealed
artist,true,Artist|Fan|Customer,Packages|Scheduling,access-requests.review,mobile,native,concealed,concealed,not-supported,not-supported,not-supported,not-supported,not-supported,not-supported,not-supported,not-supported,not-supported,concealed,concealed,not-supported,not-supported,not-supported,concealed
artist,true,Artist|Fan|Customer,Packages|Scheduling,technical.auth-login,web,available,concealed,concealed,concealed,concealed,concealed,concealed,concealed,concealed,concealed,concealed,concealed,concealed,concealed,concealed,concealed,concealed,concealed
artist,true,Artist|Fan|Customer,Packages|Scheduling,technical.auth-login,mobile,not-available,not-available,not-available,not-available,not-available,not-available,not-available,not-available,not-available,not-available,not-available,not-available,not-available,not-available,not-available,not-available,not-available,not-available
artist,true,Artist|Fan|Customer,Packages|Scheduling,technical.auth-reset,web,available,concealed,concealed,concealed,concealed,concealed,concealed,concealed,concealed,concealed,concealed,concealed,concealed,concealed,concealed,concealed,concealed,concealed
artist,true,Artist|Fan|Customer,Packages|Scheduling,technical.auth-reset,mobile,not-available,not-available,not-available,not-available,not-available,not-available,not-available,not-available,not-available,not-available,not-available,not-available,not-available,not-available,not-available,not-available,not-available,not-available
artist,true,Artist|Fan|Customer,Packages|Scheduling,technical.oauth-google-drive,web,available,concealed,concealed,concealed,concealed,concealed,concealed,concealed,concealed,concealed,concealed,concealed,concealed,concealed,concealed,concealed,concealed,concealed
artist,true,Artist|Fan|Customer,Packages|Scheduling,technical.oauth-google-drive,mobile,not-available,not-available,not-available,not-available,not-available,not-available,not-available,not-available,not-available,not-available,not-available,not-available,not-available,not-available,not-available,not-available,not-available,not-available
artist,true,Artist|Fan|Customer,Packages|Scheduling,technical.oauth-instagram,web,available,concealed,concealed,concealed,concealed,concealed,concealed,concealed,concealed,concealed,concealed,concealed,concealed,concealed,concealed,concealed,concealed,concealed
artist,true,Artist|Fan|Customer,Packages|Scheduling,technical.oauth-instagram,mobile,not-available,not-available,not-available,not-available,not-available,not-available,not-available,not-available,not-available,not-available,not-available,not-available,not-available,not-available,not-available,not-available,not-available,not-available
artist,true,Artist|Fan|Customer,Packages|Scheduling,technical.payment-return,web,available,concealed,concealed,concealed,concealed,concealed,concealed,concealed,concealed,concealed,concealed,concealed,concealed,concealed,concealed,concealed,concealed,concealed
artist,true,Artist|Fan|Customer,Packages|Scheduling,technical.payment-return,mobile,not-available,not-available,not-available,not-available,not-available,not-available,not-available,not-available,not-available,not-available,not-available,not-available,not-available,not-available,not-available,not-available,not-available,not-available
artist,true,Artist|Fan|Customer,Packages|Scheduling,technical.whatsapp-return,web,available,concealed,concealed,concealed,concealed,concealed,concealed,concealed,concealed,concealed,concealed,concealed,concealed,concealed,concealed,concealed,concealed,concealed
artist,true,Artist|Fan|Customer,Packages|Scheduling,technical.whatsapp-return,mobile,not-available,not-available,not-available,not-available,not-available,not-available,not-available,not-available,not-available,not-available,not-available,not-available,not-available,not-available,not-available,not-available,not-available,not-available
artist,true,Artist|Fan|Customer,Packages|Scheduling,technical.inventory-scan,web,available,concealed,concealed,concealed,concealed,concealed,concealed,concealed,concealed,concealed,concealed,concealed,concealed,concealed,concealed,concealed,concealed,concealed
artist,true,Artist|Fan|Customer,Packages|Scheduling,technical.inventory-scan,mobile,not-available,not-available,not-available,not-available,not-available,not-available,not-available,not-available,not-available,not-available,not-available,not-available,not-available,not-available,not-available,not-available,not-available,not-available
artist,true,Artist|Fan|Customer,Packages|Scheduling,technical.course-public,web,available,allowed,allowed,not-supported,not-supported,not-supported,not-supported,not-supported,not-supported,not-supported,not-supported,not-supported,not-supported,not-supported,not-supported,not-supported,not-supported,not-supported
artist,true,Artist|Fan|Customer,Packages|Scheduling,technical.course-public,mobile,web-fallback,allowed,allowed,not-supported,not-supported,not-supported,not-supported,not-supported,not-supported,not-supported,not-supported,not-supported,not-supported,not-supported,not-supported,not-supported,not-supported,not-supported
artist,true,Artist|Fan|Customer,Packages|Scheduling,technical.course-registration,web,available,allowed,allowed,not-supported,not-supported,not-supported,not-supported,not-supported,not-supported,not-supported,allowed,not-supported,not-supported,not-supported,not-supported,not-supported,not-supported,not-supported
artist,true,Artist|Fan|Customer,Packages|Scheduling,technical.course-registration,mobile,web-fallback,allowed,allowed,not-supported,not-supported,not-supported,not-supported,not-supported,not-supported,not-supported,allowed,not-supported,not-supported,not-supported,not-supported,not-supported,not-supported,not-supported
artist,true,Artist|Fan|Customer,Packages|Scheduling,technical.whatsapp-consent-public,web,available,allowed,allowed,not-supported,not-supported,not-supported,not-supported,not-supported,not-supported,not-supported,allowed,not-supported,not-supported,not-supported,not-supported,not-supported,not-supported,not-supported
artist,true,Artist|Fan|Customer,Packages|Scheduling,technical.whatsapp-consent-public,mobile,web-fallback,allowed,allowed,not-supported,not-supported,not-supported,not-supported,not-supported,not-supported,not-supported,allowed,not-supported,not-supported,not-supported,not-supported,not-supported,not-supported,not-supported
artist,true,Artist|Fan|Customer,Packages|Scheduling,experimental.future-stubs,web,not-available,not-available,not-available,not-available,not-available,not-available,not-available,not-available,not-available,not-available,not-available,not-available,not-available,not-available,not-available,not-available,not-available,not-available
artist,true,Artist|Fan|Customer,Packages|Scheduling,experimental.future-stubs,mobile,not-available,not-available,not-available,not-available,not-available,not-available,not-available,not-available,not-available,not-available,not-available,not-available,not-available,not-available,not-available,not-available,not-available,not-available
professor,true,Teacher|Fan|Customer,Packages|Scheduling,public.platform,web,available,allowed,allowed,not-supported,not-supported,not-supported,not-supported,not-supported,not-supported,not-supported,not-supported,not-supported,not-supported,not-supported,not-supported,not-supported,not-supported,not-supported
professor,true,Teacher|Fan|Customer,Packages|Scheduling,public.platform,mobile,web-fallback,allowed,allowed,not-supported,not-supported,not-supported,not-supported,not-supported,not-supported,not-supported,not-supported,not-supported,not-supported,not-supported,not-supported,not-supported,not-supported,not-supported
professor,true,Teacher|Fan|Customer,Packages|Scheduling,home,web,available,allowed,allowed,not-supported,not-supported,not-supported,not-supported,not-supported,not-supported,not-supported,not-supported,not-supported,not-supported,not-supported,not-supported,not-supported,not-supported,not-supported
professor,true,Teacher|Fan|Customer,Packages|Scheduling,home,mobile,native,allowed,allowed,not-supported,not-supported,not-supported,not-supported,not-supported,not-supported,not-supported,not-supported,not-supported,not-supported,not-supported,not-supported,not-supported,not-supported,not-supported
professor,true,Teacher|Fan|Customer,Packages|Scheduling,community,web,available,allowed,allowed,allowed,allowed,allowed,not-supported,not-supported,not-supported,not-supported,not-supported,not-supported,not-supported,not-supported,not-supported,not-supported,not-supported,not-supported
professor,true,Teacher|Fan|Customer,Packages|Scheduling,community,mobile,native,allowed,allowed,allowed,allowed,allowed,not-supported,not-supported,not-supported,not-supported,not-supported,not-supported,not-supported,not-supported,not-supported,not-supported,not-supported,not-supported
professor,true,Teacher|Fan|Customer,Packages|Scheduling,community.club,web,available,allowed,allowed,allowed,allowed,allowed,not-supported,not-supported,not-supported,not-supported,not-supported,not-supported,not-supported,not-supported,not-supported,not-supported,not-supported,not-supported
professor,true,Teacher|Fan|Customer,Packages|Scheduling,community.club,mobile,not-available,not-available,not-available,not-available,not-available,not-available,not-available,not-available,not-available,not-available,not-available,not-available,not-available,not-available,not-available,not-available,not-available,not-available
professor,true,Teacher|Fan|Customer,Packages|Scheduling,community.member,web,available,allowed,allowed,not-supported,not-supported,not-supported,not-supported,not-supported,not-supported,not-supported,not-supported,not-supported,not-supported,not-supported,not-supported,not-supported,not-supported,not-supported
professor,true,Teacher|Fan|Customer,Packages|Scheduling,community.member,mobile,web-fallback,allowed,allowed,not-supported,not-supported,not-supported,not-supported,not-supported,not-supported,not-supported,not-supported,not-supported,not-supported,not-supported,not-supported,not-supported,not-supported,not-supported
professor,true,Teacher|Fan|Customer,Packages|Scheduling,artist.public,web,available,allowed,allowed,not-supported,not-supported,not-supported,not-supported,not-supported,not-supported,not-supported,not-supported,not-supported,not-supported,not-supported,not-supported,not-supported,not-supported,not-supported
professor,true,Teacher|Fan|Customer,Packages|Scheduling,artist.public,mobile,not-available,not-available,not-available,not-available,not-available,not-available,not-available,not-available,not-available,not-available,not-available,not-available,not-available,not-available,not-available,not-available,not-available,not-available
professor,true,Teacher|Fan|Customer,Packages|Scheduling,artist.onboarding,web,available,allowed,allowed,concealed,not-supported,not-supported,not-supported,not-supported,not-supported,not-supported,not-supported,not-supported,not-supported,not-supported,not-supported,not-supported,not-supported,not-supported
professor,true,Teacher|Fan|Customer,Packages|Scheduling,artist.onboarding,mobile,native,allowed,allowed,concealed,not-supported,not-supported,not-supported,not-supported,not-supported,not-supported,not-supported,not-supported,not-supported,not-supported,not-supported,not-supported,not-supported,not-supported
professor,true,Teacher|Fan|Customer,Packages|Scheduling,marketplace,web,available,allowed,allowed,allowed,allowed,allowed,not-supported,not-supported,not-supported,not-supported,not-supported,not-supported,not-supported,not-supported,not-supported,not-supported,not-supported,not-supported
professor,true,Teacher|Fan|Customer,Packages|Scheduling,marketplace,mobile,web-fallback,allowed,allowed,allowed,allowed,allowed,not-supported,not-supported,not-supported,not-supported,not-supported,not-supported,not-supported,not-supported,not-supported,not-supported,not-supported,not-supported
professor,true,Teacher|Fan|Customer,Packages|Scheduling,marketplace.order-tracking,web,available,allowed,allowed,not-supported,not-supported,not-supported,not-supported,not-supported,not-supported,not-supported,not-supported,not-supported,not-supported,not-supported,not-supported,not-supported,not-supported,not-supported
professor,true,Teacher|Fan|Customer,Packages|Scheduling,marketplace.order-tracking,mobile,web-fallback,allowed,allowed,not-supported,not-supported,not-supported,not-supported,not-supported,not-supported,not-supported,not-supported,not-supported,not-supported,not-supported,not-supported,not-supported,not-supported,not-supported
professor,true,Teacher|Fan|Customer,Packages|Scheduling,service.mixing-mastering,web,available,allowed,allowed,not-supported,not-supported,not-supported,not-supported,not-supported,not-supported,not-supported,not-supported,not-supported,not-supported,not-supported,not-supported,not-supported,not-supported,not-supported
professor,true,Teacher|Fan|Customer,Packages|Scheduling,service.mixing-mastering,mobile,web-fallback,allowed,allowed,not-supported,not-supported,not-supported,not-supported,not-supported,not-supported,not-supported,not-supported,not-supported,not-supported,not-supported,not-supported,not-supported,not-supported,not-supported
professor,true,Teacher|Fan|Customer,Packages|Scheduling,bookings.public,web,available,allowed,allowed,allowed,not-supported,not-supported,not-supported,not-supported,not-supported,not-supported,not-supported,not-supported,not-supported,not-supported,not-supported,not-supported,not-supported,not-supported
professor,true,Teacher|Fan|Customer,Packages|Scheduling,bookings.public,mobile,native,allowed,allowed,allowed,not-supported,not-supported,not-supported,not-supported,not-supported,not-supported,not-supported,not-supported,not-supported,not-supported,not-supported,not-supported,not-supported,not-supported
professor,true,Teacher|Fan|Customer,Packages|Scheduling,bookings.dj-booth,web,available,allowed,allowed,not-supported,not-supported,not-supported,not-supported,not-supported,not-supported,not-supported,not-supported,not-supported,not-supported,not-supported,not-supported,not-supported,not-supported,not-supported
professor,true,Teacher|Fan|Customer,Packages|Scheduling,bookings.dj-booth,mobile,native,allowed,allowed,not-supported,not-supported,not-supported,not-supported,not-supported,not-supported,not-supported,not-supported,not-supported,not-supported,not-supported,not-supported,not-supported,not-supported,not-supported
professor,true,Teacher|Fan|Customer,Packages|Scheduling,public.trials,web,available,allowed,allowed,allowed,allowed,allowed,not-supported,not-supported,not-supported,not-supported,not-supported,not-supported,not-supported,not-supported,not-supported,not-supported,not-supported,not-supported
professor,true,Teacher|Fan|Customer,Packages|Scheduling,public.trials,mobile,web-fallback,allowed,allowed,allowed,allowed,allowed,not-supported,not-supported,not-supported,not-supported,not-supported,not-supported,not-supported,not-supported,not-supported,not-supported,not-supported,not-supported
professor,true,Teacher|Fan|Customer,Packages|Scheduling,public.live-session-registration,web,available,allowed,allowed,allowed,not-supported,not-supported,not-supported,not-supported,not-supported,not-supported,not-supported,not-supported,not-supported,not-supported,not-supported,not-supported,not-supported,not-supported
professor,true,Teacher|Fan|Customer,Packages|Scheduling,public.live-session-registration,mobile,web-fallback,allowed,allowed,allowed,not-supported,not-supported,not-supported,not-supported,not-supported,not-supported,not-supported,not-supported,not-supported,not-supported,not-supported,not-supported,not-supported,not-supported
professor,true,Teacher|Fan|Customer,Packages|Scheduling,public.records,web,available,allowed,allowed,not-supported,not-supported,not-supported,not-supported,not-supported,not-supported,not-supported,not-supported,not-supported,not-supported,not-supported,not-supported,not-supported,not-supported,not-supported
professor,true,Teacher|Fan|Customer,Packages|Scheduling,public.records,mobile,web-fallback,allowed,allowed,not-supported,not-supported,not-supported,not-supported,not-supported,not-supported,not-supported,not-supported,not-supported,not-supported,not-supported,not-supported,not-supported,not-supported,not-supported
professor,true,Teacher|Fan|Customer,Packages|Scheduling,public.donations,web,available,allowed,allowed,not-supported,not-supported,not-supported,not-supported,not-supported,not-supported,not-supported,not-supported,not-supported,not-supported,not-supported,not-supported,not-supported,not-supported,not-supported
professor,true,Teacher|Fan|Customer,Packages|Scheduling,public.donations,mobile,web-fallback,allowed,allowed,not-supported,not-supported,not-supported,not-supported,not-supported,not-supported,not-supported,not-supported,not-supported,not-supported,not-supported,not-supported,not-supported,not-supported,not-supported
professor,true,Teacher|Fan|Customer,Packages|Scheduling,public.domo,web,available,allowed,allowed,not-supported,not-supported,not-supported,not-supported,not-supported,not-supported,not-supported,not-supported,not-supported,not-supported,not-supported,not-supported,not-supported,not-supported,not-supported
professor,true,Teacher|Fan|Customer,Packages|Scheduling,public.domo,mobile,web-fallback,allowed,allowed,not-supported,not-supported,not-supported,not-supported,not-supported,not-supported,not-supported,not-supported,not-supported,not-supported,not-supported,not-supported,not-supported,not-supported,not-supported
professor,true,Teacher|Fan|Customer,Packages|Scheduling,profile.detail,web,available,allowed,allowed,not-supported,not-supported,not-supported,not-supported,not-supported,not-supported,not-supported,not-supported,not-supported,not-supported,not-supported,not-supported,not-supported,not-supported,not-supported
professor,true,Teacher|Fan|Customer,Packages|Scheduling,profile.detail,mobile,not-available,not-available,not-available,not-available,not-available,not-available,not-available,not-available,not-available,not-available,not-available,not-available,not-available,not-available,not-available,not-available,not-available,not-available
professor,true,Teacher|Fan|Customer,Packages|Scheduling,social,web,available,allowed,allowed,allowed,not-supported,allowed,not-supported,not-supported,not-supported,not-supported,not-supported,not-supported,not-supported,not-supported,not-supported,not-supported,not-supported,not-supported
professor,true,Teacher|Fan|Customer,Packages|Scheduling,social,mobile,native,allowed,allowed,allowed,not-supported,allowed,not-supported,not-supported,not-supported,not-supported,not-supported,not-supported,not-supported,not-supported,not-supported,not-supported,not-supported,not-supported
professor,true,Teacher|Fan|Customer,Packages|Scheduling,social.instagram,web,available,allowed,allowed,not-supported,not-supported,not-supported,not-supported,not-supported,not-supported,not-supported,not-supported,not-supported,not-supported,not-supported,not-supported,not-supported,not-supported,locked-requestable
professor,true,Teacher|Fan|Customer,Packages|Scheduling,social.instagram,mobile,web-fallback,allowed,allowed,not-supported,not-supported,not-supported,not-supported,not-supported,not-supported,not-supported,not-supported,not-supported,not-supported,not-supported,not-supported,not-supported,not-supported,locked-requestable
professor,true,Teacher|Fan|Customer,Packages|Scheduling,social.vcard,web,not-available,not-available,not-available,not-available,not-available,not-available,not-available,not-available,not-available,not-available,not-available,not-available,not-available,not-available,not-available,not-available,not-available,not-available
professor,true,Teacher|Fan|Customer,Packages|Scheduling,social.vcard,mobile,native,allowed,allowed,allowed,not-supported,not-supported,not-supported,not-supported,not-supported,not-supported,not-supported,not-supported,not-supported,not-supported,not-supported,not-supported,not-supported,not-supported
professor,true,Teacher|Fan|Customer,Packages|Scheduling,social.inbox,web,available,locked-requestable,locked-requestable,locked-requestable,not-supported,not-supported,not-supported,not-supported,not-supported,not-supported,not-supported,not-supported,not-supported,not-supported,not-supported,not-supported,not-supported,not-supported
professor,true,Teacher|Fan|Customer,Packages|Scheduling,social.inbox,mobile,web-fallback,locked-requestable,locked-requestable,locked-requestable,not-supported,not-supported,not-supported,not-supported,not-supported,not-supported,not-supported,not-supported,not-supported,not-supported,not-supported,not-supported,not-supported,not-supported
professor,true,Teacher|Fan|Customer,Packages|Scheduling,social.events,web,available,allowed,allowed,allowed,allowed,allowed,not-supported,not-supported,not-supported,not-supported,not-supported,not-supported,not-supported,not-supported,not-supported,allowed,not-supported,not-supported
professor,true,Teacher|Fan|Customer,Packages|Scheduling,social.events,mobile,native,allowed,allowed,allowed,allowed,allowed,not-supported,not-supported,not-supported,not-supported,not-supported,not-supported,not-supported,not-supported,not-supported,allowed,not-supported,not-supported
professor,true,Teacher|Fan|Customer,Packages|Scheduling,social.events.create,web,available,allowed,allowed,allowed,not-supported,not-supported,not-supported,not-supported,not-supported,not-supported,not-supported,not-supported,not-supported,not-supported,not-supported,not-supported,not-supported,not-supported
professor,true,Teacher|Fan|Customer,Packages|Scheduling,social.events.create,mobile,native,allowed,allowed,allowed,not-supported,not-supported,not-supported,not-supported,not-supported,not-supported,not-supported,not-supported,not-supported,not-supported,not-supported,not-supported,not-supported,not-supported
professor,true,Teacher|Fan|Customer,Packages|Scheduling,social.event.detail,web,available,allowed,allowed,not-supported,not-supported,not-supported,not-supported,not-supported,not-supported,not-supported,not-supported,not-supported,not-supported,not-supported,not-supported,not-supported,not-supported,not-supported
professor,true,Teacher|Fan|Customer,Packages|Scheduling,social.event.detail,mobile,not-available,not-available,not-available,not-available,not-available,not-available,not-available,not-available,not-available,not-available,not-available,not-available,not-available,not-available,not-available,not-available,not-available,not-available
professor,true,Teacher|Fan|Customer,Packages|Scheduling,social.event.logistics,web,available,allowed,allowed,allowed,allowed,allowed,not-supported,not-supported,not-supported,not-supported,not-supported,not-supported,not-supported,not-supported,allowed,not-supported,not-supported,not-supported
professor,true,Teacher|Fan|Customer,Packages|Scheduling,social.event.logistics,mobile,not-available,not-available,not-available,not-available,not-available,not-available,not-available,not-available,not-available,not-available,not-available,not-available,not-available,not-available,not-available,not-available,not-available,not-available
professor,true,Teacher|Fan|Customer,Packages|Scheduling,social.discovery,web,available,flag-required,flag-required,flag-required,flag-required,flag-required,flag-required,flag-required,flag-required,flag-required,flag-required,flag-required,flag-required,flag-required,flag-required,flag-required,flag-required,flag-required
professor,true,Teacher|Fan|Customer,Packages|Scheduling,social.discovery,mobile,native,flag-required,flag-required,flag-required,flag-required,flag-required,flag-required,flag-required,flag-required,flag-required,flag-required,flag-required,flag-required,flag-required,flag-required,flag-required,flag-required,flag-required
professor,true,Teacher|Fan|Customer,Packages|Scheduling,chat,web,available,allowed,allowed,allowed,not-supported,not-supported,not-supported,not-supported,not-supported,not-supported,not-supported,not-supported,not-supported,not-supported,not-supported,not-supported,not-supported,not-supported
professor,true,Teacher|Fan|Customer,Packages|Scheduling,chat,mobile,web-fallback,allowed,allowed,allowed,not-supported,not-supported,not-supported,not-supported,not-supported,not-supported,not-supported,not-supported,not-supported,not-supported,not-supported,not-supported,not-supported,not-supported
professor,true,Teacher|Fan|Customer,Packages|Scheduling,crm.contacts,web,available,locked-requestable,locked-requestable,locked-requestable,locked-requestable,locked-requestable,not-supported,not-supported,not-supported,locked-requestable,not-supported,not-supported,not-supported,not-supported,locked-requestable,not-supported,not-supported,not-supported
professor,true,Teacher|Fan|Customer,Packages|Scheduling,crm.contacts,mobile,native,locked-requestable,locked-requestable,locked-requestable,locked-requestable,locked-requestable,not-supported,not-supported,not-supported,locked-requestable,not-supported,not-supported,not-supported,not-supported,locked-requestable,not-supported,not-supported,not-supported
professor,true,Teacher|Fan|Customer,Packages|Scheduling,crm.companies,web,available,locked-requestable,locked-requestable,locked-requestable,locked-requestable,not-supported,not-supported,not-supported,not-supported,not-supported,not-supported,not-supported,not-supported,not-supported,not-supported,not-supported,not-supported,not-supported
professor,true,Teacher|Fan|Customer,Packages|Scheduling,crm.companies,mobile,native,locked-requestable,locked-requestable,locked-requestable,locked-requestable,not-supported,not-supported,not-supported,not-supported,not-supported,not-supported,not-supported,not-supported,not-supported,not-supported,not-supported,not-supported,not-supported
professor,true,Teacher|Fan|Customer,Packages|Scheduling,crm.leads,web,available,locked-requestable,locked-requestable,locked-requestable,locked-requestable,not-supported,not-supported,not-supported,not-supported,not-supported,not-supported,not-supported,not-supported,not-supported,locked-requestable,not-supported,not-supported,not-supported
professor,true,Teacher|Fan|Customer,Packages|Scheduling,crm.leads,mobile,web-fallback,locked-requestable,locked-requestable,locked-requestable,locked-requestable,not-supported,not-supported,not-supported,not-supported,not-supported,not-supported,not-supported,not-supported,not-supported,locked-requestable,not-supported,not-supported,not-supported
professor,true,Teacher|Fan|Customer,Packages|Scheduling,studio.calendar,web,available,allowed,allowed,allowed,allowed,locked-requestable,not-supported,not-supported,not-supported,not-supported,not-supported,not-supported,not-supported,not-supported,not-supported,not-supported,not-supported,not-supported
professor,true,Teacher|Fan|Customer,Packages|Scheduling,studio.calendar,mobile,native,allowed,allowed,allowed,allowed,locked-requestable,not-supported,not-supported,not-supported,not-supported,not-supported,not-supported,not-supported,not-supported,not-supported,not-supported,not-supported,not-supported
professor,true,Teacher|Fan|Customer,Packages|Scheduling,studio.rooms,web,available,allowed,allowed,locked-requestable,locked-requestable,not-supported,not-supported,not-supported,not-supported,not-supported,not-supported,not-supported,not-supported,not-supported,not-supported,not-supported,not-supported,not-supported
professor,true,Teacher|Fan|Customer,Packages|Scheduling,studio.rooms,mobile,native,allowed,allowed,locked-requestable,locked-requestable,not-supported,not-supported,not-supported,not-supported,not-supported,not-supported,not-supported,not-supported,not-supported,not-supported,not-supported,not-supported,not-supported
professor,true,Teacher|Fan|Customer,Packages|Scheduling,studio.orders,web,available,allowed,allowed,allowed,allowed,not-supported,not-supported,not-supported,not-supported,not-supported,not-supported,not-supported,locked-requestable,not-supported,not-supported,not-supported,not-supported,not-supported
professor,true,Teacher|Fan|Customer,Packages|Scheduling,studio.orders,mobile,web-fallback,allowed,allowed,allowed,allowed,not-supported,not-supported,not-supported,not-supported,not-supported,not-supported,not-supported,locked-requestable,not-supported,not-supported,not-supported,not-supported,not-supported
professor,true,Teacher|Fan|Customer,Packages|Scheduling,studio.services,web,available,allowed,allowed,locked-requestable,locked-requestable,locked-requestable,not-supported,not-supported,not-supported,not-supported,not-supported,not-supported,not-supported,not-supported,not-supported,not-supported,not-supported,not-supported
professor,true,Teacher|Fan|Customer,Packages|Scheduling,studio.services,mobile,web-fallback,allowed,allowed,locked-requestable,locked-requestable,locked-requestable,not-supported,not-supported,not-supported,not-supported,not-supported,not-supported,not-supported,not-supported,not-supported,not-supported,not-supported,not-supported
professor,true,Teacher|Fan|Customer,Packages|Scheduling,studio.pipelines,web,available,allowed,allowed,allowed,allowed,locked-requestable,not-supported,not-supported,not-supported,not-supported,not-supported,not-supported,not-supported,not-supported,allowed,not-supported,not-supported,not-supported
professor,true,Teacher|Fan|Customer,Packages|Scheduling,studio.pipelines,mobile,native,allowed,allowed,allowed,allowed,locked-requestable,not-supported,not-supported,not-supported,not-supported,not-supported,not-supported,not-supported,not-supported,allowed,not-supported,not-supported,not-supported
professor,true,Teacher|Fan|Customer,Packages|Scheduling,studio.live-sessions,web,available,allowed,allowed,allowed,allowed,not-supported,not-supported,not-supported,not-supported,not-supported,not-supported,not-supported,not-supported,not-supported,not-supported,not-supported,not-supported,not-supported
professor,true,Teacher|Fan|Customer,Packages|Scheduling,studio.live-sessions,mobile,web-fallback,allowed,allowed,allowed,allowed,not-supported,not-supported,not-supported,not-supported,not-supported,not-supported,not-supported,not-supported,not-supported,not-supported,not-supported,not-supported,not-supported
professor,true,Teacher|Fan|Customer,Packages|Scheduling,studio.domo-campaign,web,available,allowed,allowed,not-supported,locked-requestable,not-supported,not-supported,not-supported,not-supported,not-supported,not-supported,not-supported,not-supported,not-supported,not-supported,not-supported,not-supported,not-supported
professor,true,Teacher|Fan|Customer,Packages|Scheduling,studio.domo-campaign,mobile,web-fallback,allowed,allowed,not-supported,locked-requestable,not-supported,not-supported,not-supported,not-supported,not-supported,not-supported,not-supported,not-supported,not-supported,not-supported,not-supported,not-supported,not-supported
professor,true,Teacher|Fan|Customer,Packages|Scheduling,studio.reports,web,available,allowed,allowed,not-supported,not-supported,not-supported,not-supported,not-supported,not-supported,allowed,not-supported,not-supported,not-supported,not-supported,not-supported,not-supported,allowed,not-supported
professor,true,Teacher|Fan|Customer,Packages|Scheduling,studio.reports,mobile,web-fallback,allowed,allowed,not-supported,not-supported,not-supported,not-supported,not-supported,not-supported,allowed,not-supported,not-supported,not-supported,not-supported,not-supported,not-supported,allowed,not-supported
professor,true,Teacher|Fan|Customer,Packages|Scheduling,school.teacher-portal,web,available,allowed,allowed,locked-requestable,allowed,locked-requestable,not-supported,not-supported,not-supported,not-supported,not-supported,not-supported,not-supported,not-supported,not-supported,not-supported,not-supported,not-supported
professor,true,Teacher|Fan|Customer,Packages|Scheduling,school.teacher-portal,mobile,web-fallback,allowed,allowed,locked-requestable,allowed,locked-requestable,not-supported,not-supported,not-supported,not-supported,not-supported,not-supported,not-supported,not-supported,not-supported,not-supported,not-supported,not-supported
professor,true,Teacher|Fan|Customer,Packages|Scheduling,school.teachers,web,available,locked-requestable,locked-requestable,locked-requestable,locked-requestable,not-supported,not-supported,not-supported,not-supported,not-supported,not-supported,not-supported,not-supported,not-supported,not-supported,not-supported,not-supported,not-supported
professor,true,Teacher|Fan|Customer,Packages|Scheduling,school.teachers,mobile,web-fallback,locked-requestable,locked-requestable,locked-requestable,locked-requestable,not-supported,not-supported,not-supported,not-supported,not-supported,not-supported,not-supported,not-supported,not-supported,not-supported,not-supported,not-supported,not-supported
professor,true,Teacher|Fan|Customer,Packages|Scheduling,school.classes,web,available,locked-requestable,locked-requestable,locked-requestable,locked-requestable,not-supported,not-supported,not-supported,not-supported,not-supported,not-supported,not-supported,not-supported,not-supported,not-supported,not-supported,not-supported,not-supported
professor,true,Teacher|Fan|Customer,Packages|Scheduling,school.classes,mobile,web-fallback,locked-requestable,locked-requestable,locked-requestable,locked-requestable,not-supported,not-supported,not-supported,not-supported,not-supported,not-supported,not-supported,not-supported,not-supported,not-supported,not-supported,not-supported,not-supported
professor,true,Teacher|Fan|Customer,Packages|Scheduling,school.trial-lessons,web,available,locked-requestable,locked-requestable,locked-requestable,not-supported,not-supported,not-supported,not-supported,not-supported,not-supported,not-supported,not-supported,not-supported,not-supported,locked-requestable,not-supported,not-supported,not-supported
professor,true,Teacher|Fan|Customer,Packages|Scheduling,school.trial-lessons,mobile,web-fallback,locked-requestable,locked-requestable,locked-requestable,not-supported,not-supported,not-supported,not-supported,not-supported,not-supported,not-supported,not-supported,not-supported,not-supported,locked-requestable,not-supported,not-supported,not-supported
professor,true,Teacher|Fan|Customer,Packages|Scheduling,school.trial-queue,web,available,locked-requestable,locked-requestable,not-supported,not-supported,not-supported,not-supported,not-supported,not-supported,not-supported,not-supported,not-supported,not-supported,not-supported,locked-requestable,not-supported,not-supported,not-supported
professor,true,Teacher|Fan|Customer,Packages|Scheduling,school.trial-queue,mobile,web-fallback,locked-requestable,locked-requestable,not-supported,not-supported,not-supported,not-supported,not-supported,not-supported,not-supported,not-supported,not-supported,not-supported,not-supported,locked-requestable,not-supported,not-supported,not-supported
professor,true,Teacher|Fan|Customer,Packages|Scheduling,internships,web,available,locked-requestable,locked-requestable,locked-requestable,locked-requestable,locked-requestable,not-supported,not-supported,not-supported,not-supported,not-supported,not-supported,locked-requestable,not-supported,not-supported,not-supported,not-supported,not-supported
professor,true,Teacher|Fan|Customer,Packages|Scheduling,internships,mobile,web-fallback,locked-requestable,locked-requestable,locked-requestable,locked-requestable,locked-requestable,not-supported,not-supported,not-supported,not-supported,not-supported,not-supported,locked-requestable,not-supported,not-supported,not-supported,not-supported,not-supported
professor,true,Teacher|Fan|Customer,Packages|Scheduling,label.artists,web,available,locked-requestable,locked-requestable,locked-requestable,locked-requestable,locked-requestable,not-supported,not-supported,not-supported,not-supported,not-supported,not-supported,not-supported,not-supported,not-supported,not-supported,locked-requestable,not-supported
professor,true,Teacher|Fan|Customer,Packages|Scheduling,label.artists,mobile,native,locked-requestable,locked-requestable,locked-requestable,locked-requestable,locked-requestable,not-supported,not-supported,not-supported,not-supported,not-supported,not-supported,not-supported,not-supported,not-supported,not-supported,locked-requestable,not-supported
professor,true,Teacher|Fan|Customer,Packages|Scheduling,label.projects,web,available,locked-requestable,locked-requestable,locked-requestable,locked-requestable,not-supported,not-supported,not-supported,not-supported,not-supported,not-supported,not-supported,not-supported,not-supported,locked-requestable,not-supported,not-supported,not-supported
professor,true,Teacher|Fan|Customer,Packages|Scheduling,label.projects,mobile,web-fallback,locked-requestable,locked-requestable,locked-requestable,locked-requestable,not-supported,not-supported,not-supported,not-supported,not-supported,not-supported,not-supported,not-supported,not-supported,locked-requestable,not-supported,not-supported,not-supported
professor,true,Teacher|Fan|Customer,Packages|Scheduling,label.releases,web,available,locked-requestable,locked-requestable,locked-requestable,locked-requestable,locked-requestable,not-supported,not-supported,not-supported,locked-requestable,not-supported,not-supported,not-supported,not-supported,not-supported,locked-requestable,not-supported,not-supported
professor,true,Teacher|Fan|Customer,Packages|Scheduling,label.releases,mobile,web-fallback,locked-requestable,locked-requestable,locked-requestable,locked-requestable,locked-requestable,not-supported,not-supported,not-supported,locked-requestable,not-supported,not-supported,not-supported,not-supported,not-supported,locked-requestable,not-supported,not-supported
professor,true,Teacher|Fan|Customer,Packages|Scheduling,label.assets,web,available,locked-requestable,locked-requestable,locked-requestable,locked-requestable,locked-requestable,not-supported,not-supported,not-supported,not-supported,not-supported,not-supported,not-supported,not-supported,not-supported,not-supported,not-supported,not-supported
professor,true,Teacher|Fan|Customer,Packages|Scheduling,label.assets,mobile,web-fallback,locked-requestable,locked-requestable,locked-requestable,locked-requestable,locked-requestable,not-supported,not-supported,not-supported,not-supported,not-supported,not-supported,not-supported,not-supported,not-supported,not-supported,not-supported,not-supported
professor,true,Teacher|Fan|Customer,Packages|Scheduling,label.tracks,web,available,locked-requestable,locked-requestable,locked-requestable,locked-requestable,locked-requestable,not-supported,not-supported,not-supported,not-supported,not-supported,not-supported,not-supported,not-supported,not-supported,not-supported,not-supported,not-supported
professor,true,Teacher|Fan|Customer,Packages|Scheduling,label.tracks,mobile,web-fallback,locked-requestable,locked-requestable,locked-requestable,locked-requestable,locked-requestable,not-supported,not-supported,not-supported,not-supported,not-supported,not-supported,not-supported,not-supported,not-supported,not-supported,not-supported,not-supported
professor,true,Teacher|Fan|Customer,Packages|Scheduling,label.ddex.inbox,web,available,locked-requestable,locked-requestable,not-supported,not-supported,not-supported,not-supported,not-supported,locked-requestable,locked-requestable,not-supported,locked-requestable,not-supported,not-supported,not-supported,not-supported,not-supported,not-supported
professor,true,Teacher|Fan|Customer,Packages|Scheduling,label.ddex.inbox,mobile,native,locked-requestable,locked-requestable,not-supported,not-supported,not-supported,not-supported,not-supported,locked-requestable,locked-requestable,not-supported,locked-requestable,not-supported,not-supported,not-supported,not-supported,not-supported,not-supported
professor,true,Teacher|Fan|Customer,Packages|Scheduling,label.ddex.document,web,available,locked-requestable,locked-requestable,not-supported,not-supported,not-supported,not-supported,not-supported,not-supported,not-supported,not-supported,locked-requestable,not-supported,not-supported,not-supported,not-supported,not-supported,not-supported
professor,true,Teacher|Fan|Customer,Packages|Scheduling,label.ddex.document,mobile,not-available,not-available,not-available,not-available,not-available,not-available,not-available,not-available,not-available,not-available,not-available,not-available,not-available,not-available,not-available,not-available,not-available,not-available
professor,true,Teacher|Fan|Customer,Packages|Scheduling,label.ddex.import,web,available,concealed,concealed,concealed,concealed,concealed,concealed,concealed,concealed,concealed,concealed,concealed,concealed,concealed,concealed,concealed,concealed,concealed
professor,true,Teacher|Fan|Customer,Packages|Scheduling,label.ddex.import,mobile,not-available,not-available,not-available,not-available,not-available,not-available,not-available,not-available,not-available,not-available,not-available,not-available,not-available,not-available,not-available,not-available,not-available,not-available
professor,true,Teacher|Fan|Customer,Packages|Scheduling,label.ddex.partners,web,available,locked-requestable,locked-requestable,locked-requestable,locked-requestable,locked-requestable,not-supported,not-supported,not-supported,not-supported,not-supported,not-supported,not-supported,not-supported,not-supported,not-supported,not-supported,locked-requestable
professor,true,Teacher|Fan|Customer,Packages|Scheduling,label.ddex.partners,mobile,native,locked-requestable,locked-requestable,locked-requestable,locked-requestable,locked-requestable,not-supported,not-supported,not-supported,not-supported,not-supported,not-supported,not-supported,not-supported,not-supported,not-supported,not-supported,locked-requestable
professor,true,Teacher|Fan|Customer,Packages|Scheduling,operations.inventory,web,available,locked-requestable,locked-requestable,locked-requestable,locked-requestable,locked-requestable,not-supported,not-supported,not-supported,not-supported,not-supported,not-supported,not-supported,not-supported,locked-requestable,not-supported,locked-requestable,not-supported
professor,true,Teacher|Fan|Customer,Packages|Scheduling,operations.inventory,mobile,native,locked-requestable,locked-requestable,locked-requestable,locked-requestable,locked-requestable,not-supported,not-supported,not-supported,not-supported,not-supported,not-supported,not-supported,not-supported,locked-requestable,not-supported,locked-requestable,not-supported
professor,true,Teacher|Fan|Customer,Packages|Scheduling,operations.marketplace-orders,web,available,locked-requestable,locked-requestable,locked-requestable,locked-requestable,locked-requestable,not-supported,not-supported,not-supported,locked-requestable,not-supported,not-supported,locked-requestable,not-supported,not-supported,not-supported,not-supported,not-supported
professor,true,Teacher|Fan|Customer,Packages|Scheduling,operations.marketplace-orders,mobile,web-fallback,locked-requestable,locked-requestable,locked-requestable,locked-requestable,locked-requestable,not-supported,not-supported,not-supported,locked-requestable,not-supported,not-supported,locked-requestable,not-supported,not-supported,not-supported,not-supported,not-supported
professor,true,Teacher|Fan|Customer,Packages|Scheduling,operations.equipment-bookings,web,available,locked-requestable,locked-requestable,locked-requestable,locked-requestable,not-supported,not-supported,not-supported,not-supported,not-supported,not-supported,not-supported,not-supported,not-supported,not-supported,not-supported,not-supported,not-supported
professor,true,Teacher|Fan|Customer,Packages|Scheduling,operations.equipment-bookings,mobile,native,locked-requestable,locked-requestable,locked-requestable,locked-requestable,not-supported,not-supported,not-supported,not-supported,not-supported,not-supported,not-supported,not-supported,not-supported,not-supported,not-supported,not-supported,not-supported
professor,true,Teacher|Fan|Customer,Packages|Scheduling,finance.payments,web,available,locked-requestable,locked-requestable,locked-requestable,locked-requestable,not-supported,not-supported,not-supported,not-supported,locked-requestable,not-supported,not-supported,not-supported,not-supported,not-supported,not-supported,locked-requestable,not-supported
professor,true,Teacher|Fan|Customer,Packages|Scheduling,finance.payments,mobile,web-fallback,locked-requestable,locked-requestable,locked-requestable,locked-requestable,not-supported,not-supported,not-supported,not-supported,locked-requestable,not-supported,not-supported,not-supported,not-supported,not-supported,not-supported,locked-requestable,not-supported
professor,true,Teacher|Fan|Customer,Packages|Scheduling,finance.account-report-builder,web,available,locked-requestable,locked-requestable,not-supported,not-supported,not-supported,not-supported,not-supported,not-supported,locked-requestable,not-supported,not-supported,not-supported,not-supported,not-supported,not-supported,locked-requestable,not-supported
professor,true,Teacher|Fan|Customer,Packages|Scheduling,finance.account-report-builder,mobile,web-fallback,locked-requestable,locked-requestable,not-supported,not-supported,not-supported,not-supported,not-supported,not-supported,locked-requestable,not-supported,not-supported,not-supported,not-supported,not-supported,not-supported,locked-requestable,not-supported
professor,true,Teacher|Fan|Customer,Packages|Scheduling,finance.esteban-report,web,available,locked-requestable,locked-requestable,not-supported,not-supported,not-supported,not-supported,not-supported,not-supported,locked-requestable,not-supported,not-supported,not-supported,not-supported,not-supported,not-supported,locked-requestable,not-supported
professor,true,Teacher|Fan|Customer,Packages|Scheduling,finance.esteban-report,mobile,web-fallback,locked-requestable,locked-requestable,not-supported,not-supported,not-supported,not-supported,not-supported,not-supported,locked-requestable,not-supported,not-supported,not-supported,not-supported,not-supported,not-supported,locked-requestable,not-supported
professor,true,Teacher|Fan|Customer,Packages|Scheduling,finance.david-report,web,available,locked-requestable,locked-requestable,not-supported,not-supported,not-supported,not-supported,not-supported,not-supported,locked-requestable,not-supported,not-supported,not-supported,not-supported,not-supported,not-supported,locked-requestable,not-supported
professor,true,Teacher|Fan|Customer,Packages|Scheduling,finance.david-report,mobile,web-fallback,locked-requestable,locked-requestable,not-supported,not-supported,not-supported,not-supported,not-supported,not-supported,locked-requestable,not-supported,not-supported,not-supported,not-supported,not-supported,not-supported,locked-requestable,not-supported
professor,true,Teacher|Fan|Customer,Packages|Scheduling,admin.course-registrations,web,available,locked-requestable,locked-requestable,locked-requestable,locked-requestable,locked-requestable,not-supported,not-supported,not-supported,locked-requestable,not-supported,not-supported,locked-requestable,not-supported,not-supported,not-supported,not-supported,not-supported
professor,true,Teacher|Fan|Customer,Packages|Scheduling,admin.course-registrations,mobile,web-fallback,locked-requestable,locked-requestable,locked-requestable,locked-requestable,locked-requestable,not-supported,not-supported,not-supported,locked-requestable,not-supported,not-supported,locked-requestable,not-supported,not-supported,not-supported,not-supported,not-supported
professor,true,Teacher|Fan|Customer,Packages|Scheduling,admin.courses,web,available,locked-requestable,locked-requestable,locked-requestable,locked-requestable,not-supported,not-supported,not-supported,not-supported,not-supported,not-supported,not-supported,not-supported,not-supported,not-supported,locked-requestable,not-supported,not-supported
professor,true,Teacher|Fan|Customer,Packages|Scheduling,admin.courses,mobile,web-fallback,locked-requestable,locked-requestable,locked-requestable,locked-requestable,not-supported,not-supported,not-supported,not-supported,not-supported,not-supported,not-supported,not-supported,not-supported,not-supported,locked-requestable,not-supported,not-supported
professor,true,Teacher|Fan|Customer,Packages|Scheduling,admin.users,web,available,concealed,concealed,concealed,concealed,concealed,not-supported,concealed,not-supported,not-supported,not-supported,not-supported,not-supported,not-supported,not-supported,not-supported,not-supported,concealed
professor,true,Teacher|Fan|Customer,Packages|Scheduling,admin.users,mobile,not-available,not-available,not-available,not-available,not-available,not-available,not-available,not-available,not-available,not-available,not-available,not-available,not-available,not-available,not-available,not-available,not-available,not-available
professor,true,Teacher|Fan|Customer,Packages|Scheduling,admin.roles,web,available,concealed,concealed,not-supported,concealed,not-supported,not-supported,not-supported,not-supported,not-supported,not-supported,not-supported,not-supported,not-supported,not-supported,not-supported,not-supported,concealed
professor,true,Teacher|Fan|Customer,Packages|Scheduling,admin.roles,mobile,not-available,not-available,not-available,not-available,not-available,not-available,not-available,not-available,not-available,not-available,not-available,not-available,not-available,not-available,not-available,not-available,not-available,not-available
professor,true,Teacher|Fan|Customer,Packages|Scheduling,admin.system-status,web,available,locked-requestable,locked-requestable,not-supported,not-supported,not-supported,not-supported,not-supported,not-supported,not-supported,not-supported,not-supported,not-supported,not-supported,not-supported,not-supported,not-supported,not-supported
professor,true,Teacher|Fan|Customer,Packages|Scheduling,admin.system-status,mobile,web-fallback,locked-requestable,locked-requestable,not-supported,not-supported,not-supported,not-supported,not-supported,not-supported,not-supported,not-supported,not-supported,not-supported,not-supported,not-supported,not-supported,not-supported,not-supported
professor,true,Teacher|Fan|Customer,Packages|Scheduling,admin.activity,web,available,locked-requestable,locked-requestable,not-supported,not-supported,not-supported,not-supported,not-supported,not-supported,locked-requestable,not-supported,not-supported,not-supported,not-supported,not-supported,not-supported,not-supported,not-supported
professor,true,Teacher|Fan|Customer,Packages|Scheduling,admin.activity,mobile,web-fallback,locked-requestable,locked-requestable,not-supported,not-supported,not-supported,not-supported,not-supported,not-supported,locked-requestable,not-supported,not-supported,not-supported,not-supported,not-supported,not-supported,not-supported,not-supported
professor,true,Teacher|Fan|Customer,Packages|Scheduling,admin.logs,web,available,locked-requestable,locked-requestable,not-supported,not-supported,locked-requestable,not-supported,not-supported,not-supported,not-supported,not-supported,not-supported,not-supported,not-supported,not-supported,not-supported,not-supported,not-supported
professor,true,Teacher|Fan|Customer,Packages|Scheduling,admin.logs,mobile,web-fallback,locked-requestable,locked-requestable,not-supported,not-supported,locked-requestable,not-supported,not-supported,not-supported,not-supported,not-supported,not-supported,not-supported,not-supported,not-supported,not-supported,not-supported,not-supported
professor,true,Teacher|Fan|Customer,Packages|Scheduling,admin.diagnostics,web,available,locked-requestable,locked-requestable,not-supported,not-supported,not-supported,not-supported,not-supported,not-supported,not-supported,not-supported,not-supported,not-supported,not-supported,not-supported,not-supported,not-supported,locked-requestable
professor,true,Teacher|Fan|Customer,Packages|Scheduling,admin.diagnostics,mobile,web-fallback,locked-requestable,locked-requestable,not-supported,not-supported,not-supported,not-supported,not-supported,not-supported,not-supported,not-supported,not-supported,not-supported,not-supported,not-supported,not-supported,not-supported,locked-requestable
professor,true,Teacher|Fan|Customer,Packages|Scheduling,admin.brain,web,available,locked-requestable,locked-requestable,locked-requestable,locked-requestable,not-supported,not-supported,not-supported,not-supported,not-supported,not-supported,not-supported,not-supported,not-supported,not-supported,not-supported,not-supported,locked-requestable
professor,true,Teacher|Fan|Customer,Packages|Scheduling,admin.brain,mobile,web-fallback,locked-requestable,locked-requestable,locked-requestable,locked-requestable,not-supported,not-supported,not-supported,not-supported,not-supported,not-supported,not-supported,not-supported,not-supported,not-supported,not-supported,not-supported,locked-requestable
professor,true,Teacher|Fan|Customer,Packages|Scheduling,admin.calendar-integration,web,available,concealed,concealed,not-supported,not-supported,not-supported,not-supported,not-supported,not-supported,not-supported,not-supported,not-supported,not-supported,not-supported,not-supported,not-supported,not-supported,concealed
professor,true,Teacher|Fan|Customer,Packages|Scheduling,admin.calendar-integration,mobile,not-available,not-available,not-available,not-available,not-available,not-available,not-available,not-available,not-available,not-available,not-available,not-available,not-available,not-available,not-available,not-available,not-available,not-available
professor,true,Teacher|Fan|Customer,Packages|Scheduling,admin.cms,web,available,locked-requestable,locked-requestable,locked-requestable,locked-requestable,locked-requestable,not-supported,not-supported,not-supported,not-supported,not-supported,not-supported,not-supported,not-supported,not-supported,locked-requestable,not-supported,not-supported
professor,true,Teacher|Fan|Customer,Packages|Scheduling,admin.cms,mobile,web-fallback,locked-requestable,locked-requestable,locked-requestable,locked-requestable,locked-requestable,not-supported,not-supported,not-supported,not-supported,not-supported,not-supported,not-supported,not-supported,not-supported,locked-requestable,not-supported,not-supported
professor,true,Teacher|Fan|Customer,Packages|Scheduling,admin.campaign-automations,web,available,locked-requestable,locked-requestable,locked-requestable,locked-requestable,not-supported,not-supported,not-supported,not-supported,not-supported,not-supported,not-supported,not-supported,not-supported,not-supported,locked-requestable,not-supported,not-supported
professor,true,Teacher|Fan|Customer,Packages|Scheduling,admin.campaign-automations,mobile,web-fallback,locked-requestable,locked-requestable,locked-requestable,locked-requestable,not-supported,not-supported,not-supported,not-supported,not-supported,not-supported,not-supported,not-supported,not-supported,not-supported,locked-requestable,not-supported,not-supported
professor,true,Teacher|Fan|Customer,Packages|Scheduling,admin.event-sources,web,available,flag-required,flag-required,flag-required,flag-required,flag-required,flag-required,flag-required,flag-required,flag-required,flag-required,flag-required,flag-required,flag-required,flag-required,flag-required,flag-required,flag-required
professor,true,Teacher|Fan|Customer,Packages|Scheduling,admin.event-sources,mobile,not-available,not-available,not-available,not-available,not-available,not-available,not-available,not-available,not-available,not-available,not-available,not-available,not-available,not-available,not-available,not-available,not-available,not-available
professor,true,Teacher|Fan|Customer,Packages|Scheduling,admin.whatsapp-consent,web,available,concealed,concealed,not-supported,not-supported,not-supported,not-supported,not-supported,not-supported,not-supported,not-supported,not-supported,not-supported,not-supported,not-supported,not-supported,not-supported,concealed
professor,true,Teacher|Fan|Customer,Packages|Scheduling,admin.whatsapp-consent,mobile,not-available,not-available,not-available,not-available,not-available,not-available,not-available,not-available,not-available,not-available,not-available,not-available,not-available,not-available,not-available,not-available,not-available,not-available
professor,true,Teacher|Fan|Customer,Packages|Scheduling,admin.ux-options,web,available,locked-requestable,locked-requestable,locked-requestable,locked-requestable,not-supported,not-supported,not-supported,not-supported,not-supported,not-supported,not-supported,not-supported,not-supported,not-supported,not-supported,not-supported,not-supported
professor,true,Teacher|Fan|Customer,Packages|Scheduling,admin.ux-options,mobile,web-fallback,locked-requestable,locked-requestable,locked-requestable,locked-requestable,not-supported,not-supported,not-supported,not-supported,not-supported,not-supported,not-supported,not-supported,not-supported,not-supported,not-supported,not-supported,not-supported
professor,true,Teacher|Fan|Customer,Packages|Scheduling,admin.preferences,web,available,locked-requestable,locked-requestable,not-supported,locked-requestable,not-supported,not-supported,not-supported,not-supported,not-supported,not-supported,not-supported,not-supported,not-supported,not-supported,not-supported,not-supported,not-supported
professor,true,Teacher|Fan|Customer,Packages|Scheduling,admin.preferences,mobile,web-fallback,locked-requestable,locked-requestable,not-supported,locked-requestable,not-supported,not-supported,not-supported,not-supported,not-supported,not-supported,not-supported,not-supported,not-supported,not-supported,not-supported,not-supported,not-supported
professor,true,Teacher|Fan|Customer,Packages|Scheduling,tools.chatkit,web,available,locked-requestable,locked-requestable,locked-requestable,not-supported,not-supported,not-supported,not-supported,not-supported,not-supported,not-supported,not-supported,not-supported,not-supported,not-supported,not-supported,not-supported,not-supported
professor,true,Teacher|Fan|Customer,Packages|Scheduling,tools.chatkit,mobile,web-fallback,locked-requestable,locked-requestable,locked-requestable,not-supported,not-supported,not-supported,not-supported,not-supported,not-supported,not-supported,not-supported,not-supported,not-supported,not-supported,not-supported,not-supported,not-supported
professor,true,Teacher|Fan|Customer,Packages|Scheduling,tools.tidal-agent,web,available,locked-requestable,locked-requestable,locked-requestable,not-supported,not-supported,not-supported,not-supported,not-supported,not-supported,not-supported,not-supported,not-supported,not-supported,not-supported,not-supported,not-supported,not-supported
professor,true,Teacher|Fan|Customer,Packages|Scheduling,tools.tidal-agent,mobile,web-fallback,locked-requestable,locked-requestable,locked-requestable,not-supported,not-supported,not-supported,not-supported,not-supported,not-supported,not-supported,not-supported,not-supported,not-supported,not-supported,not-supported,not-supported,not-supported
professor,true,Teacher|Fan|Customer,Packages|Scheduling,tools.music-maker,web,available,allowed,allowed,not-supported,not-supported,not-supported,not-supported,not-supported,not-supported,not-supported,not-supported,not-supported,not-supported,not-supported,not-supported,not-supported,not-supported,not-supported
professor,true,Teacher|Fan|Customer,Packages|Scheduling,tools.music-maker,mobile,web-fallback,allowed,allowed,not-supported,not-supported,not-supported,not-supported,not-supported,not-supported,not-supported,not-supported,not-supported,not-supported,not-supported,not-supported,not-supported,not-supported,not-supported
professor,true,Teacher|Fan|Customer,Packages|Scheduling,tools.admin-token,web,available,concealed,concealed,not-supported,not-supported,not-supported,not-supported,not-supported,not-supported,not-supported,not-supported,not-supported,not-supported,not-supported,not-supported,not-supported,not-supported,concealed
professor,true,Teacher|Fan|Customer,Packages|Scheduling,tools.admin-token,mobile,not-available,not-available,not-available,not-available,not-available,not-available,not-available,not-available,not-available,not-available,not-available,not-available,not-available,not-available,not-available,not-available,not-available,not-available
professor,true,Teacher|Fan|Customer,Packages|Scheduling,help.manual,web,available,allowed,allowed,not-supported,not-supported,not-supported,not-supported,not-supported,not-supported,not-supported,not-supported,not-supported,not-supported,not-supported,not-supported,not-supported,not-supported,not-supported
professor,true,Teacher|Fan|Customer,Packages|Scheduling,help.manual,mobile,native,allowed,allowed,not-supported,not-supported,not-supported,not-supported,not-supported,not-supported,not-supported,not-supported,not-supported,not-supported,not-supported,not-supported,not-supported,not-supported,not-supported
professor,true,Teacher|Fan|Customer,Packages|Scheduling,help.docs,web,available,allowed,allowed,not-supported,not-supported,not-supported,not-supported,not-supported,not-supported,not-supported,not-supported,not-supported,not-supported,not-supported,not-supported,not-supported,not-supported,not-supported
professor,true,Teacher|Fan|Customer,Packages|Scheduling,help.docs,mobile,native,allowed,allowed,not-supported,not-supported,not-supported,not-supported,not-supported,not-supported,not-supported,not-supported,not-supported,not-supported,not-supported,not-supported,not-supported,not-supported,not-supported
professor,true,Teacher|Fan|Customer,Packages|Scheduling,help.about,web,available,allowed,allowed,not-supported,not-supported,not-supported,not-supported,not-supported,not-supported,not-supported,not-supported,not-supported,not-supported,not-supported,not-supported,not-supported,not-supported,not-supported
professor,true,Teacher|Fan|Customer,Packages|Scheduling,help.about,mobile,native,allowed,allowed,not-supported,not-supported,not-supported,not-supported,not-supported,not-supported,not-supported,not-supported,not-supported,not-supported,not-supported,not-supported,not-supported,not-supported,not-supported
professor,true,Teacher|Fan|Customer,Packages|Scheduling,help.security,web,available,allowed,allowed,not-supported,not-supported,not-supported,not-supported,not-supported,not-supported,not-supported,not-supported,not-supported,not-supported,not-supported,not-supported,not-supported,not-supported,not-supported
professor,true,Teacher|Fan|Customer,Packages|Scheduling,help.security,mobile,native,allowed,allowed,not-supported,not-supported,not-supported,not-supported,not-supported,not-supported,not-supported,not-supported,not-supported,not-supported,not-supported,not-supported,not-supported,not-supported,not-supported
professor,true,Teacher|Fan|Customer,Packages|Scheduling,help.feedback,web,available,allowed,allowed,allowed,not-supported,not-supported,not-supported,not-supported,not-supported,not-supported,not-supported,not-supported,not-supported,not-supported,not-supported,not-supported,not-supported,not-supported
professor,true,Teacher|Fan|Customer,Packages|Scheduling,help.feedback,mobile,native,allowed,allowed,allowed,not-supported,not-supported,not-supported,not-supported,not-supported,not-supported,not-supported,not-supported,not-supported,not-supported,not-supported,not-supported,not-supported,not-supported
professor,true,Teacher|Fan|Customer,Packages|Scheduling,navigation.quick-create,web,not-available,not-available,not-available,not-available,not-available,not-available,not-available,not-available,not-available,not-available,not-available,not-available,not-available,not-available,not-available,not-available,not-available,not-available
professor,true,Teacher|Fan|Customer,Packages|Scheduling,navigation.quick-create,mobile,native,allowed,allowed,not-supported,not-supported,not-supported,not-supported,not-supported,not-supported,not-supported,not-supported,not-supported,not-supported,not-supported,not-supported,not-supported,not-supported,not-supported
professor,true,Teacher|Fan|Customer,Packages|Scheduling,navigation.explore,web,not-available,not-available,not-available,not-available,not-available,not-available,not-available,not-available,not-available,not-available,not-available,not-available,not-available,not-available,not-available,not-available,not-available,not-available
professor,true,Teacher|Fan|Customer,Packages|Scheduling,navigation.explore,mobile,native,allowed,allowed,not-supported,allowed,allowed,not-supported,not-supported,not-supported,not-supported,not-supported,not-supported,not-supported,not-supported,not-supported,not-supported,not-supported,not-supported
professor,true,Teacher|Fan|Customer,Packages|Scheduling,profile.self,web,not-available,not-available,not-available,not-available,not-available,not-available,not-available,not-available,not-available,not-available,not-available,not-available,not-available,not-available,not-available,not-available,not-available,not-available
professor,true,Teacher|Fan|Customer,Packages|Scheduling,profile.self,mobile,native,allowed,allowed,not-supported,allowed,not-supported,not-supported,not-supported,not-supported,not-supported,not-supported,not-supported,not-supported,not-supported,not-supported,not-supported,not-supported,not-supported
professor,true,Teacher|Fan|Customer,Packages|Scheduling,social.venues,web,not-available,not-available,not-available,not-available,not-available,not-available,not-available,not-available,not-available,not-available,not-available,not-available,not-available,not-available,not-available,not-available,not-available,not-available
professor,true,Teacher|Fan|Customer,Packages|Scheduling,social.venues,mobile,native,allowed,allowed,locked-requestable,locked-requestable,not-supported,not-supported,not-supported,not-supported,not-supported,not-supported,not-supported,not-supported,not-supported,not-supported,not-supported,not-supported,not-supported
professor,true,Teacher|Fan|Customer,Packages|Scheduling,social.venue.detail,web,not-available,not-available,not-available,not-available,not-available,not-available,not-available,not-available,not-available,not-available,not-available,not-available,not-available,not-available,not-available,not-available,not-available,not-available
professor,true,Teacher|Fan|Customer,Packages|Scheduling,social.venue.detail,mobile,not-available,not-available,not-available,not-available,not-available,not-available,not-available,not-available,not-available,not-available,not-available,not-available,not-available,not-available,not-available,not-available,not-available,not-available
professor,true,Teacher|Fan|Customer,Packages|Scheduling,social.venue.create,web,not-available,not-available,not-available,not-available,not-available,not-available,not-available,not-available,not-available,not-available,not-available,not-available,not-available,not-available,not-available,not-available,not-available,not-available
professor,true,Teacher|Fan|Customer,Packages|Scheduling,social.venue.create,mobile,not-available,not-available,not-available,not-available,not-available,not-available,not-available,not-available,not-available,not-available,not-available,not-available,not-available,not-available,not-available,not-available,not-available,not-available
professor,true,Teacher|Fan|Customer,Packages|Scheduling,artist.profile.edit,web,not-available,not-available,not-available,not-available,not-available,not-available,not-available,not-available,not-available,not-available,not-available,not-available,not-available,not-available,not-available,not-available,not-available,not-available
professor,true,Teacher|Fan|Customer,Packages|Scheduling,artist.profile.edit,mobile,not-available,not-available,not-available,not-available,not-available,not-available,not-available,not-available,not-available,not-available,not-available,not-available,not-available,not-available,not-available,not-available,not-available,not-available
professor,true,Teacher|Fan|Customer,Packages|Scheduling,studio.session.input-list,web,not-available,not-available,not-available,not-available,not-available,not-available,not-available,not-available,not-available,not-available,not-available,not-available,not-available,not-available,not-available,not-available,not-available,not-available
professor,true,Teacher|Fan|Customer,Packages|Scheduling,studio.session.input-list,mobile,not-available,not-available,not-available,not-available,not-available,not-available,not-available,not-available,not-available,not-available,not-available,not-available,not-available,not-available,not-available,not-available,not-available,not-available
professor,true,Teacher|Fan|Customer,Packages|Scheduling,social.tickets,web,not-available,not-available,not-available,not-available,not-available,not-available,not-available,not-available,not-available,not-available,not-available,not-available,not-available,not-available,not-available,not-available,not-available,not-available
professor,true,Teacher|Fan|Customer,Packages|Scheduling,social.tickets,mobile,native,allowed,allowed,not-supported,not-supported,not-supported,not-supported,not-supported,not-supported,not-supported,not-supported,not-supported,not-supported,not-supported,not-supported,not-supported,not-supported,not-supported
professor,true,Teacher|Fan|Customer,Packages|Scheduling,social.ticket-checkout,web,not-available,not-available,not-available,not-available,not-available,not-available,not-available,not-available,not-available,not-available,not-available,not-available,not-available,not-available,not-available,not-available,not-available,not-available
professor,true,Teacher|Fan|Customer,Packages|Scheduling,social.ticket-checkout,mobile,not-available,not-available,not-available,not-available,not-available,not-available,not-available,not-available,not-available,not-available,not-available,not-available,not-available,not-available,not-available,not-available,not-available,not-available
professor,true,Teacher|Fan|Customer,Packages|Scheduling,label.contracts.create,web,not-available,not-available,not-available,not-available,not-available,not-available,not-available,not-available,not-available,not-available,not-available,not-available,not-available,not-available,not-available,not-available,not-available,not-available
professor,true,Teacher|Fan|Customer,Packages|Scheduling,label.contracts.create,mobile,not-available,not-available,not-available,not-available,not-available,not-available,not-available,not-available,not-available,not-available,not-available,not-available,not-available,not-available,not-available,not-available,not-available,not-available
professor,true,Teacher|Fan|Customer,Packages|Scheduling,label.contracts.detail,web,not-available,not-available,not-available,not-available,not-available,not-available,not-available,not-available,not-available,not-available,not-available,not-available,not-available,not-available,not-available,not-available,not-available,not-available
professor,true,Teacher|Fan|Customer,Packages|Scheduling,label.contracts.detail,mobile,not-available,not-available,not-available,not-available,not-available,not-available,not-available,not-available,not-available,not-available,not-available,not-available,not-available,not-available,not-available,not-available,not-available,not-available
professor,true,Teacher|Fan|Customer,Packages|Scheduling,mobile.onboarding,web,not-available,not-available,not-available,not-available,not-available,not-available,not-available,not-available,not-available,not-available,not-available,not-available,not-available,not-available,not-available,not-available,not-available,not-available
professor,true,Teacher|Fan|Customer,Packages|Scheduling,mobile.onboarding,mobile,native,allowed,allowed,not-supported,not-supported,not-supported,not-supported,not-supported,not-supported,not-supported,not-supported,not-supported,not-supported,not-supported,not-supported,not-supported,not-supported,not-supported
professor,true,Teacher|Fan|Customer,Packages|Scheduling,technical.mobile-entry,web,not-available,not-available,not-available,not-available,not-available,not-available,not-available,not-available,not-available,not-available,not-available,not-available,not-available,not-available,not-available,not-available,not-available,not-available
professor,true,Teacher|Fan|Customer,Packages|Scheduling,technical.mobile-entry,mobile,not-available,not-available,not-available,not-available,not-available,not-available,not-available,not-available,not-available,not-available,not-available,not-available,not-available,not-available,not-available,not-available,not-available,not-available
professor,true,Teacher|Fan|Customer,Packages|Scheduling,access-requests.mine,web,available,allowed,allowed,not-supported,allowed,not-supported,not-supported,not-supported,not-supported,not-supported,not-supported,not-supported,not-supported,not-supported,not-supported,not-supported,not-supported,not-supported
professor,true,Teacher|Fan|Customer,Packages|Scheduling,access-requests.mine,mobile,native,allowed,allowed,not-supported,allowed,not-supported,not-supported,not-supported,not-supported,not-supported,not-supported,not-supported,not-supported,not-supported,not-supported,not-supported,not-supported,not-supported
professor,true,Teacher|Fan|Customer,Packages|Scheduling,access-requests.create,web,available,allowed,allowed,allowed,not-supported,not-supported,not-supported,not-supported,not-supported,not-supported,not-supported,not-supported,not-supported,not-supported,not-supported,not-supported,not-supported,not-supported
professor,true,Teacher|Fan|Customer,Packages|Scheduling,access-requests.create,mobile,native,allowed,allowed,allowed,not-supported,not-supported,not-supported,not-supported,not-supported,not-supported,not-supported,not-supported,not-supported,not-supported,not-supported,not-supported,not-supported,not-supported
professor,true,Teacher|Fan|Customer,Packages|Scheduling,access-requests.review,web,available,concealed,concealed,not-supported,not-supported,not-supported,not-supported,not-supported,not-supported,not-supported,not-supported,not-supported,concealed,concealed,not-supported,not-supported,not-supported,concealed
professor,true,Teacher|Fan|Customer,Packages|Scheduling,access-requests.review,mobile,native,concealed,concealed,not-supported,not-supported,not-supported,not-supported,not-supported,not-supported,not-supported,not-supported,not-supported,concealed,concealed,not-supported,not-supported,not-supported,concealed
professor,true,Teacher|Fan|Customer,Packages|Scheduling,technical.auth-login,web,available,concealed,concealed,concealed,concealed,concealed,concealed,concealed,concealed,concealed,concealed,concealed,concealed,concealed,concealed,concealed,concealed,concealed
professor,true,Teacher|Fan|Customer,Packages|Scheduling,technical.auth-login,mobile,not-available,not-available,not-available,not-available,not-available,not-available,not-available,not-available,not-available,not-available,not-available,not-available,not-available,not-available,not-available,not-available,not-available,not-available
professor,true,Teacher|Fan|Customer,Packages|Scheduling,technical.auth-reset,web,available,concealed,concealed,concealed,concealed,concealed,concealed,concealed,concealed,concealed,concealed,concealed,concealed,concealed,concealed,concealed,concealed,concealed
professor,true,Teacher|Fan|Customer,Packages|Scheduling,technical.auth-reset,mobile,not-available,not-available,not-available,not-available,not-available,not-available,not-available,not-available,not-available,not-available,not-available,not-available,not-available,not-available,not-available,not-available,not-available,not-available
professor,true,Teacher|Fan|Customer,Packages|Scheduling,technical.oauth-google-drive,web,available,concealed,concealed,concealed,concealed,concealed,concealed,concealed,concealed,concealed,concealed,concealed,concealed,concealed,concealed,concealed,concealed,concealed
professor,true,Teacher|Fan|Customer,Packages|Scheduling,technical.oauth-google-drive,mobile,not-available,not-available,not-available,not-available,not-available,not-available,not-available,not-available,not-available,not-available,not-available,not-available,not-available,not-available,not-available,not-available,not-available,not-available
professor,true,Teacher|Fan|Customer,Packages|Scheduling,technical.oauth-instagram,web,available,concealed,concealed,concealed,concealed,concealed,concealed,concealed,concealed,concealed,concealed,concealed,concealed,concealed,concealed,concealed,concealed,concealed
professor,true,Teacher|Fan|Customer,Packages|Scheduling,technical.oauth-instagram,mobile,not-available,not-available,not-available,not-available,not-available,not-available,not-available,not-available,not-available,not-available,not-available,not-available,not-available,not-available,not-available,not-available,not-available,not-available
professor,true,Teacher|Fan|Customer,Packages|Scheduling,technical.payment-return,web,available,concealed,concealed,concealed,concealed,concealed,concealed,concealed,concealed,concealed,concealed,concealed,concealed,concealed,concealed,concealed,concealed,concealed
professor,true,Teacher|Fan|Customer,Packages|Scheduling,technical.payment-return,mobile,not-available,not-available,not-available,not-available,not-available,not-available,not-available,not-available,not-available,not-available,not-available,not-available,not-available,not-available,not-available,not-available,not-available,not-available
professor,true,Teacher|Fan|Customer,Packages|Scheduling,technical.whatsapp-return,web,available,concealed,concealed,concealed,concealed,concealed,concealed,concealed,concealed,concealed,concealed,concealed,concealed,concealed,concealed,concealed,concealed,concealed
professor,true,Teacher|Fan|Customer,Packages|Scheduling,technical.whatsapp-return,mobile,not-available,not-available,not-available,not-available,not-available,not-available,not-available,not-available,not-available,not-available,not-available,not-available,not-available,not-available,not-available,not-available,not-available,not-available
professor,true,Teacher|Fan|Customer,Packages|Scheduling,technical.inventory-scan,web,available,concealed,concealed,concealed,concealed,concealed,concealed,concealed,concealed,concealed,concealed,concealed,concealed,concealed,concealed,concealed,concealed,concealed
professor,true,Teacher|Fan|Customer,Packages|Scheduling,technical.inventory-scan,mobile,not-available,not-available,not-available,not-available,not-available,not-available,not-available,not-available,not-available,not-available,not-available,not-available,not-available,not-available,not-available,not-available,not-available,not-available
professor,true,Teacher|Fan|Customer,Packages|Scheduling,technical.course-public,web,available,allowed,allowed,not-supported,not-supported,not-supported,not-supported,not-supported,not-supported,not-supported,not-supported,not-supported,not-supported,not-supported,not-supported,not-supported,not-supported,not-supported
professor,true,Teacher|Fan|Customer,Packages|Scheduling,technical.course-public,mobile,web-fallback,allowed,allowed,not-supported,not-supported,not-supported,not-supported,not-supported,not-supported,not-supported,not-supported,not-supported,not-supported,not-supported,not-supported,not-supported,not-supported,not-supported
professor,true,Teacher|Fan|Customer,Packages|Scheduling,technical.course-registration,web,available,allowed,allowed,not-supported,not-supported,not-supported,not-supported,not-supported,not-supported,not-supported,allowed,not-supported,not-supported,not-supported,not-supported,not-supported,not-supported,not-supported
professor,true,Teacher|Fan|Customer,Packages|Scheduling,technical.course-registration,mobile,web-fallback,allowed,allowed,not-supported,not-supported,not-supported,not-supported,not-supported,not-supported,not-supported,allowed,not-supported,not-supported,not-supported,not-supported,not-supported,not-supported,not-supported
professor,true,Teacher|Fan|Customer,Packages|Scheduling,technical.whatsapp-consent-public,web,available,allowed,allowed,not-supported,not-supported,not-supported,not-supported,not-supported,not-supported,not-supported,allowed,not-supported,not-supported,not-supported,not-supported,not-supported,not-supported,not-supported
professor,true,Teacher|Fan|Customer,Packages|Scheduling,technical.whatsapp-consent-public,mobile,web-fallback,allowed,allowed,not-supported,not-supported,not-supported,not-supported,not-supported,not-supported,not-supported,allowed,not-supported,not-supported,not-supported,not-supported,not-supported,not-supported,not-supported
professor,true,Teacher|Fan|Customer,Packages|Scheduling,experimental.future-stubs,web,not-available,not-available,not-available,not-available,not-available,not-available,not-available,not-available,not-available,not-available,not-available,not-available,not-available,not-available,not-available,not-available,not-available,not-available
professor,true,Teacher|Fan|Customer,Packages|Scheduling,experimental.future-stubs,mobile,not-available,not-available,not-available,not-available,not-available,not-available,not-available,not-available,not-available,not-available,not-available,not-available,not-available,not-available,not-available,not-available,not-available,not-available
intern,true,Intern|Fan|Customer,Internships|Packages,public.platform,web,available,allowed,allowed,not-supported,not-supported,not-supported,not-supported,not-supported,not-supported,not-supported,not-supported,not-supported,not-supported,not-supported,not-supported,not-supported,not-supported,not-supported
intern,true,Intern|Fan|Customer,Internships|Packages,public.platform,mobile,web-fallback,allowed,allowed,not-supported,not-supported,not-supported,not-supported,not-supported,not-supported,not-supported,not-supported,not-supported,not-supported,not-supported,not-supported,not-supported,not-supported,not-supported
intern,true,Intern|Fan|Customer,Internships|Packages,home,web,available,allowed,allowed,not-supported,not-supported,not-supported,not-supported,not-supported,not-supported,not-supported,not-supported,not-supported,not-supported,not-supported,not-supported,not-supported,not-supported,not-supported
intern,true,Intern|Fan|Customer,Internships|Packages,home,mobile,native,allowed,allowed,not-supported,not-supported,not-supported,not-supported,not-supported,not-supported,not-supported,not-supported,not-supported,not-supported,not-supported,not-supported,not-supported,not-supported,not-supported
intern,true,Intern|Fan|Customer,Internships|Packages,community,web,available,allowed,allowed,allowed,allowed,allowed,not-supported,not-supported,not-supported,not-supported,not-supported,not-supported,not-supported,not-supported,not-supported,not-supported,not-supported,not-supported
intern,true,Intern|Fan|Customer,Internships|Packages,community,mobile,native,allowed,allowed,allowed,allowed,allowed,not-supported,not-supported,not-supported,not-supported,not-supported,not-supported,not-supported,not-supported,not-supported,not-supported,not-supported,not-supported
intern,true,Intern|Fan|Customer,Internships|Packages,community.club,web,available,allowed,allowed,allowed,allowed,allowed,not-supported,not-supported,not-supported,not-supported,not-supported,not-supported,not-supported,not-supported,not-supported,not-supported,not-supported,not-supported
intern,true,Intern|Fan|Customer,Internships|Packages,community.club,mobile,not-available,not-available,not-available,not-available,not-available,not-available,not-available,not-available,not-available,not-available,not-available,not-available,not-available,not-available,not-available,not-available,not-available,not-available
intern,true,Intern|Fan|Customer,Internships|Packages,community.member,web,available,allowed,allowed,not-supported,not-supported,not-supported,not-supported,not-supported,not-supported,not-supported,not-supported,not-supported,not-supported,not-supported,not-supported,not-supported,not-supported,not-supported
intern,true,Intern|Fan|Customer,Internships|Packages,community.member,mobile,web-fallback,allowed,allowed,not-supported,not-supported,not-supported,not-supported,not-supported,not-supported,not-supported,not-supported,not-supported,not-supported,not-supported,not-supported,not-supported,not-supported,not-supported
intern,true,Intern|Fan|Customer,Internships|Packages,artist.public,web,available,allowed,allowed,not-supported,not-supported,not-supported,not-supported,not-supported,not-supported,not-supported,not-supported,not-supported,not-supported,not-supported,not-supported,not-supported,not-supported,not-supported
intern,true,Intern|Fan|Customer,Internships|Packages,artist.public,mobile,not-available,not-available,not-available,not-available,not-available,not-available,not-available,not-available,not-available,not-available,not-available,not-available,not-available,not-available,not-available,not-available,not-available,not-available
intern,true,Intern|Fan|Customer,Internships|Packages,artist.onboarding,web,available,allowed,allowed,concealed,not-supported,not-supported,not-supported,not-supported,not-supported,not-supported,not-supported,not-supported,not-supported,not-supported,not-supported,not-supported,not-supported,not-supported
intern,true,Intern|Fan|Customer,Internships|Packages,artist.onboarding,mobile,native,allowed,allowed,concealed,not-supported,not-supported,not-supported,not-supported,not-supported,not-supported,not-supported,not-supported,not-supported,not-supported,not-supported,not-supported,not-supported,not-supported
intern,true,Intern|Fan|Customer,Internships|Packages,marketplace,web,available,allowed,allowed,allowed,allowed,allowed,not-supported,not-supported,not-supported,not-supported,not-supported,not-supported,not-supported,not-supported,not-supported,not-supported,not-supported,not-supported
intern,true,Intern|Fan|Customer,Internships|Packages,marketplace,mobile,web-fallback,allowed,allowed,allowed,allowed,allowed,not-supported,not-supported,not-supported,not-supported,not-supported,not-supported,not-supported,not-supported,not-supported,not-supported,not-supported,not-supported
intern,true,Intern|Fan|Customer,Internships|Packages,marketplace.order-tracking,web,available,allowed,allowed,not-supported,not-supported,not-supported,not-supported,not-supported,not-supported,not-supported,not-supported,not-supported,not-supported,not-supported,not-supported,not-supported,not-supported,not-supported
intern,true,Intern|Fan|Customer,Internships|Packages,marketplace.order-tracking,mobile,web-fallback,allowed,allowed,not-supported,not-supported,not-supported,not-supported,not-supported,not-supported,not-supported,not-supported,not-supported,not-supported,not-supported,not-supported,not-supported,not-supported,not-supported
intern,true,Intern|Fan|Customer,Internships|Packages,service.mixing-mastering,web,available,allowed,allowed,not-supported,not-supported,not-supported,not-supported,not-supported,not-supported,not-supported,not-supported,not-supported,not-supported,not-supported,not-supported,not-supported,not-supported,not-supported
intern,true,Intern|Fan|Customer,Internships|Packages,service.mixing-mastering,mobile,web-fallback,allowed,allowed,not-supported,not-supported,not-supported,not-supported,not-supported,not-supported,not-supported,not-supported,not-supported,not-supported,not-supported,not-supported,not-supported,not-supported,not-supported
intern,true,Intern|Fan|Customer,Internships|Packages,bookings.public,web,available,allowed,allowed,allowed,not-supported,not-supported,not-supported,not-supported,not-supported,not-supported,not-supported,not-supported,not-supported,not-supported,not-supported,not-supported,not-supported,not-supported
intern,true,Intern|Fan|Customer,Internships|Packages,bookings.public,mobile,native,allowed,allowed,allowed,not-supported,not-supported,not-supported,not-supported,not-supported,not-supported,not-supported,not-supported,not-supported,not-supported,not-supported,not-supported,not-supported,not-supported
intern,true,Intern|Fan|Customer,Internships|Packages,bookings.dj-booth,web,available,allowed,allowed,not-supported,not-supported,not-supported,not-supported,not-supported,not-supported,not-supported,not-supported,not-supported,not-supported,not-supported,not-supported,not-supported,not-supported,not-supported
intern,true,Intern|Fan|Customer,Internships|Packages,bookings.dj-booth,mobile,native,allowed,allowed,not-supported,not-supported,not-supported,not-supported,not-supported,not-supported,not-supported,not-supported,not-supported,not-supported,not-supported,not-supported,not-supported,not-supported,not-supported
intern,true,Intern|Fan|Customer,Internships|Packages,public.trials,web,available,allowed,allowed,allowed,allowed,allowed,not-supported,not-supported,not-supported,not-supported,not-supported,not-supported,not-supported,not-supported,not-supported,not-supported,not-supported,not-supported
intern,true,Intern|Fan|Customer,Internships|Packages,public.trials,mobile,web-fallback,allowed,allowed,allowed,allowed,allowed,not-supported,not-supported,not-supported,not-supported,not-supported,not-supported,not-supported,not-supported,not-supported,not-supported,not-supported,not-supported
intern,true,Intern|Fan|Customer,Internships|Packages,public.live-session-registration,web,available,allowed,allowed,allowed,not-supported,not-supported,not-supported,not-supported,not-supported,not-supported,not-supported,not-supported,not-supported,not-supported,not-supported,not-supported,not-supported,not-supported
intern,true,Intern|Fan|Customer,Internships|Packages,public.live-session-registration,mobile,web-fallback,allowed,allowed,allowed,not-supported,not-supported,not-supported,not-supported,not-supported,not-supported,not-supported,not-supported,not-supported,not-supported,not-supported,not-supported,not-supported,not-supported
intern,true,Intern|Fan|Customer,Internships|Packages,public.records,web,available,allowed,allowed,not-supported,not-supported,not-supported,not-supported,not-supported,not-supported,not-supported,not-supported,not-supported,not-supported,not-supported,not-supported,not-supported,not-supported,not-supported
intern,true,Intern|Fan|Customer,Internships|Packages,public.records,mobile,web-fallback,allowed,allowed,not-supported,not-supported,not-supported,not-supported,not-supported,not-supported,not-supported,not-supported,not-supported,not-supported,not-supported,not-supported,not-supported,not-supported,not-supported
intern,true,Intern|Fan|Customer,Internships|Packages,public.donations,web,available,allowed,allowed,not-supported,not-supported,not-supported,not-supported,not-supported,not-supported,not-supported,not-supported,not-supported,not-supported,not-supported,not-supported,not-supported,not-supported,not-supported
intern,true,Intern|Fan|Customer,Internships|Packages,public.donations,mobile,web-fallback,allowed,allowed,not-supported,not-supported,not-supported,not-supported,not-supported,not-supported,not-supported,not-supported,not-supported,not-supported,not-supported,not-supported,not-supported,not-supported,not-supported
intern,true,Intern|Fan|Customer,Internships|Packages,public.domo,web,available,allowed,allowed,not-supported,not-supported,not-supported,not-supported,not-supported,not-supported,not-supported,not-supported,not-supported,not-supported,not-supported,not-supported,not-supported,not-supported,not-supported
intern,true,Intern|Fan|Customer,Internships|Packages,public.domo,mobile,web-fallback,allowed,allowed,not-supported,not-supported,not-supported,not-supported,not-supported,not-supported,not-supported,not-supported,not-supported,not-supported,not-supported,not-supported,not-supported,not-supported,not-supported
intern,true,Intern|Fan|Customer,Internships|Packages,profile.detail,web,available,allowed,allowed,not-supported,not-supported,not-supported,not-supported,not-supported,not-supported,not-supported,not-supported,not-supported,not-supported,not-supported,not-supported,not-supported,not-supported,not-supported
intern,true,Intern|Fan|Customer,Internships|Packages,profile.detail,mobile,not-available,not-available,not-available,not-available,not-available,not-available,not-available,not-available,not-available,not-available,not-available,not-available,not-available,not-available,not-available,not-available,not-available,not-available
intern,true,Intern|Fan|Customer,Internships|Packages,social,web,available,allowed,allowed,allowed,not-supported,allowed,not-supported,not-supported,not-supported,not-supported,not-supported,not-supported,not-supported,not-supported,not-supported,not-supported,not-supported,not-supported
intern,true,Intern|Fan|Customer,Internships|Packages,social,mobile,native,allowed,allowed,allowed,not-supported,allowed,not-supported,not-supported,not-supported,not-supported,not-supported,not-supported,not-supported,not-supported,not-supported,not-supported,not-supported,not-supported
intern,true,Intern|Fan|Customer,Internships|Packages,social.instagram,web,available,allowed,allowed,not-supported,not-supported,not-supported,not-supported,not-supported,not-supported,not-supported,not-supported,not-supported,not-supported,not-supported,not-supported,not-supported,not-supported,locked-requestable
intern,true,Intern|Fan|Customer,Internships|Packages,social.instagram,mobile,web-fallback,allowed,allowed,not-supported,not-supported,not-supported,not-supported,not-supported,not-supported,not-supported,not-supported,not-supported,not-supported,not-supported,not-supported,not-supported,not-supported,locked-requestable
intern,true,Intern|Fan|Customer,Internships|Packages,social.vcard,web,not-available,not-available,not-available,not-available,not-available,not-available,not-available,not-available,not-available,not-available,not-available,not-available,not-available,not-available,not-available,not-available,not-available,not-available
intern,true,Intern|Fan|Customer,Internships|Packages,social.vcard,mobile,native,allowed,allowed,allowed,not-supported,not-supported,not-supported,not-supported,not-supported,not-supported,not-supported,not-supported,not-supported,not-supported,not-supported,not-supported,not-supported,not-supported
intern,true,Intern|Fan|Customer,Internships|Packages,social.inbox,web,available,locked-requestable,locked-requestable,locked-requestable,not-supported,not-supported,not-supported,not-supported,not-supported,not-supported,not-supported,not-supported,not-supported,not-supported,not-supported,not-supported,not-supported,not-supported
intern,true,Intern|Fan|Customer,Internships|Packages,social.inbox,mobile,web-fallback,locked-requestable,locked-requestable,locked-requestable,not-supported,not-supported,not-supported,not-supported,not-supported,not-supported,not-supported,not-supported,not-supported,not-supported,not-supported,not-supported,not-supported,not-supported
intern,true,Intern|Fan|Customer,Internships|Packages,social.events,web,available,allowed,allowed,allowed,allowed,allowed,not-supported,not-supported,not-supported,not-supported,not-supported,not-supported,not-supported,not-supported,not-supported,allowed,not-supported,not-supported
intern,true,Intern|Fan|Customer,Internships|Packages,social.events,mobile,native,allowed,allowed,allowed,allowed,allowed,not-supported,not-supported,not-supported,not-supported,not-supported,not-supported,not-supported,not-supported,not-supported,allowed,not-supported,not-supported
intern,true,Intern|Fan|Customer,Internships|Packages,social.events.create,web,available,allowed,allowed,allowed,not-supported,not-supported,not-supported,not-supported,not-supported,not-supported,not-supported,not-supported,not-supported,not-supported,not-supported,not-supported,not-supported,not-supported
intern,true,Intern|Fan|Customer,Internships|Packages,social.events.create,mobile,native,allowed,allowed,allowed,not-supported,not-supported,not-supported,not-supported,not-supported,not-supported,not-supported,not-supported,not-supported,not-supported,not-supported,not-supported,not-supported,not-supported
intern,true,Intern|Fan|Customer,Internships|Packages,social.event.detail,web,available,allowed,allowed,not-supported,not-supported,not-supported,not-supported,not-supported,not-supported,not-supported,not-supported,not-supported,not-supported,not-supported,not-supported,not-supported,not-supported,not-supported
intern,true,Intern|Fan|Customer,Internships|Packages,social.event.detail,mobile,not-available,not-available,not-available,not-available,not-available,not-available,not-available,not-available,not-available,not-available,not-available,not-available,not-available,not-available,not-available,not-available,not-available,not-available
intern,true,Intern|Fan|Customer,Internships|Packages,social.event.logistics,web,available,locked-requestable,locked-requestable,locked-requestable,locked-requestable,locked-requestable,not-supported,not-supported,not-supported,not-supported,not-supported,not-supported,not-supported,not-supported,locked-requestable,not-supported,not-supported,not-supported
intern,true,Intern|Fan|Customer,Internships|Packages,social.event.logistics,mobile,not-available,not-available,not-available,not-available,not-available,not-available,not-available,not-available,not-available,not-available,not-available,not-available,not-available,not-available,not-available,not-available,not-available,not-available
intern,true,Intern|Fan|Customer,Internships|Packages,social.discovery,web,available,flag-required,flag-required,flag-required,flag-required,flag-required,flag-required,flag-required,flag-required,flag-required,flag-required,flag-required,flag-required,flag-required,flag-required,flag-required,flag-required,flag-required
intern,true,Intern|Fan|Customer,Internships|Packages,social.discovery,mobile,native,flag-required,flag-required,flag-required,flag-required,flag-required,flag-required,flag-required,flag-required,flag-required,flag-required,flag-required,flag-required,flag-required,flag-required,flag-required,flag-required,flag-required
intern,true,Intern|Fan|Customer,Internships|Packages,chat,web,available,allowed,allowed,allowed,not-supported,not-supported,not-supported,not-supported,not-supported,not-supported,not-supported,not-supported,not-supported,not-supported,not-supported,not-supported,not-supported,not-supported
intern,true,Intern|Fan|Customer,Internships|Packages,chat,mobile,web-fallback,allowed,allowed,allowed,not-supported,not-supported,not-supported,not-supported,not-supported,not-supported,not-supported,not-supported,not-supported,not-supported,not-supported,not-supported,not-supported,not-supported
intern,true,Intern|Fan|Customer,Internships|Packages,crm.contacts,web,available,locked-requestable,locked-requestable,locked-requestable,locked-requestable,locked-requestable,not-supported,not-supported,not-supported,locked-requestable,not-supported,not-supported,not-supported,not-supported,locked-requestable,not-supported,not-supported,not-supported
intern,true,Intern|Fan|Customer,Internships|Packages,crm.contacts,mobile,native,locked-requestable,locked-requestable,locked-requestable,locked-requestable,locked-requestable,not-supported,not-supported,not-supported,locked-requestable,not-supported,not-supported,not-supported,not-supported,locked-requestable,not-supported,not-supported,not-supported
intern,true,Intern|Fan|Customer,Internships|Packages,crm.companies,web,available,locked-requestable,locked-requestable,locked-requestable,locked-requestable,not-supported,not-supported,not-supported,not-supported,not-supported,not-supported,not-supported,not-supported,not-supported,not-supported,not-supported,not-supported,not-supported
intern,true,Intern|Fan|Customer,Internships|Packages,crm.companies,mobile,native,locked-requestable,locked-requestable,locked-requestable,locked-requestable,not-supported,not-supported,not-supported,not-supported,not-supported,not-supported,not-supported,not-supported,not-supported,not-supported,not-supported,not-supported,not-supported
intern,true,Intern|Fan|Customer,Internships|Packages,crm.leads,web,available,locked-requestable,locked-requestable,locked-requestable,locked-requestable,not-supported,not-supported,not-supported,not-supported,not-supported,not-supported,not-supported,not-supported,not-supported,locked-requestable,not-supported,not-supported,not-supported
intern,true,Intern|Fan|Customer,Internships|Packages,crm.leads,mobile,web-fallback,locked-requestable,locked-requestable,locked-requestable,locked-requestable,not-supported,not-supported,not-supported,not-supported,not-supported,not-supported,not-supported,not-supported,not-supported,locked-requestable,not-supported,not-supported,not-supported
intern,true,Intern|Fan|Customer,Internships|Packages,studio.calendar,web,available,locked-requestable,locked-requestable,locked-requestable,locked-requestable,locked-requestable,not-supported,not-supported,not-supported,not-supported,not-supported,not-supported,not-supported,not-supported,not-supported,not-supported,not-supported,not-supported
intern,true,Intern|Fan|Customer,Internships|Packages,studio.calendar,mobile,native,locked-requestable,locked-requestable,locked-requestable,locked-requestable,locked-requestable,not-supported,not-supported,not-supported,not-supported,not-supported,not-supported,not-supported,not-supported,not-supported,not-supported,not-supported,not-supported
intern,true,Intern|Fan|Customer,Internships|Packages,studio.rooms,web,available,locked-requestable,locked-requestable,locked-requestable,locked-requestable,not-supported,not-supported,not-supported,not-supported,not-supported,not-supported,not-supported,not-supported,not-supported,not-supported,not-supported,not-supported,not-supported
intern,true,Intern|Fan|Customer,Internships|Packages,studio.rooms,mobile,native,locked-requestable,locked-requestable,locked-requestable,locked-requestable,not-supported,not-supported,not-supported,not-supported,not-supported,not-supported,not-supported,not-supported,not-supported,not-supported,not-supported,not-supported,not-supported
intern,true,Intern|Fan|Customer,Internships|Packages,studio.orders,web,available,locked-requestable,locked-requestable,locked-requestable,locked-requestable,not-supported,not-supported,not-supported,not-supported,not-supported,not-supported,not-supported,locked-requestable,not-supported,not-supported,not-supported,not-supported,not-supported
intern,true,Intern|Fan|Customer,Internships|Packages,studio.orders,mobile,web-fallback,locked-requestable,locked-requestable,locked-requestable,locked-requestable,not-supported,not-supported,not-supported,not-supported,not-supported,not-supported,not-supported,locked-requestable,not-supported,not-supported,not-supported,not-supported,not-supported
intern,true,Intern|Fan|Customer,Internships|Packages,studio.services,web,available,locked-requestable,locked-requestable,locked-requestable,locked-requestable,locked-requestable,not-supported,not-supported,not-supported,not-supported,not-supported,not-supported,not-supported,not-supported,not-supported,not-supported,not-supported,not-supported
intern,true,Intern|Fan|Customer,Internships|Packages,studio.services,mobile,web-fallback,locked-requestable,locked-requestable,locked-requestable,locked-requestable,locked-requestable,not-supported,not-supported,not-supported,not-supported,not-supported,not-supported,not-supported,not-supported,not-supported,not-supported,not-supported,not-supported
intern,true,Intern|Fan|Customer,Internships|Packages,studio.pipelines,web,available,locked-requestable,locked-requestable,locked-requestable,locked-requestable,locked-requestable,not-supported,not-supported,not-supported,not-supported,not-supported,not-supported,not-supported,not-supported,locked-requestable,not-supported,not-supported,not-supported
intern,true,Intern|Fan|Customer,Internships|Packages,studio.pipelines,mobile,native,locked-requestable,locked-requestable,locked-requestable,locked-requestable,locked-requestable,not-supported,not-supported,not-supported,not-supported,not-supported,not-supported,not-supported,not-supported,locked-requestable,not-supported,not-supported,not-supported
intern,true,Intern|Fan|Customer,Internships|Packages,studio.live-sessions,web,available,locked-requestable,locked-requestable,locked-requestable,locked-requestable,not-supported,not-supported,not-supported,not-supported,not-supported,not-supported,not-supported,not-supported,not-supported,not-supported,not-supported,not-supported,not-supported
intern,true,Intern|Fan|Customer,Internships|Packages,studio.live-sessions,mobile,web-fallback,locked-requestable,locked-requestable,locked-requestable,locked-requestable,not-supported,not-supported,not-supported,not-supported,not-supported,not-supported,not-supported,not-supported,not-supported,not-supported,not-supported,not-supported,not-supported
intern,true,Intern|Fan|Customer,Internships|Packages,studio.domo-campaign,web,available,locked-requestable,locked-requestable,not-supported,locked-requestable,not-supported,not-supported,not-supported,not-supported,not-supported,not-supported,not-supported,not-supported,not-supported,not-supported,not-supported,not-supported,not-supported
intern,true,Intern|Fan|Customer,Internships|Packages,studio.domo-campaign,mobile,web-fallback,locked-requestable,locked-requestable,not-supported,locked-requestable,not-supported,not-supported,not-supported,not-supported,not-supported,not-supported,not-supported,not-supported,not-supported,not-supported,not-supported,not-supported,not-supported
intern,true,Intern|Fan|Customer,Internships|Packages,studio.reports,web,available,locked-requestable,locked-requestable,not-supported,not-supported,not-supported,not-supported,not-supported,not-supported,locked-requestable,not-supported,not-supported,not-supported,not-supported,not-supported,not-supported,locked-requestable,not-supported
intern,true,Intern|Fan|Customer,Internships|Packages,studio.reports,mobile,web-fallback,locked-requestable,locked-requestable,not-supported,not-supported,not-supported,not-supported,not-supported,not-supported,locked-requestable,not-supported,not-supported,not-supported,not-supported,not-supported,not-supported,locked-requestable,not-supported
intern,true,Intern|Fan|Customer,Internships|Packages,school.teacher-portal,web,available,locked-requestable,locked-requestable,locked-requestable,locked-requestable,locked-requestable,not-supported,not-supported,not-supported,not-supported,not-supported,not-supported,not-supported,not-supported,not-supported,not-supported,not-supported,not-supported
intern,true,Intern|Fan|Customer,Internships|Packages,school.teacher-portal,mobile,web-fallback,locked-requestable,locked-requestable,locked-requestable,locked-requestable,locked-requestable,not-supported,not-supported,not-supported,not-supported,not-supported,not-supported,not-supported,not-supported,not-supported,not-supported,not-supported,not-supported
intern,true,Intern|Fan|Customer,Internships|Packages,school.teachers,web,available,locked-requestable,locked-requestable,locked-requestable,locked-requestable,not-supported,not-supported,not-supported,not-supported,not-supported,not-supported,not-supported,not-supported,not-supported,not-supported,not-supported,not-supported,not-supported
intern,true,Intern|Fan|Customer,Internships|Packages,school.teachers,mobile,web-fallback,locked-requestable,locked-requestable,locked-requestable,locked-requestable,not-supported,not-supported,not-supported,not-supported,not-supported,not-supported,not-supported,not-supported,not-supported,not-supported,not-supported,not-supported,not-supported
intern,true,Intern|Fan|Customer,Internships|Packages,school.classes,web,available,locked-requestable,locked-requestable,locked-requestable,locked-requestable,not-supported,not-supported,not-supported,not-supported,not-supported,not-supported,not-supported,not-supported,not-supported,not-supported,not-supported,not-supported,not-supported
intern,true,Intern|Fan|Customer,Internships|Packages,school.classes,mobile,web-fallback,locked-requestable,locked-requestable,locked-requestable,locked-requestable,not-supported,not-supported,not-supported,not-supported,not-supported,not-supported,not-supported,not-supported,not-supported,not-supported,not-supported,not-supported,not-supported
intern,true,Intern|Fan|Customer,Internships|Packages,school.trial-lessons,web,available,locked-requestable,locked-requestable,locked-requestable,not-supported,not-supported,not-supported,not-supported,not-supported,not-supported,not-supported,not-supported,not-supported,not-supported,locked-requestable,not-supported,not-supported,not-supported
intern,true,Intern|Fan|Customer,Internships|Packages,school.trial-lessons,mobile,web-fallback,locked-requestable,locked-requestable,locked-requestable,not-supported,not-supported,not-supported,not-supported,not-supported,not-supported,not-supported,not-supported,not-supported,not-supported,locked-requestable,not-supported,not-supported,not-supported
intern,true,Intern|Fan|Customer,Internships|Packages,school.trial-queue,web,available,locked-requestable,locked-requestable,not-supported,not-supported,not-supported,not-supported,not-supported,not-supported,not-supported,not-supported,not-supported,not-supported,not-supported,locked-requestable,not-supported,not-supported,not-supported
intern,true,Intern|Fan|Customer,Internships|Packages,school.trial-queue,mobile,web-fallback,locked-requestable,locked-requestable,not-supported,not-supported,not-supported,not-supported,not-supported,not-supported,not-supported,not-supported,not-supported,not-supported,not-supported,locked-requestable,not-supported,not-supported,not-supported
intern,true,Intern|Fan|Customer,Internships|Packages,internships,web,available,allowed,allowed,locked-requestable,allowed,locked-requestable,not-supported,not-supported,not-supported,not-supported,not-supported,not-supported,locked-requestable,not-supported,not-supported,not-supported,not-supported,not-supported
intern,true,Intern|Fan|Customer,Internships|Packages,internships,mobile,web-fallback,allowed,allowed,locked-requestable,allowed,locked-requestable,not-supported,not-supported,not-supported,not-supported,not-supported,not-supported,locked-requestable,not-supported,not-supported,not-supported,not-supported,not-supported
intern,true,Intern|Fan|Customer,Internships|Packages,label.artists,web,available,locked-requestable,locked-requestable,locked-requestable,locked-requestable,locked-requestable,not-supported,not-supported,not-supported,not-supported,not-supported,not-supported,not-supported,not-supported,not-supported,not-supported,locked-requestable,not-supported
intern,true,Intern|Fan|Customer,Internships|Packages,label.artists,mobile,native,locked-requestable,locked-requestable,locked-requestable,locked-requestable,locked-requestable,not-supported,not-supported,not-supported,not-supported,not-supported,not-supported,not-supported,not-supported,not-supported,not-supported,locked-requestable,not-supported
intern,true,Intern|Fan|Customer,Internships|Packages,label.projects,web,available,locked-requestable,locked-requestable,locked-requestable,locked-requestable,not-supported,not-supported,not-supported,not-supported,not-supported,not-supported,not-supported,not-supported,not-supported,locked-requestable,not-supported,not-supported,not-supported
intern,true,Intern|Fan|Customer,Internships|Packages,label.projects,mobile,web-fallback,locked-requestable,locked-requestable,locked-requestable,locked-requestable,not-supported,not-supported,not-supported,not-supported,not-supported,not-supported,not-supported,not-supported,not-supported,locked-requestable,not-supported,not-supported,not-supported
intern,true,Intern|Fan|Customer,Internships|Packages,label.releases,web,available,locked-requestable,locked-requestable,locked-requestable,locked-requestable,locked-requestable,not-supported,not-supported,not-supported,locked-requestable,not-supported,not-supported,not-supported,not-supported,not-supported,locked-requestable,not-supported,not-supported
intern,true,Intern|Fan|Customer,Internships|Packages,label.releases,mobile,web-fallback,locked-requestable,locked-requestable,locked-requestable,locked-requestable,locked-requestable,not-supported,not-supported,not-supported,locked-requestable,not-supported,not-supported,not-supported,not-supported,not-supported,locked-requestable,not-supported,not-supported
intern,true,Intern|Fan|Customer,Internships|Packages,label.assets,web,available,locked-requestable,locked-requestable,locked-requestable,locked-requestable,locked-requestable,not-supported,not-supported,not-supported,not-supported,not-supported,not-supported,not-supported,not-supported,not-supported,not-supported,not-supported,not-supported
intern,true,Intern|Fan|Customer,Internships|Packages,label.assets,mobile,web-fallback,locked-requestable,locked-requestable,locked-requestable,locked-requestable,locked-requestable,not-supported,not-supported,not-supported,not-supported,not-supported,not-supported,not-supported,not-supported,not-supported,not-supported,not-supported,not-supported
intern,true,Intern|Fan|Customer,Internships|Packages,label.tracks,web,available,locked-requestable,locked-requestable,locked-requestable,locked-requestable,locked-requestable,not-supported,not-supported,not-supported,not-supported,not-supported,not-supported,not-supported,not-supported,not-supported,not-supported,not-supported,not-supported
intern,true,Intern|Fan|Customer,Internships|Packages,label.tracks,mobile,web-fallback,locked-requestable,locked-requestable,locked-requestable,locked-requestable,locked-requestable,not-supported,not-supported,not-supported,not-supported,not-supported,not-supported,not-supported,not-supported,not-supported,not-supported,not-supported,not-supported
intern,true,Intern|Fan|Customer,Internships|Packages,label.ddex.inbox,web,available,locked-requestable,locked-requestable,not-supported,not-supported,not-supported,not-supported,not-supported,locked-requestable,locked-requestable,not-supported,locked-requestable,not-supported,not-supported,not-supported,not-supported,not-supported,not-supported
intern,true,Intern|Fan|Customer,Internships|Packages,label.ddex.inbox,mobile,native,locked-requestable,locked-requestable,not-supported,not-supported,not-supported,not-supported,not-supported,locked-requestable,locked-requestable,not-supported,locked-requestable,not-supported,not-supported,not-supported,not-supported,not-supported,not-supported
intern,true,Intern|Fan|Customer,Internships|Packages,label.ddex.document,web,available,locked-requestable,locked-requestable,not-supported,not-supported,not-supported,not-supported,not-supported,not-supported,not-supported,not-supported,locked-requestable,not-supported,not-supported,not-supported,not-supported,not-supported,not-supported
intern,true,Intern|Fan|Customer,Internships|Packages,label.ddex.document,mobile,not-available,not-available,not-available,not-available,not-available,not-available,not-available,not-available,not-available,not-available,not-available,not-available,not-available,not-available,not-available,not-available,not-available,not-available
intern,true,Intern|Fan|Customer,Internships|Packages,label.ddex.import,web,available,concealed,concealed,concealed,concealed,concealed,concealed,concealed,concealed,concealed,concealed,concealed,concealed,concealed,concealed,concealed,concealed,concealed
intern,true,Intern|Fan|Customer,Internships|Packages,label.ddex.import,mobile,not-available,not-available,not-available,not-available,not-available,not-available,not-available,not-available,not-available,not-available,not-available,not-available,not-available,not-available,not-available,not-available,not-available,not-available
intern,true,Intern|Fan|Customer,Internships|Packages,label.ddex.partners,web,available,locked-requestable,locked-requestable,locked-requestable,locked-requestable,locked-requestable,not-supported,not-supported,not-supported,not-supported,not-supported,not-supported,not-supported,not-supported,not-supported,not-supported,not-supported,locked-requestable
intern,true,Intern|Fan|Customer,Internships|Packages,label.ddex.partners,mobile,native,locked-requestable,locked-requestable,locked-requestable,locked-requestable,locked-requestable,not-supported,not-supported,not-supported,not-supported,not-supported,not-supported,not-supported,not-supported,not-supported,not-supported,not-supported,locked-requestable
intern,true,Intern|Fan|Customer,Internships|Packages,operations.inventory,web,available,locked-requestable,locked-requestable,locked-requestable,locked-requestable,locked-requestable,not-supported,not-supported,not-supported,not-supported,not-supported,not-supported,not-supported,not-supported,locked-requestable,not-supported,locked-requestable,not-supported
intern,true,Intern|Fan|Customer,Internships|Packages,operations.inventory,mobile,native,locked-requestable,locked-requestable,locked-requestable,locked-requestable,locked-requestable,not-supported,not-supported,not-supported,not-supported,not-supported,not-supported,not-supported,not-supported,locked-requestable,not-supported,locked-requestable,not-supported
intern,true,Intern|Fan|Customer,Internships|Packages,operations.marketplace-orders,web,available,locked-requestable,locked-requestable,locked-requestable,locked-requestable,locked-requestable,not-supported,not-supported,not-supported,locked-requestable,not-supported,not-supported,locked-requestable,not-supported,not-supported,not-supported,not-supported,not-supported
intern,true,Intern|Fan|Customer,Internships|Packages,operations.marketplace-orders,mobile,web-fallback,locked-requestable,locked-requestable,locked-requestable,locked-requestable,locked-requestable,not-supported,not-supported,not-supported,locked-requestable,not-supported,not-supported,locked-requestable,not-supported,not-supported,not-supported,not-supported,not-supported
intern,true,Intern|Fan|Customer,Internships|Packages,operations.equipment-bookings,web,available,locked-requestable,locked-requestable,locked-requestable,locked-requestable,not-supported,not-supported,not-supported,not-supported,not-supported,not-supported,not-supported,not-supported,not-supported,not-supported,not-supported,not-supported,not-supported
intern,true,Intern|Fan|Customer,Internships|Packages,operations.equipment-bookings,mobile,native,locked-requestable,locked-requestable,locked-requestable,locked-requestable,not-supported,not-supported,not-supported,not-supported,not-supported,not-supported,not-supported,not-supported,not-supported,not-supported,not-supported,not-supported,not-supported
intern,true,Intern|Fan|Customer,Internships|Packages,finance.payments,web,available,locked-requestable,locked-requestable,locked-requestable,locked-requestable,not-supported,not-supported,not-supported,not-supported,locked-requestable,not-supported,not-supported,not-supported,not-supported,not-supported,not-supported,locked-requestable,not-supported
intern,true,Intern|Fan|Customer,Internships|Packages,finance.payments,mobile,web-fallback,locked-requestable,locked-requestable,locked-requestable,locked-requestable,not-supported,not-supported,not-supported,not-supported,locked-requestable,not-supported,not-supported,not-supported,not-supported,not-supported,not-supported,locked-requestable,not-supported
intern,true,Intern|Fan|Customer,Internships|Packages,finance.account-report-builder,web,available,locked-requestable,locked-requestable,not-supported,not-supported,not-supported,not-supported,not-supported,not-supported,locked-requestable,not-supported,not-supported,not-supported,not-supported,not-supported,not-supported,locked-requestable,not-supported
intern,true,Intern|Fan|Customer,Internships|Packages,finance.account-report-builder,mobile,web-fallback,locked-requestable,locked-requestable,not-supported,not-supported,not-supported,not-supported,not-supported,not-supported,locked-requestable,not-supported,not-supported,not-supported,not-supported,not-supported,not-supported,locked-requestable,not-supported
intern,true,Intern|Fan|Customer,Internships|Packages,finance.esteban-report,web,available,locked-requestable,locked-requestable,not-supported,not-supported,not-supported,not-supported,not-supported,not-supported,locked-requestable,not-supported,not-supported,not-supported,not-supported,not-supported,not-supported,locked-requestable,not-supported
intern,true,Intern|Fan|Customer,Internships|Packages,finance.esteban-report,mobile,web-fallback,locked-requestable,locked-requestable,not-supported,not-supported,not-supported,not-supported,not-supported,not-supported,locked-requestable,not-supported,not-supported,not-supported,not-supported,not-supported,not-supported,locked-requestable,not-supported
intern,true,Intern|Fan|Customer,Internships|Packages,finance.david-report,web,available,locked-requestable,locked-requestable,not-supported,not-supported,not-supported,not-supported,not-supported,not-supported,locked-requestable,not-supported,not-supported,not-supported,not-supported,not-supported,not-supported,locked-requestable,not-supported
intern,true,Intern|Fan|Customer,Internships|Packages,finance.david-report,mobile,web-fallback,locked-requestable,locked-requestable,not-supported,not-supported,not-supported,not-supported,not-supported,not-supported,locked-requestable,not-supported,not-supported,not-supported,not-supported,not-supported,not-supported,locked-requestable,not-supported
intern,true,Intern|Fan|Customer,Internships|Packages,admin.course-registrations,web,available,locked-requestable,locked-requestable,locked-requestable,locked-requestable,locked-requestable,not-supported,not-supported,not-supported,locked-requestable,not-supported,not-supported,locked-requestable,not-supported,not-supported,not-supported,not-supported,not-supported
intern,true,Intern|Fan|Customer,Internships|Packages,admin.course-registrations,mobile,web-fallback,locked-requestable,locked-requestable,locked-requestable,locked-requestable,locked-requestable,not-supported,not-supported,not-supported,locked-requestable,not-supported,not-supported,locked-requestable,not-supported,not-supported,not-supported,not-supported,not-supported
intern,true,Intern|Fan|Customer,Internships|Packages,admin.courses,web,available,locked-requestable,locked-requestable,locked-requestable,locked-requestable,not-supported,not-supported,not-supported,not-supported,not-supported,not-supported,not-supported,not-supported,not-supported,not-supported,locked-requestable,not-supported,not-supported
intern,true,Intern|Fan|Customer,Internships|Packages,admin.courses,mobile,web-fallback,locked-requestable,locked-requestable,locked-requestable,locked-requestable,not-supported,not-supported,not-supported,not-supported,not-supported,not-supported,not-supported,not-supported,not-supported,not-supported,locked-requestable,not-supported,not-supported
intern,true,Intern|Fan|Customer,Internships|Packages,admin.users,web,available,concealed,concealed,concealed,concealed,concealed,not-supported,concealed,not-supported,not-supported,not-supported,not-supported,not-supported,not-supported,not-supported,not-supported,not-supported,concealed
intern,true,Intern|Fan|Customer,Internships|Packages,admin.users,mobile,not-available,not-available,not-available,not-available,not-available,not-available,not-available,not-available,not-available,not-available,not-available,not-available,not-available,not-available,not-available,not-available,not-available,not-available
intern,true,Intern|Fan|Customer,Internships|Packages,admin.roles,web,available,concealed,concealed,not-supported,concealed,not-supported,not-supported,not-supported,not-supported,not-supported,not-supported,not-supported,not-supported,not-supported,not-supported,not-supported,not-supported,concealed
intern,true,Intern|Fan|Customer,Internships|Packages,admin.roles,mobile,not-available,not-available,not-available,not-available,not-available,not-available,not-available,not-available,not-available,not-available,not-available,not-available,not-available,not-available,not-available,not-available,not-available,not-available
intern,true,Intern|Fan|Customer,Internships|Packages,admin.system-status,web,available,locked-requestable,locked-requestable,not-supported,not-supported,not-supported,not-supported,not-supported,not-supported,not-supported,not-supported,not-supported,not-supported,not-supported,not-supported,not-supported,not-supported,not-supported
intern,true,Intern|Fan|Customer,Internships|Packages,admin.system-status,mobile,web-fallback,locked-requestable,locked-requestable,not-supported,not-supported,not-supported,not-supported,not-supported,not-supported,not-supported,not-supported,not-supported,not-supported,not-supported,not-supported,not-supported,not-supported,not-supported
intern,true,Intern|Fan|Customer,Internships|Packages,admin.activity,web,available,locked-requestable,locked-requestable,not-supported,not-supported,not-supported,not-supported,not-supported,not-supported,locked-requestable,not-supported,not-supported,not-supported,not-supported,not-supported,not-supported,not-supported,not-supported
intern,true,Intern|Fan|Customer,Internships|Packages,admin.activity,mobile,web-fallback,locked-requestable,locked-requestable,not-supported,not-supported,not-supported,not-supported,not-supported,not-supported,locked-requestable,not-supported,not-supported,not-supported,not-supported,not-supported,not-supported,not-supported,not-supported
intern,true,Intern|Fan|Customer,Internships|Packages,admin.logs,web,available,locked-requestable,locked-requestable,not-supported,not-supported,locked-requestable,not-supported,not-supported,not-supported,not-supported,not-supported,not-supported,not-supported,not-supported,not-supported,not-supported,not-supported,not-supported
intern,true,Intern|Fan|Customer,Internships|Packages,admin.logs,mobile,web-fallback,locked-requestable,locked-requestable,not-supported,not-supported,locked-requestable,not-supported,not-supported,not-supported,not-supported,not-supported,not-supported,not-supported,not-supported,not-supported,not-supported,not-supported,not-supported
intern,true,Intern|Fan|Customer,Internships|Packages,admin.diagnostics,web,available,locked-requestable,locked-requestable,not-supported,not-supported,not-supported,not-supported,not-supported,not-supported,not-supported,not-supported,not-supported,not-supported,not-supported,not-supported,not-supported,not-supported,locked-requestable
intern,true,Intern|Fan|Customer,Internships|Packages,admin.diagnostics,mobile,web-fallback,locked-requestable,locked-requestable,not-supported,not-supported,not-supported,not-supported,not-supported,not-supported,not-supported,not-supported,not-supported,not-supported,not-supported,not-supported,not-supported,not-supported,locked-requestable
intern,true,Intern|Fan|Customer,Internships|Packages,admin.brain,web,available,locked-requestable,locked-requestable,locked-requestable,locked-requestable,not-supported,not-supported,not-supported,not-supported,not-supported,not-supported,not-supported,not-supported,not-supported,not-supported,not-supported,not-supported,locked-requestable
intern,true,Intern|Fan|Customer,Internships|Packages,admin.brain,mobile,web-fallback,locked-requestable,locked-requestable,locked-requestable,locked-requestable,not-supported,not-supported,not-supported,not-supported,not-supported,not-supported,not-supported,not-supported,not-supported,not-supported,not-supported,not-supported,locked-requestable
intern,true,Intern|Fan|Customer,Internships|Packages,admin.calendar-integration,web,available,concealed,concealed,not-supported,not-supported,not-supported,not-supported,not-supported,not-supported,not-supported,not-supported,not-supported,not-supported,not-supported,not-supported,not-supported,not-supported,concealed
intern,true,Intern|Fan|Customer,Internships|Packages,admin.calendar-integration,mobile,not-available,not-available,not-available,not-available,not-available,not-available,not-available,not-available,not-available,not-available,not-available,not-available,not-available,not-available,not-available,not-available,not-available,not-available
intern,true,Intern|Fan|Customer,Internships|Packages,admin.cms,web,available,locked-requestable,locked-requestable,locked-requestable,locked-requestable,locked-requestable,not-supported,not-supported,not-supported,not-supported,not-supported,not-supported,not-supported,not-supported,not-supported,locked-requestable,not-supported,not-supported
intern,true,Intern|Fan|Customer,Internships|Packages,admin.cms,mobile,web-fallback,locked-requestable,locked-requestable,locked-requestable,locked-requestable,locked-requestable,not-supported,not-supported,not-supported,not-supported,not-supported,not-supported,not-supported,not-supported,not-supported,locked-requestable,not-supported,not-supported
intern,true,Intern|Fan|Customer,Internships|Packages,admin.campaign-automations,web,available,locked-requestable,locked-requestable,locked-requestable,locked-requestable,not-supported,not-supported,not-supported,not-supported,not-supported,not-supported,not-supported,not-supported,not-supported,not-supported,locked-requestable,not-supported,not-supported
intern,true,Intern|Fan|Customer,Internships|Packages,admin.campaign-automations,mobile,web-fallback,locked-requestable,locked-requestable,locked-requestable,locked-requestable,not-supported,not-supported,not-supported,not-supported,not-supported,not-supported,not-supported,not-supported,not-supported,not-supported,locked-requestable,not-supported,not-supported
intern,true,Intern|Fan|Customer,Internships|Packages,admin.event-sources,web,available,flag-required,flag-required,flag-required,flag-required,flag-required,flag-required,flag-required,flag-required,flag-required,flag-required,flag-required,flag-required,flag-required,flag-required,flag-required,flag-required,flag-required
intern,true,Intern|Fan|Customer,Internships|Packages,admin.event-sources,mobile,not-available,not-available,not-available,not-available,not-available,not-available,not-available,not-available,not-available,not-available,not-available,not-available,not-available,not-available,not-available,not-available,not-available,not-available
intern,true,Intern|Fan|Customer,Internships|Packages,admin.whatsapp-consent,web,available,concealed,concealed,not-supported,not-supported,not-supported,not-supported,not-supported,not-supported,not-supported,not-supported,not-supported,not-supported,not-supported,not-supported,not-supported,not-supported,concealed
intern,true,Intern|Fan|Customer,Internships|Packages,admin.whatsapp-consent,mobile,not-available,not-available,not-available,not-available,not-available,not-available,not-available,not-available,not-available,not-available,not-available,not-available,not-available,not-available,not-available,not-available,not-available,not-available
intern,true,Intern|Fan|Customer,Internships|Packages,admin.ux-options,web,available,locked-requestable,locked-requestable,locked-requestable,locked-requestable,not-supported,not-supported,not-supported,not-supported,not-supported,not-supported,not-supported,not-supported,not-supported,not-supported,not-supported,not-supported,not-supported
intern,true,Intern|Fan|Customer,Internships|Packages,admin.ux-options,mobile,web-fallback,locked-requestable,locked-requestable,locked-requestable,locked-requestable,not-supported,not-supported,not-supported,not-supported,not-supported,not-supported,not-supported,not-supported,not-supported,not-supported,not-supported,not-supported,not-supported
intern,true,Intern|Fan|Customer,Internships|Packages,admin.preferences,web,available,locked-requestable,locked-requestable,not-supported,locked-requestable,not-supported,not-supported,not-supported,not-supported,not-supported,not-supported,not-supported,not-supported,not-supported,not-supported,not-supported,not-supported,not-supported
intern,true,Intern|Fan|Customer,Internships|Packages,admin.preferences,mobile,web-fallback,locked-requestable,locked-requestable,not-supported,locked-requestable,not-supported,not-supported,not-supported,not-supported,not-supported,not-supported,not-supported,not-supported,not-supported,not-supported,not-supported,not-supported,not-supported
intern,true,Intern|Fan|Customer,Internships|Packages,tools.chatkit,web,available,locked-requestable,locked-requestable,locked-requestable,not-supported,not-supported,not-supported,not-supported,not-supported,not-supported,not-supported,not-supported,not-supported,not-supported,not-supported,not-supported,not-supported,not-supported
intern,true,Intern|Fan|Customer,Internships|Packages,tools.chatkit,mobile,web-fallback,locked-requestable,locked-requestable,locked-requestable,not-supported,not-supported,not-supported,not-supported,not-supported,not-supported,not-supported,not-supported,not-supported,not-supported,not-supported,not-supported,not-supported,not-supported
intern,true,Intern|Fan|Customer,Internships|Packages,tools.tidal-agent,web,available,locked-requestable,locked-requestable,locked-requestable,not-supported,not-supported,not-supported,not-supported,not-supported,not-supported,not-supported,not-supported,not-supported,not-supported,not-supported,not-supported,not-supported,not-supported
intern,true,Intern|Fan|Customer,Internships|Packages,tools.tidal-agent,mobile,web-fallback,locked-requestable,locked-requestable,locked-requestable,not-supported,not-supported,not-supported,not-supported,not-supported,not-supported,not-supported,not-supported,not-supported,not-supported,not-supported,not-supported,not-supported,not-supported
intern,true,Intern|Fan|Customer,Internships|Packages,tools.music-maker,web,available,allowed,allowed,not-supported,not-supported,not-supported,not-supported,not-supported,not-supported,not-supported,not-supported,not-supported,not-supported,not-supported,not-supported,not-supported,not-supported,not-supported
intern,true,Intern|Fan|Customer,Internships|Packages,tools.music-maker,mobile,web-fallback,allowed,allowed,not-supported,not-supported,not-supported,not-supported,not-supported,not-supported,not-supported,not-supported,not-supported,not-supported,not-supported,not-supported,not-supported,not-supported,not-supported
intern,true,Intern|Fan|Customer,Internships|Packages,tools.admin-token,web,available,concealed,concealed,not-supported,not-supported,not-supported,not-supported,not-supported,not-supported,not-supported,not-supported,not-supported,not-supported,not-supported,not-supported,not-supported,not-supported,concealed
intern,true,Intern|Fan|Customer,Internships|Packages,tools.admin-token,mobile,not-available,not-available,not-available,not-available,not-available,not-available,not-available,not-available,not-available,not-available,not-available,not-available,not-available,not-available,not-available,not-available,not-available,not-available
intern,true,Intern|Fan|Customer,Internships|Packages,help.manual,web,available,allowed,allowed,not-supported,not-supported,not-supported,not-supported,not-supported,not-supported,not-supported,not-supported,not-supported,not-supported,not-supported,not-supported,not-supported,not-supported,not-supported
intern,true,Intern|Fan|Customer,Internships|Packages,help.manual,mobile,native,allowed,allowed,not-supported,not-supported,not-supported,not-supported,not-supported,not-supported,not-supported,not-supported,not-supported,not-supported,not-supported,not-supported,not-supported,not-supported,not-supported
intern,true,Intern|Fan|Customer,Internships|Packages,help.docs,web,available,allowed,allowed,not-supported,not-supported,not-supported,not-supported,not-supported,not-supported,not-supported,not-supported,not-supported,not-supported,not-supported,not-supported,not-supported,not-supported,not-supported
intern,true,Intern|Fan|Customer,Internships|Packages,help.docs,mobile,native,allowed,allowed,not-supported,not-supported,not-supported,not-supported,not-supported,not-supported,not-supported,not-supported,not-supported,not-supported,not-supported,not-supported,not-supported,not-supported,not-supported
intern,true,Intern|Fan|Customer,Internships|Packages,help.about,web,available,allowed,allowed,not-supported,not-supported,not-supported,not-supported,not-supported,not-supported,not-supported,not-supported,not-supported,not-supported,not-supported,not-supported,not-supported,not-supported,not-supported
intern,true,Intern|Fan|Customer,Internships|Packages,help.about,mobile,native,allowed,allowed,not-supported,not-supported,not-supported,not-supported,not-supported,not-supported,not-supported,not-supported,not-supported,not-supported,not-supported,not-supported,not-supported,not-supported,not-supported
intern,true,Intern|Fan|Customer,Internships|Packages,help.security,web,available,allowed,allowed,not-supported,not-supported,not-supported,not-supported,not-supported,not-supported,not-supported,not-supported,not-supported,not-supported,not-supported,not-supported,not-supported,not-supported,not-supported
intern,true,Intern|Fan|Customer,Internships|Packages,help.security,mobile,native,allowed,allowed,not-supported,not-supported,not-supported,not-supported,not-supported,not-supported,not-supported,not-supported,not-supported,not-supported,not-supported,not-supported,not-supported,not-supported,not-supported
intern,true,Intern|Fan|Customer,Internships|Packages,help.feedback,web,available,allowed,allowed,allowed,not-supported,not-supported,not-supported,not-supported,not-supported,not-supported,not-supported,not-supported,not-supported,not-supported,not-supported,not-supported,not-supported,not-supported
intern,true,Intern|Fan|Customer,Internships|Packages,help.feedback,mobile,native,allowed,allowed,allowed,not-supported,not-supported,not-supported,not-supported,not-supported,not-supported,not-supported,not-supported,not-supported,not-supported,not-supported,not-supported,not-supported,not-supported
intern,true,Intern|Fan|Customer,Internships|Packages,navigation.quick-create,web,not-available,not-available,not-available,not-available,not-available,not-available,not-available,not-available,not-available,not-available,not-available,not-available,not-available,not-available,not-available,not-available,not-available,not-available
intern,true,Intern|Fan|Customer,Internships|Packages,navigation.quick-create,mobile,native,allowed,allowed,not-supported,not-supported,not-supported,not-supported,not-supported,not-supported,not-supported,not-supported,not-supported,not-supported,not-supported,not-supported,not-supported,not-supported,not-supported
intern,true,Intern|Fan|Customer,Internships|Packages,navigation.explore,web,not-available,not-available,not-available,not-available,not-available,not-available,not-available,not-available,not-available,not-available,not-available,not-available,not-available,not-available,not-available,not-available,not-available,not-available
intern,true,Intern|Fan|Customer,Internships|Packages,navigation.explore,mobile,native,allowed,allowed,not-supported,allowed,allowed,not-supported,not-supported,not-supported,not-supported,not-supported,not-supported,not-supported,not-supported,not-supported,not-supported,not-supported,not-supported
intern,true,Intern|Fan|Customer,Internships|Packages,profile.self,web,not-available,not-available,not-available,not-available,not-available,not-available,not-available,not-available,not-available,not-available,not-available,not-available,not-available,not-available,not-available,not-available,not-available,not-available
intern,true,Intern|Fan|Customer,Internships|Packages,profile.self,mobile,native,allowed,allowed,not-supported,allowed,not-supported,not-supported,not-supported,not-supported,not-supported,not-supported,not-supported,not-supported,not-supported,not-supported,not-supported,not-supported,not-supported
intern,true,Intern|Fan|Customer,Internships|Packages,social.venues,web,not-available,not-available,not-available,not-available,not-available,not-available,not-available,not-available,not-available,not-available,not-available,not-available,not-available,not-available,not-available,not-available,not-available,not-available
intern,true,Intern|Fan|Customer,Internships|Packages,social.venues,mobile,native,allowed,allowed,locked-requestable,locked-requestable,not-supported,not-supported,not-supported,not-supported,not-supported,not-supported,not-supported,not-supported,not-supported,not-supported,not-supported,not-supported,not-supported
intern,true,Intern|Fan|Customer,Internships|Packages,social.venue.detail,web,not-available,not-available,not-available,not-available,not-available,not-available,not-available,not-available,not-available,not-available,not-available,not-available,not-available,not-available,not-available,not-available,not-available,not-available
intern,true,Intern|Fan|Customer,Internships|Packages,social.venue.detail,mobile,not-available,not-available,not-available,not-available,not-available,not-available,not-available,not-available,not-available,not-available,not-available,not-available,not-available,not-available,not-available,not-available,not-available,not-available
intern,true,Intern|Fan|Customer,Internships|Packages,social.venue.create,web,not-available,not-available,not-available,not-available,not-available,not-available,not-available,not-available,not-available,not-available,not-available,not-available,not-available,not-available,not-available,not-available,not-available,not-available
intern,true,Intern|Fan|Customer,Internships|Packages,social.venue.create,mobile,not-available,not-available,not-available,not-available,not-available,not-available,not-available,not-available,not-available,not-available,not-available,not-available,not-available,not-available,not-available,not-available,not-available,not-available
intern,true,Intern|Fan|Customer,Internships|Packages,artist.profile.edit,web,not-available,not-available,not-available,not-available,not-available,not-available,not-available,not-available,not-available,not-available,not-available,not-available,not-available,not-available,not-available,not-available,not-available,not-available
intern,true,Intern|Fan|Customer,Internships|Packages,artist.profile.edit,mobile,not-available,not-available,not-available,not-available,not-available,not-available,not-available,not-available,not-available,not-available,not-available,not-available,not-available,not-available,not-available,not-available,not-available,not-available
intern,true,Intern|Fan|Customer,Internships|Packages,studio.session.input-list,web,not-available,not-available,not-available,not-available,not-available,not-available,not-available,not-available,not-available,not-available,not-available,not-available,not-available,not-available,not-available,not-available,not-available,not-available
intern,true,Intern|Fan|Customer,Internships|Packages,studio.session.input-list,mobile,not-available,not-available,not-available,not-available,not-available,not-available,not-available,not-available,not-available,not-available,not-available,not-available,not-available,not-available,not-available,not-available,not-available,not-available
intern,true,Intern|Fan|Customer,Internships|Packages,social.tickets,web,not-available,not-available,not-available,not-available,not-available,not-available,not-available,not-available,not-available,not-available,not-available,not-available,not-available,not-available,not-available,not-available,not-available,not-available
intern,true,Intern|Fan|Customer,Internships|Packages,social.tickets,mobile,native,allowed,allowed,not-supported,not-supported,not-supported,not-supported,not-supported,not-supported,not-supported,not-supported,not-supported,not-supported,not-supported,not-supported,not-supported,not-supported,not-supported
intern,true,Intern|Fan|Customer,Internships|Packages,social.ticket-checkout,web,not-available,not-available,not-available,not-available,not-available,not-available,not-available,not-available,not-available,not-available,not-available,not-available,not-available,not-available,not-available,not-available,not-available,not-available
intern,true,Intern|Fan|Customer,Internships|Packages,social.ticket-checkout,mobile,not-available,not-available,not-available,not-available,not-available,not-available,not-available,not-available,not-available,not-available,not-available,not-available,not-available,not-available,not-available,not-available,not-available,not-available
intern,true,Intern|Fan|Customer,Internships|Packages,label.contracts.create,web,not-available,not-available,not-available,not-available,not-available,not-available,not-available,not-available,not-available,not-available,not-available,not-available,not-available,not-available,not-available,not-available,not-available,not-available
intern,true,Intern|Fan|Customer,Internships|Packages,label.contracts.create,mobile,not-available,not-available,not-available,not-available,not-available,not-available,not-available,not-available,not-available,not-available,not-available,not-available,not-available,not-available,not-available,not-available,not-available,not-available
intern,true,Intern|Fan|Customer,Internships|Packages,label.contracts.detail,web,not-available,not-available,not-available,not-available,not-available,not-available,not-available,not-available,not-available,not-available,not-available,not-available,not-available,not-available,not-available,not-available,not-available,not-available
intern,true,Intern|Fan|Customer,Internships|Packages,label.contracts.detail,mobile,not-available,not-available,not-available,not-available,not-available,not-available,not-available,not-available,not-available,not-available,not-available,not-available,not-available,not-available,not-available,not-available,not-available,not-available
intern,true,Intern|Fan|Customer,Internships|Packages,mobile.onboarding,web,not-available,not-available,not-available,not-available,not-available,not-available,not-available,not-available,not-available,not-available,not-available,not-available,not-available,not-available,not-available,not-available,not-available,not-available
intern,true,Intern|Fan|Customer,Internships|Packages,mobile.onboarding,mobile,native,allowed,allowed,not-supported,not-supported,not-supported,not-supported,not-supported,not-supported,not-supported,not-supported,not-supported,not-supported,not-supported,not-supported,not-supported,not-supported,not-supported
intern,true,Intern|Fan|Customer,Internships|Packages,technical.mobile-entry,web,not-available,not-available,not-available,not-available,not-available,not-available,not-available,not-available,not-available,not-available,not-available,not-available,not-available,not-available,not-available,not-available,not-available,not-available
intern,true,Intern|Fan|Customer,Internships|Packages,technical.mobile-entry,mobile,not-available,not-available,not-available,not-available,not-available,not-available,not-available,not-available,not-available,not-available,not-available,not-available,not-available,not-available,not-available,not-available,not-available,not-available
intern,true,Intern|Fan|Customer,Internships|Packages,access-requests.mine,web,available,allowed,allowed,not-supported,allowed,not-supported,not-supported,not-supported,not-supported,not-supported,not-supported,not-supported,not-supported,not-supported,not-supported,not-supported,not-supported,not-supported
intern,true,Intern|Fan|Customer,Internships|Packages,access-requests.mine,mobile,native,allowed,allowed,not-supported,allowed,not-supported,not-supported,not-supported,not-supported,not-supported,not-supported,not-supported,not-supported,not-supported,not-supported,not-supported,not-supported,not-supported
intern,true,Intern|Fan|Customer,Internships|Packages,access-requests.create,web,available,allowed,allowed,allowed,not-supported,not-supported,not-supported,not-supported,not-supported,not-supported,not-supported,not-supported,not-supported,not-supported,not-supported,not-supported,not-supported,not-supported
intern,true,Intern|Fan|Customer,Internships|Packages,access-requests.create,mobile,native,allowed,allowed,allowed,not-supported,not-supported,not-supported,not-supported,not-supported,not-supported,not-supported,not-supported,not-supported,not-supported,not-supported,not-supported,not-supported,not-supported
intern,true,Intern|Fan|Customer,Internships|Packages,access-requests.review,web,available,concealed,concealed,not-supported,not-supported,not-supported,not-supported,not-supported,not-supported,not-supported,not-supported,not-supported,concealed,concealed,not-supported,not-supported,not-supported,concealed
intern,true,Intern|Fan|Customer,Internships|Packages,access-requests.review,mobile,native,concealed,concealed,not-supported,not-supported,not-supported,not-supported,not-supported,not-supported,not-supported,not-supported,not-supported,concealed,concealed,not-supported,not-supported,not-supported,concealed
intern,true,Intern|Fan|Customer,Internships|Packages,technical.auth-login,web,available,concealed,concealed,concealed,concealed,concealed,concealed,concealed,concealed,concealed,concealed,concealed,concealed,concealed,concealed,concealed,concealed,concealed
intern,true,Intern|Fan|Customer,Internships|Packages,technical.auth-login,mobile,not-available,not-available,not-available,not-available,not-available,not-available,not-available,not-available,not-available,not-available,not-available,not-available,not-available,not-available,not-available,not-available,not-available,not-available
intern,true,Intern|Fan|Customer,Internships|Packages,technical.auth-reset,web,available,concealed,concealed,concealed,concealed,concealed,concealed,concealed,concealed,concealed,concealed,concealed,concealed,concealed,concealed,concealed,concealed,concealed
intern,true,Intern|Fan|Customer,Internships|Packages,technical.auth-reset,mobile,not-available,not-available,not-available,not-available,not-available,not-available,not-available,not-available,not-available,not-available,not-available,not-available,not-available,not-available,not-available,not-available,not-available,not-available
intern,true,Intern|Fan|Customer,Internships|Packages,technical.oauth-google-drive,web,available,concealed,concealed,concealed,concealed,concealed,concealed,concealed,concealed,concealed,concealed,concealed,concealed,concealed,concealed,concealed,concealed,concealed
intern,true,Intern|Fan|Customer,Internships|Packages,technical.oauth-google-drive,mobile,not-available,not-available,not-available,not-available,not-available,not-available,not-available,not-available,not-available,not-available,not-available,not-available,not-available,not-available,not-available,not-available,not-available,not-available
intern,true,Intern|Fan|Customer,Internships|Packages,technical.oauth-instagram,web,available,concealed,concealed,concealed,concealed,concealed,concealed,concealed,concealed,concealed,concealed,concealed,concealed,concealed,concealed,concealed,concealed,concealed
intern,true,Intern|Fan|Customer,Internships|Packages,technical.oauth-instagram,mobile,not-available,not-available,not-available,not-available,not-available,not-available,not-available,not-available,not-available,not-available,not-available,not-available,not-available,not-available,not-available,not-available,not-available,not-available
intern,true,Intern|Fan|Customer,Internships|Packages,technical.payment-return,web,available,concealed,concealed,concealed,concealed,concealed,concealed,concealed,concealed,concealed,concealed,concealed,concealed,concealed,concealed,concealed,concealed,concealed
intern,true,Intern|Fan|Customer,Internships|Packages,technical.payment-return,mobile,not-available,not-available,not-available,not-available,not-available,not-available,not-available,not-available,not-available,not-available,not-available,not-available,not-available,not-available,not-available,not-available,not-available,not-available
intern,true,Intern|Fan|Customer,Internships|Packages,technical.whatsapp-return,web,available,concealed,concealed,concealed,concealed,concealed,concealed,concealed,concealed,concealed,concealed,concealed,concealed,concealed,concealed,concealed,concealed,concealed
intern,true,Intern|Fan|Customer,Internships|Packages,technical.whatsapp-return,mobile,not-available,not-available,not-available,not-available,not-available,not-available,not-available,not-available,not-available,not-available,not-available,not-available,not-available,not-available,not-available,not-available,not-available,not-available
intern,true,Intern|Fan|Customer,Internships|Packages,technical.inventory-scan,web,available,concealed,concealed,concealed,concealed,concealed,concealed,concealed,concealed,concealed,concealed,concealed,concealed,concealed,concealed,concealed,concealed,concealed
intern,true,Intern|Fan|Customer,Internships|Packages,technical.inventory-scan,mobile,not-available,not-available,not-available,not-available,not-available,not-available,not-available,not-available,not-available,not-available,not-available,not-available,not-available,not-available,not-available,not-available,not-available,not-available
intern,true,Intern|Fan|Customer,Internships|Packages,technical.course-public,web,available,allowed,allowed,not-supported,not-supported,not-supported,not-supported,not-supported,not-supported,not-supported,not-supported,not-supported,not-supported,not-supported,not-supported,not-supported,not-supported,not-supported
intern,true,Intern|Fan|Customer,Internships|Packages,technical.course-public,mobile,web-fallback,allowed,allowed,not-supported,not-supported,not-supported,not-supported,not-supported,not-supported,not-supported,not-supported,not-supported,not-supported,not-supported,not-supported,not-supported,not-supported,not-supported
intern,true,Intern|Fan|Customer,Internships|Packages,technical.course-registration,web,available,allowed,allowed,not-supported,not-supported,not-supported,not-supported,not-supported,not-supported,not-supported,allowed,not-supported,not-supported,not-supported,not-supported,not-supported,not-supported,not-supported
intern,true,Intern|Fan|Customer,Internships|Packages,technical.course-registration,mobile,web-fallback,allowed,allowed,not-supported,not-supported,not-supported,not-supported,not-supported,not-supported,not-supported,allowed,not-supported,not-supported,not-supported,not-supported,not-supported,not-supported,not-supported
intern,true,Intern|Fan|Customer,Internships|Packages,technical.whatsapp-consent-public,web,available,allowed,allowed,not-supported,not-supported,not-supported,not-supported,not-supported,not-supported,not-supported,allowed,not-supported,not-supported,not-supported,not-supported,not-supported,not-supported,not-supported
intern,true,Intern|Fan|Customer,Internships|Packages,technical.whatsapp-consent-public,mobile,web-fallback,allowed,allowed,not-supported,not-supported,not-supported,not-supported,not-supported,not-supported,not-supported,allowed,not-supported,not-supported,not-supported,not-supported,not-supported,not-supported,not-supported
intern,true,Intern|Fan|Customer,Internships|Packages,experimental.future-stubs,web,not-available,not-available,not-available,not-available,not-available,not-available,not-available,not-available,not-available,not-available,not-available,not-available,not-available,not-available,not-available,not-available,not-available,not-available
intern,true,Intern|Fan|Customer,Internships|Packages,experimental.future-stubs,mobile,not-available,not-available,not-available,not-available,not-available,not-available,not-available,not-available,not-available,not-available,not-available,not-available,not-available,not-available,not-available,not-available,not-available,not-available
reception,true,Reception|Fan|Customer,CRM|Packages|Scheduling,public.platform,web,available,allowed,allowed,not-supported,not-supported,not-supported,not-supported,not-supported,not-supported,not-supported,not-supported,not-supported,not-supported,not-supported,not-supported,not-supported,not-supported,not-supported
reception,true,Reception|Fan|Customer,CRM|Packages|Scheduling,public.platform,mobile,web-fallback,allowed,allowed,not-supported,not-supported,not-supported,not-supported,not-supported,not-supported,not-supported,not-supported,not-supported,not-supported,not-supported,not-supported,not-supported,not-supported,not-supported
reception,true,Reception|Fan|Customer,CRM|Packages|Scheduling,home,web,available,allowed,allowed,not-supported,not-supported,not-supported,not-supported,not-supported,not-supported,not-supported,not-supported,not-supported,not-supported,not-supported,not-supported,not-supported,not-supported,not-supported
reception,true,Reception|Fan|Customer,CRM|Packages|Scheduling,home,mobile,native,allowed,allowed,not-supported,not-supported,not-supported,not-supported,not-supported,not-supported,not-supported,not-supported,not-supported,not-supported,not-supported,not-supported,not-supported,not-supported,not-supported
reception,true,Reception|Fan|Customer,CRM|Packages|Scheduling,community,web,available,allowed,allowed,allowed,allowed,allowed,not-supported,not-supported,not-supported,not-supported,not-supported,not-supported,not-supported,not-supported,not-supported,not-supported,not-supported,not-supported
reception,true,Reception|Fan|Customer,CRM|Packages|Scheduling,community,mobile,native,allowed,allowed,allowed,allowed,allowed,not-supported,not-supported,not-supported,not-supported,not-supported,not-supported,not-supported,not-supported,not-supported,not-supported,not-supported,not-supported
reception,true,Reception|Fan|Customer,CRM|Packages|Scheduling,community.club,web,available,allowed,allowed,allowed,allowed,allowed,not-supported,not-supported,not-supported,not-supported,not-supported,not-supported,not-supported,not-supported,not-supported,not-supported,not-supported,not-supported
reception,true,Reception|Fan|Customer,CRM|Packages|Scheduling,community.club,mobile,not-available,not-available,not-available,not-available,not-available,not-available,not-available,not-available,not-available,not-available,not-available,not-available,not-available,not-available,not-available,not-available,not-available,not-available
reception,true,Reception|Fan|Customer,CRM|Packages|Scheduling,community.member,web,available,allowed,allowed,not-supported,not-supported,not-supported,not-supported,not-supported,not-supported,not-supported,not-supported,not-supported,not-supported,not-supported,not-supported,not-supported,not-supported,not-supported
reception,true,Reception|Fan|Customer,CRM|Packages|Scheduling,community.member,mobile,web-fallback,allowed,allowed,not-supported,not-supported,not-supported,not-supported,not-supported,not-supported,not-supported,not-supported,not-supported,not-supported,not-supported,not-supported,not-supported,not-supported,not-supported
reception,true,Reception|Fan|Customer,CRM|Packages|Scheduling,artist.public,web,available,allowed,allowed,not-supported,not-supported,not-supported,not-supported,not-supported,not-supported,not-supported,not-supported,not-supported,not-supported,not-supported,not-supported,not-supported,not-supported,not-supported
reception,true,Reception|Fan|Customer,CRM|Packages|Scheduling,artist.public,mobile,not-available,not-available,not-available,not-available,not-available,not-available,not-available,not-available,not-available,not-available,not-available,not-available,not-available,not-available,not-available,not-available,not-available,not-available
reception,true,Reception|Fan|Customer,CRM|Packages|Scheduling,artist.onboarding,web,available,allowed,allowed,concealed,not-supported,not-supported,not-supported,not-supported,not-supported,not-supported,not-supported,not-supported,not-supported,not-supported,not-supported,not-supported,not-supported,not-supported
reception,true,Reception|Fan|Customer,CRM|Packages|Scheduling,artist.onboarding,mobile,native,allowed,allowed,concealed,not-supported,not-supported,not-supported,not-supported,not-supported,not-supported,not-supported,not-supported,not-supported,not-supported,not-supported,not-supported,not-supported,not-supported
reception,true,Reception|Fan|Customer,CRM|Packages|Scheduling,marketplace,web,available,allowed,allowed,allowed,allowed,allowed,not-supported,not-supported,not-supported,not-supported,not-supported,not-supported,not-supported,not-supported,not-supported,not-supported,not-supported,not-supported
reception,true,Reception|Fan|Customer,CRM|Packages|Scheduling,marketplace,mobile,web-fallback,allowed,allowed,allowed,allowed,allowed,not-supported,not-supported,not-supported,not-supported,not-supported,not-supported,not-supported,not-supported,not-supported,not-supported,not-supported,not-supported
reception,true,Reception|Fan|Customer,CRM|Packages|Scheduling,marketplace.order-tracking,web,available,allowed,allowed,not-supported,not-supported,not-supported,not-supported,not-supported,not-supported,not-supported,not-supported,not-supported,not-supported,not-supported,not-supported,not-supported,not-supported,not-supported
reception,true,Reception|Fan|Customer,CRM|Packages|Scheduling,marketplace.order-tracking,mobile,web-fallback,allowed,allowed,not-supported,not-supported,not-supported,not-supported,not-supported,not-supported,not-supported,not-supported,not-supported,not-supported,not-supported,not-supported,not-supported,not-supported,not-supported
reception,true,Reception|Fan|Customer,CRM|Packages|Scheduling,service.mixing-mastering,web,available,allowed,allowed,not-supported,not-supported,not-supported,not-supported,not-supported,not-supported,not-supported,not-supported,not-supported,not-supported,not-supported,not-supported,not-supported,not-supported,not-supported
reception,true,Reception|Fan|Customer,CRM|Packages|Scheduling,service.mixing-mastering,mobile,web-fallback,allowed,allowed,not-supported,not-supported,not-supported,not-supported,not-supported,not-supported,not-supported,not-supported,not-supported,not-supported,not-supported,not-supported,not-supported,not-supported,not-supported
reception,true,Reception|Fan|Customer,CRM|Packages|Scheduling,bookings.public,web,available,allowed,allowed,allowed,not-supported,not-supported,not-supported,not-supported,not-supported,not-supported,not-supported,not-supported,not-supported,not-supported,not-supported,not-supported,not-supported,not-supported
reception,true,Reception|Fan|Customer,CRM|Packages|Scheduling,bookings.public,mobile,native,allowed,allowed,allowed,not-supported,not-supported,not-supported,not-supported,not-supported,not-supported,not-supported,not-supported,not-supported,not-supported,not-supported,not-supported,not-supported,not-supported
reception,true,Reception|Fan|Customer,CRM|Packages|Scheduling,bookings.dj-booth,web,available,allowed,allowed,not-supported,not-supported,not-supported,not-supported,not-supported,not-supported,not-supported,not-supported,not-supported,not-supported,not-supported,not-supported,not-supported,not-supported,not-supported
reception,true,Reception|Fan|Customer,CRM|Packages|Scheduling,bookings.dj-booth,mobile,native,allowed,allowed,not-supported,not-supported,not-supported,not-supported,not-supported,not-supported,not-supported,not-supported,not-supported,not-supported,not-supported,not-supported,not-supported,not-supported,not-supported
reception,true,Reception|Fan|Customer,CRM|Packages|Scheduling,public.trials,web,available,allowed,allowed,allowed,allowed,allowed,not-supported,not-supported,not-supported,not-supported,not-supported,not-supported,not-supported,not-supported,not-supported,not-supported,not-supported,not-supported
reception,true,Reception|Fan|Customer,CRM|Packages|Scheduling,public.trials,mobile,web-fallback,allowed,allowed,allowed,allowed,allowed,not-supported,not-supported,not-supported,not-supported,not-supported,not-supported,not-supported,not-supported,not-supported,not-supported,not-supported,not-supported
reception,true,Reception|Fan|Customer,CRM|Packages|Scheduling,public.live-session-registration,web,available,allowed,allowed,allowed,not-supported,not-supported,not-supported,not-supported,not-supported,not-supported,not-supported,not-supported,not-supported,not-supported,not-supported,not-supported,not-supported,not-supported
reception,true,Reception|Fan|Customer,CRM|Packages|Scheduling,public.live-session-registration,mobile,web-fallback,allowed,allowed,allowed,not-supported,not-supported,not-supported,not-supported,not-supported,not-supported,not-supported,not-supported,not-supported,not-supported,not-supported,not-supported,not-supported,not-supported
reception,true,Reception|Fan|Customer,CRM|Packages|Scheduling,public.records,web,available,allowed,allowed,not-supported,not-supported,not-supported,not-supported,not-supported,not-supported,not-supported,not-supported,not-supported,not-supported,not-supported,not-supported,not-supported,not-supported,not-supported
reception,true,Reception|Fan|Customer,CRM|Packages|Scheduling,public.records,mobile,web-fallback,allowed,allowed,not-supported,not-supported,not-supported,not-supported,not-supported,not-supported,not-supported,not-supported,not-supported,not-supported,not-supported,not-supported,not-supported,not-supported,not-supported
reception,true,Reception|Fan|Customer,CRM|Packages|Scheduling,public.donations,web,available,allowed,allowed,not-supported,not-supported,not-supported,not-supported,not-supported,not-supported,not-supported,not-supported,not-supported,not-supported,not-supported,not-supported,not-supported,not-supported,not-supported
reception,true,Reception|Fan|Customer,CRM|Packages|Scheduling,public.donations,mobile,web-fallback,allowed,allowed,not-supported,not-supported,not-supported,not-supported,not-supported,not-supported,not-supported,not-supported,not-supported,not-supported,not-supported,not-supported,not-supported,not-supported,not-supported
reception,true,Reception|Fan|Customer,CRM|Packages|Scheduling,public.domo,web,available,allowed,allowed,not-supported,not-supported,not-supported,not-supported,not-supported,not-supported,not-supported,not-supported,not-supported,not-supported,not-supported,not-supported,not-supported,not-supported,not-supported
reception,true,Reception|Fan|Customer,CRM|Packages|Scheduling,public.domo,mobile,web-fallback,allowed,allowed,not-supported,not-supported,not-supported,not-supported,not-supported,not-supported,not-supported,not-supported,not-supported,not-supported,not-supported,not-supported,not-supported,not-supported,not-supported
reception,true,Reception|Fan|Customer,CRM|Packages|Scheduling,profile.detail,web,available,allowed,allowed,not-supported,not-supported,not-supported,not-supported,not-supported,not-supported,not-supported,not-supported,not-supported,not-supported,not-supported,not-supported,not-supported,not-supported,not-supported
reception,true,Reception|Fan|Customer,CRM|Packages|Scheduling,profile.detail,mobile,not-available,not-available,not-available,not-available,not-available,not-available,not-available,not-available,not-available,not-available,not-available,not-available,not-available,not-available,not-available,not-available,not-available,not-available
reception,true,Reception|Fan|Customer,CRM|Packages|Scheduling,social,web,available,allowed,allowed,allowed,not-supported,allowed,not-supported,not-supported,not-supported,not-supported,not-supported,not-supported,not-supported,not-supported,not-supported,not-supported,not-supported,not-supported
reception,true,Reception|Fan|Customer,CRM|Packages|Scheduling,social,mobile,native,allowed,allowed,allowed,not-supported,allowed,not-supported,not-supported,not-supported,not-supported,not-supported,not-supported,not-supported,not-supported,not-supported,not-supported,not-supported,not-supported
reception,true,Reception|Fan|Customer,CRM|Packages|Scheduling,social.instagram,web,available,allowed,allowed,not-supported,not-supported,not-supported,not-supported,not-supported,not-supported,not-supported,not-supported,not-supported,not-supported,not-supported,not-supported,not-supported,not-supported,locked-requestable
reception,true,Reception|Fan|Customer,CRM|Packages|Scheduling,social.instagram,mobile,web-fallback,allowed,allowed,not-supported,not-supported,not-supported,not-supported,not-supported,not-supported,not-supported,not-supported,not-supported,not-supported,not-supported,not-supported,not-supported,not-supported,locked-requestable
reception,true,Reception|Fan|Customer,CRM|Packages|Scheduling,social.vcard,web,not-available,not-available,not-available,not-available,not-available,not-available,not-available,not-available,not-available,not-available,not-available,not-available,not-available,not-available,not-available,not-available,not-available,not-available
reception,true,Reception|Fan|Customer,CRM|Packages|Scheduling,social.vcard,mobile,native,allowed,allowed,allowed,not-supported,not-supported,not-supported,not-supported,not-supported,not-supported,not-supported,not-supported,not-supported,not-supported,not-supported,not-supported,not-supported,not-supported
reception,true,Reception|Fan|Customer,CRM|Packages|Scheduling,social.inbox,web,available,allowed,allowed,allowed,not-supported,not-supported,not-supported,not-supported,not-supported,not-supported,not-supported,not-supported,not-supported,not-supported,not-supported,not-supported,not-supported,not-supported
reception,true,Reception|Fan|Customer,CRM|Packages|Scheduling,social.inbox,mobile,web-fallback,allowed,allowed,allowed,not-supported,not-supported,not-supported,not-supported,not-supported,not-supported,not-supported,not-supported,not-supported,not-supported,not-supported,not-supported,not-supported,not-supported
reception,true,Reception|Fan|Customer,CRM|Packages|Scheduling,social.events,web,available,allowed,allowed,allowed,allowed,allowed,not-supported,not-supported,not-supported,not-supported,not-supported,not-supported,not-supported,not-supported,not-supported,allowed,not-supported,not-supported
reception,true,Reception|Fan|Customer,CRM|Packages|Scheduling,social.events,mobile,native,allowed,allowed,allowed,allowed,allowed,not-supported,not-supported,not-supported,not-supported,not-supported,not-supported,not-supported,not-supported,not-supported,allowed,not-supported,not-supported
reception,true,Reception|Fan|Customer,CRM|Packages|Scheduling,social.events.create,web,available,allowed,allowed,allowed,not-supported,not-supported,not-supported,not-supported,not-supported,not-supported,not-supported,not-supported,not-supported,not-supported,not-supported,not-supported,not-supported,not-supported
reception,true,Reception|Fan|Customer,CRM|Packages|Scheduling,social.events.create,mobile,native,allowed,allowed,allowed,not-supported,not-supported,not-supported,not-supported,not-supported,not-supported,not-supported,not-supported,not-supported,not-supported,not-supported,not-supported,not-supported,not-supported
reception,true,Reception|Fan|Customer,CRM|Packages|Scheduling,social.event.detail,web,available,allowed,allowed,not-supported,not-supported,not-supported,not-supported,not-supported,not-supported,not-supported,not-supported,not-supported,not-supported,not-supported,not-supported,not-supported,not-supported,not-supported
reception,true,Reception|Fan|Customer,CRM|Packages|Scheduling,social.event.detail,mobile,not-available,not-available,not-available,not-available,not-available,not-available,not-available,not-available,not-available,not-available,not-available,not-available,not-available,not-available,not-available,not-available,not-available,not-available
reception,true,Reception|Fan|Customer,CRM|Packages|Scheduling,social.event.logistics,web,available,allowed,allowed,allowed,allowed,allowed,not-supported,not-supported,not-supported,not-supported,not-supported,not-supported,not-supported,not-supported,allowed,not-supported,not-supported,not-supported
reception,true,Reception|Fan|Customer,CRM|Packages|Scheduling,social.event.logistics,mobile,not-available,not-available,not-available,not-available,not-available,not-available,not-available,not-available,not-available,not-available,not-available,not-available,not-available,not-available,not-available,not-available,not-available,not-available
reception,true,Reception|Fan|Customer,CRM|Packages|Scheduling,social.discovery,web,available,flag-required,flag-required,flag-required,flag-required,flag-required,flag-required,flag-required,flag-required,flag-required,flag-required,flag-required,flag-required,flag-required,flag-required,flag-required,flag-required,flag-required
reception,true,Reception|Fan|Customer,CRM|Packages|Scheduling,social.discovery,mobile,native,flag-required,flag-required,flag-required,flag-required,flag-required,flag-required,flag-required,flag-required,flag-required,flag-required,flag-required,flag-required,flag-required,flag-required,flag-required,flag-required,flag-required
reception,true,Reception|Fan|Customer,CRM|Packages|Scheduling,chat,web,available,allowed,allowed,allowed,not-supported,not-supported,not-supported,not-supported,not-supported,not-supported,not-supported,not-supported,not-supported,not-supported,not-supported,not-supported,not-supported,not-supported
reception,true,Reception|Fan|Customer,CRM|Packages|Scheduling,chat,mobile,web-fallback,allowed,allowed,allowed,not-supported,not-supported,not-supported,not-supported,not-supported,not-supported,not-supported,not-supported,not-supported,not-supported,not-supported,not-supported,not-supported,not-supported
reception,true,Reception|Fan|Customer,CRM|Packages|Scheduling,crm.contacts,web,available,allowed,allowed,allowed,allowed,locked-requestable,not-supported,not-supported,not-supported,allowed,not-supported,not-supported,not-supported,not-supported,locked-requestable,not-supported,not-supported,not-supported
reception,true,Reception|Fan|Customer,CRM|Packages|Scheduling,crm.contacts,mobile,native,allowed,allowed,allowed,allowed,locked-requestable,not-supported,not-supported,not-supported,allowed,not-supported,not-supported,not-supported,not-supported,locked-requestable,not-supported,not-supported,not-supported
reception,true,Reception|Fan|Customer,CRM|Packages|Scheduling,crm.companies,web,available,allowed,allowed,allowed,allowed,not-supported,not-supported,not-supported,not-supported,not-supported,not-supported,not-supported,not-supported,not-supported,not-supported,not-supported,not-supported,not-supported
reception,true,Reception|Fan|Customer,CRM|Packages|Scheduling,crm.companies,mobile,native,allowed,allowed,allowed,allowed,not-supported,not-supported,not-supported,not-supported,not-supported,not-supported,not-supported,not-supported,not-supported,not-supported,not-supported,not-supported,not-supported
reception,true,Reception|Fan|Customer,CRM|Packages|Scheduling,crm.leads,web,available,allowed,allowed,allowed,allowed,not-supported,not-supported,not-supported,not-supported,not-supported,not-supported,not-supported,not-supported,not-supported,allowed,not-supported,not-supported,not-supported
reception,true,Reception|Fan|Customer,CRM|Packages|Scheduling,crm.leads,mobile,web-fallback,allowed,allowed,allowed,allowed,not-supported,not-supported,not-supported,not-supported,not-supported,not-supported,not-supported,not-supported,not-supported,allowed,not-supported,not-supported,not-supported
reception,true,Reception|Fan|Customer,CRM|Packages|Scheduling,studio.calendar,web,available,allowed,allowed,allowed,allowed,locked-requestable,not-supported,not-supported,not-supported,not-supported,not-supported,not-supported,not-supported,not-supported,not-supported,not-supported,not-supported,not-supported
reception,true,Reception|Fan|Customer,CRM|Packages|Scheduling,studio.calendar,mobile,native,allowed,allowed,allowed,allowed,locked-requestable,not-supported,not-supported,not-supported,not-supported,not-supported,not-supported,not-supported,not-supported,not-supported,not-supported,not-supported,not-supported
reception,true,Reception|Fan|Customer,CRM|Packages|Scheduling,studio.rooms,web,available,allowed,allowed,locked-requestable,locked-requestable,not-supported,not-supported,not-supported,not-supported,not-supported,not-supported,not-supported,not-supported,not-supported,not-supported,not-supported,not-supported,not-supported
reception,true,Reception|Fan|Customer,CRM|Packages|Scheduling,studio.rooms,mobile,native,allowed,allowed,locked-requestable,locked-requestable,not-supported,not-supported,not-supported,not-supported,not-supported,not-supported,not-supported,not-supported,not-supported,not-supported,not-supported,not-supported,not-supported
reception,true,Reception|Fan|Customer,CRM|Packages|Scheduling,studio.orders,web,available,allowed,allowed,allowed,allowed,not-supported,not-supported,not-supported,not-supported,not-supported,not-supported,not-supported,locked-requestable,not-supported,not-supported,not-supported,not-supported,not-supported
reception,true,Reception|Fan|Customer,CRM|Packages|Scheduling,studio.orders,mobile,web-fallback,allowed,allowed,allowed,allowed,not-supported,not-supported,not-supported,not-supported,not-supported,not-supported,not-supported,locked-requestable,not-supported,not-supported,not-supported,not-supported,not-supported
reception,true,Reception|Fan|Customer,CRM|Packages|Scheduling,studio.services,web,available,allowed,allowed,locked-requestable,locked-requestable,locked-requestable,not-supported,not-supported,not-supported,not-supported,not-supported,not-supported,not-supported,not-supported,not-supported,not-supported,not-supported,not-supported
reception,true,Reception|Fan|Customer,CRM|Packages|Scheduling,studio.services,mobile,web-fallback,allowed,allowed,locked-requestable,locked-requestable,locked-requestable,not-supported,not-supported,not-supported,not-supported,not-supported,not-supported,not-supported,not-supported,not-supported,not-supported,not-supported,not-supported
reception,true,Reception|Fan|Customer,CRM|Packages|Scheduling,studio.pipelines,web,available,allowed,allowed,allowed,allowed,locked-requestable,not-supported,not-supported,not-supported,not-supported,not-supported,not-supported,not-supported,not-supported,allowed,not-supported,not-supported,not-supported
reception,true,Reception|Fan|Customer,CRM|Packages|Scheduling,studio.pipelines,mobile,native,allowed,allowed,allowed,allowed,locked-requestable,not-supported,not-supported,not-supported,not-supported,not-supported,not-supported,not-supported,not-supported,allowed,not-supported,not-supported,not-supported
reception,true,Reception|Fan|Customer,CRM|Packages|Scheduling,studio.live-sessions,web,available,allowed,allowed,allowed,allowed,not-supported,not-supported,not-supported,not-supported,not-supported,not-supported,not-supported,not-supported,not-supported,not-supported,not-supported,not-supported,not-supported
reception,true,Reception|Fan|Customer,CRM|Packages|Scheduling,studio.live-sessions,mobile,web-fallback,allowed,allowed,allowed,allowed,not-supported,not-supported,not-supported,not-supported,not-supported,not-supported,not-supported,not-supported,not-supported,not-supported,not-supported,not-supported,not-supported
reception,true,Reception|Fan|Customer,CRM|Packages|Scheduling,studio.domo-campaign,web,available,allowed,allowed,not-supported,locked-requestable,not-supported,not-supported,not-supported,not-supported,not-supported,not-supported,not-supported,not-supported,not-supported,not-supported,not-supported,not-supported,not-supported
reception,true,Reception|Fan|Customer,CRM|Packages|Scheduling,studio.domo-campaign,mobile,web-fallback,allowed,allowed,not-supported,locked-requestable,not-supported,not-supported,not-supported,not-supported,not-supported,not-supported,not-supported,not-supported,not-supported,not-supported,not-supported,not-supported,not-supported
reception,true,Reception|Fan|Customer,CRM|Packages|Scheduling,studio.reports,web,available,allowed,allowed,not-supported,not-supported,not-supported,not-supported,not-supported,not-supported,allowed,not-supported,not-supported,not-supported,not-supported,not-supported,not-supported,allowed,not-supported
reception,true,Reception|Fan|Customer,CRM|Packages|Scheduling,studio.reports,mobile,web-fallback,allowed,allowed,not-supported,not-supported,not-supported,not-supported,not-supported,not-supported,allowed,not-supported,not-supported,not-supported,not-supported,not-supported,not-supported,allowed,not-supported
reception,true,Reception|Fan|Customer,CRM|Packages|Scheduling,school.teacher-portal,web,available,allowed,allowed,allowed,allowed,locked-requestable,not-supported,not-supported,not-supported,not-supported,not-supported,not-supported,not-supported,not-supported,not-supported,not-supported,not-supported,not-supported
reception,true,Reception|Fan|Customer,CRM|Packages|Scheduling,school.teacher-portal,mobile,web-fallback,allowed,allowed,allowed,allowed,locked-requestable,not-supported,not-supported,not-supported,not-supported,not-supported,not-supported,not-supported,not-supported,not-supported,not-supported,not-supported,not-supported
reception,true,Reception|Fan|Customer,CRM|Packages|Scheduling,school.teachers,web,available,allowed,allowed,locked-requestable,locked-requestable,not-supported,not-supported,not-supported,not-supported,not-supported,not-supported,not-supported,not-supported,not-supported,not-supported,not-supported,not-supported,not-supported
reception,true,Reception|Fan|Customer,CRM|Packages|Scheduling,school.teachers,mobile,web-fallback,allowed,allowed,locked-requestable,locked-requestable,not-supported,not-supported,not-supported,not-supported,not-supported,not-supported,not-supported,not-supported,not-supported,not-supported,not-supported,not-supported,not-supported
reception,true,Reception|Fan|Customer,CRM|Packages|Scheduling,school.classes,web,available,allowed,allowed,allowed,allowed,not-supported,not-supported,not-supported,not-supported,not-supported,not-supported,not-supported,not-supported,not-supported,not-supported,not-supported,not-supported,not-supported
reception,true,Reception|Fan|Customer,CRM|Packages|Scheduling,school.classes,mobile,web-fallback,allowed,allowed,allowed,allowed,not-supported,not-supported,not-supported,not-supported,not-supported,not-supported,not-supported,not-supported,not-supported,not-supported,not-supported,not-supported,not-supported
reception,true,Reception|Fan|Customer,CRM|Packages|Scheduling,school.trial-lessons,web,available,allowed,allowed,allowed,not-supported,not-supported,not-supported,not-supported,not-supported,not-supported,not-supported,not-supported,not-supported,not-supported,allowed,not-supported,not-supported,not-supported
reception,true,Reception|Fan|Customer,CRM|Packages|Scheduling,school.trial-lessons,mobile,web-fallback,allowed,allowed,allowed,not-supported,not-supported,not-supported,not-supported,not-supported,not-supported,not-supported,not-supported,not-supported,not-supported,allowed,not-supported,not-supported,not-supported
reception,true,Reception|Fan|Customer,CRM|Packages|Scheduling,school.trial-queue,web,available,allowed,allowed,not-supported,not-supported,not-supported,not-supported,not-supported,not-supported,not-supported,not-supported,not-supported,not-supported,not-supported,allowed,not-supported,not-supported,not-supported
reception,true,Reception|Fan|Customer,CRM|Packages|Scheduling,school.trial-queue,mobile,web-fallback,allowed,allowed,not-supported,not-supported,not-supported,not-supported,not-supported,not-supported,not-supported,not-supported,not-supported,not-supported,not-supported,allowed,not-supported,not-supported,not-supported
reception,true,Reception|Fan|Customer,CRM|Packages|Scheduling,internships,web,available,locked-requestable,locked-requestable,locked-requestable,locked-requestable,locked-requestable,not-supported,not-supported,not-supported,not-supported,not-supported,not-supported,locked-requestable,not-supported,not-supported,not-supported,not-supported,not-supported
reception,true,Reception|Fan|Customer,CRM|Packages|Scheduling,internships,mobile,web-fallback,locked-requestable,locked-requestable,locked-requestable,locked-requestable,locked-requestable,not-supported,not-supported,not-supported,not-supported,not-supported,not-supported,locked-requestable,not-supported,not-supported,not-supported,not-supported,not-supported
reception,true,Reception|Fan|Customer,CRM|Packages|Scheduling,label.artists,web,available,locked-requestable,locked-requestable,locked-requestable,locked-requestable,locked-requestable,not-supported,not-supported,not-supported,not-supported,not-supported,not-supported,not-supported,not-supported,not-supported,not-supported,locked-requestable,not-supported
reception,true,Reception|Fan|Customer,CRM|Packages|Scheduling,label.artists,mobile,native,locked-requestable,locked-requestable,locked-requestable,locked-requestable,locked-requestable,not-supported,not-supported,not-supported,not-supported,not-supported,not-supported,not-supported,not-supported,not-supported,not-supported,locked-requestable,not-supported
reception,true,Reception|Fan|Customer,CRM|Packages|Scheduling,label.projects,web,available,locked-requestable,locked-requestable,locked-requestable,locked-requestable,not-supported,not-supported,not-supported,not-supported,not-supported,not-supported,not-supported,not-supported,not-supported,locked-requestable,not-supported,not-supported,not-supported
reception,true,Reception|Fan|Customer,CRM|Packages|Scheduling,label.projects,mobile,web-fallback,locked-requestable,locked-requestable,locked-requestable,locked-requestable,not-supported,not-supported,not-supported,not-supported,not-supported,not-supported,not-supported,not-supported,not-supported,locked-requestable,not-supported,not-supported,not-supported
reception,true,Reception|Fan|Customer,CRM|Packages|Scheduling,label.releases,web,available,locked-requestable,locked-requestable,locked-requestable,locked-requestable,locked-requestable,not-supported,not-supported,not-supported,locked-requestable,not-supported,not-supported,not-supported,not-supported,not-supported,locked-requestable,not-supported,not-supported
reception,true,Reception|Fan|Customer,CRM|Packages|Scheduling,label.releases,mobile,web-fallback,locked-requestable,locked-requestable,locked-requestable,locked-requestable,locked-requestable,not-supported,not-supported,not-supported,locked-requestable,not-supported,not-supported,not-supported,not-supported,not-supported,locked-requestable,not-supported,not-supported
reception,true,Reception|Fan|Customer,CRM|Packages|Scheduling,label.assets,web,available,locked-requestable,locked-requestable,locked-requestable,locked-requestable,locked-requestable,not-supported,not-supported,not-supported,not-supported,not-supported,not-supported,not-supported,not-supported,not-supported,not-supported,not-supported,not-supported
reception,true,Reception|Fan|Customer,CRM|Packages|Scheduling,label.assets,mobile,web-fallback,locked-requestable,locked-requestable,locked-requestable,locked-requestable,locked-requestable,not-supported,not-supported,not-supported,not-supported,not-supported,not-supported,not-supported,not-supported,not-supported,not-supported,not-supported,not-supported
reception,true,Reception|Fan|Customer,CRM|Packages|Scheduling,label.tracks,web,available,locked-requestable,locked-requestable,locked-requestable,locked-requestable,locked-requestable,not-supported,not-supported,not-supported,not-supported,not-supported,not-supported,not-supported,not-supported,not-supported,not-supported,not-supported,not-supported
reception,true,Reception|Fan|Customer,CRM|Packages|Scheduling,label.tracks,mobile,web-fallback,locked-requestable,locked-requestable,locked-requestable,locked-requestable,locked-requestable,not-supported,not-supported,not-supported,not-supported,not-supported,not-supported,not-supported,not-supported,not-supported,not-supported,not-supported,not-supported
reception,true,Reception|Fan|Customer,CRM|Packages|Scheduling,label.ddex.inbox,web,available,locked-requestable,locked-requestable,not-supported,not-supported,not-supported,not-supported,not-supported,locked-requestable,locked-requestable,not-supported,locked-requestable,not-supported,not-supported,not-supported,not-supported,not-supported,not-supported
reception,true,Reception|Fan|Customer,CRM|Packages|Scheduling,label.ddex.inbox,mobile,native,locked-requestable,locked-requestable,not-supported,not-supported,not-supported,not-supported,not-supported,locked-requestable,locked-requestable,not-supported,locked-requestable,not-supported,not-supported,not-supported,not-supported,not-supported,not-supported
reception,true,Reception|Fan|Customer,CRM|Packages|Scheduling,label.ddex.document,web,available,locked-requestable,locked-requestable,not-supported,not-supported,not-supported,not-supported,not-supported,not-supported,not-supported,not-supported,locked-requestable,not-supported,not-supported,not-supported,not-supported,not-supported,not-supported
reception,true,Reception|Fan|Customer,CRM|Packages|Scheduling,label.ddex.document,mobile,not-available,not-available,not-available,not-available,not-available,not-available,not-available,not-available,not-available,not-available,not-available,not-available,not-available,not-available,not-available,not-available,not-available,not-available
reception,true,Reception|Fan|Customer,CRM|Packages|Scheduling,label.ddex.import,web,available,concealed,concealed,concealed,concealed,concealed,concealed,concealed,concealed,concealed,concealed,concealed,concealed,concealed,concealed,concealed,concealed,concealed
reception,true,Reception|Fan|Customer,CRM|Packages|Scheduling,label.ddex.import,mobile,not-available,not-available,not-available,not-available,not-available,not-available,not-available,not-available,not-available,not-available,not-available,not-available,not-available,not-available,not-available,not-available,not-available,not-available
reception,true,Reception|Fan|Customer,CRM|Packages|Scheduling,label.ddex.partners,web,available,locked-requestable,locked-requestable,locked-requestable,locked-requestable,locked-requestable,not-supported,not-supported,not-supported,not-supported,not-supported,not-supported,not-supported,not-supported,not-supported,not-supported,not-supported,locked-requestable
reception,true,Reception|Fan|Customer,CRM|Packages|Scheduling,label.ddex.partners,mobile,native,locked-requestable,locked-requestable,locked-requestable,locked-requestable,locked-requestable,not-supported,not-supported,not-supported,not-supported,not-supported,not-supported,not-supported,not-supported,not-supported,not-supported,not-supported,locked-requestable
reception,true,Reception|Fan|Customer,CRM|Packages|Scheduling,operations.inventory,web,available,locked-requestable,locked-requestable,locked-requestable,locked-requestable,locked-requestable,not-supported,not-supported,not-supported,not-supported,not-supported,not-supported,not-supported,not-supported,locked-requestable,not-supported,locked-requestable,not-supported
reception,true,Reception|Fan|Customer,CRM|Packages|Scheduling,operations.inventory,mobile,native,locked-requestable,locked-requestable,locked-requestable,locked-requestable,locked-requestable,not-supported,not-supported,not-supported,not-supported,not-supported,not-supported,not-supported,not-supported,locked-requestable,not-supported,locked-requestable,not-supported
reception,true,Reception|Fan|Customer,CRM|Packages|Scheduling,operations.marketplace-orders,web,available,locked-requestable,locked-requestable,locked-requestable,locked-requestable,locked-requestable,not-supported,not-supported,not-supported,locked-requestable,not-supported,not-supported,locked-requestable,not-supported,not-supported,not-supported,not-supported,not-supported
reception,true,Reception|Fan|Customer,CRM|Packages|Scheduling,operations.marketplace-orders,mobile,web-fallback,locked-requestable,locked-requestable,locked-requestable,locked-requestable,locked-requestable,not-supported,not-supported,not-supported,locked-requestable,not-supported,not-supported,locked-requestable,not-supported,not-supported,not-supported,not-supported,not-supported
reception,true,Reception|Fan|Customer,CRM|Packages|Scheduling,operations.equipment-bookings,web,available,locked-requestable,locked-requestable,locked-requestable,locked-requestable,not-supported,not-supported,not-supported,not-supported,not-supported,not-supported,not-supported,not-supported,not-supported,not-supported,not-supported,not-supported,not-supported
reception,true,Reception|Fan|Customer,CRM|Packages|Scheduling,operations.equipment-bookings,mobile,native,locked-requestable,locked-requestable,locked-requestable,locked-requestable,not-supported,not-supported,not-supported,not-supported,not-supported,not-supported,not-supported,not-supported,not-supported,not-supported,not-supported,not-supported,not-supported
reception,true,Reception|Fan|Customer,CRM|Packages|Scheduling,finance.payments,web,available,locked-requestable,locked-requestable,locked-requestable,locked-requestable,not-supported,not-supported,not-supported,not-supported,locked-requestable,not-supported,not-supported,not-supported,not-supported,not-supported,not-supported,locked-requestable,not-supported
reception,true,Reception|Fan|Customer,CRM|Packages|Scheduling,finance.payments,mobile,web-fallback,locked-requestable,locked-requestable,locked-requestable,locked-requestable,not-supported,not-supported,not-supported,not-supported,locked-requestable,not-supported,not-supported,not-supported,not-supported,not-supported,not-supported,locked-requestable,not-supported
reception,true,Reception|Fan|Customer,CRM|Packages|Scheduling,finance.account-report-builder,web,available,locked-requestable,locked-requestable,not-supported,not-supported,not-supported,not-supported,not-supported,not-supported,locked-requestable,not-supported,not-supported,not-supported,not-supported,not-supported,not-supported,locked-requestable,not-supported
reception,true,Reception|Fan|Customer,CRM|Packages|Scheduling,finance.account-report-builder,mobile,web-fallback,locked-requestable,locked-requestable,not-supported,not-supported,not-supported,not-supported,not-supported,not-supported,locked-requestable,not-supported,not-supported,not-supported,not-supported,not-supported,not-supported,locked-requestable,not-supported
reception,true,Reception|Fan|Customer,CRM|Packages|Scheduling,finance.esteban-report,web,available,locked-requestable,locked-requestable,not-supported,not-supported,not-supported,not-supported,not-supported,not-supported,locked-requestable,not-supported,not-supported,not-supported,not-supported,not-supported,not-supported,locked-requestable,not-supported
reception,true,Reception|Fan|Customer,CRM|Packages|Scheduling,finance.esteban-report,mobile,web-fallback,locked-requestable,locked-requestable,not-supported,not-supported,not-supported,not-supported,not-supported,not-supported,locked-requestable,not-supported,not-supported,not-supported,not-supported,not-supported,not-supported,locked-requestable,not-supported
reception,true,Reception|Fan|Customer,CRM|Packages|Scheduling,finance.david-report,web,available,locked-requestable,locked-requestable,not-supported,not-supported,not-supported,not-supported,not-supported,not-supported,locked-requestable,not-supported,not-supported,not-supported,not-supported,not-supported,not-supported,locked-requestable,not-supported
reception,true,Reception|Fan|Customer,CRM|Packages|Scheduling,finance.david-report,mobile,web-fallback,locked-requestable,locked-requestable,not-supported,not-supported,not-supported,not-supported,not-supported,not-supported,locked-requestable,not-supported,not-supported,not-supported,not-supported,not-supported,not-supported,locked-requestable,not-supported
reception,true,Reception|Fan|Customer,CRM|Packages|Scheduling,admin.course-registrations,web,available,locked-requestable,locked-requestable,locked-requestable,locked-requestable,locked-requestable,not-supported,not-supported,not-supported,locked-requestable,not-supported,not-supported,locked-requestable,not-supported,not-supported,not-supported,not-supported,not-supported
reception,true,Reception|Fan|Customer,CRM|Packages|Scheduling,admin.course-registrations,mobile,web-fallback,locked-requestable,locked-requestable,locked-requestable,locked-requestable,locked-requestable,not-supported,not-supported,not-supported,locked-requestable,not-supported,not-supported,locked-requestable,not-supported,not-supported,not-supported,not-supported,not-supported
reception,true,Reception|Fan|Customer,CRM|Packages|Scheduling,admin.courses,web,available,locked-requestable,locked-requestable,locked-requestable,locked-requestable,not-supported,not-supported,not-supported,not-supported,not-supported,not-supported,not-supported,not-supported,not-supported,not-supported,locked-requestable,not-supported,not-supported
reception,true,Reception|Fan|Customer,CRM|Packages|Scheduling,admin.courses,mobile,web-fallback,locked-requestable,locked-requestable,locked-requestable,locked-requestable,not-supported,not-supported,not-supported,not-supported,not-supported,not-supported,not-supported,not-supported,not-supported,not-supported,locked-requestable,not-supported,not-supported
reception,true,Reception|Fan|Customer,CRM|Packages|Scheduling,admin.users,web,available,concealed,concealed,concealed,concealed,concealed,not-supported,concealed,not-supported,not-supported,not-supported,not-supported,not-supported,not-supported,not-supported,not-supported,not-supported,concealed
reception,true,Reception|Fan|Customer,CRM|Packages|Scheduling,admin.users,mobile,not-available,not-available,not-available,not-available,not-available,not-available,not-available,not-available,not-available,not-available,not-available,not-available,not-available,not-available,not-available,not-available,not-available,not-available
reception,true,Reception|Fan|Customer,CRM|Packages|Scheduling,admin.roles,web,available,concealed,concealed,not-supported,concealed,not-supported,not-supported,not-supported,not-supported,not-supported,not-supported,not-supported,not-supported,not-supported,not-supported,not-supported,not-supported,concealed
reception,true,Reception|Fan|Customer,CRM|Packages|Scheduling,admin.roles,mobile,not-available,not-available,not-available,not-available,not-available,not-available,not-available,not-available,not-available,not-available,not-available,not-available,not-available,not-available,not-available,not-available,not-available,not-available
reception,true,Reception|Fan|Customer,CRM|Packages|Scheduling,admin.system-status,web,available,locked-requestable,locked-requestable,not-supported,not-supported,not-supported,not-supported,not-supported,not-supported,not-supported,not-supported,not-supported,not-supported,not-supported,not-supported,not-supported,not-supported,not-supported
reception,true,Reception|Fan|Customer,CRM|Packages|Scheduling,admin.system-status,mobile,web-fallback,locked-requestable,locked-requestable,not-supported,not-supported,not-supported,not-supported,not-supported,not-supported,not-supported,not-supported,not-supported,not-supported,not-supported,not-supported,not-supported,not-supported,not-supported
reception,true,Reception|Fan|Customer,CRM|Packages|Scheduling,admin.activity,web,available,locked-requestable,locked-requestable,not-supported,not-supported,not-supported,not-supported,not-supported,not-supported,locked-requestable,not-supported,not-supported,not-supported,not-supported,not-supported,not-supported,not-supported,not-supported
reception,true,Reception|Fan|Customer,CRM|Packages|Scheduling,admin.activity,mobile,web-fallback,locked-requestable,locked-requestable,not-supported,not-supported,not-supported,not-supported,not-supported,not-supported,locked-requestable,not-supported,not-supported,not-supported,not-supported,not-supported,not-supported,not-supported,not-supported
reception,true,Reception|Fan|Customer,CRM|Packages|Scheduling,admin.logs,web,available,locked-requestable,locked-requestable,not-supported,not-supported,locked-requestable,not-supported,not-supported,not-supported,not-supported,not-supported,not-supported,not-supported,not-supported,not-supported,not-supported,not-supported,not-supported
reception,true,Reception|Fan|Customer,CRM|Packages|Scheduling,admin.logs,mobile,web-fallback,locked-requestable,locked-requestable,not-supported,not-supported,locked-requestable,not-supported,not-supported,not-supported,not-supported,not-supported,not-supported,not-supported,not-supported,not-supported,not-supported,not-supported,not-supported
reception,true,Reception|Fan|Customer,CRM|Packages|Scheduling,admin.diagnostics,web,available,locked-requestable,locked-requestable,not-supported,not-supported,not-supported,not-supported,not-supported,not-supported,not-supported,not-supported,not-supported,not-supported,not-supported,not-supported,not-supported,not-supported,locked-requestable
reception,true,Reception|Fan|Customer,CRM|Packages|Scheduling,admin.diagnostics,mobile,web-fallback,locked-requestable,locked-requestable,not-supported,not-supported,not-supported,not-supported,not-supported,not-supported,not-supported,not-supported,not-supported,not-supported,not-supported,not-supported,not-supported,not-supported,locked-requestable
reception,true,Reception|Fan|Customer,CRM|Packages|Scheduling,admin.brain,web,available,locked-requestable,locked-requestable,locked-requestable,locked-requestable,not-supported,not-supported,not-supported,not-supported,not-supported,not-supported,not-supported,not-supported,not-supported,not-supported,not-supported,not-supported,locked-requestable
reception,true,Reception|Fan|Customer,CRM|Packages|Scheduling,admin.brain,mobile,web-fallback,locked-requestable,locked-requestable,locked-requestable,locked-requestable,not-supported,not-supported,not-supported,not-supported,not-supported,not-supported,not-supported,not-supported,not-supported,not-supported,not-supported,not-supported,locked-requestable
reception,true,Reception|Fan|Customer,CRM|Packages|Scheduling,admin.calendar-integration,web,available,concealed,concealed,not-supported,not-supported,not-supported,not-supported,not-supported,not-supported,not-supported,not-supported,not-supported,not-supported,not-supported,not-supported,not-supported,not-supported,concealed
reception,true,Reception|Fan|Customer,CRM|Packages|Scheduling,admin.calendar-integration,mobile,not-available,not-available,not-available,not-available,not-available,not-available,not-available,not-available,not-available,not-available,not-available,not-available,not-available,not-available,not-available,not-available,not-available,not-available
reception,true,Reception|Fan|Customer,CRM|Packages|Scheduling,admin.cms,web,available,locked-requestable,locked-requestable,locked-requestable,locked-requestable,locked-requestable,not-supported,not-supported,not-supported,not-supported,not-supported,not-supported,not-supported,not-supported,not-supported,locked-requestable,not-supported,not-supported
reception,true,Reception|Fan|Customer,CRM|Packages|Scheduling,admin.cms,mobile,web-fallback,locked-requestable,locked-requestable,locked-requestable,locked-requestable,locked-requestable,not-supported,not-supported,not-supported,not-supported,not-supported,not-supported,not-supported,not-supported,not-supported,locked-requestable,not-supported,not-supported
reception,true,Reception|Fan|Customer,CRM|Packages|Scheduling,admin.campaign-automations,web,available,locked-requestable,locked-requestable,locked-requestable,locked-requestable,not-supported,not-supported,not-supported,not-supported,not-supported,not-supported,not-supported,not-supported,not-supported,not-supported,locked-requestable,not-supported,not-supported
reception,true,Reception|Fan|Customer,CRM|Packages|Scheduling,admin.campaign-automations,mobile,web-fallback,locked-requestable,locked-requestable,locked-requestable,locked-requestable,not-supported,not-supported,not-supported,not-supported,not-supported,not-supported,not-supported,not-supported,not-supported,not-supported,locked-requestable,not-supported,not-supported
reception,true,Reception|Fan|Customer,CRM|Packages|Scheduling,admin.event-sources,web,available,flag-required,flag-required,flag-required,flag-required,flag-required,flag-required,flag-required,flag-required,flag-required,flag-required,flag-required,flag-required,flag-required,flag-required,flag-required,flag-required,flag-required
reception,true,Reception|Fan|Customer,CRM|Packages|Scheduling,admin.event-sources,mobile,not-available,not-available,not-available,not-available,not-available,not-available,not-available,not-available,not-available,not-available,not-available,not-available,not-available,not-available,not-available,not-available,not-available,not-available
reception,true,Reception|Fan|Customer,CRM|Packages|Scheduling,admin.whatsapp-consent,web,available,concealed,concealed,not-supported,not-supported,not-supported,not-supported,not-supported,not-supported,not-supported,not-supported,not-supported,not-supported,not-supported,not-supported,not-supported,not-supported,concealed
reception,true,Reception|Fan|Customer,CRM|Packages|Scheduling,admin.whatsapp-consent,mobile,not-available,not-available,not-available,not-available,not-available,not-available,not-available,not-available,not-available,not-available,not-available,not-available,not-available,not-available,not-available,not-available,not-available,not-available
reception,true,Reception|Fan|Customer,CRM|Packages|Scheduling,admin.ux-options,web,available,locked-requestable,locked-requestable,locked-requestable,locked-requestable,not-supported,not-supported,not-supported,not-supported,not-supported,not-supported,not-supported,not-supported,not-supported,not-supported,not-supported,not-supported,not-supported
reception,true,Reception|Fan|Customer,CRM|Packages|Scheduling,admin.ux-options,mobile,web-fallback,locked-requestable,locked-requestable,locked-requestable,locked-requestable,not-supported,not-supported,not-supported,not-supported,not-supported,not-supported,not-supported,not-supported,not-supported,not-supported,not-supported,not-supported,not-supported
reception,true,Reception|Fan|Customer,CRM|Packages|Scheduling,admin.preferences,web,available,locked-requestable,locked-requestable,not-supported,locked-requestable,not-supported,not-supported,not-supported,not-supported,not-supported,not-supported,not-supported,not-supported,not-supported,not-supported,not-supported,not-supported,not-supported
reception,true,Reception|Fan|Customer,CRM|Packages|Scheduling,admin.preferences,mobile,web-fallback,locked-requestable,locked-requestable,not-supported,locked-requestable,not-supported,not-supported,not-supported,not-supported,not-supported,not-supported,not-supported,not-supported,not-supported,not-supported,not-supported,not-supported,not-supported
reception,true,Reception|Fan|Customer,CRM|Packages|Scheduling,tools.chatkit,web,available,locked-requestable,locked-requestable,locked-requestable,not-supported,not-supported,not-supported,not-supported,not-supported,not-supported,not-supported,not-supported,not-supported,not-supported,not-supported,not-supported,not-supported,not-supported
reception,true,Reception|Fan|Customer,CRM|Packages|Scheduling,tools.chatkit,mobile,web-fallback,locked-requestable,locked-requestable,locked-requestable,not-supported,not-supported,not-supported,not-supported,not-supported,not-supported,not-supported,not-supported,not-supported,not-supported,not-supported,not-supported,not-supported,not-supported
reception,true,Reception|Fan|Customer,CRM|Packages|Scheduling,tools.tidal-agent,web,available,locked-requestable,locked-requestable,locked-requestable,not-supported,not-supported,not-supported,not-supported,not-supported,not-supported,not-supported,not-supported,not-supported,not-supported,not-supported,not-supported,not-supported,not-supported
reception,true,Reception|Fan|Customer,CRM|Packages|Scheduling,tools.tidal-agent,mobile,web-fallback,locked-requestable,locked-requestable,locked-requestable,not-supported,not-supported,not-supported,not-supported,not-supported,not-supported,not-supported,not-supported,not-supported,not-supported,not-supported,not-supported,not-supported,not-supported
reception,true,Reception|Fan|Customer,CRM|Packages|Scheduling,tools.music-maker,web,available,allowed,allowed,not-supported,not-supported,not-supported,not-supported,not-supported,not-supported,not-supported,not-supported,not-supported,not-supported,not-supported,not-supported,not-supported,not-supported,not-supported
reception,true,Reception|Fan|Customer,CRM|Packages|Scheduling,tools.music-maker,mobile,web-fallback,allowed,allowed,not-supported,not-supported,not-supported,not-supported,not-supported,not-supported,not-supported,not-supported,not-supported,not-supported,not-supported,not-supported,not-supported,not-supported,not-supported
reception,true,Reception|Fan|Customer,CRM|Packages|Scheduling,tools.admin-token,web,available,concealed,concealed,not-supported,not-supported,not-supported,not-supported,not-supported,not-supported,not-supported,not-supported,not-supported,not-supported,not-supported,not-supported,not-supported,not-supported,concealed
reception,true,Reception|Fan|Customer,CRM|Packages|Scheduling,tools.admin-token,mobile,not-available,not-available,not-available,not-available,not-available,not-available,not-available,not-available,not-available,not-available,not-available,not-available,not-available,not-available,not-available,not-available,not-available,not-available
reception,true,Reception|Fan|Customer,CRM|Packages|Scheduling,help.manual,web,available,allowed,allowed,not-supported,not-supported,not-supported,not-supported,not-supported,not-supported,not-supported,not-supported,not-supported,not-supported,not-supported,not-supported,not-supported,not-supported,not-supported
reception,true,Reception|Fan|Customer,CRM|Packages|Scheduling,help.manual,mobile,native,allowed,allowed,not-supported,not-supported,not-supported,not-supported,not-supported,not-supported,not-supported,not-supported,not-supported,not-supported,not-supported,not-supported,not-supported,not-supported,not-supported
reception,true,Reception|Fan|Customer,CRM|Packages|Scheduling,help.docs,web,available,allowed,allowed,not-supported,not-supported,not-supported,not-supported,not-supported,not-supported,not-supported,not-supported,not-supported,not-supported,not-supported,not-supported,not-supported,not-supported,not-supported
reception,true,Reception|Fan|Customer,CRM|Packages|Scheduling,help.docs,mobile,native,allowed,allowed,not-supported,not-supported,not-supported,not-supported,not-supported,not-supported,not-supported,not-supported,not-supported,not-supported,not-supported,not-supported,not-supported,not-supported,not-supported
reception,true,Reception|Fan|Customer,CRM|Packages|Scheduling,help.about,web,available,allowed,allowed,not-supported,not-supported,not-supported,not-supported,not-supported,not-supported,not-supported,not-supported,not-supported,not-supported,not-supported,not-supported,not-supported,not-supported,not-supported
reception,true,Reception|Fan|Customer,CRM|Packages|Scheduling,help.about,mobile,native,allowed,allowed,not-supported,not-supported,not-supported,not-supported,not-supported,not-supported,not-supported,not-supported,not-supported,not-supported,not-supported,not-supported,not-supported,not-supported,not-supported
reception,true,Reception|Fan|Customer,CRM|Packages|Scheduling,help.security,web,available,allowed,allowed,not-supported,not-supported,not-supported,not-supported,not-supported,not-supported,not-supported,not-supported,not-supported,not-supported,not-supported,not-supported,not-supported,not-supported,not-supported
reception,true,Reception|Fan|Customer,CRM|Packages|Scheduling,help.security,mobile,native,allowed,allowed,not-supported,not-supported,not-supported,not-supported,not-supported,not-supported,not-supported,not-supported,not-supported,not-supported,not-supported,not-supported,not-supported,not-supported,not-supported
reception,true,Reception|Fan|Customer,CRM|Packages|Scheduling,help.feedback,web,available,allowed,allowed,allowed,not-supported,not-supported,not-supported,not-supported,not-supported,not-supported,not-supported,not-supported,not-supported,not-supported,not-supported,not-supported,not-supported,not-supported
reception,true,Reception|Fan|Customer,CRM|Packages|Scheduling,help.feedback,mobile,native,allowed,allowed,allowed,not-supported,not-supported,not-supported,not-supported,not-supported,not-supported,not-supported,not-supported,not-supported,not-supported,not-supported,not-supported,not-supported,not-supported
reception,true,Reception|Fan|Customer,CRM|Packages|Scheduling,navigation.quick-create,web,not-available,not-available,not-available,not-available,not-available,not-available,not-available,not-available,not-available,not-available,not-available,not-available,not-available,not-available,not-available,not-available,not-available,not-available
reception,true,Reception|Fan|Customer,CRM|Packages|Scheduling,navigation.quick-create,mobile,native,allowed,allowed,not-supported,not-supported,not-supported,not-supported,not-supported,not-supported,not-supported,not-supported,not-supported,not-supported,not-supported,not-supported,not-supported,not-supported,not-supported
reception,true,Reception|Fan|Customer,CRM|Packages|Scheduling,navigation.explore,web,not-available,not-available,not-available,not-available,not-available,not-available,not-available,not-available,not-available,not-available,not-available,not-available,not-available,not-available,not-available,not-available,not-available,not-available
reception,true,Reception|Fan|Customer,CRM|Packages|Scheduling,navigation.explore,mobile,native,allowed,allowed,not-supported,allowed,allowed,not-supported,not-supported,not-supported,not-supported,not-supported,not-supported,not-supported,not-supported,not-supported,not-supported,not-supported,not-supported
reception,true,Reception|Fan|Customer,CRM|Packages|Scheduling,profile.self,web,not-available,not-available,not-available,not-available,not-available,not-available,not-available,not-available,not-available,not-available,not-available,not-available,not-available,not-available,not-available,not-available,not-available,not-available
reception,true,Reception|Fan|Customer,CRM|Packages|Scheduling,profile.self,mobile,native,allowed,allowed,not-supported,allowed,not-supported,not-supported,not-supported,not-supported,not-supported,not-supported,not-supported,not-supported,not-supported,not-supported,not-supported,not-supported,not-supported
reception,true,Reception|Fan|Customer,CRM|Packages|Scheduling,social.venues,web,not-available,not-available,not-available,not-available,not-available,not-available,not-available,not-available,not-available,not-available,not-available,not-available,not-available,not-available,not-available,not-available,not-available,not-available
reception,true,Reception|Fan|Customer,CRM|Packages|Scheduling,social.venues,mobile,native,allowed,allowed,allowed,allowed,not-supported,not-supported,not-supported,not-supported,not-supported,not-supported,not-supported,not-supported,not-supported,not-supported,not-supported,not-supported,not-supported
reception,true,Reception|Fan|Customer,CRM|Packages|Scheduling,social.venue.detail,web,not-available,not-available,not-available,not-available,not-available,not-available,not-available,not-available,not-available,not-available,not-available,not-available,not-available,not-available,not-available,not-available,not-available,not-available
reception,true,Reception|Fan|Customer,CRM|Packages|Scheduling,social.venue.detail,mobile,not-available,not-available,not-available,not-available,not-available,not-available,not-available,not-available,not-available,not-available,not-available,not-available,not-available,not-available,not-available,not-available,not-available,not-available
reception,true,Reception|Fan|Customer,CRM|Packages|Scheduling,social.venue.create,web,not-available,not-available,not-available,not-available,not-available,not-available,not-available,not-available,not-available,not-available,not-available,not-available,not-available,not-available,not-available,not-available,not-available,not-available
reception,true,Reception|Fan|Customer,CRM|Packages|Scheduling,social.venue.create,mobile,not-available,not-available,not-available,not-available,not-available,not-available,not-available,not-available,not-available,not-available,not-available,not-available,not-available,not-available,not-available,not-available,not-available,not-available
reception,true,Reception|Fan|Customer,CRM|Packages|Scheduling,artist.profile.edit,web,not-available,not-available,not-available,not-available,not-available,not-available,not-available,not-available,not-available,not-available,not-available,not-available,not-available,not-available,not-available,not-available,not-available,not-available
reception,true,Reception|Fan|Customer,CRM|Packages|Scheduling,artist.profile.edit,mobile,not-available,not-available,not-available,not-available,not-available,not-available,not-available,not-available,not-available,not-available,not-available,not-available,not-available,not-available,not-available,not-available,not-available,not-available
reception,true,Reception|Fan|Customer,CRM|Packages|Scheduling,studio.session.input-list,web,not-available,not-available,not-available,not-available,not-available,not-available,not-available,not-available,not-available,not-available,not-available,not-available,not-available,not-available,not-available,not-available,not-available,not-available
reception,true,Reception|Fan|Customer,CRM|Packages|Scheduling,studio.session.input-list,mobile,not-available,not-available,not-available,not-available,not-available,not-available,not-available,not-available,not-available,not-available,not-available,not-available,not-available,not-available,not-available,not-available,not-available,not-available
reception,true,Reception|Fan|Customer,CRM|Packages|Scheduling,social.tickets,web,not-available,not-available,not-available,not-available,not-available,not-available,not-available,not-available,not-available,not-available,not-available,not-available,not-available,not-available,not-available,not-available,not-available,not-available
reception,true,Reception|Fan|Customer,CRM|Packages|Scheduling,social.tickets,mobile,native,allowed,allowed,not-supported,not-supported,not-supported,not-supported,not-supported,not-supported,not-supported,not-supported,not-supported,not-supported,not-supported,not-supported,not-supported,not-supported,not-supported
reception,true,Reception|Fan|Customer,CRM|Packages|Scheduling,social.ticket-checkout,web,not-available,not-available,not-available,not-available,not-available,not-available,not-available,not-available,not-available,not-available,not-available,not-available,not-available,not-available,not-available,not-available,not-available,not-available
reception,true,Reception|Fan|Customer,CRM|Packages|Scheduling,social.ticket-checkout,mobile,not-available,not-available,not-available,not-available,not-available,not-available,not-available,not-available,not-available,not-available,not-available,not-available,not-available,not-available,not-available,not-available,not-available,not-available
reception,true,Reception|Fan|Customer,CRM|Packages|Scheduling,label.contracts.create,web,not-available,not-available,not-available,not-available,not-available,not-available,not-available,not-available,not-available,not-available,not-available,not-available,not-available,not-available,not-available,not-available,not-available,not-available
reception,true,Reception|Fan|Customer,CRM|Packages|Scheduling,label.contracts.create,mobile,not-available,not-available,not-available,not-available,not-available,not-available,not-available,not-available,not-available,not-available,not-available,not-available,not-available,not-available,not-available,not-available,not-available,not-available
reception,true,Reception|Fan|Customer,CRM|Packages|Scheduling,label.contracts.detail,web,not-available,not-available,not-available,not-available,not-available,not-available,not-available,not-available,not-available,not-available,not-available,not-available,not-available,not-available,not-available,not-available,not-available,not-available
reception,true,Reception|Fan|Customer,CRM|Packages|Scheduling,label.contracts.detail,mobile,not-available,not-available,not-available,not-available,not-available,not-available,not-available,not-available,not-available,not-available,not-available,not-available,not-available,not-available,not-available,not-available,not-available,not-available
reception,true,Reception|Fan|Customer,CRM|Packages|Scheduling,mobile.onboarding,web,not-available,not-available,not-available,not-available,not-available,not-available,not-available,not-available,not-available,not-available,not-available,not-available,not-available,not-available,not-available,not-available,not-available,not-available
reception,true,Reception|Fan|Customer,CRM|Packages|Scheduling,mobile.onboarding,mobile,native,allowed,allowed,not-supported,not-supported,not-supported,not-supported,not-supported,not-supported,not-supported,not-supported,not-supported,not-supported,not-supported,not-supported,not-supported,not-supported,not-supported
reception,true,Reception|Fan|Customer,CRM|Packages|Scheduling,technical.mobile-entry,web,not-available,not-available,not-available,not-available,not-available,not-available,not-available,not-available,not-available,not-available,not-available,not-available,not-available,not-available,not-available,not-available,not-available,not-available
reception,true,Reception|Fan|Customer,CRM|Packages|Scheduling,technical.mobile-entry,mobile,not-available,not-available,not-available,not-available,not-available,not-available,not-available,not-available,not-available,not-available,not-available,not-available,not-available,not-available,not-available,not-available,not-available,not-available
reception,true,Reception|Fan|Customer,CRM|Packages|Scheduling,access-requests.mine,web,available,allowed,allowed,not-supported,allowed,not-supported,not-supported,not-supported,not-supported,not-supported,not-supported,not-supported,not-supported,not-supported,not-supported,not-supported,not-supported,not-supported
reception,true,Reception|Fan|Customer,CRM|Packages|Scheduling,access-requests.mine,mobile,native,allowed,allowed,not-supported,allowed,not-supported,not-supported,not-supported,not-supported,not-supported,not-supported,not-supported,not-supported,not-supported,not-supported,not-supported,not-supported,not-supported
reception,true,Reception|Fan|Customer,CRM|Packages|Scheduling,access-requests.create,web,available,allowed,allowed,allowed,not-supported,not-supported,not-supported,not-supported,not-supported,not-supported,not-supported,not-supported,not-supported,not-supported,not-supported,not-supported,not-supported,not-supported
reception,true,Reception|Fan|Customer,CRM|Packages|Scheduling,access-requests.create,mobile,native,allowed,allowed,allowed,not-supported,not-supported,not-supported,not-supported,not-supported,not-supported,not-supported,not-supported,not-supported,not-supported,not-supported,not-supported,not-supported,not-supported
reception,true,Reception|Fan|Customer,CRM|Packages|Scheduling,access-requests.review,web,available,concealed,concealed,not-supported,not-supported,not-supported,not-supported,not-supported,not-supported,not-supported,not-supported,not-supported,concealed,concealed,not-supported,not-supported,not-supported,concealed
reception,true,Reception|Fan|Customer,CRM|Packages|Scheduling,access-requests.review,mobile,native,concealed,concealed,not-supported,not-supported,not-supported,not-supported,not-supported,not-supported,not-supported,not-supported,not-supported,concealed,concealed,not-supported,not-supported,not-supported,concealed
reception,true,Reception|Fan|Customer,CRM|Packages|Scheduling,technical.auth-login,web,available,concealed,concealed,concealed,concealed,concealed,concealed,concealed,concealed,concealed,concealed,concealed,concealed,concealed,concealed,concealed,concealed,concealed
reception,true,Reception|Fan|Customer,CRM|Packages|Scheduling,technical.auth-login,mobile,not-available,not-available,not-available,not-available,not-available,not-available,not-available,not-available,not-available,not-available,not-available,not-available,not-available,not-available,not-available,not-available,not-available,not-available
reception,true,Reception|Fan|Customer,CRM|Packages|Scheduling,technical.auth-reset,web,available,concealed,concealed,concealed,concealed,concealed,concealed,concealed,concealed,concealed,concealed,concealed,concealed,concealed,concealed,concealed,concealed,concealed
reception,true,Reception|Fan|Customer,CRM|Packages|Scheduling,technical.auth-reset,mobile,not-available,not-available,not-available,not-available,not-available,not-available,not-available,not-available,not-available,not-available,not-available,not-available,not-available,not-available,not-available,not-available,not-available,not-available
reception,true,Reception|Fan|Customer,CRM|Packages|Scheduling,technical.oauth-google-drive,web,available,concealed,concealed,concealed,concealed,concealed,concealed,concealed,concealed,concealed,concealed,concealed,concealed,concealed,concealed,concealed,concealed,concealed
reception,true,Reception|Fan|Customer,CRM|Packages|Scheduling,technical.oauth-google-drive,mobile,not-available,not-available,not-available,not-available,not-available,not-available,not-available,not-available,not-available,not-available,not-available,not-available,not-available,not-available,not-available,not-available,not-available,not-available
reception,true,Reception|Fan|Customer,CRM|Packages|Scheduling,technical.oauth-instagram,web,available,concealed,concealed,concealed,concealed,concealed,concealed,concealed,concealed,concealed,concealed,concealed,concealed,concealed,concealed,concealed,concealed,concealed
reception,true,Reception|Fan|Customer,CRM|Packages|Scheduling,technical.oauth-instagram,mobile,not-available,not-available,not-available,not-available,not-available,not-available,not-available,not-available,not-available,not-available,not-available,not-available,not-available,not-available,not-available,not-available,not-available,not-available
reception,true,Reception|Fan|Customer,CRM|Packages|Scheduling,technical.payment-return,web,available,concealed,concealed,concealed,concealed,concealed,concealed,concealed,concealed,concealed,concealed,concealed,concealed,concealed,concealed,concealed,concealed,concealed
reception,true,Reception|Fan|Customer,CRM|Packages|Scheduling,technical.payment-return,mobile,not-available,not-available,not-available,not-available,not-available,not-available,not-available,not-available,not-available,not-available,not-available,not-available,not-available,not-available,not-available,not-available,not-available,not-available
reception,true,Reception|Fan|Customer,CRM|Packages|Scheduling,technical.whatsapp-return,web,available,concealed,concealed,concealed,concealed,concealed,concealed,concealed,concealed,concealed,concealed,concealed,concealed,concealed,concealed,concealed,concealed,concealed
reception,true,Reception|Fan|Customer,CRM|Packages|Scheduling,technical.whatsapp-return,mobile,not-available,not-available,not-available,not-available,not-available,not-available,not-available,not-available,not-available,not-available,not-available,not-available,not-available,not-available,not-available,not-available,not-available,not-available
reception,true,Reception|Fan|Customer,CRM|Packages|Scheduling,technical.inventory-scan,web,available,concealed,concealed,concealed,concealed,concealed,concealed,concealed,concealed,concealed,concealed,concealed,concealed,concealed,concealed,concealed,concealed,concealed
reception,true,Reception|Fan|Customer,CRM|Packages|Scheduling,technical.inventory-scan,mobile,not-available,not-available,not-available,not-available,not-available,not-available,not-available,not-available,not-available,not-available,not-available,not-available,not-available,not-available,not-available,not-available,not-available,not-available
reception,true,Reception|Fan|Customer,CRM|Packages|Scheduling,technical.course-public,web,available,allowed,allowed,not-supported,not-supported,not-supported,not-supported,not-supported,not-supported,not-supported,not-supported,not-supported,not-supported,not-supported,not-supported,not-supported,not-supported,not-supported
reception,true,Reception|Fan|Customer,CRM|Packages|Scheduling,technical.course-public,mobile,web-fallback,allowed,allowed,not-supported,not-supported,not-supported,not-supported,not-supported,not-supported,not-supported,not-supported,not-supported,not-supported,not-supported,not-supported,not-supported,not-supported,not-supported
reception,true,Reception|Fan|Customer,CRM|Packages|Scheduling,technical.course-registration,web,available,allowed,allowed,not-supported,not-supported,not-supported,not-supported,not-supported,not-supported,not-supported,allowed,not-supported,not-supported,not-supported,not-supported,not-supported,not-supported,not-supported
reception,true,Reception|Fan|Customer,CRM|Packages|Scheduling,technical.course-registration,mobile,web-fallback,allowed,allowed,not-supported,not-supported,not-supported,not-supported,not-supported,not-supported,not-supported,allowed,not-supported,not-supported,not-supported,not-supported,not-supported,not-supported,not-supported
reception,true,Reception|Fan|Customer,CRM|Packages|Scheduling,technical.whatsapp-consent-public,web,available,allowed,allowed,not-supported,not-supported,not-supported,not-supported,not-supported,not-supported,not-supported,allowed,not-supported,not-supported,not-supported,not-supported,not-supported,not-supported,not-supported
reception,true,Reception|Fan|Customer,CRM|Packages|Scheduling,technical.whatsapp-consent-public,mobile,web-fallback,allowed,allowed,not-supported,not-supported,not-supported,not-supported,not-supported,not-supported,not-supported,allowed,not-supported,not-supported,not-supported,not-supported,not-supported,not-supported,not-supported
reception,true,Reception|Fan|Customer,CRM|Packages|Scheduling,experimental.future-stubs,web,not-available,not-available,not-available,not-available,not-available,not-available,not-available,not-available,not-available,not-available,not-available,not-available,not-available,not-available,not-available,not-available,not-available,not-available
reception,true,Reception|Fan|Customer,CRM|Packages|Scheduling,experimental.future-stubs,mobile,not-available,not-available,not-available,not-available,not-available,not-available,not-available,not-available,not-available,not-available,not-available,not-available,not-available,not-available,not-available,not-available,not-available,not-available
producer-ar,true,Producer|AandR|Fan|Customer,CRM|Catalog|Packages|Scheduling,public.platform,web,available,allowed,allowed,not-supported,not-supported,not-supported,not-supported,not-supported,not-supported,not-supported,not-supported,not-supported,not-supported,not-supported,not-supported,not-supported,not-supported,not-supported
producer-ar,true,Producer|AandR|Fan|Customer,CRM|Catalog|Packages|Scheduling,public.platform,mobile,web-fallback,allowed,allowed,not-supported,not-supported,not-supported,not-supported,not-supported,not-supported,not-supported,not-supported,not-supported,not-supported,not-supported,not-supported,not-supported,not-supported,not-supported
producer-ar,true,Producer|AandR|Fan|Customer,CRM|Catalog|Packages|Scheduling,home,web,available,allowed,allowed,not-supported,not-supported,not-supported,not-supported,not-supported,not-supported,not-supported,not-supported,not-supported,not-supported,not-supported,not-supported,not-supported,not-supported,not-supported
producer-ar,true,Producer|AandR|Fan|Customer,CRM|Catalog|Packages|Scheduling,home,mobile,native,allowed,allowed,not-supported,not-supported,not-supported,not-supported,not-supported,not-supported,not-supported,not-supported,not-supported,not-supported,not-supported,not-supported,not-supported,not-supported,not-supported
producer-ar,true,Producer|AandR|Fan|Customer,CRM|Catalog|Packages|Scheduling,community,web,available,allowed,allowed,allowed,allowed,allowed,not-supported,not-supported,not-supported,not-supported,not-supported,not-supported,not-supported,not-supported,not-supported,not-supported,not-supported,not-supported
producer-ar,true,Producer|AandR|Fan|Customer,CRM|Catalog|Packages|Scheduling,community,mobile,native,allowed,allowed,allowed,allowed,allowed,not-supported,not-supported,not-supported,not-supported,not-supported,not-supported,not-supported,not-supported,not-supported,not-supported,not-supported,not-supported
producer-ar,true,Producer|AandR|Fan|Customer,CRM|Catalog|Packages|Scheduling,community.club,web,available,allowed,allowed,allowed,allowed,allowed,not-supported,not-supported,not-supported,not-supported,not-supported,not-supported,not-supported,not-supported,not-supported,not-supported,not-supported,not-supported
producer-ar,true,Producer|AandR|Fan|Customer,CRM|Catalog|Packages|Scheduling,community.club,mobile,not-available,not-available,not-available,not-available,not-available,not-available,not-available,not-available,not-available,not-available,not-available,not-available,not-available,not-available,not-available,not-available,not-available,not-available
producer-ar,true,Producer|AandR|Fan|Customer,CRM|Catalog|Packages|Scheduling,community.member,web,available,allowed,allowed,not-supported,not-supported,not-supported,not-supported,not-supported,not-supported,not-supported,not-supported,not-supported,not-supported,not-supported,not-supported,not-supported,not-supported,not-supported
producer-ar,true,Producer|AandR|Fan|Customer,CRM|Catalog|Packages|Scheduling,community.member,mobile,web-fallback,allowed,allowed,not-supported,not-supported,not-supported,not-supported,not-supported,not-supported,not-supported,not-supported,not-supported,not-supported,not-supported,not-supported,not-supported,not-supported,not-supported
producer-ar,true,Producer|AandR|Fan|Customer,CRM|Catalog|Packages|Scheduling,artist.public,web,available,allowed,allowed,not-supported,not-supported,not-supported,not-supported,not-supported,not-supported,not-supported,not-supported,not-supported,not-supported,not-supported,not-supported,not-supported,not-supported,not-supported
producer-ar,true,Producer|AandR|Fan|Customer,CRM|Catalog|Packages|Scheduling,artist.public,mobile,not-available,not-available,not-available,not-available,not-available,not-available,not-available,not-available,not-available,not-available,not-available,not-available,not-available,not-available,not-available,not-available,not-available,not-available
producer-ar,true,Producer|AandR|Fan|Customer,CRM|Catalog|Packages|Scheduling,artist.onboarding,web,available,allowed,allowed,concealed,not-supported,not-supported,not-supported,not-supported,not-supported,not-supported,not-supported,not-supported,not-supported,not-supported,not-supported,not-supported,not-supported,not-supported
producer-ar,true,Producer|AandR|Fan|Customer,CRM|Catalog|Packages|Scheduling,artist.onboarding,mobile,native,allowed,allowed,concealed,not-supported,not-supported,not-supported,not-supported,not-supported,not-supported,not-supported,not-supported,not-supported,not-supported,not-supported,not-supported,not-supported,not-supported
producer-ar,true,Producer|AandR|Fan|Customer,CRM|Catalog|Packages|Scheduling,marketplace,web,available,allowed,allowed,allowed,allowed,allowed,not-supported,not-supported,not-supported,not-supported,not-supported,not-supported,not-supported,not-supported,not-supported,not-supported,not-supported,not-supported
producer-ar,true,Producer|AandR|Fan|Customer,CRM|Catalog|Packages|Scheduling,marketplace,mobile,web-fallback,allowed,allowed,allowed,allowed,allowed,not-supported,not-supported,not-supported,not-supported,not-supported,not-supported,not-supported,not-supported,not-supported,not-supported,not-supported,not-supported
producer-ar,true,Producer|AandR|Fan|Customer,CRM|Catalog|Packages|Scheduling,marketplace.order-tracking,web,available,allowed,allowed,not-supported,not-supported,not-supported,not-supported,not-supported,not-supported,not-supported,not-supported,not-supported,not-supported,not-supported,not-supported,not-supported,not-supported,not-supported
producer-ar,true,Producer|AandR|Fan|Customer,CRM|Catalog|Packages|Scheduling,marketplace.order-tracking,mobile,web-fallback,allowed,allowed,not-supported,not-supported,not-supported,not-supported,not-supported,not-supported,not-supported,not-supported,not-supported,not-supported,not-supported,not-supported,not-supported,not-supported,not-supported
producer-ar,true,Producer|AandR|Fan|Customer,CRM|Catalog|Packages|Scheduling,service.mixing-mastering,web,available,allowed,allowed,not-supported,not-supported,not-supported,not-supported,not-supported,not-supported,not-supported,not-supported,not-supported,not-supported,not-supported,not-supported,not-supported,not-supported,not-supported
producer-ar,true,Producer|AandR|Fan|Customer,CRM|Catalog|Packages|Scheduling,service.mixing-mastering,mobile,web-fallback,allowed,allowed,not-supported,not-supported,not-supported,not-supported,not-supported,not-supported,not-supported,not-supported,not-supported,not-supported,not-supported,not-supported,not-supported,not-supported,not-supported
producer-ar,true,Producer|AandR|Fan|Customer,CRM|Catalog|Packages|Scheduling,bookings.public,web,available,allowed,allowed,allowed,not-supported,not-supported,not-supported,not-supported,not-supported,not-supported,not-supported,not-supported,not-supported,not-supported,not-supported,not-supported,not-supported,not-supported
producer-ar,true,Producer|AandR|Fan|Customer,CRM|Catalog|Packages|Scheduling,bookings.public,mobile,native,allowed,allowed,allowed,not-supported,not-supported,not-supported,not-supported,not-supported,not-supported,not-supported,not-supported,not-supported,not-supported,not-supported,not-supported,not-supported,not-supported
producer-ar,true,Producer|AandR|Fan|Customer,CRM|Catalog|Packages|Scheduling,bookings.dj-booth,web,available,allowed,allowed,not-supported,not-supported,not-supported,not-supported,not-supported,not-supported,not-supported,not-supported,not-supported,not-supported,not-supported,not-supported,not-supported,not-supported,not-supported
producer-ar,true,Producer|AandR|Fan|Customer,CRM|Catalog|Packages|Scheduling,bookings.dj-booth,mobile,native,allowed,allowed,not-supported,not-supported,not-supported,not-supported,not-supported,not-supported,not-supported,not-supported,not-supported,not-supported,not-supported,not-supported,not-supported,not-supported,not-supported
producer-ar,true,Producer|AandR|Fan|Customer,CRM|Catalog|Packages|Scheduling,public.trials,web,available,allowed,allowed,allowed,allowed,allowed,not-supported,not-supported,not-supported,not-supported,not-supported,not-supported,not-supported,not-supported,not-supported,not-supported,not-supported,not-supported
producer-ar,true,Producer|AandR|Fan|Customer,CRM|Catalog|Packages|Scheduling,public.trials,mobile,web-fallback,allowed,allowed,allowed,allowed,allowed,not-supported,not-supported,not-supported,not-supported,not-supported,not-supported,not-supported,not-supported,not-supported,not-supported,not-supported,not-supported
producer-ar,true,Producer|AandR|Fan|Customer,CRM|Catalog|Packages|Scheduling,public.live-session-registration,web,available,allowed,allowed,allowed,not-supported,not-supported,not-supported,not-supported,not-supported,not-supported,not-supported,not-supported,not-supported,not-supported,not-supported,not-supported,not-supported,not-supported
producer-ar,true,Producer|AandR|Fan|Customer,CRM|Catalog|Packages|Scheduling,public.live-session-registration,mobile,web-fallback,allowed,allowed,allowed,not-supported,not-supported,not-supported,not-supported,not-supported,not-supported,not-supported,not-supported,not-supported,not-supported,not-supported,not-supported,not-supported,not-supported
producer-ar,true,Producer|AandR|Fan|Customer,CRM|Catalog|Packages|Scheduling,public.records,web,available,allowed,allowed,not-supported,not-supported,not-supported,not-supported,not-supported,not-supported,not-supported,not-supported,not-supported,not-supported,not-supported,not-supported,not-supported,not-supported,not-supported
producer-ar,true,Producer|AandR|Fan|Customer,CRM|Catalog|Packages|Scheduling,public.records,mobile,web-fallback,allowed,allowed,not-supported,not-supported,not-supported,not-supported,not-supported,not-supported,not-supported,not-supported,not-supported,not-supported,not-supported,not-supported,not-supported,not-supported,not-supported
producer-ar,true,Producer|AandR|Fan|Customer,CRM|Catalog|Packages|Scheduling,public.donations,web,available,allowed,allowed,not-supported,not-supported,not-supported,not-supported,not-supported,not-supported,not-supported,not-supported,not-supported,not-supported,not-supported,not-supported,not-supported,not-supported,not-supported
producer-ar,true,Producer|AandR|Fan|Customer,CRM|Catalog|Packages|Scheduling,public.donations,mobile,web-fallback,allowed,allowed,not-supported,not-supported,not-supported,not-supported,not-supported,not-supported,not-supported,not-supported,not-supported,not-supported,not-supported,not-supported,not-supported,not-supported,not-supported
producer-ar,true,Producer|AandR|Fan|Customer,CRM|Catalog|Packages|Scheduling,public.domo,web,available,allowed,allowed,not-supported,not-supported,not-supported,not-supported,not-supported,not-supported,not-supported,not-supported,not-supported,not-supported,not-supported,not-supported,not-supported,not-supported,not-supported
producer-ar,true,Producer|AandR|Fan|Customer,CRM|Catalog|Packages|Scheduling,public.domo,mobile,web-fallback,allowed,allowed,not-supported,not-supported,not-supported,not-supported,not-supported,not-supported,not-supported,not-supported,not-supported,not-supported,not-supported,not-supported,not-supported,not-supported,not-supported
producer-ar,true,Producer|AandR|Fan|Customer,CRM|Catalog|Packages|Scheduling,profile.detail,web,available,allowed,allowed,not-supported,not-supported,not-supported,not-supported,not-supported,not-supported,not-supported,not-supported,not-supported,not-supported,not-supported,not-supported,not-supported,not-supported,not-supported
producer-ar,true,Producer|AandR|Fan|Customer,CRM|Catalog|Packages|Scheduling,profile.detail,mobile,not-available,not-available,not-available,not-available,not-available,not-available,not-available,not-available,not-available,not-available,not-available,not-available,not-available,not-available,not-available,not-available,not-available,not-available
producer-ar,true,Producer|AandR|Fan|Customer,CRM|Catalog|Packages|Scheduling,social,web,available,allowed,allowed,allowed,not-supported,allowed,not-supported,not-supported,not-supported,not-supported,not-supported,not-supported,not-supported,not-supported,not-supported,not-supported,not-supported,not-supported
producer-ar,true,Producer|AandR|Fan|Customer,CRM|Catalog|Packages|Scheduling,social,mobile,native,allowed,allowed,allowed,not-supported,allowed,not-supported,not-supported,not-supported,not-supported,not-supported,not-supported,not-supported,not-supported,not-supported,not-supported,not-supported,not-supported
producer-ar,true,Producer|AandR|Fan|Customer,CRM|Catalog|Packages|Scheduling,social.instagram,web,available,allowed,allowed,not-supported,not-supported,not-supported,not-supported,not-supported,not-supported,not-supported,not-supported,not-supported,not-supported,not-supported,not-supported,not-supported,not-supported,locked-requestable
producer-ar,true,Producer|AandR|Fan|Customer,CRM|Catalog|Packages|Scheduling,social.instagram,mobile,web-fallback,allowed,allowed,not-supported,not-supported,not-supported,not-supported,not-supported,not-supported,not-supported,not-supported,not-supported,not-supported,not-supported,not-supported,not-supported,not-supported,locked-requestable
producer-ar,true,Producer|AandR|Fan|Customer,CRM|Catalog|Packages|Scheduling,social.vcard,web,not-available,not-available,not-available,not-available,not-available,not-available,not-available,not-available,not-available,not-available,not-available,not-available,not-available,not-available,not-available,not-available,not-available,not-available
producer-ar,true,Producer|AandR|Fan|Customer,CRM|Catalog|Packages|Scheduling,social.vcard,mobile,native,allowed,allowed,allowed,not-supported,not-supported,not-supported,not-supported,not-supported,not-supported,not-supported,not-supported,not-supported,not-supported,not-supported,not-supported,not-supported,not-supported
producer-ar,true,Producer|AandR|Fan|Customer,CRM|Catalog|Packages|Scheduling,social.inbox,web,available,allowed,allowed,allowed,not-supported,not-supported,not-supported,not-supported,not-supported,not-supported,not-supported,not-supported,not-supported,not-supported,not-supported,not-supported,not-supported,not-supported
producer-ar,true,Producer|AandR|Fan|Customer,CRM|Catalog|Packages|Scheduling,social.inbox,mobile,web-fallback,allowed,allowed,allowed,not-supported,not-supported,not-supported,not-supported,not-supported,not-supported,not-supported,not-supported,not-supported,not-supported,not-supported,not-supported,not-supported,not-supported
producer-ar,true,Producer|AandR|Fan|Customer,CRM|Catalog|Packages|Scheduling,social.events,web,available,allowed,allowed,allowed,allowed,allowed,not-supported,not-supported,not-supported,not-supported,not-supported,not-supported,not-supported,not-supported,not-supported,allowed,not-supported,not-supported
producer-ar,true,Producer|AandR|Fan|Customer,CRM|Catalog|Packages|Scheduling,social.events,mobile,native,allowed,allowed,allowed,allowed,allowed,not-supported,not-supported,not-supported,not-supported,not-supported,not-supported,not-supported,not-supported,not-supported,allowed,not-supported,not-supported
producer-ar,true,Producer|AandR|Fan|Customer,CRM|Catalog|Packages|Scheduling,social.events.create,web,available,allowed,allowed,allowed,not-supported,not-supported,not-supported,not-supported,not-supported,not-supported,not-supported,not-supported,not-supported,not-supported,not-supported,not-supported,not-supported,not-supported
producer-ar,true,Producer|AandR|Fan|Customer,CRM|Catalog|Packages|Scheduling,social.events.create,mobile,native,allowed,allowed,allowed,not-supported,not-supported,not-supported,not-supported,not-supported,not-supported,not-supported,not-supported,not-supported,not-supported,not-supported,not-supported,not-supported,not-supported
producer-ar,true,Producer|AandR|Fan|Customer,CRM|Catalog|Packages|Scheduling,social.event.detail,web,available,allowed,allowed,not-supported,not-supported,not-supported,not-supported,not-supported,not-supported,not-supported,not-supported,not-supported,not-supported,not-supported,not-supported,not-supported,not-supported,not-supported
producer-ar,true,Producer|AandR|Fan|Customer,CRM|Catalog|Packages|Scheduling,social.event.detail,mobile,not-available,not-available,not-available,not-available,not-available,not-available,not-available,not-available,not-available,not-available,not-available,not-available,not-available,not-available,not-available,not-available,not-available,not-available
producer-ar,true,Producer|AandR|Fan|Customer,CRM|Catalog|Packages|Scheduling,social.event.logistics,web,available,allowed,allowed,allowed,allowed,allowed,not-supported,not-supported,not-supported,not-supported,not-supported,not-supported,not-supported,not-supported,allowed,not-supported,not-supported,not-supported
producer-ar,true,Producer|AandR|Fan|Customer,CRM|Catalog|Packages|Scheduling,social.event.logistics,mobile,not-available,not-available,not-available,not-available,not-available,not-available,not-available,not-available,not-available,not-available,not-available,not-available,not-available,not-available,not-available,not-available,not-available,not-available
producer-ar,true,Producer|AandR|Fan|Customer,CRM|Catalog|Packages|Scheduling,social.discovery,web,available,flag-required,flag-required,flag-required,flag-required,flag-required,flag-required,flag-required,flag-required,flag-required,flag-required,flag-required,flag-required,flag-required,flag-required,flag-required,flag-required,flag-required
producer-ar,true,Producer|AandR|Fan|Customer,CRM|Catalog|Packages|Scheduling,social.discovery,mobile,native,flag-required,flag-required,flag-required,flag-required,flag-required,flag-required,flag-required,flag-required,flag-required,flag-required,flag-required,flag-required,flag-required,flag-required,flag-required,flag-required,flag-required
producer-ar,true,Producer|AandR|Fan|Customer,CRM|Catalog|Packages|Scheduling,chat,web,available,allowed,allowed,allowed,not-supported,not-supported,not-supported,not-supported,not-supported,not-supported,not-supported,not-supported,not-supported,not-supported,not-supported,not-supported,not-supported,not-supported
producer-ar,true,Producer|AandR|Fan|Customer,CRM|Catalog|Packages|Scheduling,chat,mobile,web-fallback,allowed,allowed,allowed,not-supported,not-supported,not-supported,not-supported,not-supported,not-supported,not-supported,not-supported,not-supported,not-supported,not-supported,not-supported,not-supported,not-supported
producer-ar,true,Producer|AandR|Fan|Customer,CRM|Catalog|Packages|Scheduling,crm.contacts,web,available,allowed,allowed,allowed,allowed,locked-requestable,not-supported,not-supported,not-supported,allowed,not-supported,not-supported,not-supported,not-supported,locked-requestable,not-supported,not-supported,not-supported
producer-ar,true,Producer|AandR|Fan|Customer,CRM|Catalog|Packages|Scheduling,crm.contacts,mobile,native,allowed,allowed,allowed,allowed,locked-requestable,not-supported,not-supported,not-supported,allowed,not-supported,not-supported,not-supported,not-supported,locked-requestable,not-supported,not-supported,not-supported
producer-ar,true,Producer|AandR|Fan|Customer,CRM|Catalog|Packages|Scheduling,crm.companies,web,available,allowed,allowed,allowed,allowed,not-supported,not-supported,not-supported,not-supported,not-supported,not-supported,not-supported,not-supported,not-supported,not-supported,not-supported,not-supported,not-supported
producer-ar,true,Producer|AandR|Fan|Customer,CRM|Catalog|Packages|Scheduling,crm.companies,mobile,native,allowed,allowed,allowed,allowed,not-supported,not-supported,not-supported,not-supported,not-supported,not-supported,not-supported,not-supported,not-supported,not-supported,not-supported,not-supported,not-supported
producer-ar,true,Producer|AandR|Fan|Customer,CRM|Catalog|Packages|Scheduling,crm.leads,web,available,allowed,allowed,allowed,allowed,not-supported,not-supported,not-supported,not-supported,not-supported,not-supported,not-supported,not-supported,not-supported,allowed,not-supported,not-supported,not-supported
producer-ar,true,Producer|AandR|Fan|Customer,CRM|Catalog|Packages|Scheduling,crm.leads,mobile,web-fallback,allowed,allowed,allowed,allowed,not-supported,not-supported,not-supported,not-supported,not-supported,not-supported,not-supported,not-supported,not-supported,allowed,not-supported,not-supported,not-supported
producer-ar,true,Producer|AandR|Fan|Customer,CRM|Catalog|Packages|Scheduling,studio.calendar,web,available,allowed,allowed,allowed,allowed,locked-requestable,not-supported,not-supported,not-supported,not-supported,not-supported,not-supported,not-supported,not-supported,not-supported,not-supported,not-supported,not-supported
producer-ar,true,Producer|AandR|Fan|Customer,CRM|Catalog|Packages|Scheduling,studio.calendar,mobile,native,allowed,allowed,allowed,allowed,locked-requestable,not-supported,not-supported,not-supported,not-supported,not-supported,not-supported,not-supported,not-supported,not-supported,not-supported,not-supported,not-supported
producer-ar,true,Producer|AandR|Fan|Customer,CRM|Catalog|Packages|Scheduling,studio.rooms,web,available,allowed,allowed,locked-requestable,locked-requestable,not-supported,not-supported,not-supported,not-supported,not-supported,not-supported,not-supported,not-supported,not-supported,not-supported,not-supported,not-supported,not-supported
producer-ar,true,Producer|AandR|Fan|Customer,CRM|Catalog|Packages|Scheduling,studio.rooms,mobile,native,allowed,allowed,locked-requestable,locked-requestable,not-supported,not-supported,not-supported,not-supported,not-supported,not-supported,not-supported,not-supported,not-supported,not-supported,not-supported,not-supported,not-supported
producer-ar,true,Producer|AandR|Fan|Customer,CRM|Catalog|Packages|Scheduling,studio.orders,web,available,allowed,allowed,allowed,allowed,not-supported,not-supported,not-supported,not-supported,not-supported,not-supported,not-supported,locked-requestable,not-supported,not-supported,not-supported,not-supported,not-supported
producer-ar,true,Producer|AandR|Fan|Customer,CRM|Catalog|Packages|Scheduling,studio.orders,mobile,web-fallback,allowed,allowed,allowed,allowed,not-supported,not-supported,not-supported,not-supported,not-supported,not-supported,not-supported,locked-requestable,not-supported,not-supported,not-supported,not-supported,not-supported
producer-ar,true,Producer|AandR|Fan|Customer,CRM|Catalog|Packages|Scheduling,studio.services,web,available,allowed,allowed,locked-requestable,locked-requestable,locked-requestable,not-supported,not-supported,not-supported,not-supported,not-supported,not-supported,not-supported,not-supported,not-supported,not-supported,not-supported,not-supported
producer-ar,true,Producer|AandR|Fan|Customer,CRM|Catalog|Packages|Scheduling,studio.services,mobile,web-fallback,allowed,allowed,locked-requestable,locked-requestable,locked-requestable,not-supported,not-supported,not-supported,not-supported,not-supported,not-supported,not-supported,not-supported,not-supported,not-supported,not-supported,not-supported
producer-ar,true,Producer|AandR|Fan|Customer,CRM|Catalog|Packages|Scheduling,studio.pipelines,web,available,allowed,allowed,allowed,allowed,locked-requestable,not-supported,not-supported,not-supported,not-supported,not-supported,not-supported,not-supported,not-supported,allowed,not-supported,not-supported,not-supported
producer-ar,true,Producer|AandR|Fan|Customer,CRM|Catalog|Packages|Scheduling,studio.pipelines,mobile,native,allowed,allowed,allowed,allowed,locked-requestable,not-supported,not-supported,not-supported,not-supported,not-supported,not-supported,not-supported,not-supported,allowed,not-supported,not-supported,not-supported
producer-ar,true,Producer|AandR|Fan|Customer,CRM|Catalog|Packages|Scheduling,studio.live-sessions,web,available,allowed,allowed,allowed,allowed,not-supported,not-supported,not-supported,not-supported,not-supported,not-supported,not-supported,not-supported,not-supported,not-supported,not-supported,not-supported,not-supported
producer-ar,true,Producer|AandR|Fan|Customer,CRM|Catalog|Packages|Scheduling,studio.live-sessions,mobile,web-fallback,allowed,allowed,allowed,allowed,not-supported,not-supported,not-supported,not-supported,not-supported,not-supported,not-supported,not-supported,not-supported,not-supported,not-supported,not-supported,not-supported
producer-ar,true,Producer|AandR|Fan|Customer,CRM|Catalog|Packages|Scheduling,studio.domo-campaign,web,available,allowed,allowed,not-supported,allowed,not-supported,not-supported,not-supported,not-supported,not-supported,not-supported,not-supported,not-supported,not-supported,not-supported,not-supported,not-supported,not-supported
producer-ar,true,Producer|AandR|Fan|Customer,CRM|Catalog|Packages|Scheduling,studio.domo-campaign,mobile,web-fallback,allowed,allowed,not-supported,allowed,not-supported,not-supported,not-supported,not-supported,not-supported,not-supported,not-supported,not-supported,not-supported,not-supported,not-supported,not-supported,not-supported
producer-ar,true,Producer|AandR|Fan|Customer,CRM|Catalog|Packages|Scheduling,studio.reports,web,available,allowed,allowed,not-supported,not-supported,not-supported,not-supported,not-supported,not-supported,allowed,not-supported,not-supported,not-supported,not-supported,not-supported,not-supported,allowed,not-supported
producer-ar,true,Producer|AandR|Fan|Customer,CRM|Catalog|Packages|Scheduling,studio.reports,mobile,web-fallback,allowed,allowed,not-supported,not-supported,not-supported,not-supported,not-supported,not-supported,allowed,not-supported,not-supported,not-supported,not-supported,not-supported,not-supported,allowed,not-supported
producer-ar,true,Producer|AandR|Fan|Customer,CRM|Catalog|Packages|Scheduling,school.teacher-portal,web,available,locked-requestable,locked-requestable,locked-requestable,locked-requestable,locked-requestable,not-supported,not-supported,not-supported,not-supported,not-supported,not-supported,not-supported,not-supported,not-supported,not-supported,not-supported,not-supported
producer-ar,true,Producer|AandR|Fan|Customer,CRM|Catalog|Packages|Scheduling,school.teacher-portal,mobile,web-fallback,locked-requestable,locked-requestable,locked-requestable,locked-requestable,locked-requestable,not-supported,not-supported,not-supported,not-supported,not-supported,not-supported,not-supported,not-supported,not-supported,not-supported,not-supported,not-supported
producer-ar,true,Producer|AandR|Fan|Customer,CRM|Catalog|Packages|Scheduling,school.teachers,web,available,locked-requestable,locked-requestable,locked-requestable,locked-requestable,not-supported,not-supported,not-supported,not-supported,not-supported,not-supported,not-supported,not-supported,not-supported,not-supported,not-supported,not-supported,not-supported
producer-ar,true,Producer|AandR|Fan|Customer,CRM|Catalog|Packages|Scheduling,school.teachers,mobile,web-fallback,locked-requestable,locked-requestable,locked-requestable,locked-requestable,not-supported,not-supported,not-supported,not-supported,not-supported,not-supported,not-supported,not-supported,not-supported,not-supported,not-supported,not-supported,not-supported
producer-ar,true,Producer|AandR|Fan|Customer,CRM|Catalog|Packages|Scheduling,school.classes,web,available,locked-requestable,locked-requestable,locked-requestable,locked-requestable,not-supported,not-supported,not-supported,not-supported,not-supported,not-supported,not-supported,not-supported,not-supported,not-supported,not-supported,not-supported,not-supported
producer-ar,true,Producer|AandR|Fan|Customer,CRM|Catalog|Packages|Scheduling,school.classes,mobile,web-fallback,locked-requestable,locked-requestable,locked-requestable,locked-requestable,not-supported,not-supported,not-supported,not-supported,not-supported,not-supported,not-supported,not-supported,not-supported,not-supported,not-supported,not-supported,not-supported
producer-ar,true,Producer|AandR|Fan|Customer,CRM|Catalog|Packages|Scheduling,school.trial-lessons,web,available,locked-requestable,locked-requestable,locked-requestable,not-supported,not-supported,not-supported,not-supported,not-supported,not-supported,not-supported,not-supported,not-supported,not-supported,locked-requestable,not-supported,not-supported,not-supported
producer-ar,true,Producer|AandR|Fan|Customer,CRM|Catalog|Packages|Scheduling,school.trial-lessons,mobile,web-fallback,locked-requestable,locked-requestable,locked-requestable,not-supported,not-supported,not-supported,not-supported,not-supported,not-supported,not-supported,not-supported,not-supported,not-supported,locked-requestable,not-supported,not-supported,not-supported
producer-ar,true,Producer|AandR|Fan|Customer,CRM|Catalog|Packages|Scheduling,school.trial-queue,web,available,locked-requestable,locked-requestable,not-supported,not-supported,not-supported,not-supported,not-supported,not-supported,not-supported,not-supported,not-supported,not-supported,not-supported,locked-requestable,not-supported,not-supported,not-supported
producer-ar,true,Producer|AandR|Fan|Customer,CRM|Catalog|Packages|Scheduling,school.trial-queue,mobile,web-fallback,locked-requestable,locked-requestable,not-supported,not-supported,not-supported,not-supported,not-supported,not-supported,not-supported,not-supported,not-supported,not-supported,not-supported,locked-requestable,not-supported,not-supported,not-supported
producer-ar,true,Producer|AandR|Fan|Customer,CRM|Catalog|Packages|Scheduling,internships,web,available,locked-requestable,locked-requestable,locked-requestable,locked-requestable,locked-requestable,not-supported,not-supported,not-supported,not-supported,not-supported,not-supported,locked-requestable,not-supported,not-supported,not-supported,not-supported,not-supported
producer-ar,true,Producer|AandR|Fan|Customer,CRM|Catalog|Packages|Scheduling,internships,mobile,web-fallback,locked-requestable,locked-requestable,locked-requestable,locked-requestable,locked-requestable,not-supported,not-supported,not-supported,not-supported,not-supported,not-supported,locked-requestable,not-supported,not-supported,not-supported,not-supported,not-supported
producer-ar,true,Producer|AandR|Fan|Customer,CRM|Catalog|Packages|Scheduling,label.artists,web,available,locked-requestable,locked-requestable,locked-requestable,locked-requestable,locked-requestable,not-supported,not-supported,not-supported,not-supported,not-supported,not-supported,not-supported,not-supported,not-supported,not-supported,locked-requestable,not-supported
producer-ar,true,Producer|AandR|Fan|Customer,CRM|Catalog|Packages|Scheduling,label.artists,mobile,native,locked-requestable,locked-requestable,locked-requestable,locked-requestable,locked-requestable,not-supported,not-supported,not-supported,not-supported,not-supported,not-supported,not-supported,not-supported,not-supported,not-supported,locked-requestable,not-supported
producer-ar,true,Producer|AandR|Fan|Customer,CRM|Catalog|Packages|Scheduling,label.projects,web,available,locked-requestable,locked-requestable,locked-requestable,locked-requestable,not-supported,not-supported,not-supported,not-supported,not-supported,not-supported,not-supported,not-supported,not-supported,locked-requestable,not-supported,not-supported,not-supported
producer-ar,true,Producer|AandR|Fan|Customer,CRM|Catalog|Packages|Scheduling,label.projects,mobile,web-fallback,locked-requestable,locked-requestable,locked-requestable,locked-requestable,not-supported,not-supported,not-supported,not-supported,not-supported,not-supported,not-supported,not-supported,not-supported,locked-requestable,not-supported,not-supported,not-supported
producer-ar,true,Producer|AandR|Fan|Customer,CRM|Catalog|Packages|Scheduling,label.releases,web,available,locked-requestable,locked-requestable,locked-requestable,locked-requestable,locked-requestable,not-supported,not-supported,not-supported,locked-requestable,not-supported,not-supported,not-supported,not-supported,not-supported,locked-requestable,not-supported,not-supported
producer-ar,true,Producer|AandR|Fan|Customer,CRM|Catalog|Packages|Scheduling,label.releases,mobile,web-fallback,locked-requestable,locked-requestable,locked-requestable,locked-requestable,locked-requestable,not-supported,not-supported,not-supported,locked-requestable,not-supported,not-supported,not-supported,not-supported,not-supported,locked-requestable,not-supported,not-supported
producer-ar,true,Producer|AandR|Fan|Customer,CRM|Catalog|Packages|Scheduling,label.assets,web,available,locked-requestable,locked-requestable,locked-requestable,locked-requestable,locked-requestable,not-supported,not-supported,not-supported,not-supported,not-supported,not-supported,not-supported,not-supported,not-supported,not-supported,not-supported,not-supported
producer-ar,true,Producer|AandR|Fan|Customer,CRM|Catalog|Packages|Scheduling,label.assets,mobile,web-fallback,locked-requestable,locked-requestable,locked-requestable,locked-requestable,locked-requestable,not-supported,not-supported,not-supported,not-supported,not-supported,not-supported,not-supported,not-supported,not-supported,not-supported,not-supported,not-supported
producer-ar,true,Producer|AandR|Fan|Customer,CRM|Catalog|Packages|Scheduling,label.tracks,web,available,locked-requestable,locked-requestable,locked-requestable,locked-requestable,locked-requestable,not-supported,not-supported,not-supported,not-supported,not-supported,not-supported,not-supported,not-supported,not-supported,not-supported,not-supported,not-supported
producer-ar,true,Producer|AandR|Fan|Customer,CRM|Catalog|Packages|Scheduling,label.tracks,mobile,web-fallback,locked-requestable,locked-requestable,locked-requestable,locked-requestable,locked-requestable,not-supported,not-supported,not-supported,not-supported,not-supported,not-supported,not-supported,not-supported,not-supported,not-supported,not-supported,not-supported
producer-ar,true,Producer|AandR|Fan|Customer,CRM|Catalog|Packages|Scheduling,label.ddex.inbox,web,available,allowed,allowed,not-supported,not-supported,not-supported,not-supported,not-supported,allowed,allowed,not-supported,allowed,not-supported,not-supported,not-supported,not-supported,not-supported,not-supported
producer-ar,true,Producer|AandR|Fan|Customer,CRM|Catalog|Packages|Scheduling,label.ddex.inbox,mobile,native,allowed,allowed,not-supported,not-supported,not-supported,not-supported,not-supported,allowed,allowed,not-supported,allowed,not-supported,not-supported,not-supported,not-supported,not-supported,not-supported
producer-ar,true,Producer|AandR|Fan|Customer,CRM|Catalog|Packages|Scheduling,label.ddex.document,web,available,allowed,allowed,not-supported,not-supported,not-supported,not-supported,not-supported,not-supported,not-supported,not-supported,allowed,not-supported,not-supported,not-supported,not-supported,not-supported,not-supported
producer-ar,true,Producer|AandR|Fan|Customer,CRM|Catalog|Packages|Scheduling,label.ddex.document,mobile,not-available,not-available,not-available,not-available,not-available,not-available,not-available,not-available,not-available,not-available,not-available,not-available,not-available,not-available,not-available,not-available,not-available,not-available
producer-ar,true,Producer|AandR|Fan|Customer,CRM|Catalog|Packages|Scheduling,label.ddex.import,web,available,concealed,concealed,concealed,concealed,concealed,concealed,concealed,concealed,concealed,concealed,concealed,concealed,concealed,concealed,concealed,concealed,concealed
producer-ar,true,Producer|AandR|Fan|Customer,CRM|Catalog|Packages|Scheduling,label.ddex.import,mobile,not-available,not-available,not-available,not-available,not-available,not-available,not-available,not-available,not-available,not-available,not-available,not-available,not-available,not-available,not-available,not-available,not-available,not-available
producer-ar,true,Producer|AandR|Fan|Customer,CRM|Catalog|Packages|Scheduling,label.ddex.partners,web,available,allowed,allowed,allowed,allowed,allowed,not-supported,not-supported,not-supported,not-supported,not-supported,not-supported,not-supported,not-supported,not-supported,not-supported,not-supported,allowed
producer-ar,true,Producer|AandR|Fan|Customer,CRM|Catalog|Packages|Scheduling,label.ddex.partners,mobile,native,allowed,allowed,allowed,allowed,allowed,not-supported,not-supported,not-supported,not-supported,not-supported,not-supported,not-supported,not-supported,not-supported,not-supported,not-supported,allowed
producer-ar,true,Producer|AandR|Fan|Customer,CRM|Catalog|Packages|Scheduling,operations.inventory,web,available,locked-requestable,locked-requestable,locked-requestable,locked-requestable,locked-requestable,not-supported,not-supported,not-supported,not-supported,not-supported,not-supported,not-supported,not-supported,locked-requestable,not-supported,locked-requestable,not-supported
producer-ar,true,Producer|AandR|Fan|Customer,CRM|Catalog|Packages|Scheduling,operations.inventory,mobile,native,locked-requestable,locked-requestable,locked-requestable,locked-requestable,locked-requestable,not-supported,not-supported,not-supported,not-supported,not-supported,not-supported,not-supported,not-supported,locked-requestable,not-supported,locked-requestable,not-supported
producer-ar,true,Producer|AandR|Fan|Customer,CRM|Catalog|Packages|Scheduling,operations.marketplace-orders,web,available,locked-requestable,locked-requestable,locked-requestable,locked-requestable,locked-requestable,not-supported,not-supported,not-supported,locked-requestable,not-supported,not-supported,locked-requestable,not-supported,not-supported,not-supported,not-supported,not-supported
producer-ar,true,Producer|AandR|Fan|Customer,CRM|Catalog|Packages|Scheduling,operations.marketplace-orders,mobile,web-fallback,locked-requestable,locked-requestable,locked-requestable,locked-requestable,locked-requestable,not-supported,not-supported,not-supported,locked-requestable,not-supported,not-supported,locked-requestable,not-supported,not-supported,not-supported,not-supported,not-supported
producer-ar,true,Producer|AandR|Fan|Customer,CRM|Catalog|Packages|Scheduling,operations.equipment-bookings,web,available,locked-requestable,locked-requestable,locked-requestable,locked-requestable,not-supported,not-supported,not-supported,not-supported,not-supported,not-supported,not-supported,not-supported,not-supported,not-supported,not-supported,not-supported,not-supported
producer-ar,true,Producer|AandR|Fan|Customer,CRM|Catalog|Packages|Scheduling,operations.equipment-bookings,mobile,native,locked-requestable,locked-requestable,locked-requestable,locked-requestable,not-supported,not-supported,not-supported,not-supported,not-supported,not-supported,not-supported,not-supported,not-supported,not-supported,not-supported,not-supported,not-supported
producer-ar,true,Producer|AandR|Fan|Customer,CRM|Catalog|Packages|Scheduling,finance.payments,web,available,locked-requestable,locked-requestable,locked-requestable,locked-requestable,not-supported,not-supported,not-supported,not-supported,locked-requestable,not-supported,not-supported,not-supported,not-supported,not-supported,not-supported,locked-requestable,not-supported
producer-ar,true,Producer|AandR|Fan|Customer,CRM|Catalog|Packages|Scheduling,finance.payments,mobile,web-fallback,locked-requestable,locked-requestable,locked-requestable,locked-requestable,not-supported,not-supported,not-supported,not-supported,locked-requestable,not-supported,not-supported,not-supported,not-supported,not-supported,not-supported,locked-requestable,not-supported
producer-ar,true,Producer|AandR|Fan|Customer,CRM|Catalog|Packages|Scheduling,finance.account-report-builder,web,available,locked-requestable,locked-requestable,not-supported,not-supported,not-supported,not-supported,not-supported,not-supported,locked-requestable,not-supported,not-supported,not-supported,not-supported,not-supported,not-supported,locked-requestable,not-supported
producer-ar,true,Producer|AandR|Fan|Customer,CRM|Catalog|Packages|Scheduling,finance.account-report-builder,mobile,web-fallback,locked-requestable,locked-requestable,not-supported,not-supported,not-supported,not-supported,not-supported,not-supported,locked-requestable,not-supported,not-supported,not-supported,not-supported,not-supported,not-supported,locked-requestable,not-supported
producer-ar,true,Producer|AandR|Fan|Customer,CRM|Catalog|Packages|Scheduling,finance.esteban-report,web,available,locked-requestable,locked-requestable,not-supported,not-supported,not-supported,not-supported,not-supported,not-supported,locked-requestable,not-supported,not-supported,not-supported,not-supported,not-supported,not-supported,locked-requestable,not-supported
producer-ar,true,Producer|AandR|Fan|Customer,CRM|Catalog|Packages|Scheduling,finance.esteban-report,mobile,web-fallback,locked-requestable,locked-requestable,not-supported,not-supported,not-supported,not-supported,not-supported,not-supported,locked-requestable,not-supported,not-supported,not-supported,not-supported,not-supported,not-supported,locked-requestable,not-supported
producer-ar,true,Producer|AandR|Fan|Customer,CRM|Catalog|Packages|Scheduling,finance.david-report,web,available,locked-requestable,locked-requestable,not-supported,not-supported,not-supported,not-supported,not-supported,not-supported,locked-requestable,not-supported,not-supported,not-supported,not-supported,not-supported,not-supported,locked-requestable,not-supported
producer-ar,true,Producer|AandR|Fan|Customer,CRM|Catalog|Packages|Scheduling,finance.david-report,mobile,web-fallback,locked-requestable,locked-requestable,not-supported,not-supported,not-supported,not-supported,not-supported,not-supported,locked-requestable,not-supported,not-supported,not-supported,not-supported,not-supported,not-supported,locked-requestable,not-supported
producer-ar,true,Producer|AandR|Fan|Customer,CRM|Catalog|Packages|Scheduling,admin.course-registrations,web,available,locked-requestable,locked-requestable,locked-requestable,locked-requestable,locked-requestable,not-supported,not-supported,not-supported,locked-requestable,not-supported,not-supported,locked-requestable,not-supported,not-supported,not-supported,not-supported,not-supported
producer-ar,true,Producer|AandR|Fan|Customer,CRM|Catalog|Packages|Scheduling,admin.course-registrations,mobile,web-fallback,locked-requestable,locked-requestable,locked-requestable,locked-requestable,locked-requestable,not-supported,not-supported,not-supported,locked-requestable,not-supported,not-supported,locked-requestable,not-supported,not-supported,not-supported,not-supported,not-supported
producer-ar,true,Producer|AandR|Fan|Customer,CRM|Catalog|Packages|Scheduling,admin.courses,web,available,locked-requestable,locked-requestable,locked-requestable,locked-requestable,not-supported,not-supported,not-supported,not-supported,not-supported,not-supported,not-supported,not-supported,not-supported,not-supported,locked-requestable,not-supported,not-supported
producer-ar,true,Producer|AandR|Fan|Customer,CRM|Catalog|Packages|Scheduling,admin.courses,mobile,web-fallback,locked-requestable,locked-requestable,locked-requestable,locked-requestable,not-supported,not-supported,not-supported,not-supported,not-supported,not-supported,not-supported,not-supported,not-supported,not-supported,locked-requestable,not-supported,not-supported
producer-ar,true,Producer|AandR|Fan|Customer,CRM|Catalog|Packages|Scheduling,admin.users,web,available,concealed,concealed,concealed,concealed,concealed,not-supported,concealed,not-supported,not-supported,not-supported,not-supported,not-supported,not-supported,not-supported,not-supported,not-supported,concealed
producer-ar,true,Producer|AandR|Fan|Customer,CRM|Catalog|Packages|Scheduling,admin.users,mobile,not-available,not-available,not-available,not-available,not-available,not-available,not-available,not-available,not-available,not-available,not-available,not-available,not-available,not-available,not-available,not-available,not-available,not-available
producer-ar,true,Producer|AandR|Fan|Customer,CRM|Catalog|Packages|Scheduling,admin.roles,web,available,concealed,concealed,not-supported,concealed,not-supported,not-supported,not-supported,not-supported,not-supported,not-supported,not-supported,not-supported,not-supported,not-supported,not-supported,not-supported,concealed
producer-ar,true,Producer|AandR|Fan|Customer,CRM|Catalog|Packages|Scheduling,admin.roles,mobile,not-available,not-available,not-available,not-available,not-available,not-available,not-available,not-available,not-available,not-available,not-available,not-available,not-available,not-available,not-available,not-available,not-available,not-available
producer-ar,true,Producer|AandR|Fan|Customer,CRM|Catalog|Packages|Scheduling,admin.system-status,web,available,locked-requestable,locked-requestable,not-supported,not-supported,not-supported,not-supported,not-supported,not-supported,not-supported,not-supported,not-supported,not-supported,not-supported,not-supported,not-supported,not-supported,not-supported
producer-ar,true,Producer|AandR|Fan|Customer,CRM|Catalog|Packages|Scheduling,admin.system-status,mobile,web-fallback,locked-requestable,locked-requestable,not-supported,not-supported,not-supported,not-supported,not-supported,not-supported,not-supported,not-supported,not-supported,not-supported,not-supported,not-supported,not-supported,not-supported,not-supported
producer-ar,true,Producer|AandR|Fan|Customer,CRM|Catalog|Packages|Scheduling,admin.activity,web,available,locked-requestable,locked-requestable,not-supported,not-supported,not-supported,not-supported,not-supported,not-supported,locked-requestable,not-supported,not-supported,not-supported,not-supported,not-supported,not-supported,not-supported,not-supported
producer-ar,true,Producer|AandR|Fan|Customer,CRM|Catalog|Packages|Scheduling,admin.activity,mobile,web-fallback,locked-requestable,locked-requestable,not-supported,not-supported,not-supported,not-supported,not-supported,not-supported,locked-requestable,not-supported,not-supported,not-supported,not-supported,not-supported,not-supported,not-supported,not-supported
producer-ar,true,Producer|AandR|Fan|Customer,CRM|Catalog|Packages|Scheduling,admin.logs,web,available,locked-requestable,locked-requestable,not-supported,not-supported,locked-requestable,not-supported,not-supported,not-supported,not-supported,not-supported,not-supported,not-supported,not-supported,not-supported,not-supported,not-supported,not-supported
producer-ar,true,Producer|AandR|Fan|Customer,CRM|Catalog|Packages|Scheduling,admin.logs,mobile,web-fallback,locked-requestable,locked-requestable,not-supported,not-supported,locked-requestable,not-supported,not-supported,not-supported,not-supported,not-supported,not-supported,not-supported,not-supported,not-supported,not-supported,not-supported,not-supported
producer-ar,true,Producer|AandR|Fan|Customer,CRM|Catalog|Packages|Scheduling,admin.diagnostics,web,available,locked-requestable,locked-requestable,not-supported,not-supported,not-supported,not-supported,not-supported,not-supported,not-supported,not-supported,not-supported,not-supported,not-supported,not-supported,not-supported,not-supported,locked-requestable
producer-ar,true,Producer|AandR|Fan|Customer,CRM|Catalog|Packages|Scheduling,admin.diagnostics,mobile,web-fallback,locked-requestable,locked-requestable,not-supported,not-supported,not-supported,not-supported,not-supported,not-supported,not-supported,not-supported,not-supported,not-supported,not-supported,not-supported,not-supported,not-supported,locked-requestable
producer-ar,true,Producer|AandR|Fan|Customer,CRM|Catalog|Packages|Scheduling,admin.brain,web,available,locked-requestable,locked-requestable,locked-requestable,locked-requestable,not-supported,not-supported,not-supported,not-supported,not-supported,not-supported,not-supported,not-supported,not-supported,not-supported,not-supported,not-supported,locked-requestable
producer-ar,true,Producer|AandR|Fan|Customer,CRM|Catalog|Packages|Scheduling,admin.brain,mobile,web-fallback,locked-requestable,locked-requestable,locked-requestable,locked-requestable,not-supported,not-supported,not-supported,not-supported,not-supported,not-supported,not-supported,not-supported,not-supported,not-supported,not-supported,not-supported,locked-requestable
producer-ar,true,Producer|AandR|Fan|Customer,CRM|Catalog|Packages|Scheduling,admin.calendar-integration,web,available,concealed,concealed,not-supported,not-supported,not-supported,not-supported,not-supported,not-supported,not-supported,not-supported,not-supported,not-supported,not-supported,not-supported,not-supported,not-supported,concealed
producer-ar,true,Producer|AandR|Fan|Customer,CRM|Catalog|Packages|Scheduling,admin.calendar-integration,mobile,not-available,not-available,not-available,not-available,not-available,not-available,not-available,not-available,not-available,not-available,not-available,not-available,not-available,not-available,not-available,not-available,not-available,not-available
producer-ar,true,Producer|AandR|Fan|Customer,CRM|Catalog|Packages|Scheduling,admin.cms,web,available,locked-requestable,locked-requestable,locked-requestable,locked-requestable,locked-requestable,not-supported,not-supported,not-supported,not-supported,not-supported,not-supported,not-supported,not-supported,not-supported,locked-requestable,not-supported,not-supported
producer-ar,true,Producer|AandR|Fan|Customer,CRM|Catalog|Packages|Scheduling,admin.cms,mobile,web-fallback,locked-requestable,locked-requestable,locked-requestable,locked-requestable,locked-requestable,not-supported,not-supported,not-supported,not-supported,not-supported,not-supported,not-supported,not-supported,not-supported,locked-requestable,not-supported,not-supported
producer-ar,true,Producer|AandR|Fan|Customer,CRM|Catalog|Packages|Scheduling,admin.campaign-automations,web,available,locked-requestable,locked-requestable,locked-requestable,locked-requestable,not-supported,not-supported,not-supported,not-supported,not-supported,not-supported,not-supported,not-supported,not-supported,not-supported,locked-requestable,not-supported,not-supported
producer-ar,true,Producer|AandR|Fan|Customer,CRM|Catalog|Packages|Scheduling,admin.campaign-automations,mobile,web-fallback,locked-requestable,locked-requestable,locked-requestable,locked-requestable,not-supported,not-supported,not-supported,not-supported,not-supported,not-supported,not-supported,not-supported,not-supported,not-supported,locked-requestable,not-supported,not-supported
producer-ar,true,Producer|AandR|Fan|Customer,CRM|Catalog|Packages|Scheduling,admin.event-sources,web,available,flag-required,flag-required,flag-required,flag-required,flag-required,flag-required,flag-required,flag-required,flag-required,flag-required,flag-required,flag-required,flag-required,flag-required,flag-required,flag-required,flag-required
producer-ar,true,Producer|AandR|Fan|Customer,CRM|Catalog|Packages|Scheduling,admin.event-sources,mobile,not-available,not-available,not-available,not-available,not-available,not-available,not-available,not-available,not-available,not-available,not-available,not-available,not-available,not-available,not-available,not-available,not-available,not-available
producer-ar,true,Producer|AandR|Fan|Customer,CRM|Catalog|Packages|Scheduling,admin.whatsapp-consent,web,available,concealed,concealed,not-supported,not-supported,not-supported,not-supported,not-supported,not-supported,not-supported,not-supported,not-supported,not-supported,not-supported,not-supported,not-supported,not-supported,concealed
producer-ar,true,Producer|AandR|Fan|Customer,CRM|Catalog|Packages|Scheduling,admin.whatsapp-consent,mobile,not-available,not-available,not-available,not-available,not-available,not-available,not-available,not-available,not-available,not-available,not-available,not-available,not-available,not-available,not-available,not-available,not-available,not-available
producer-ar,true,Producer|AandR|Fan|Customer,CRM|Catalog|Packages|Scheduling,admin.ux-options,web,available,locked-requestable,locked-requestable,locked-requestable,locked-requestable,not-supported,not-supported,not-supported,not-supported,not-supported,not-supported,not-supported,not-supported,not-supported,not-supported,not-supported,not-supported,not-supported
producer-ar,true,Producer|AandR|Fan|Customer,CRM|Catalog|Packages|Scheduling,admin.ux-options,mobile,web-fallback,locked-requestable,locked-requestable,locked-requestable,locked-requestable,not-supported,not-supported,not-supported,not-supported,not-supported,not-supported,not-supported,not-supported,not-supported,not-supported,not-supported,not-supported,not-supported
producer-ar,true,Producer|AandR|Fan|Customer,CRM|Catalog|Packages|Scheduling,admin.preferences,web,available,locked-requestable,locked-requestable,not-supported,locked-requestable,not-supported,not-supported,not-supported,not-supported,not-supported,not-supported,not-supported,not-supported,not-supported,not-supported,not-supported,not-supported,not-supported
producer-ar,true,Producer|AandR|Fan|Customer,CRM|Catalog|Packages|Scheduling,admin.preferences,mobile,web-fallback,locked-requestable,locked-requestable,not-supported,locked-requestable,not-supported,not-supported,not-supported,not-supported,not-supported,not-supported,not-supported,not-supported,not-supported,not-supported,not-supported,not-supported,not-supported
producer-ar,true,Producer|AandR|Fan|Customer,CRM|Catalog|Packages|Scheduling,tools.chatkit,web,available,locked-requestable,locked-requestable,locked-requestable,not-supported,not-supported,not-supported,not-supported,not-supported,not-supported,not-supported,not-supported,not-supported,not-supported,not-supported,not-supported,not-supported,not-supported
producer-ar,true,Producer|AandR|Fan|Customer,CRM|Catalog|Packages|Scheduling,tools.chatkit,mobile,web-fallback,locked-requestable,locked-requestable,locked-requestable,not-supported,not-supported,not-supported,not-supported,not-supported,not-supported,not-supported,not-supported,not-supported,not-supported,not-supported,not-supported,not-supported,not-supported
producer-ar,true,Producer|AandR|Fan|Customer,CRM|Catalog|Packages|Scheduling,tools.tidal-agent,web,available,locked-requestable,locked-requestable,locked-requestable,not-supported,not-supported,not-supported,not-supported,not-supported,not-supported,not-supported,not-supported,not-supported,not-supported,not-supported,not-supported,not-supported,not-supported
producer-ar,true,Producer|AandR|Fan|Customer,CRM|Catalog|Packages|Scheduling,tools.tidal-agent,mobile,web-fallback,locked-requestable,locked-requestable,locked-requestable,not-supported,not-supported,not-supported,not-supported,not-supported,not-supported,not-supported,not-supported,not-supported,not-supported,not-supported,not-supported,not-supported,not-supported
producer-ar,true,Producer|AandR|Fan|Customer,CRM|Catalog|Packages|Scheduling,tools.music-maker,web,available,allowed,allowed,not-supported,not-supported,not-supported,not-supported,not-supported,not-supported,not-supported,not-supported,not-supported,not-supported,not-supported,not-supported,not-supported,not-supported,not-supported
producer-ar,true,Producer|AandR|Fan|Customer,CRM|Catalog|Packages|Scheduling,tools.music-maker,mobile,web-fallback,allowed,allowed,not-supported,not-supported,not-supported,not-supported,not-supported,not-supported,not-supported,not-supported,not-supported,not-supported,not-supported,not-supported,not-supported,not-supported,not-supported
producer-ar,true,Producer|AandR|Fan|Customer,CRM|Catalog|Packages|Scheduling,tools.admin-token,web,available,concealed,concealed,not-supported,not-supported,not-supported,not-supported,not-supported,not-supported,not-supported,not-supported,not-supported,not-supported,not-supported,not-supported,not-supported,not-supported,concealed
producer-ar,true,Producer|AandR|Fan|Customer,CRM|Catalog|Packages|Scheduling,tools.admin-token,mobile,not-available,not-available,not-available,not-available,not-available,not-available,not-available,not-available,not-available,not-available,not-available,not-available,not-available,not-available,not-available,not-available,not-available,not-available
producer-ar,true,Producer|AandR|Fan|Customer,CRM|Catalog|Packages|Scheduling,help.manual,web,available,allowed,allowed,not-supported,not-supported,not-supported,not-supported,not-supported,not-supported,not-supported,not-supported,not-supported,not-supported,not-supported,not-supported,not-supported,not-supported,not-supported
producer-ar,true,Producer|AandR|Fan|Customer,CRM|Catalog|Packages|Scheduling,help.manual,mobile,native,allowed,allowed,not-supported,not-supported,not-supported,not-supported,not-supported,not-supported,not-supported,not-supported,not-supported,not-supported,not-supported,not-supported,not-supported,not-supported,not-supported
producer-ar,true,Producer|AandR|Fan|Customer,CRM|Catalog|Packages|Scheduling,help.docs,web,available,allowed,allowed,not-supported,not-supported,not-supported,not-supported,not-supported,not-supported,not-supported,not-supported,not-supported,not-supported,not-supported,not-supported,not-supported,not-supported,not-supported
producer-ar,true,Producer|AandR|Fan|Customer,CRM|Catalog|Packages|Scheduling,help.docs,mobile,native,allowed,allowed,not-supported,not-supported,not-supported,not-supported,not-supported,not-supported,not-supported,not-supported,not-supported,not-supported,not-supported,not-supported,not-supported,not-supported,not-supported
producer-ar,true,Producer|AandR|Fan|Customer,CRM|Catalog|Packages|Scheduling,help.about,web,available,allowed,allowed,not-supported,not-supported,not-supported,not-supported,not-supported,not-supported,not-supported,not-supported,not-supported,not-supported,not-supported,not-supported,not-supported,not-supported,not-supported
producer-ar,true,Producer|AandR|Fan|Customer,CRM|Catalog|Packages|Scheduling,help.about,mobile,native,allowed,allowed,not-supported,not-supported,not-supported,not-supported,not-supported,not-supported,not-supported,not-supported,not-supported,not-supported,not-supported,not-supported,not-supported,not-supported,not-supported
producer-ar,true,Producer|AandR|Fan|Customer,CRM|Catalog|Packages|Scheduling,help.security,web,available,allowed,allowed,not-supported,not-supported,not-supported,not-supported,not-supported,not-supported,not-supported,not-supported,not-supported,not-supported,not-supported,not-supported,not-supported,not-supported,not-supported
producer-ar,true,Producer|AandR|Fan|Customer,CRM|Catalog|Packages|Scheduling,help.security,mobile,native,allowed,allowed,not-supported,not-supported,not-supported,not-supported,not-supported,not-supported,not-supported,not-supported,not-supported,not-supported,not-supported,not-supported,not-supported,not-supported,not-supported
producer-ar,true,Producer|AandR|Fan|Customer,CRM|Catalog|Packages|Scheduling,help.feedback,web,available,allowed,allowed,allowed,not-supported,not-supported,not-supported,not-supported,not-supported,not-supported,not-supported,not-supported,not-supported,not-supported,not-supported,not-supported,not-supported,not-supported
producer-ar,true,Producer|AandR|Fan|Customer,CRM|Catalog|Packages|Scheduling,help.feedback,mobile,native,allowed,allowed,allowed,not-supported,not-supported,not-supported,not-supported,not-supported,not-supported,not-supported,not-supported,not-supported,not-supported,not-supported,not-supported,not-supported,not-supported
producer-ar,true,Producer|AandR|Fan|Customer,CRM|Catalog|Packages|Scheduling,navigation.quick-create,web,not-available,not-available,not-available,not-available,not-available,not-available,not-available,not-available,not-available,not-available,not-available,not-available,not-available,not-available,not-available,not-available,not-available,not-available
producer-ar,true,Producer|AandR|Fan|Customer,CRM|Catalog|Packages|Scheduling,navigation.quick-create,mobile,native,allowed,allowed,not-supported,not-supported,not-supported,not-supported,not-supported,not-supported,not-supported,not-supported,not-supported,not-supported,not-supported,not-supported,not-supported,not-supported,not-supported
producer-ar,true,Producer|AandR|Fan|Customer,CRM|Catalog|Packages|Scheduling,navigation.explore,web,not-available,not-available,not-available,not-available,not-available,not-available,not-available,not-available,not-available,not-available,not-available,not-available,not-available,not-available,not-available,not-available,not-available,not-available
producer-ar,true,Producer|AandR|Fan|Customer,CRM|Catalog|Packages|Scheduling,navigation.explore,mobile,native,allowed,allowed,not-supported,allowed,allowed,not-supported,not-supported,not-supported,not-supported,not-supported,not-supported,not-supported,not-supported,not-supported,not-supported,not-supported,not-supported
producer-ar,true,Producer|AandR|Fan|Customer,CRM|Catalog|Packages|Scheduling,profile.self,web,not-available,not-available,not-available,not-available,not-available,not-available,not-available,not-available,not-available,not-available,not-available,not-available,not-available,not-available,not-available,not-available,not-available,not-available
producer-ar,true,Producer|AandR|Fan|Customer,CRM|Catalog|Packages|Scheduling,profile.self,mobile,native,allowed,allowed,not-supported,allowed,not-supported,not-supported,not-supported,not-supported,not-supported,not-supported,not-supported,not-supported,not-supported,not-supported,not-supported,not-supported,not-supported
producer-ar,true,Producer|AandR|Fan|Customer,CRM|Catalog|Packages|Scheduling,social.venues,web,not-available,not-available,not-available,not-available,not-available,not-available,not-available,not-available,not-available,not-available,not-available,not-available,not-available,not-available,not-available,not-available,not-available,not-available
producer-ar,true,Producer|AandR|Fan|Customer,CRM|Catalog|Packages|Scheduling,social.venues,mobile,native,allowed,allowed,allowed,allowed,not-supported,not-supported,not-supported,not-supported,not-supported,not-supported,not-supported,not-supported,not-supported,not-supported,not-supported,not-supported,not-supported
producer-ar,true,Producer|AandR|Fan|Customer,CRM|Catalog|Packages|Scheduling,social.venue.detail,web,not-available,not-available,not-available,not-available,not-available,not-available,not-available,not-available,not-available,not-available,not-available,not-available,not-available,not-available,not-available,not-available,not-available,not-available
producer-ar,true,Producer|AandR|Fan|Customer,CRM|Catalog|Packages|Scheduling,social.venue.detail,mobile,not-available,not-available,not-available,not-available,not-available,not-available,not-available,not-available,not-available,not-available,not-available,not-available,not-available,not-available,not-available,not-available,not-available,not-available
producer-ar,true,Producer|AandR|Fan|Customer,CRM|Catalog|Packages|Scheduling,social.venue.create,web,not-available,not-available,not-available,not-available,not-available,not-available,not-available,not-available,not-available,not-available,not-available,not-available,not-available,not-available,not-available,not-available,not-available,not-available
producer-ar,true,Producer|AandR|Fan|Customer,CRM|Catalog|Packages|Scheduling,social.venue.create,mobile,not-available,not-available,not-available,not-available,not-available,not-available,not-available,not-available,not-available,not-available,not-available,not-available,not-available,not-available,not-available,not-available,not-available,not-available
producer-ar,true,Producer|AandR|Fan|Customer,CRM|Catalog|Packages|Scheduling,artist.profile.edit,web,not-available,not-available,not-available,not-available,not-available,not-available,not-available,not-available,not-available,not-available,not-available,not-available,not-available,not-available,not-available,not-available,not-available,not-available
producer-ar,true,Producer|AandR|Fan|Customer,CRM|Catalog|Packages|Scheduling,artist.profile.edit,mobile,not-available,not-available,not-available,not-available,not-available,not-available,not-available,not-available,not-available,not-available,not-available,not-available,not-available,not-available,not-available,not-available,not-available,not-available
producer-ar,true,Producer|AandR|Fan|Customer,CRM|Catalog|Packages|Scheduling,studio.session.input-list,web,not-available,not-available,not-available,not-available,not-available,not-available,not-available,not-available,not-available,not-available,not-available,not-available,not-available,not-available,not-available,not-available,not-available,not-available
producer-ar,true,Producer|AandR|Fan|Customer,CRM|Catalog|Packages|Scheduling,studio.session.input-list,mobile,not-available,not-available,not-available,not-available,not-available,not-available,not-available,not-available,not-available,not-available,not-available,not-available,not-available,not-available,not-available,not-available,not-available,not-available
producer-ar,true,Producer|AandR|Fan|Customer,CRM|Catalog|Packages|Scheduling,social.tickets,web,not-available,not-available,not-available,not-available,not-available,not-available,not-available,not-available,not-available,not-available,not-available,not-available,not-available,not-available,not-available,not-available,not-available,not-available
producer-ar,true,Producer|AandR|Fan|Customer,CRM|Catalog|Packages|Scheduling,social.tickets,mobile,native,allowed,allowed,not-supported,not-supported,not-supported,not-supported,not-supported,not-supported,not-supported,not-supported,not-supported,not-supported,not-supported,not-supported,not-supported,not-supported,not-supported
producer-ar,true,Producer|AandR|Fan|Customer,CRM|Catalog|Packages|Scheduling,social.ticket-checkout,web,not-available,not-available,not-available,not-available,not-available,not-available,not-available,not-available,not-available,not-available,not-available,not-available,not-available,not-available,not-available,not-available,not-available,not-available
producer-ar,true,Producer|AandR|Fan|Customer,CRM|Catalog|Packages|Scheduling,social.ticket-checkout,mobile,not-available,not-available,not-available,not-available,not-available,not-available,not-available,not-available,not-available,not-available,not-available,not-available,not-available,not-available,not-available,not-available,not-available,not-available
producer-ar,true,Producer|AandR|Fan|Customer,CRM|Catalog|Packages|Scheduling,label.contracts.create,web,not-available,not-available,not-available,not-available,not-available,not-available,not-available,not-available,not-available,not-available,not-available,not-available,not-available,not-available,not-available,not-available,not-available,not-available
producer-ar,true,Producer|AandR|Fan|Customer,CRM|Catalog|Packages|Scheduling,label.contracts.create,mobile,not-available,not-available,not-available,not-available,not-available,not-available,not-available,not-available,not-available,not-available,not-available,not-available,not-available,not-available,not-available,not-available,not-available,not-available
producer-ar,true,Producer|AandR|Fan|Customer,CRM|Catalog|Packages|Scheduling,label.contracts.detail,web,not-available,not-available,not-available,not-available,not-available,not-available,not-available,not-available,not-available,not-available,not-available,not-available,not-available,not-available,not-available,not-available,not-available,not-available
producer-ar,true,Producer|AandR|Fan|Customer,CRM|Catalog|Packages|Scheduling,label.contracts.detail,mobile,not-available,not-available,not-available,not-available,not-available,not-available,not-available,not-available,not-available,not-available,not-available,not-available,not-available,not-available,not-available,not-available,not-available,not-available
producer-ar,true,Producer|AandR|Fan|Customer,CRM|Catalog|Packages|Scheduling,mobile.onboarding,web,not-available,not-available,not-available,not-available,not-available,not-available,not-available,not-available,not-available,not-available,not-available,not-available,not-available,not-available,not-available,not-available,not-available,not-available
producer-ar,true,Producer|AandR|Fan|Customer,CRM|Catalog|Packages|Scheduling,mobile.onboarding,mobile,native,allowed,allowed,not-supported,not-supported,not-supported,not-supported,not-supported,not-supported,not-supported,not-supported,not-supported,not-supported,not-supported,not-supported,not-supported,not-supported,not-supported
producer-ar,true,Producer|AandR|Fan|Customer,CRM|Catalog|Packages|Scheduling,technical.mobile-entry,web,not-available,not-available,not-available,not-available,not-available,not-available,not-available,not-available,not-available,not-available,not-available,not-available,not-available,not-available,not-available,not-available,not-available,not-available
producer-ar,true,Producer|AandR|Fan|Customer,CRM|Catalog|Packages|Scheduling,technical.mobile-entry,mobile,not-available,not-available,not-available,not-available,not-available,not-available,not-available,not-available,not-available,not-available,not-available,not-available,not-available,not-available,not-available,not-available,not-available,not-available
producer-ar,true,Producer|AandR|Fan|Customer,CRM|Catalog|Packages|Scheduling,access-requests.mine,web,available,allowed,allowed,not-supported,allowed,not-supported,not-supported,not-supported,not-supported,not-supported,not-supported,not-supported,not-supported,not-supported,not-supported,not-supported,not-supported,not-supported
producer-ar,true,Producer|AandR|Fan|Customer,CRM|Catalog|Packages|Scheduling,access-requests.mine,mobile,native,allowed,allowed,not-supported,allowed,not-supported,not-supported,not-supported,not-supported,not-supported,not-supported,not-supported,not-supported,not-supported,not-supported,not-supported,not-supported,not-supported
producer-ar,true,Producer|AandR|Fan|Customer,CRM|Catalog|Packages|Scheduling,access-requests.create,web,available,allowed,allowed,allowed,not-supported,not-supported,not-supported,not-supported,not-supported,not-supported,not-supported,not-supported,not-supported,not-supported,not-supported,not-supported,not-supported,not-supported
producer-ar,true,Producer|AandR|Fan|Customer,CRM|Catalog|Packages|Scheduling,access-requests.create,mobile,native,allowed,allowed,allowed,not-supported,not-supported,not-supported,not-supported,not-supported,not-supported,not-supported,not-supported,not-supported,not-supported,not-supported,not-supported,not-supported,not-supported
producer-ar,true,Producer|AandR|Fan|Customer,CRM|Catalog|Packages|Scheduling,access-requests.review,web,available,concealed,concealed,not-supported,not-supported,not-supported,not-supported,not-supported,not-supported,not-supported,not-supported,not-supported,concealed,concealed,not-supported,not-supported,not-supported,concealed
producer-ar,true,Producer|AandR|Fan|Customer,CRM|Catalog|Packages|Scheduling,access-requests.review,mobile,native,concealed,concealed,not-supported,not-supported,not-supported,not-supported,not-supported,not-supported,not-supported,not-supported,not-supported,concealed,concealed,not-supported,not-supported,not-supported,concealed
producer-ar,true,Producer|AandR|Fan|Customer,CRM|Catalog|Packages|Scheduling,technical.auth-login,web,available,concealed,concealed,concealed,concealed,concealed,concealed,concealed,concealed,concealed,concealed,concealed,concealed,concealed,concealed,concealed,concealed,concealed
producer-ar,true,Producer|AandR|Fan|Customer,CRM|Catalog|Packages|Scheduling,technical.auth-login,mobile,not-available,not-available,not-available,not-available,not-available,not-available,not-available,not-available,not-available,not-available,not-available,not-available,not-available,not-available,not-available,not-available,not-available,not-available
producer-ar,true,Producer|AandR|Fan|Customer,CRM|Catalog|Packages|Scheduling,technical.auth-reset,web,available,concealed,concealed,concealed,concealed,concealed,concealed,concealed,concealed,concealed,concealed,concealed,concealed,concealed,concealed,concealed,concealed,concealed
producer-ar,true,Producer|AandR|Fan|Customer,CRM|Catalog|Packages|Scheduling,technical.auth-reset,mobile,not-available,not-available,not-available,not-available,not-available,not-available,not-available,not-available,not-available,not-available,not-available,not-available,not-available,not-available,not-available,not-available,not-available,not-available
producer-ar,true,Producer|AandR|Fan|Customer,CRM|Catalog|Packages|Scheduling,technical.oauth-google-drive,web,available,concealed,concealed,concealed,concealed,concealed,concealed,concealed,concealed,concealed,concealed,concealed,concealed,concealed,concealed,concealed,concealed,concealed
producer-ar,true,Producer|AandR|Fan|Customer,CRM|Catalog|Packages|Scheduling,technical.oauth-google-drive,mobile,not-available,not-available,not-available,not-available,not-available,not-available,not-available,not-available,not-available,not-available,not-available,not-available,not-available,not-available,not-available,not-available,not-available,not-available
producer-ar,true,Producer|AandR|Fan|Customer,CRM|Catalog|Packages|Scheduling,technical.oauth-instagram,web,available,concealed,concealed,concealed,concealed,concealed,concealed,concealed,concealed,concealed,concealed,concealed,concealed,concealed,concealed,concealed,concealed,concealed
producer-ar,true,Producer|AandR|Fan|Customer,CRM|Catalog|Packages|Scheduling,technical.oauth-instagram,mobile,not-available,not-available,not-available,not-available,not-available,not-available,not-available,not-available,not-available,not-available,not-available,not-available,not-available,not-available,not-available,not-available,not-available,not-available
producer-ar,true,Producer|AandR|Fan|Customer,CRM|Catalog|Packages|Scheduling,technical.payment-return,web,available,concealed,concealed,concealed,concealed,concealed,concealed,concealed,concealed,concealed,concealed,concealed,concealed,concealed,concealed,concealed,concealed,concealed
producer-ar,true,Producer|AandR|Fan|Customer,CRM|Catalog|Packages|Scheduling,technical.payment-return,mobile,not-available,not-available,not-available,not-available,not-available,not-available,not-available,not-available,not-available,not-available,not-available,not-available,not-available,not-available,not-available,not-available,not-available,not-available
producer-ar,true,Producer|AandR|Fan|Customer,CRM|Catalog|Packages|Scheduling,technical.whatsapp-return,web,available,concealed,concealed,concealed,concealed,concealed,concealed,concealed,concealed,concealed,concealed,concealed,concealed,concealed,concealed,concealed,concealed,concealed
producer-ar,true,Producer|AandR|Fan|Customer,CRM|Catalog|Packages|Scheduling,technical.whatsapp-return,mobile,not-available,not-available,not-available,not-available,not-available,not-available,not-available,not-available,not-available,not-available,not-available,not-available,not-available,not-available,not-available,not-available,not-available,not-available
producer-ar,true,Producer|AandR|Fan|Customer,CRM|Catalog|Packages|Scheduling,technical.inventory-scan,web,available,concealed,concealed,concealed,concealed,concealed,concealed,concealed,concealed,concealed,concealed,concealed,concealed,concealed,concealed,concealed,concealed,concealed
producer-ar,true,Producer|AandR|Fan|Customer,CRM|Catalog|Packages|Scheduling,technical.inventory-scan,mobile,not-available,not-available,not-available,not-available,not-available,not-available,not-available,not-available,not-available,not-available,not-available,not-available,not-available,not-available,not-available,not-available,not-available,not-available
producer-ar,true,Producer|AandR|Fan|Customer,CRM|Catalog|Packages|Scheduling,technical.course-public,web,available,allowed,allowed,not-supported,not-supported,not-supported,not-supported,not-supported,not-supported,not-supported,not-supported,not-supported,not-supported,not-supported,not-supported,not-supported,not-supported,not-supported
producer-ar,true,Producer|AandR|Fan|Customer,CRM|Catalog|Packages|Scheduling,technical.course-public,mobile,web-fallback,allowed,allowed,not-supported,not-supported,not-supported,not-supported,not-supported,not-supported,not-supported,not-supported,not-supported,not-supported,not-supported,not-supported,not-supported,not-supported,not-supported
producer-ar,true,Producer|AandR|Fan|Customer,CRM|Catalog|Packages|Scheduling,technical.course-registration,web,available,allowed,allowed,not-supported,not-supported,not-supported,not-supported,not-supported,not-supported,not-supported,allowed,not-supported,not-supported,not-supported,not-supported,not-supported,not-supported,not-supported
producer-ar,true,Producer|AandR|Fan|Customer,CRM|Catalog|Packages|Scheduling,technical.course-registration,mobile,web-fallback,allowed,allowed,not-supported,not-supported,not-supported,not-supported,not-supported,not-supported,not-supported,allowed,not-supported,not-supported,not-supported,not-supported,not-supported,not-supported,not-supported
producer-ar,true,Producer|AandR|Fan|Customer,CRM|Catalog|Packages|Scheduling,technical.whatsapp-consent-public,web,available,allowed,allowed,not-supported,not-supported,not-supported,not-supported,not-supported,not-supported,not-supported,allowed,not-supported,not-supported,not-supported,not-supported,not-supported,not-supported,not-supported
producer-ar,true,Producer|AandR|Fan|Customer,CRM|Catalog|Packages|Scheduling,technical.whatsapp-consent-public,mobile,web-fallback,allowed,allowed,not-supported,not-supported,not-supported,not-supported,not-supported,not-supported,not-supported,allowed,not-supported,not-supported,not-supported,not-supported,not-supported,not-supported,not-supported
producer-ar,true,Producer|AandR|Fan|Customer,CRM|Catalog|Packages|Scheduling,experimental.future-stubs,web,not-available,not-available,not-available,not-available,not-available,not-available,not-available,not-available,not-available,not-available,not-available,not-available,not-available,not-available,not-available,not-available,not-available,not-available
producer-ar,true,Producer|AandR|Fan|Customer,CRM|Catalog|Packages|Scheduling,experimental.future-stubs,mobile,not-available,not-available,not-available,not-available,not-available,not-available,not-available,not-available,not-available,not-available,not-available,not-available,not-available,not-available,not-available,not-available,not-available,not-available
studio-manager,true,StudioManager|Fan|Customer,Admin|CRM|Catalog|Internships|Invoicing|Ops|Packages|Scheduling,public.platform,web,available,allowed,allowed,not-supported,not-supported,not-supported,not-supported,not-supported,not-supported,not-supported,not-supported,not-supported,not-supported,not-supported,not-supported,not-supported,not-supported,not-supported
studio-manager,true,StudioManager|Fan|Customer,Admin|CRM|Catalog|Internships|Invoicing|Ops|Packages|Scheduling,public.platform,mobile,web-fallback,allowed,allowed,not-supported,not-supported,not-supported,not-supported,not-supported,not-supported,not-supported,not-supported,not-supported,not-supported,not-supported,not-supported,not-supported,not-supported,not-supported
studio-manager,true,StudioManager|Fan|Customer,Admin|CRM|Catalog|Internships|Invoicing|Ops|Packages|Scheduling,home,web,available,allowed,allowed,not-supported,not-supported,not-supported,not-supported,not-supported,not-supported,not-supported,not-supported,not-supported,not-supported,not-supported,not-supported,not-supported,not-supported,not-supported
studio-manager,true,StudioManager|Fan|Customer,Admin|CRM|Catalog|Internships|Invoicing|Ops|Packages|Scheduling,home,mobile,native,allowed,allowed,not-supported,not-supported,not-supported,not-supported,not-supported,not-supported,not-supported,not-supported,not-supported,not-supported,not-supported,not-supported,not-supported,not-supported,not-supported
studio-manager,true,StudioManager|Fan|Customer,Admin|CRM|Catalog|Internships|Invoicing|Ops|Packages|Scheduling,community,web,available,allowed,allowed,allowed,allowed,allowed,not-supported,not-supported,not-supported,not-supported,not-supported,not-supported,not-supported,not-supported,not-supported,not-supported,not-supported,not-supported
studio-manager,true,StudioManager|Fan|Customer,Admin|CRM|Catalog|Internships|Invoicing|Ops|Packages|Scheduling,community,mobile,native,allowed,allowed,allowed,allowed,allowed,not-supported,not-supported,not-supported,not-supported,not-supported,not-supported,not-supported,not-supported,not-supported,not-supported,not-supported,not-supported
studio-manager,true,StudioManager|Fan|Customer,Admin|CRM|Catalog|Internships|Invoicing|Ops|Packages|Scheduling,community.club,web,available,allowed,allowed,allowed,allowed,allowed,not-supported,not-supported,not-supported,not-supported,not-supported,not-supported,not-supported,not-supported,not-supported,not-supported,not-supported,not-supported
studio-manager,true,StudioManager|Fan|Customer,Admin|CRM|Catalog|Internships|Invoicing|Ops|Packages|Scheduling,community.club,mobile,not-available,not-available,not-available,not-available,not-available,not-available,not-available,not-available,not-available,not-available,not-available,not-available,not-available,not-available,not-available,not-available,not-available,not-available
studio-manager,true,StudioManager|Fan|Customer,Admin|CRM|Catalog|Internships|Invoicing|Ops|Packages|Scheduling,community.member,web,available,allowed,allowed,not-supported,not-supported,not-supported,not-supported,not-supported,not-supported,not-supported,not-supported,not-supported,not-supported,not-supported,not-supported,not-supported,not-supported,not-supported
studio-manager,true,StudioManager|Fan|Customer,Admin|CRM|Catalog|Internships|Invoicing|Ops|Packages|Scheduling,community.member,mobile,web-fallback,allowed,allowed,not-supported,not-supported,not-supported,not-supported,not-supported,not-supported,not-supported,not-supported,not-supported,not-supported,not-supported,not-supported,not-supported,not-supported,not-supported
studio-manager,true,StudioManager|Fan|Customer,Admin|CRM|Catalog|Internships|Invoicing|Ops|Packages|Scheduling,artist.public,web,available,allowed,allowed,not-supported,not-supported,not-supported,not-supported,not-supported,not-supported,not-supported,not-supported,not-supported,not-supported,not-supported,not-supported,not-supported,not-supported,not-supported
studio-manager,true,StudioManager|Fan|Customer,Admin|CRM|Catalog|Internships|Invoicing|Ops|Packages|Scheduling,artist.public,mobile,not-available,not-available,not-available,not-available,not-available,not-available,not-available,not-available,not-available,not-available,not-available,not-available,not-available,not-available,not-available,not-available,not-available,not-available
studio-manager,true,StudioManager|Fan|Customer,Admin|CRM|Catalog|Internships|Invoicing|Ops|Packages|Scheduling,artist.onboarding,web,available,allowed,allowed,concealed,not-supported,not-supported,not-supported,not-supported,not-supported,not-supported,not-supported,not-supported,not-supported,not-supported,not-supported,not-supported,not-supported,not-supported
studio-manager,true,StudioManager|Fan|Customer,Admin|CRM|Catalog|Internships|Invoicing|Ops|Packages|Scheduling,artist.onboarding,mobile,native,allowed,allowed,concealed,not-supported,not-supported,not-supported,not-supported,not-supported,not-supported,not-supported,not-supported,not-supported,not-supported,not-supported,not-supported,not-supported,not-supported
studio-manager,true,StudioManager|Fan|Customer,Admin|CRM|Catalog|Internships|Invoicing|Ops|Packages|Scheduling,marketplace,web,available,allowed,allowed,allowed,allowed,allowed,not-supported,not-supported,not-supported,not-supported,not-supported,not-supported,not-supported,not-supported,not-supported,not-supported,not-supported,not-supported
studio-manager,true,StudioManager|Fan|Customer,Admin|CRM|Catalog|Internships|Invoicing|Ops|Packages|Scheduling,marketplace,mobile,web-fallback,allowed,allowed,allowed,allowed,allowed,not-supported,not-supported,not-supported,not-supported,not-supported,not-supported,not-supported,not-supported,not-supported,not-supported,not-supported,not-supported
studio-manager,true,StudioManager|Fan|Customer,Admin|CRM|Catalog|Internships|Invoicing|Ops|Packages|Scheduling,marketplace.order-tracking,web,available,allowed,allowed,not-supported,not-supported,not-supported,not-supported,not-supported,not-supported,not-supported,not-supported,not-supported,not-supported,not-supported,not-supported,not-supported,not-supported,not-supported
studio-manager,true,StudioManager|Fan|Customer,Admin|CRM|Catalog|Internships|Invoicing|Ops|Packages|Scheduling,marketplace.order-tracking,mobile,web-fallback,allowed,allowed,not-supported,not-supported,not-supported,not-supported,not-supported,not-supported,not-supported,not-supported,not-supported,not-supported,not-supported,not-supported,not-supported,not-supported,not-supported
studio-manager,true,StudioManager|Fan|Customer,Admin|CRM|Catalog|Internships|Invoicing|Ops|Packages|Scheduling,service.mixing-mastering,web,available,allowed,allowed,not-supported,not-supported,not-supported,not-supported,not-supported,not-supported,not-supported,not-supported,not-supported,not-supported,not-supported,not-supported,not-supported,not-supported,not-supported
studio-manager,true,StudioManager|Fan|Customer,Admin|CRM|Catalog|Internships|Invoicing|Ops|Packages|Scheduling,service.mixing-mastering,mobile,web-fallback,allowed,allowed,not-supported,not-supported,not-supported,not-supported,not-supported,not-supported,not-supported,not-supported,not-supported,not-supported,not-supported,not-supported,not-supported,not-supported,not-supported
studio-manager,true,StudioManager|Fan|Customer,Admin|CRM|Catalog|Internships|Invoicing|Ops|Packages|Scheduling,bookings.public,web,available,allowed,allowed,allowed,not-supported,not-supported,not-supported,not-supported,not-supported,not-supported,not-supported,not-supported,not-supported,not-supported,not-supported,not-supported,not-supported,not-supported
studio-manager,true,StudioManager|Fan|Customer,Admin|CRM|Catalog|Internships|Invoicing|Ops|Packages|Scheduling,bookings.public,mobile,native,allowed,allowed,allowed,not-supported,not-supported,not-supported,not-supported,not-supported,not-supported,not-supported,not-supported,not-supported,not-supported,not-supported,not-supported,not-supported,not-supported
studio-manager,true,StudioManager|Fan|Customer,Admin|CRM|Catalog|Internships|Invoicing|Ops|Packages|Scheduling,bookings.dj-booth,web,available,allowed,allowed,not-supported,not-supported,not-supported,not-supported,not-supported,not-supported,not-supported,not-supported,not-supported,not-supported,not-supported,not-supported,not-supported,not-supported,not-supported
studio-manager,true,StudioManager|Fan|Customer,Admin|CRM|Catalog|Internships|Invoicing|Ops|Packages|Scheduling,bookings.dj-booth,mobile,native,allowed,allowed,not-supported,not-supported,not-supported,not-supported,not-supported,not-supported,not-supported,not-supported,not-supported,not-supported,not-supported,not-supported,not-supported,not-supported,not-supported
studio-manager,true,StudioManager|Fan|Customer,Admin|CRM|Catalog|Internships|Invoicing|Ops|Packages|Scheduling,public.trials,web,available,allowed,allowed,allowed,allowed,allowed,not-supported,not-supported,not-supported,not-supported,not-supported,not-supported,not-supported,not-supported,not-supported,not-supported,not-supported,not-supported
studio-manager,true,StudioManager|Fan|Customer,Admin|CRM|Catalog|Internships|Invoicing|Ops|Packages|Scheduling,public.trials,mobile,web-fallback,allowed,allowed,allowed,allowed,allowed,not-supported,not-supported,not-supported,not-supported,not-supported,not-supported,not-supported,not-supported,not-supported,not-supported,not-supported,not-supported
studio-manager,true,StudioManager|Fan|Customer,Admin|CRM|Catalog|Internships|Invoicing|Ops|Packages|Scheduling,public.live-session-registration,web,available,allowed,allowed,allowed,not-supported,not-supported,not-supported,not-supported,not-supported,not-supported,not-supported,not-supported,not-supported,not-supported,not-supported,not-supported,not-supported,not-supported
studio-manager,true,StudioManager|Fan|Customer,Admin|CRM|Catalog|Internships|Invoicing|Ops|Packages|Scheduling,public.live-session-registration,mobile,web-fallback,allowed,allowed,allowed,not-supported,not-supported,not-supported,not-supported,not-supported,not-supported,not-supported,not-supported,not-supported,not-supported,not-supported,not-supported,not-supported,not-supported
studio-manager,true,StudioManager|Fan|Customer,Admin|CRM|Catalog|Internships|Invoicing|Ops|Packages|Scheduling,public.records,web,available,allowed,allowed,not-supported,not-supported,not-supported,not-supported,not-supported,not-supported,not-supported,not-supported,not-supported,not-supported,not-supported,not-supported,not-supported,not-supported,not-supported
studio-manager,true,StudioManager|Fan|Customer,Admin|CRM|Catalog|Internships|Invoicing|Ops|Packages|Scheduling,public.records,mobile,web-fallback,allowed,allowed,not-supported,not-supported,not-supported,not-supported,not-supported,not-supported,not-supported,not-supported,not-supported,not-supported,not-supported,not-supported,not-supported,not-supported,not-supported
studio-manager,true,StudioManager|Fan|Customer,Admin|CRM|Catalog|Internships|Invoicing|Ops|Packages|Scheduling,public.donations,web,available,allowed,allowed,not-supported,not-supported,not-supported,not-supported,not-supported,not-supported,not-supported,not-supported,not-supported,not-supported,not-supported,not-supported,not-supported,not-supported,not-supported
studio-manager,true,StudioManager|Fan|Customer,Admin|CRM|Catalog|Internships|Invoicing|Ops|Packages|Scheduling,public.donations,mobile,web-fallback,allowed,allowed,not-supported,not-supported,not-supported,not-supported,not-supported,not-supported,not-supported,not-supported,not-supported,not-supported,not-supported,not-supported,not-supported,not-supported,not-supported
studio-manager,true,StudioManager|Fan|Customer,Admin|CRM|Catalog|Internships|Invoicing|Ops|Packages|Scheduling,public.domo,web,available,allowed,allowed,not-supported,not-supported,not-supported,not-supported,not-supported,not-supported,not-supported,not-supported,not-supported,not-supported,not-supported,not-supported,not-supported,not-supported,not-supported
studio-manager,true,StudioManager|Fan|Customer,Admin|CRM|Catalog|Internships|Invoicing|Ops|Packages|Scheduling,public.domo,mobile,web-fallback,allowed,allowed,not-supported,not-supported,not-supported,not-supported,not-supported,not-supported,not-supported,not-supported,not-supported,not-supported,not-supported,not-supported,not-supported,not-supported,not-supported
studio-manager,true,StudioManager|Fan|Customer,Admin|CRM|Catalog|Internships|Invoicing|Ops|Packages|Scheduling,profile.detail,web,available,allowed,allowed,not-supported,not-supported,not-supported,not-supported,not-supported,not-supported,not-supported,not-supported,not-supported,not-supported,not-supported,not-supported,not-supported,not-supported,not-supported
studio-manager,true,StudioManager|Fan|Customer,Admin|CRM|Catalog|Internships|Invoicing|Ops|Packages|Scheduling,profile.detail,mobile,not-available,not-available,not-available,not-available,not-available,not-available,not-available,not-available,not-available,not-available,not-available,not-available,not-available,not-available,not-available,not-available,not-available,not-available
studio-manager,true,StudioManager|Fan|Customer,Admin|CRM|Catalog|Internships|Invoicing|Ops|Packages|Scheduling,social,web,available,allowed,allowed,allowed,not-supported,allowed,not-supported,not-supported,not-supported,not-supported,not-supported,not-supported,not-supported,not-supported,not-supported,not-supported,not-supported,not-supported
studio-manager,true,StudioManager|Fan|Customer,Admin|CRM|Catalog|Internships|Invoicing|Ops|Packages|Scheduling,social,mobile,native,allowed,allowed,allowed,not-supported,allowed,not-supported,not-supported,not-supported,not-supported,not-supported,not-supported,not-supported,not-supported,not-supported,not-supported,not-supported,not-supported
studio-manager,true,StudioManager|Fan|Customer,Admin|CRM|Catalog|Internships|Invoicing|Ops|Packages|Scheduling,social.instagram,web,available,allowed,allowed,not-supported,not-supported,not-supported,not-supported,not-supported,not-supported,not-supported,not-supported,not-supported,not-supported,not-supported,not-supported,not-supported,not-supported,locked-requestable
studio-manager,true,StudioManager|Fan|Customer,Admin|CRM|Catalog|Internships|Invoicing|Ops|Packages|Scheduling,social.instagram,mobile,web-fallback,allowed,allowed,not-supported,not-supported,not-supported,not-supported,not-supported,not-supported,not-supported,not-supported,not-supported,not-supported,not-supported,not-supported,not-supported,not-supported,locked-requestable
studio-manager,true,StudioManager|Fan|Customer,Admin|CRM|Catalog|Internships|Invoicing|Ops|Packages|Scheduling,social.vcard,web,not-available,not-available,not-available,not-available,not-available,not-available,not-available,not-available,not-available,not-available,not-available,not-available,not-available,not-available,not-available,not-available,not-available,not-available
studio-manager,true,StudioManager|Fan|Customer,Admin|CRM|Catalog|Internships|Invoicing|Ops|Packages|Scheduling,social.vcard,mobile,native,allowed,allowed,allowed,not-supported,not-supported,not-supported,not-supported,not-supported,not-supported,not-supported,not-supported,not-supported,not-supported,not-supported,not-supported,not-supported,not-supported
studio-manager,true,StudioManager|Fan|Customer,Admin|CRM|Catalog|Internships|Invoicing|Ops|Packages|Scheduling,social.inbox,web,available,allowed,allowed,allowed,not-supported,not-supported,not-supported,not-supported,not-supported,not-supported,not-supported,not-supported,not-supported,not-supported,not-supported,not-supported,not-supported,not-supported
studio-manager,true,StudioManager|Fan|Customer,Admin|CRM|Catalog|Internships|Invoicing|Ops|Packages|Scheduling,social.inbox,mobile,web-fallback,allowed,allowed,allowed,not-supported,not-supported,not-supported,not-supported,not-supported,not-supported,not-supported,not-supported,not-supported,not-supported,not-supported,not-supported,not-supported,not-supported
studio-manager,true,StudioManager|Fan|Customer,Admin|CRM|Catalog|Internships|Invoicing|Ops|Packages|Scheduling,social.events,web,available,allowed,allowed,allowed,allowed,allowed,not-supported,not-supported,not-supported,not-supported,not-supported,not-supported,not-supported,not-supported,not-supported,allowed,not-supported,not-supported
studio-manager,true,StudioManager|Fan|Customer,Admin|CRM|Catalog|Internships|Invoicing|Ops|Packages|Scheduling,social.events,mobile,native,allowed,allowed,allowed,allowed,allowed,not-supported,not-supported,not-supported,not-supported,not-supported,not-supported,not-supported,not-supported,not-supported,allowed,not-supported,not-supported
studio-manager,true,StudioManager|Fan|Customer,Admin|CRM|Catalog|Internships|Invoicing|Ops|Packages|Scheduling,social.events.create,web,available,allowed,allowed,allowed,not-supported,not-supported,not-supported,not-supported,not-supported,not-supported,not-supported,not-supported,not-supported,not-supported,not-supported,not-supported,not-supported,not-supported
studio-manager,true,StudioManager|Fan|Customer,Admin|CRM|Catalog|Internships|Invoicing|Ops|Packages|Scheduling,social.events.create,mobile,native,allowed,allowed,allowed,not-supported,not-supported,not-supported,not-supported,not-supported,not-supported,not-supported,not-supported,not-supported,not-supported,not-supported,not-supported,not-supported,not-supported
studio-manager,true,StudioManager|Fan|Customer,Admin|CRM|Catalog|Internships|Invoicing|Ops|Packages|Scheduling,social.event.detail,web,available,allowed,allowed,not-supported,not-supported,not-supported,not-supported,not-supported,not-supported,not-supported,not-supported,not-supported,not-supported,not-supported,not-supported,not-supported,not-supported,not-supported
studio-manager,true,StudioManager|Fan|Customer,Admin|CRM|Catalog|Internships|Invoicing|Ops|Packages|Scheduling,social.event.detail,mobile,not-available,not-available,not-available,not-available,not-available,not-available,not-available,not-available,not-available,not-available,not-available,not-available,not-available,not-available,not-available,not-available,not-available,not-available
studio-manager,true,StudioManager|Fan|Customer,Admin|CRM|Catalog|Internships|Invoicing|Ops|Packages|Scheduling,social.event.logistics,web,available,allowed,allowed,allowed,allowed,allowed,not-supported,not-supported,not-supported,not-supported,not-supported,not-supported,not-supported,not-supported,allowed,not-supported,not-supported,not-supported
studio-manager,true,StudioManager|Fan|Customer,Admin|CRM|Catalog|Internships|Invoicing|Ops|Packages|Scheduling,social.event.logistics,mobile,not-available,not-available,not-available,not-available,not-available,not-available,not-available,not-available,not-available,not-available,not-available,not-available,not-available,not-available,not-available,not-available,not-available,not-available
studio-manager,true,StudioManager|Fan|Customer,Admin|CRM|Catalog|Internships|Invoicing|Ops|Packages|Scheduling,social.discovery,web,available,flag-required,flag-required,flag-required,flag-required,flag-required,flag-required,flag-required,flag-required,flag-required,flag-required,flag-required,flag-required,flag-required,flag-required,flag-required,flag-required,flag-required
studio-manager,true,StudioManager|Fan|Customer,Admin|CRM|Catalog|Internships|Invoicing|Ops|Packages|Scheduling,social.discovery,mobile,native,flag-required,flag-required,flag-required,flag-required,flag-required,flag-required,flag-required,flag-required,flag-required,flag-required,flag-required,flag-required,flag-required,flag-required,flag-required,flag-required,flag-required
studio-manager,true,StudioManager|Fan|Customer,Admin|CRM|Catalog|Internships|Invoicing|Ops|Packages|Scheduling,chat,web,available,allowed,allowed,allowed,not-supported,not-supported,not-supported,not-supported,not-supported,not-supported,not-supported,not-supported,not-supported,not-supported,not-supported,not-supported,not-supported,not-supported
studio-manager,true,StudioManager|Fan|Customer,Admin|CRM|Catalog|Internships|Invoicing|Ops|Packages|Scheduling,chat,mobile,web-fallback,allowed,allowed,allowed,not-supported,not-supported,not-supported,not-supported,not-supported,not-supported,not-supported,not-supported,not-supported,not-supported,not-supported,not-supported,not-supported,not-supported
studio-manager,true,StudioManager|Fan|Customer,Admin|CRM|Catalog|Internships|Invoicing|Ops|Packages|Scheduling,crm.contacts,web,available,allowed,allowed,allowed,allowed,locked-requestable,not-supported,not-supported,not-supported,allowed,not-supported,not-supported,not-supported,not-supported,locked-requestable,not-supported,not-supported,not-supported
studio-manager,true,StudioManager|Fan|Customer,Admin|CRM|Catalog|Internships|Invoicing|Ops|Packages|Scheduling,crm.contacts,mobile,native,allowed,allowed,allowed,allowed,locked-requestable,not-supported,not-supported,not-supported,allowed,not-supported,not-supported,not-supported,not-supported,locked-requestable,not-supported,not-supported,not-supported
studio-manager,true,StudioManager|Fan|Customer,Admin|CRM|Catalog|Internships|Invoicing|Ops|Packages|Scheduling,crm.companies,web,available,allowed,allowed,allowed,allowed,not-supported,not-supported,not-supported,not-supported,not-supported,not-supported,not-supported,not-supported,not-supported,not-supported,not-supported,not-supported,not-supported
studio-manager,true,StudioManager|Fan|Customer,Admin|CRM|Catalog|Internships|Invoicing|Ops|Packages|Scheduling,crm.companies,mobile,native,allowed,allowed,allowed,allowed,not-supported,not-supported,not-supported,not-supported,not-supported,not-supported,not-supported,not-supported,not-supported,not-supported,not-supported,not-supported,not-supported
studio-manager,true,StudioManager|Fan|Customer,Admin|CRM|Catalog|Internships|Invoicing|Ops|Packages|Scheduling,crm.leads,web,available,allowed,allowed,allowed,allowed,not-supported,not-supported,not-supported,not-supported,not-supported,not-supported,not-supported,not-supported,not-supported,allowed,not-supported,not-supported,not-supported
studio-manager,true,StudioManager|Fan|Customer,Admin|CRM|Catalog|Internships|Invoicing|Ops|Packages|Scheduling,crm.leads,mobile,web-fallback,allowed,allowed,allowed,allowed,not-supported,not-supported,not-supported,not-supported,not-supported,not-supported,not-supported,not-supported,not-supported,allowed,not-supported,not-supported,not-supported
studio-manager,true,StudioManager|Fan|Customer,Admin|CRM|Catalog|Internships|Invoicing|Ops|Packages|Scheduling,studio.calendar,web,available,allowed,allowed,allowed,allowed,allowed,not-supported,not-supported,not-supported,not-supported,not-supported,not-supported,not-supported,not-supported,not-supported,not-supported,not-supported,not-supported
studio-manager,true,StudioManager|Fan|Customer,Admin|CRM|Catalog|Internships|Invoicing|Ops|Packages|Scheduling,studio.calendar,mobile,native,allowed,allowed,allowed,allowed,allowed,not-supported,not-supported,not-supported,not-supported,not-supported,not-supported,not-supported,not-supported,not-supported,not-supported,not-supported,not-supported
studio-manager,true,StudioManager|Fan|Customer,Admin|CRM|Catalog|Internships|Invoicing|Ops|Packages|Scheduling,studio.rooms,web,available,allowed,allowed,allowed,allowed,not-supported,not-supported,not-supported,not-supported,not-supported,not-supported,not-supported,not-supported,not-supported,not-supported,not-supported,not-supported,not-supported
studio-manager,true,StudioManager|Fan|Customer,Admin|CRM|Catalog|Internships|Invoicing|Ops|Packages|Scheduling,studio.rooms,mobile,native,allowed,allowed,allowed,allowed,not-supported,not-supported,not-supported,not-supported,not-supported,not-supported,not-supported,not-supported,not-supported,not-supported,not-supported,not-supported,not-supported
studio-manager,true,StudioManager|Fan|Customer,Admin|CRM|Catalog|Internships|Invoicing|Ops|Packages|Scheduling,studio.orders,web,available,allowed,allowed,allowed,allowed,not-supported,not-supported,not-supported,not-supported,not-supported,not-supported,not-supported,allowed,not-supported,not-supported,not-supported,not-supported,not-supported
studio-manager,true,StudioManager|Fan|Customer,Admin|CRM|Catalog|Internships|Invoicing|Ops|Packages|Scheduling,studio.orders,mobile,web-fallback,allowed,allowed,allowed,allowed,not-supported,not-supported,not-supported,not-supported,not-supported,not-supported,not-supported,allowed,not-supported,not-supported,not-supported,not-supported,not-supported
studio-manager,true,StudioManager|Fan|Customer,Admin|CRM|Catalog|Internships|Invoicing|Ops|Packages|Scheduling,studio.services,web,available,allowed,allowed,allowed,allowed,allowed,not-supported,not-supported,not-supported,not-supported,not-supported,not-supported,not-supported,not-supported,not-supported,not-supported,not-supported,not-supported
studio-manager,true,StudioManager|Fan|Customer,Admin|CRM|Catalog|Internships|Invoicing|Ops|Packages|Scheduling,studio.services,mobile,web-fallback,allowed,allowed,allowed,allowed,allowed,not-supported,not-supported,not-supported,not-supported,not-supported,not-supported,not-supported,not-supported,not-supported,not-supported,not-supported,not-supported
studio-manager,true,StudioManager|Fan|Customer,Admin|CRM|Catalog|Internships|Invoicing|Ops|Packages|Scheduling,studio.pipelines,web,available,allowed,allowed,allowed,allowed,allowed,not-supported,not-supported,not-supported,not-supported,not-supported,not-supported,not-supported,not-supported,allowed,not-supported,not-supported,not-supported
studio-manager,true,StudioManager|Fan|Customer,Admin|CRM|Catalog|Internships|Invoicing|Ops|Packages|Scheduling,studio.pipelines,mobile,native,allowed,allowed,allowed,allowed,allowed,not-supported,not-supported,not-supported,not-supported,not-supported,not-supported,not-supported,not-supported,allowed,not-supported,not-supported,not-supported
studio-manager,true,StudioManager|Fan|Customer,Admin|CRM|Catalog|Internships|Invoicing|Ops|Packages|Scheduling,studio.live-sessions,web,available,allowed,allowed,allowed,allowed,not-supported,not-supported,not-supported,not-supported,not-supported,not-supported,not-supported,not-supported,not-supported,not-supported,not-supported,not-supported,not-supported
studio-manager,true,StudioManager|Fan|Customer,Admin|CRM|Catalog|Internships|Invoicing|Ops|Packages|Scheduling,studio.live-sessions,mobile,web-fallback,allowed,allowed,allowed,allowed,not-supported,not-supported,not-supported,not-supported,not-supported,not-supported,not-supported,not-supported,not-supported,not-supported,not-supported,not-supported,not-supported
studio-manager,true,StudioManager|Fan|Customer,Admin|CRM|Catalog|Internships|Invoicing|Ops|Packages|Scheduling,studio.domo-campaign,web,available,allowed,allowed,not-supported,locked-requestable,not-supported,not-supported,not-supported,not-supported,not-supported,not-supported,not-supported,not-supported,not-supported,not-supported,not-supported,not-supported,not-supported
studio-manager,true,StudioManager|Fan|Customer,Admin|CRM|Catalog|Internships|Invoicing|Ops|Packages|Scheduling,studio.domo-campaign,mobile,web-fallback,allowed,allowed,not-supported,locked-requestable,not-supported,not-supported,not-supported,not-supported,not-supported,not-supported,not-supported,not-supported,not-supported,not-supported,not-supported,not-supported,not-supported
studio-manager,true,StudioManager|Fan|Customer,Admin|CRM|Catalog|Internships|Invoicing|Ops|Packages|Scheduling,studio.reports,web,available,allowed,allowed,not-supported,not-supported,not-supported,not-supported,not-supported,not-supported,allowed,not-supported,not-supported,not-supported,not-supported,not-supported,not-supported,allowed,not-supported
studio-manager,true,StudioManager|Fan|Customer,Admin|CRM|Catalog|Internships|Invoicing|Ops|Packages|Scheduling,studio.reports,mobile,web-fallback,allowed,allowed,not-supported,not-supported,not-supported,not-supported,not-supported,not-supported,allowed,not-supported,not-supported,not-supported,not-supported,not-supported,not-supported,allowed,not-supported
studio-manager,true,StudioManager|Fan|Customer,Admin|CRM|Catalog|Internships|Invoicing|Ops|Packages|Scheduling,school.teacher-portal,web,available,allowed,allowed,allowed,allowed,allowed,not-supported,not-supported,not-supported,not-supported,not-supported,not-supported,not-supported,not-supported,not-supported,not-supported,not-supported,not-supported
studio-manager,true,StudioManager|Fan|Customer,Admin|CRM|Catalog|Internships|Invoicing|Ops|Packages|Scheduling,school.teacher-portal,mobile,web-fallback,allowed,allowed,allowed,allowed,allowed,not-supported,not-supported,not-supported,not-supported,not-supported,not-supported,not-supported,not-supported,not-supported,not-supported,not-supported,not-supported
studio-manager,true,StudioManager|Fan|Customer,Admin|CRM|Catalog|Internships|Invoicing|Ops|Packages|Scheduling,school.teachers,web,available,allowed,allowed,allowed,allowed,not-supported,not-supported,not-supported,not-supported,not-supported,not-supported,not-supported,not-supported,not-supported,not-supported,not-supported,not-supported,not-supported
studio-manager,true,StudioManager|Fan|Customer,Admin|CRM|Catalog|Internships|Invoicing|Ops|Packages|Scheduling,school.teachers,mobile,web-fallback,allowed,allowed,allowed,allowed,not-supported,not-supported,not-supported,not-supported,not-supported,not-supported,not-supported,not-supported,not-supported,not-supported,not-supported,not-supported,not-supported
studio-manager,true,StudioManager|Fan|Customer,Admin|CRM|Catalog|Internships|Invoicing|Ops|Packages|Scheduling,school.classes,web,available,allowed,allowed,allowed,allowed,not-supported,not-supported,not-supported,not-supported,not-supported,not-supported,not-supported,not-supported,not-supported,not-supported,not-supported,not-supported,not-supported
studio-manager,true,StudioManager|Fan|Customer,Admin|CRM|Catalog|Internships|Invoicing|Ops|Packages|Scheduling,school.classes,mobile,web-fallback,allowed,allowed,allowed,allowed,not-supported,not-supported,not-supported,not-supported,not-supported,not-supported,not-supported,not-supported,not-supported,not-supported,not-supported,not-supported,not-supported
studio-manager,true,StudioManager|Fan|Customer,Admin|CRM|Catalog|Internships|Invoicing|Ops|Packages|Scheduling,school.trial-lessons,web,available,allowed,allowed,allowed,not-supported,not-supported,not-supported,not-supported,not-supported,not-supported,not-supported,not-supported,not-supported,not-supported,allowed,not-supported,not-supported,not-supported
studio-manager,true,StudioManager|Fan|Customer,Admin|CRM|Catalog|Internships|Invoicing|Ops|Packages|Scheduling,school.trial-lessons,mobile,web-fallback,allowed,allowed,allowed,not-supported,not-supported,not-supported,not-supported,not-supported,not-supported,not-supported,not-supported,not-supported,not-supported,allowed,not-supported,not-supported,not-supported
studio-manager,true,StudioManager|Fan|Customer,Admin|CRM|Catalog|Internships|Invoicing|Ops|Packages|Scheduling,school.trial-queue,web,available,allowed,allowed,not-supported,not-supported,not-supported,not-supported,not-supported,not-supported,not-supported,not-supported,not-supported,not-supported,not-supported,allowed,not-supported,not-supported,not-supported
studio-manager,true,StudioManager|Fan|Customer,Admin|CRM|Catalog|Internships|Invoicing|Ops|Packages|Scheduling,school.trial-queue,mobile,web-fallback,allowed,allowed,not-supported,not-supported,not-supported,not-supported,not-supported,not-supported,not-supported,not-supported,not-supported,not-supported,not-supported,allowed,not-supported,not-supported,not-supported
studio-manager,true,StudioManager|Fan|Customer,Admin|CRM|Catalog|Internships|Invoicing|Ops|Packages|Scheduling,internships,web,available,allowed,allowed,allowed,allowed,allowed,not-supported,not-supported,not-supported,not-supported,not-supported,not-supported,allowed,not-supported,not-supported,not-supported,not-supported,not-supported
studio-manager,true,StudioManager|Fan|Customer,Admin|CRM|Catalog|Internships|Invoicing|Ops|Packages|Scheduling,internships,mobile,web-fallback,allowed,allowed,allowed,allowed,allowed,not-supported,not-supported,not-supported,not-supported,not-supported,not-supported,allowed,not-supported,not-supported,not-supported,not-supported,not-supported
studio-manager,true,StudioManager|Fan|Customer,Admin|CRM|Catalog|Internships|Invoicing|Ops|Packages|Scheduling,label.artists,web,available,allowed,allowed,allowed,allowed,allowed,not-supported,not-supported,not-supported,not-supported,not-supported,not-supported,not-supported,not-supported,not-supported,not-supported,allowed,not-supported
studio-manager,true,StudioManager|Fan|Customer,Admin|CRM|Catalog|Internships|Invoicing|Ops|Packages|Scheduling,label.artists,mobile,native,allowed,allowed,allowed,allowed,allowed,not-supported,not-supported,not-supported,not-supported,not-supported,not-supported,not-supported,not-supported,not-supported,not-supported,allowed,not-supported
studio-manager,true,StudioManager|Fan|Customer,Admin|CRM|Catalog|Internships|Invoicing|Ops|Packages|Scheduling,label.projects,web,available,locked-requestable,locked-requestable,locked-requestable,locked-requestable,not-supported,not-supported,not-supported,not-supported,not-supported,not-supported,not-supported,not-supported,not-supported,locked-requestable,not-supported,not-supported,not-supported
studio-manager,true,StudioManager|Fan|Customer,Admin|CRM|Catalog|Internships|Invoicing|Ops|Packages|Scheduling,label.projects,mobile,web-fallback,locked-requestable,locked-requestable,locked-requestable,locked-requestable,not-supported,not-supported,not-supported,not-supported,not-supported,not-supported,not-supported,not-supported,not-supported,locked-requestable,not-supported,not-supported,not-supported
studio-manager,true,StudioManager|Fan|Customer,Admin|CRM|Catalog|Internships|Invoicing|Ops|Packages|Scheduling,label.releases,web,available,allowed,allowed,allowed,allowed,allowed,not-supported,not-supported,not-supported,allowed,not-supported,not-supported,not-supported,not-supported,not-supported,allowed,not-supported,not-supported
studio-manager,true,StudioManager|Fan|Customer,Admin|CRM|Catalog|Internships|Invoicing|Ops|Packages|Scheduling,label.releases,mobile,web-fallback,allowed,allowed,allowed,allowed,allowed,not-supported,not-supported,not-supported,allowed,not-supported,not-supported,not-supported,not-supported,not-supported,allowed,not-supported,not-supported
studio-manager,true,StudioManager|Fan|Customer,Admin|CRM|Catalog|Internships|Invoicing|Ops|Packages|Scheduling,label.assets,web,available,allowed,allowed,allowed,allowed,allowed,not-supported,not-supported,not-supported,not-supported,not-supported,not-supported,not-supported,not-supported,not-supported,not-supported,not-supported,not-supported
studio-manager,true,StudioManager|Fan|Customer,Admin|CRM|Catalog|Internships|Invoicing|Ops|Packages|Scheduling,label.assets,mobile,web-fallback,allowed,allowed,allowed,allowed,allowed,not-supported,not-supported,not-supported,not-supported,not-supported,not-supported,not-supported,not-supported,not-supported,not-supported,not-supported,not-supported
studio-manager,true,StudioManager|Fan|Customer,Admin|CRM|Catalog|Internships|Invoicing|Ops|Packages|Scheduling,label.tracks,web,available,locked-requestable,locked-requestable,locked-requestable,locked-requestable,locked-requestable,not-supported,not-supported,not-supported,not-supported,not-supported,not-supported,not-supported,not-supported,not-supported,not-supported,not-supported,not-supported
studio-manager,true,StudioManager|Fan|Customer,Admin|CRM|Catalog|Internships|Invoicing|Ops|Packages|Scheduling,label.tracks,mobile,web-fallback,locked-requestable,locked-requestable,locked-requestable,locked-requestable,locked-requestable,not-supported,not-supported,not-supported,not-supported,not-supported,not-supported,not-supported,not-supported,not-supported,not-supported,not-supported,not-supported
studio-manager,true,StudioManager|Fan|Customer,Admin|CRM|Catalog|Internships|Invoicing|Ops|Packages|Scheduling,label.ddex.inbox,web,available,allowed,allowed,not-supported,not-supported,not-supported,not-supported,not-supported,allowed,allowed,not-supported,allowed,not-supported,not-supported,not-supported,not-supported,not-supported,not-supported
studio-manager,true,StudioManager|Fan|Customer,Admin|CRM|Catalog|Internships|Invoicing|Ops|Packages|Scheduling,label.ddex.inbox,mobile,native,allowed,allowed,not-supported,not-supported,not-supported,not-supported,not-supported,allowed,allowed,not-supported,allowed,not-supported,not-supported,not-supported,not-supported,not-supported,not-supported
studio-manager,true,StudioManager|Fan|Customer,Admin|CRM|Catalog|Internships|Invoicing|Ops|Packages|Scheduling,label.ddex.document,web,available,allowed,allowed,not-supported,not-supported,not-supported,not-supported,not-supported,not-supported,not-supported,not-supported,allowed,not-supported,not-supported,not-supported,not-supported,not-supported,not-supported
studio-manager,true,StudioManager|Fan|Customer,Admin|CRM|Catalog|Internships|Invoicing|Ops|Packages|Scheduling,label.ddex.document,mobile,not-available,not-available,not-available,not-available,not-available,not-available,not-available,not-available,not-available,not-available,not-available,not-available,not-available,not-available,not-available,not-available,not-available,not-available
studio-manager,true,StudioManager|Fan|Customer,Admin|CRM|Catalog|Internships|Invoicing|Ops|Packages|Scheduling,label.ddex.import,web,available,concealed,concealed,concealed,concealed,concealed,concealed,concealed,concealed,concealed,concealed,concealed,concealed,concealed,concealed,concealed,concealed,concealed
studio-manager,true,StudioManager|Fan|Customer,Admin|CRM|Catalog|Internships|Invoicing|Ops|Packages|Scheduling,label.ddex.import,mobile,not-available,not-available,not-available,not-available,not-available,not-available,not-available,not-available,not-available,not-available,not-available,not-available,not-available,not-available,not-available,not-available,not-available,not-available
studio-manager,true,StudioManager|Fan|Customer,Admin|CRM|Catalog|Internships|Invoicing|Ops|Packages|Scheduling,label.ddex.partners,web,available,allowed,allowed,allowed,allowed,allowed,not-supported,not-supported,not-supported,not-supported,not-supported,not-supported,not-supported,not-supported,not-supported,not-supported,not-supported,allowed
studio-manager,true,StudioManager|Fan|Customer,Admin|CRM|Catalog|Internships|Invoicing|Ops|Packages|Scheduling,label.ddex.partners,mobile,native,allowed,allowed,allowed,allowed,allowed,not-supported,not-supported,not-supported,not-supported,not-supported,not-supported,not-supported,not-supported,not-supported,not-supported,not-supported,allowed
studio-manager,true,StudioManager|Fan|Customer,Admin|CRM|Catalog|Internships|Invoicing|Ops|Packages|Scheduling,operations.inventory,web,available,allowed,allowed,allowed,allowed,locked-requestable,not-supported,not-supported,not-supported,not-supported,not-supported,not-supported,not-supported,not-supported,allowed,not-supported,allowed,not-supported
studio-manager,true,StudioManager|Fan|Customer,Admin|CRM|Catalog|Internships|Invoicing|Ops|Packages|Scheduling,operations.inventory,mobile,native,allowed,allowed,allowed,allowed,locked-requestable,not-supported,not-supported,not-supported,not-supported,not-supported,not-supported,not-supported,not-supported,allowed,not-supported,allowed,not-supported
studio-manager,true,StudioManager|Fan|Customer,Admin|CRM|Catalog|Internships|Invoicing|Ops|Packages|Scheduling,operations.marketplace-orders,web,available,allowed,allowed,allowed,allowed,allowed,not-supported,not-supported,not-supported,allowed,not-supported,not-supported,allowed,not-supported,not-supported,not-supported,not-supported,not-supported
studio-manager,true,StudioManager|Fan|Customer,Admin|CRM|Catalog|Internships|Invoicing|Ops|Packages|Scheduling,operations.marketplace-orders,mobile,web-fallback,allowed,allowed,allowed,allowed,allowed,not-supported,not-supported,not-supported,allowed,not-supported,not-supported,allowed,not-supported,not-supported,not-supported,not-supported,not-supported
studio-manager,true,StudioManager|Fan|Customer,Admin|CRM|Catalog|Internships|Invoicing|Ops|Packages|Scheduling,operations.equipment-bookings,web,available,allowed,allowed,allowed,allowed,not-supported,not-supported,not-supported,not-supported,not-supported,not-supported,not-supported,not-supported,not-supported,not-supported,not-supported,not-supported,not-supported
studio-manager,true,StudioManager|Fan|Customer,Admin|CRM|Catalog|Internships|Invoicing|Ops|Packages|Scheduling,operations.equipment-bookings,mobile,native,allowed,allowed,allowed,allowed,not-supported,not-supported,not-supported,not-supported,not-supported,not-supported,not-supported,not-supported,not-supported,not-supported,not-supported,not-supported,not-supported
studio-manager,true,StudioManager|Fan|Customer,Admin|CRM|Catalog|Internships|Invoicing|Ops|Packages|Scheduling,finance.payments,web,available,allowed,allowed,allowed,allowed,not-supported,not-supported,not-supported,not-supported,allowed,not-supported,not-supported,not-supported,not-supported,not-supported,not-supported,allowed,not-supported
studio-manager,true,StudioManager|Fan|Customer,Admin|CRM|Catalog|Internships|Invoicing|Ops|Packages|Scheduling,finance.payments,mobile,web-fallback,allowed,allowed,allowed,allowed,not-supported,not-supported,not-supported,not-supported,allowed,not-supported,not-supported,not-supported,not-supported,not-supported,not-supported,allowed,not-supported
studio-manager,true,StudioManager|Fan|Customer,Admin|CRM|Catalog|Internships|Invoicing|Ops|Packages|Scheduling,finance.account-report-builder,web,available,allowed,allowed,not-supported,not-supported,not-supported,not-supported,not-supported,not-supported,allowed,not-supported,not-supported,not-supported,not-supported,not-supported,not-supported,allowed,not-supported
studio-manager,true,StudioManager|Fan|Customer,Admin|CRM|Catalog|Internships|Invoicing|Ops|Packages|Scheduling,finance.account-report-builder,mobile,web-fallback,allowed,allowed,not-supported,not-supported,not-supported,not-supported,not-supported,not-supported,allowed,not-supported,not-supported,not-supported,not-supported,not-supported,not-supported,allowed,not-supported
studio-manager,true,StudioManager|Fan|Customer,Admin|CRM|Catalog|Internships|Invoicing|Ops|Packages|Scheduling,finance.esteban-report,web,available,allowed,allowed,not-supported,not-supported,not-supported,not-supported,not-supported,not-supported,allowed,not-supported,not-supported,not-supported,not-supported,not-supported,not-supported,allowed,not-supported
studio-manager,true,StudioManager|Fan|Customer,Admin|CRM|Catalog|Internships|Invoicing|Ops|Packages|Scheduling,finance.esteban-report,mobile,web-fallback,allowed,allowed,not-supported,not-supported,not-supported,not-supported,not-supported,not-supported,allowed,not-supported,not-supported,not-supported,not-supported,not-supported,not-supported,allowed,not-supported
studio-manager,true,StudioManager|Fan|Customer,Admin|CRM|Catalog|Internships|Invoicing|Ops|Packages|Scheduling,finance.david-report,web,available,allowed,allowed,not-supported,not-supported,not-supported,not-supported,not-supported,not-supported,allowed,not-supported,not-supported,not-supported,not-supported,not-supported,not-supported,allowed,not-supported
studio-manager,true,StudioManager|Fan|Customer,Admin|CRM|Catalog|Internships|Invoicing|Ops|Packages|Scheduling,finance.david-report,mobile,web-fallback,allowed,allowed,not-supported,not-supported,not-supported,not-supported,not-supported,not-supported,allowed,not-supported,not-supported,not-supported,not-supported,not-supported,not-supported,allowed,not-supported
studio-manager,true,StudioManager|Fan|Customer,Admin|CRM|Catalog|Internships|Invoicing|Ops|Packages|Scheduling,admin.course-registrations,web,available,allowed,allowed,allowed,allowed,allowed,not-supported,not-supported,not-supported,allowed,not-supported,not-supported,allowed,not-supported,not-supported,not-supported,not-supported,not-supported
studio-manager,true,StudioManager|Fan|Customer,Admin|CRM|Catalog|Internships|Invoicing|Ops|Packages|Scheduling,admin.course-registrations,mobile,web-fallback,allowed,allowed,allowed,allowed,allowed,not-supported,not-supported,not-supported,allowed,not-supported,not-supported,allowed,not-supported,not-supported,not-supported,not-supported,not-supported
studio-manager,true,StudioManager|Fan|Customer,Admin|CRM|Catalog|Internships|Invoicing|Ops|Packages|Scheduling,admin.courses,web,available,allowed,allowed,allowed,allowed,not-supported,not-supported,not-supported,not-supported,not-supported,not-supported,not-supported,not-supported,not-supported,not-supported,allowed,not-supported,not-supported
studio-manager,true,StudioManager|Fan|Customer,Admin|CRM|Catalog|Internships|Invoicing|Ops|Packages|Scheduling,admin.courses,mobile,web-fallback,allowed,allowed,allowed,allowed,not-supported,not-supported,not-supported,not-supported,not-supported,not-supported,not-supported,not-supported,not-supported,not-supported,allowed,not-supported,not-supported
studio-manager,true,StudioManager|Fan|Customer,Admin|CRM|Catalog|Internships|Invoicing|Ops|Packages|Scheduling,admin.users,web,available,concealed,concealed,concealed,concealed,concealed,not-supported,concealed,not-supported,not-supported,not-supported,not-supported,not-supported,not-supported,not-supported,not-supported,not-supported,concealed
studio-manager,true,StudioManager|Fan|Customer,Admin|CRM|Catalog|Internships|Invoicing|Ops|Packages|Scheduling,admin.users,mobile,not-available,not-available,not-available,not-available,not-available,not-available,not-available,not-available,not-available,not-available,not-available,not-available,not-available,not-available,not-available,not-available,not-available,not-available
studio-manager,true,StudioManager|Fan|Customer,Admin|CRM|Catalog|Internships|Invoicing|Ops|Packages|Scheduling,admin.roles,web,available,concealed,concealed,not-supported,concealed,not-supported,not-supported,not-supported,not-supported,not-supported,not-supported,not-supported,not-supported,not-supported,not-supported,not-supported,not-supported,concealed
studio-manager,true,StudioManager|Fan|Customer,Admin|CRM|Catalog|Internships|Invoicing|Ops|Packages|Scheduling,admin.roles,mobile,not-available,not-available,not-available,not-available,not-available,not-available,not-available,not-available,not-available,not-available,not-available,not-available,not-available,not-available,not-available,not-available,not-available,not-available
studio-manager,true,StudioManager|Fan|Customer,Admin|CRM|Catalog|Internships|Invoicing|Ops|Packages|Scheduling,admin.system-status,web,available,allowed,allowed,not-supported,not-supported,not-supported,not-supported,not-supported,not-supported,not-supported,not-supported,not-supported,not-supported,not-supported,not-supported,not-supported,not-supported,not-supported
studio-manager,true,StudioManager|Fan|Customer,Admin|CRM|Catalog|Internships|Invoicing|Ops|Packages|Scheduling,admin.system-status,mobile,web-fallback,allowed,allowed,not-supported,not-supported,not-supported,not-supported,not-supported,not-supported,not-supported,not-supported,not-supported,not-supported,not-supported,not-supported,not-supported,not-supported,not-supported
studio-manager,true,StudioManager|Fan|Customer,Admin|CRM|Catalog|Internships|Invoicing|Ops|Packages|Scheduling,admin.activity,web,available,allowed,allowed,not-supported,not-supported,not-supported,not-supported,not-supported,not-supported,allowed,not-supported,not-supported,not-supported,not-supported,not-supported,not-supported,not-supported,not-supported
studio-manager,true,StudioManager|Fan|Customer,Admin|CRM|Catalog|Internships|Invoicing|Ops|Packages|Scheduling,admin.activity,mobile,web-fallback,allowed,allowed,not-supported,not-supported,not-supported,not-supported,not-supported,not-supported,allowed,not-supported,not-supported,not-supported,not-supported,not-supported,not-supported,not-supported,not-supported
studio-manager,true,StudioManager|Fan|Customer,Admin|CRM|Catalog|Internships|Invoicing|Ops|Packages|Scheduling,admin.logs,web,available,allowed,allowed,not-supported,not-supported,locked-requestable,not-supported,not-supported,not-supported,not-supported,not-supported,not-supported,not-supported,not-supported,not-supported,not-supported,not-supported,not-supported
studio-manager,true,StudioManager|Fan|Customer,Admin|CRM|Catalog|Internships|Invoicing|Ops|Packages|Scheduling,admin.logs,mobile,web-fallback,allowed,allowed,not-supported,not-supported,locked-requestable,not-supported,not-supported,not-supported,not-supported,not-supported,not-supported,not-supported,not-supported,not-supported,not-supported,not-supported,not-supported
studio-manager,true,StudioManager|Fan|Customer,Admin|CRM|Catalog|Internships|Invoicing|Ops|Packages|Scheduling,admin.diagnostics,web,available,allowed,allowed,not-supported,not-supported,not-supported,not-supported,not-supported,not-supported,not-supported,not-supported,not-supported,not-supported,not-supported,not-supported,not-supported,not-supported,locked-requestable
studio-manager,true,StudioManager|Fan|Customer,Admin|CRM|Catalog|Internships|Invoicing|Ops|Packages|Scheduling,admin.diagnostics,mobile,web-fallback,allowed,allowed,not-supported,not-supported,not-supported,not-supported,not-supported,not-supported,not-supported,not-supported,not-supported,not-supported,not-supported,not-supported,not-supported,not-supported,locked-requestable
studio-manager,true,StudioManager|Fan|Customer,Admin|CRM|Catalog|Internships|Invoicing|Ops|Packages|Scheduling,admin.brain,web,available,allowed,allowed,allowed,allowed,not-supported,not-supported,not-supported,not-supported,not-supported,not-supported,not-supported,not-supported,not-supported,not-supported,not-supported,not-supported,locked-requestable
studio-manager,true,StudioManager|Fan|Customer,Admin|CRM|Catalog|Internships|Invoicing|Ops|Packages|Scheduling,admin.brain,mobile,web-fallback,allowed,allowed,allowed,allowed,not-supported,not-supported,not-supported,not-supported,not-supported,not-supported,not-supported,not-supported,not-supported,not-supported,not-supported,not-supported,locked-requestable
studio-manager,true,StudioManager|Fan|Customer,Admin|CRM|Catalog|Internships|Invoicing|Ops|Packages|Scheduling,admin.calendar-integration,web,available,concealed,concealed,not-supported,not-supported,not-supported,not-supported,not-supported,not-supported,not-supported,not-supported,not-supported,not-supported,not-supported,not-supported,not-supported,not-supported,concealed
studio-manager,true,StudioManager|Fan|Customer,Admin|CRM|Catalog|Internships|Invoicing|Ops|Packages|Scheduling,admin.calendar-integration,mobile,not-available,not-available,not-available,not-available,not-available,not-available,not-available,not-available,not-available,not-available,not-available,not-available,not-available,not-available,not-available,not-available,not-available,not-available
studio-manager,true,StudioManager|Fan|Customer,Admin|CRM|Catalog|Internships|Invoicing|Ops|Packages|Scheduling,admin.cms,web,available,locked-requestable,locked-requestable,locked-requestable,locked-requestable,locked-requestable,not-supported,not-supported,not-supported,not-supported,not-supported,not-supported,not-supported,not-supported,not-supported,locked-requestable,not-supported,not-supported
studio-manager,true,StudioManager|Fan|Customer,Admin|CRM|Catalog|Internships|Invoicing|Ops|Packages|Scheduling,admin.cms,mobile,web-fallback,locked-requestable,locked-requestable,locked-requestable,locked-requestable,locked-requestable,not-supported,not-supported,not-supported,not-supported,not-supported,not-supported,not-supported,not-supported,not-supported,locked-requestable,not-supported,not-supported
studio-manager,true,StudioManager|Fan|Customer,Admin|CRM|Catalog|Internships|Invoicing|Ops|Packages|Scheduling,admin.campaign-automations,web,available,allowed,allowed,allowed,allowed,not-supported,not-supported,not-supported,not-supported,not-supported,not-supported,not-supported,not-supported,not-supported,not-supported,allowed,not-supported,not-supported
studio-manager,true,StudioManager|Fan|Customer,Admin|CRM|Catalog|Internships|Invoicing|Ops|Packages|Scheduling,admin.campaign-automations,mobile,web-fallback,allowed,allowed,allowed,allowed,not-supported,not-supported,not-supported,not-supported,not-supported,not-supported,not-supported,not-supported,not-supported,not-supported,allowed,not-supported,not-supported
studio-manager,true,StudioManager|Fan|Customer,Admin|CRM|Catalog|Internships|Invoicing|Ops|Packages|Scheduling,admin.event-sources,web,available,flag-required,flag-required,flag-required,flag-required,flag-required,flag-required,flag-required,flag-required,flag-required,flag-required,flag-required,flag-required,flag-required,flag-required,flag-required,flag-required,flag-required
studio-manager,true,StudioManager|Fan|Customer,Admin|CRM|Catalog|Internships|Invoicing|Ops|Packages|Scheduling,admin.event-sources,mobile,not-available,not-available,not-available,not-available,not-available,not-available,not-available,not-available,not-available,not-available,not-available,not-available,not-available,not-available,not-available,not-available,not-available,not-available
studio-manager,true,StudioManager|Fan|Customer,Admin|CRM|Catalog|Internships|Invoicing|Ops|Packages|Scheduling,admin.whatsapp-consent,web,available,concealed,concealed,not-supported,not-supported,not-supported,not-supported,not-supported,not-supported,not-supported,not-supported,not-supported,not-supported,not-supported,not-supported,not-supported,not-supported,concealed
studio-manager,true,StudioManager|Fan|Customer,Admin|CRM|Catalog|Internships|Invoicing|Ops|Packages|Scheduling,admin.whatsapp-consent,mobile,not-available,not-available,not-available,not-available,not-available,not-available,not-available,not-available,not-available,not-available,not-available,not-available,not-available,not-available,not-available,not-available,not-available,not-available
studio-manager,true,StudioManager|Fan|Customer,Admin|CRM|Catalog|Internships|Invoicing|Ops|Packages|Scheduling,admin.ux-options,web,available,allowed,allowed,allowed,allowed,not-supported,not-supported,not-supported,not-supported,not-supported,not-supported,not-supported,not-supported,not-supported,not-supported,not-supported,not-supported,not-supported
studio-manager,true,StudioManager|Fan|Customer,Admin|CRM|Catalog|Internships|Invoicing|Ops|Packages|Scheduling,admin.ux-options,mobile,web-fallback,allowed,allowed,allowed,allowed,not-supported,not-supported,not-supported,not-supported,not-supported,not-supported,not-supported,not-supported,not-supported,not-supported,not-supported,not-supported,not-supported
studio-manager,true,StudioManager|Fan|Customer,Admin|CRM|Catalog|Internships|Invoicing|Ops|Packages|Scheduling,admin.preferences,web,available,allowed,allowed,not-supported,allowed,not-supported,not-supported,not-supported,not-supported,not-supported,not-supported,not-supported,not-supported,not-supported,not-supported,not-supported,not-supported,not-supported
studio-manager,true,StudioManager|Fan|Customer,Admin|CRM|Catalog|Internships|Invoicing|Ops|Packages|Scheduling,admin.preferences,mobile,web-fallback,allowed,allowed,not-supported,allowed,not-supported,not-supported,not-supported,not-supported,not-supported,not-supported,not-supported,not-supported,not-supported,not-supported,not-supported,not-supported,not-supported
studio-manager,true,StudioManager|Fan|Customer,Admin|CRM|Catalog|Internships|Invoicing|Ops|Packages|Scheduling,tools.chatkit,web,available,allowed,allowed,allowed,not-supported,not-supported,not-supported,not-supported,not-supported,not-supported,not-supported,not-supported,not-supported,not-supported,not-supported,not-supported,not-supported,not-supported
studio-manager,true,StudioManager|Fan|Customer,Admin|CRM|Catalog|Internships|Invoicing|Ops|Packages|Scheduling,tools.chatkit,mobile,web-fallback,allowed,allowed,allowed,not-supported,not-supported,not-supported,not-supported,not-supported,not-supported,not-supported,not-supported,not-supported,not-supported,not-supported,not-supported,not-supported,not-supported
studio-manager,true,StudioManager|Fan|Customer,Admin|CRM|Catalog|Internships|Invoicing|Ops|Packages|Scheduling,tools.tidal-agent,web,available,allowed,allowed,allowed,not-supported,not-supported,not-supported,not-supported,not-supported,not-supported,not-supported,not-supported,not-supported,not-supported,not-supported,not-supported,not-supported,not-supported
studio-manager,true,StudioManager|Fan|Customer,Admin|CRM|Catalog|Internships|Invoicing|Ops|Packages|Scheduling,tools.tidal-agent,mobile,web-fallback,allowed,allowed,allowed,not-supported,not-supported,not-supported,not-supported,not-supported,not-supported,not-supported,not-supported,not-supported,not-supported,not-supported,not-supported,not-supported,not-supported
studio-manager,true,StudioManager|Fan|Customer,Admin|CRM|Catalog|Internships|Invoicing|Ops|Packages|Scheduling,tools.music-maker,web,available,allowed,allowed,not-supported,not-supported,not-supported,not-supported,not-supported,not-supported,not-supported,not-supported,not-supported,not-supported,not-supported,not-supported,not-supported,not-supported,not-supported
studio-manager,true,StudioManager|Fan|Customer,Admin|CRM|Catalog|Internships|Invoicing|Ops|Packages|Scheduling,tools.music-maker,mobile,web-fallback,allowed,allowed,not-supported,not-supported,not-supported,not-supported,not-supported,not-supported,not-supported,not-supported,not-supported,not-supported,not-supported,not-supported,not-supported,not-supported,not-supported
studio-manager,true,StudioManager|Fan|Customer,Admin|CRM|Catalog|Internships|Invoicing|Ops|Packages|Scheduling,tools.admin-token,web,available,concealed,concealed,not-supported,not-supported,not-supported,not-supported,not-supported,not-supported,not-supported,not-supported,not-supported,not-supported,not-supported,not-supported,not-supported,not-supported,concealed
studio-manager,true,StudioManager|Fan|Customer,Admin|CRM|Catalog|Internships|Invoicing|Ops|Packages|Scheduling,tools.admin-token,mobile,not-available,not-available,not-available,not-available,not-available,not-available,not-available,not-available,not-available,not-available,not-available,not-available,not-available,not-available,not-available,not-available,not-available,not-available
studio-manager,true,StudioManager|Fan|Customer,Admin|CRM|Catalog|Internships|Invoicing|Ops|Packages|Scheduling,help.manual,web,available,allowed,allowed,not-supported,not-supported,not-supported,not-supported,not-supported,not-supported,not-supported,not-supported,not-supported,not-supported,not-supported,not-supported,not-supported,not-supported,not-supported
studio-manager,true,StudioManager|Fan|Customer,Admin|CRM|Catalog|Internships|Invoicing|Ops|Packages|Scheduling,help.manual,mobile,native,allowed,allowed,not-supported,not-supported,not-supported,not-supported,not-supported,not-supported,not-supported,not-supported,not-supported,not-supported,not-supported,not-supported,not-supported,not-supported,not-supported
studio-manager,true,StudioManager|Fan|Customer,Admin|CRM|Catalog|Internships|Invoicing|Ops|Packages|Scheduling,help.docs,web,available,allowed,allowed,not-supported,not-supported,not-supported,not-supported,not-supported,not-supported,not-supported,not-supported,not-supported,not-supported,not-supported,not-supported,not-supported,not-supported,not-supported
studio-manager,true,StudioManager|Fan|Customer,Admin|CRM|Catalog|Internships|Invoicing|Ops|Packages|Scheduling,help.docs,mobile,native,allowed,allowed,not-supported,not-supported,not-supported,not-supported,not-supported,not-supported,not-supported,not-supported,not-supported,not-supported,not-supported,not-supported,not-supported,not-supported,not-supported
studio-manager,true,StudioManager|Fan|Customer,Admin|CRM|Catalog|Internships|Invoicing|Ops|Packages|Scheduling,help.about,web,available,allowed,allowed,not-supported,not-supported,not-supported,not-supported,not-supported,not-supported,not-supported,not-supported,not-supported,not-supported,not-supported,not-supported,not-supported,not-supported,not-supported
studio-manager,true,StudioManager|Fan|Customer,Admin|CRM|Catalog|Internships|Invoicing|Ops|Packages|Scheduling,help.about,mobile,native,allowed,allowed,not-supported,not-supported,not-supported,not-supported,not-supported,not-supported,not-supported,not-supported,not-supported,not-supported,not-supported,not-supported,not-supported,not-supported,not-supported
studio-manager,true,StudioManager|Fan|Customer,Admin|CRM|Catalog|Internships|Invoicing|Ops|Packages|Scheduling,help.security,web,available,allowed,allowed,not-supported,not-supported,not-supported,not-supported,not-supported,not-supported,not-supported,not-supported,not-supported,not-supported,not-supported,not-supported,not-supported,not-supported,not-supported
studio-manager,true,StudioManager|Fan|Customer,Admin|CRM|Catalog|Internships|Invoicing|Ops|Packages|Scheduling,help.security,mobile,native,allowed,allowed,not-supported,not-supported,not-supported,not-supported,not-supported,not-supported,not-supported,not-supported,not-supported,not-supported,not-supported,not-supported,not-supported,not-supported,not-supported
studio-manager,true,StudioManager|Fan|Customer,Admin|CRM|Catalog|Internships|Invoicing|Ops|Packages|Scheduling,help.feedback,web,available,allowed,allowed,allowed,not-supported,not-supported,not-supported,not-supported,not-supported,not-supported,not-supported,not-supported,not-supported,not-supported,not-supported,not-supported,not-supported,not-supported
studio-manager,true,StudioManager|Fan|Customer,Admin|CRM|Catalog|Internships|Invoicing|Ops|Packages|Scheduling,help.feedback,mobile,native,allowed,allowed,allowed,not-supported,not-supported,not-supported,not-supported,not-supported,not-supported,not-supported,not-supported,not-supported,not-supported,not-supported,not-supported,not-supported,not-supported
studio-manager,true,StudioManager|Fan|Customer,Admin|CRM|Catalog|Internships|Invoicing|Ops|Packages|Scheduling,navigation.quick-create,web,not-available,not-available,not-available,not-available,not-available,not-available,not-available,not-available,not-available,not-available,not-available,not-available,not-available,not-available,not-available,not-available,not-available,not-available
studio-manager,true,StudioManager|Fan|Customer,Admin|CRM|Catalog|Internships|Invoicing|Ops|Packages|Scheduling,navigation.quick-create,mobile,native,allowed,allowed,not-supported,not-supported,not-supported,not-supported,not-supported,not-supported,not-supported,not-supported,not-supported,not-supported,not-supported,not-supported,not-supported,not-supported,not-supported
studio-manager,true,StudioManager|Fan|Customer,Admin|CRM|Catalog|Internships|Invoicing|Ops|Packages|Scheduling,navigation.explore,web,not-available,not-available,not-available,not-available,not-available,not-available,not-available,not-available,not-available,not-available,not-available,not-available,not-available,not-available,not-available,not-available,not-available,not-available
studio-manager,true,StudioManager|Fan|Customer,Admin|CRM|Catalog|Internships|Invoicing|Ops|Packages|Scheduling,navigation.explore,mobile,native,allowed,allowed,not-supported,allowed,allowed,not-supported,not-supported,not-supported,not-supported,not-supported,not-supported,not-supported,not-supported,not-supported,not-supported,not-supported,not-supported
studio-manager,true,StudioManager|Fan|Customer,Admin|CRM|Catalog|Internships|Invoicing|Ops|Packages|Scheduling,profile.self,web,not-available,not-available,not-available,not-available,not-available,not-available,not-available,not-available,not-available,not-available,not-available,not-available,not-available,not-available,not-available,not-available,not-available,not-available
studio-manager,true,StudioManager|Fan|Customer,Admin|CRM|Catalog|Internships|Invoicing|Ops|Packages|Scheduling,profile.self,mobile,native,allowed,allowed,not-supported,allowed,not-supported,not-supported,not-supported,not-supported,not-supported,not-supported,not-supported,not-supported,not-supported,not-supported,not-supported,not-supported,not-supported
studio-manager,true,StudioManager|Fan|Customer,Admin|CRM|Catalog|Internships|Invoicing|Ops|Packages|Scheduling,social.venues,web,not-available,not-available,not-available,not-available,not-available,not-available,not-available,not-available,not-available,not-available,not-available,not-available,not-available,not-available,not-available,not-available,not-available,not-available
studio-manager,true,StudioManager|Fan|Customer,Admin|CRM|Catalog|Internships|Invoicing|Ops|Packages|Scheduling,social.venues,mobile,native,allowed,allowed,allowed,allowed,not-supported,not-supported,not-supported,not-supported,not-supported,not-supported,not-supported,not-supported,not-supported,not-supported,not-supported,not-supported,not-supported
studio-manager,true,StudioManager|Fan|Customer,Admin|CRM|Catalog|Internships|Invoicing|Ops|Packages|Scheduling,social.venue.detail,web,not-available,not-available,not-available,not-available,not-available,not-available,not-available,not-available,not-available,not-available,not-available,not-available,not-available,not-available,not-available,not-available,not-available,not-available
studio-manager,true,StudioManager|Fan|Customer,Admin|CRM|Catalog|Internships|Invoicing|Ops|Packages|Scheduling,social.venue.detail,mobile,not-available,not-available,not-available,not-available,not-available,not-available,not-available,not-available,not-available,not-available,not-available,not-available,not-available,not-available,not-available,not-available,not-available,not-available
studio-manager,true,StudioManager|Fan|Customer,Admin|CRM|Catalog|Internships|Invoicing|Ops|Packages|Scheduling,social.venue.create,web,not-available,not-available,not-available,not-available,not-available,not-available,not-available,not-available,not-available,not-available,not-available,not-available,not-available,not-available,not-available,not-available,not-available,not-available
studio-manager,true,StudioManager|Fan|Customer,Admin|CRM|Catalog|Internships|Invoicing|Ops|Packages|Scheduling,social.venue.create,mobile,not-available,not-available,not-available,not-available,not-available,not-available,not-available,not-available,not-available,not-available,not-available,not-available,not-available,not-available,not-available,not-available,not-available,not-available
studio-manager,true,StudioManager|Fan|Customer,Admin|CRM|Catalog|Internships|Invoicing|Ops|Packages|Scheduling,artist.profile.edit,web,not-available,not-available,not-available,not-available,not-available,not-available,not-available,not-available,not-available,not-available,not-available,not-available,not-available,not-available,not-available,not-available,not-available,not-available
studio-manager,true,StudioManager|Fan|Customer,Admin|CRM|Catalog|Internships|Invoicing|Ops|Packages|Scheduling,artist.profile.edit,mobile,not-available,not-available,not-available,not-available,not-available,not-available,not-available,not-available,not-available,not-available,not-available,not-available,not-available,not-available,not-available,not-available,not-available,not-available
studio-manager,true,StudioManager|Fan|Customer,Admin|CRM|Catalog|Internships|Invoicing|Ops|Packages|Scheduling,studio.session.input-list,web,not-available,not-available,not-available,not-available,not-available,not-available,not-available,not-available,not-available,not-available,not-available,not-available,not-available,not-available,not-available,not-available,not-available,not-available
studio-manager,true,StudioManager|Fan|Customer,Admin|CRM|Catalog|Internships|Invoicing|Ops|Packages|Scheduling,studio.session.input-list,mobile,not-available,not-available,not-available,not-available,not-available,not-available,not-available,not-available,not-available,not-available,not-available,not-available,not-available,not-available,not-available,not-available,not-available,not-available
studio-manager,true,StudioManager|Fan|Customer,Admin|CRM|Catalog|Internships|Invoicing|Ops|Packages|Scheduling,social.tickets,web,not-available,not-available,not-available,not-available,not-available,not-available,not-available,not-available,not-available,not-available,not-available,not-available,not-available,not-available,not-available,not-available,not-available,not-available
studio-manager,true,StudioManager|Fan|Customer,Admin|CRM|Catalog|Internships|Invoicing|Ops|Packages|Scheduling,social.tickets,mobile,native,allowed,allowed,not-supported,not-supported,not-supported,not-supported,not-supported,not-supported,not-supported,not-supported,not-supported,not-supported,not-supported,not-supported,not-supported,not-supported,not-supported
studio-manager,true,StudioManager|Fan|Customer,Admin|CRM|Catalog|Internships|Invoicing|Ops|Packages|Scheduling,social.ticket-checkout,web,not-available,not-available,not-available,not-available,not-available,not-available,not-available,not-available,not-available,not-available,not-available,not-available,not-available,not-available,not-available,not-available,not-available,not-available
studio-manager,true,StudioManager|Fan|Customer,Admin|CRM|Catalog|Internships|Invoicing|Ops|Packages|Scheduling,social.ticket-checkout,mobile,not-available,not-available,not-available,not-available,not-available,not-available,not-available,not-available,not-available,not-available,not-available,not-available,not-available,not-available,not-available,not-available,not-available,not-available
studio-manager,true,StudioManager|Fan|Customer,Admin|CRM|Catalog|Internships|Invoicing|Ops|Packages|Scheduling,label.contracts.create,web,not-available,not-available,not-available,not-available,not-available,not-available,not-available,not-available,not-available,not-available,not-available,not-available,not-available,not-available,not-available,not-available,not-available,not-available
studio-manager,true,StudioManager|Fan|Customer,Admin|CRM|Catalog|Internships|Invoicing|Ops|Packages|Scheduling,label.contracts.create,mobile,not-available,not-available,not-available,not-available,not-available,not-available,not-available,not-available,not-available,not-available,not-available,not-available,not-available,not-available,not-available,not-available,not-available,not-available
studio-manager,true,StudioManager|Fan|Customer,Admin|CRM|Catalog|Internships|Invoicing|Ops|Packages|Scheduling,label.contracts.detail,web,not-available,not-available,not-available,not-available,not-available,not-available,not-available,not-available,not-available,not-available,not-available,not-available,not-available,not-available,not-available,not-available,not-available,not-available
studio-manager,true,StudioManager|Fan|Customer,Admin|CRM|Catalog|Internships|Invoicing|Ops|Packages|Scheduling,label.contracts.detail,mobile,not-available,not-available,not-available,not-available,not-available,not-available,not-available,not-available,not-available,not-available,not-available,not-available,not-available,not-available,not-available,not-available,not-available,not-available
studio-manager,true,StudioManager|Fan|Customer,Admin|CRM|Catalog|Internships|Invoicing|Ops|Packages|Scheduling,mobile.onboarding,web,not-available,not-available,not-available,not-available,not-available,not-available,not-available,not-available,not-available,not-available,not-available,not-available,not-available,not-available,not-available,not-available,not-available,not-available
studio-manager,true,StudioManager|Fan|Customer,Admin|CRM|Catalog|Internships|Invoicing|Ops|Packages|Scheduling,mobile.onboarding,mobile,native,allowed,allowed,not-supported,not-supported,not-supported,not-supported,not-supported,not-supported,not-supported,not-supported,not-supported,not-supported,not-supported,not-supported,not-supported,not-supported,not-supported
studio-manager,true,StudioManager|Fan|Customer,Admin|CRM|Catalog|Internships|Invoicing|Ops|Packages|Scheduling,technical.mobile-entry,web,not-available,not-available,not-available,not-available,not-available,not-available,not-available,not-available,not-available,not-available,not-available,not-available,not-available,not-available,not-available,not-available,not-available,not-available
studio-manager,true,StudioManager|Fan|Customer,Admin|CRM|Catalog|Internships|Invoicing|Ops|Packages|Scheduling,technical.mobile-entry,mobile,not-available,not-available,not-available,not-available,not-available,not-available,not-available,not-available,not-available,not-available,not-available,not-available,not-available,not-available,not-available,not-available,not-available,not-available
studio-manager,true,StudioManager|Fan|Customer,Admin|CRM|Catalog|Internships|Invoicing|Ops|Packages|Scheduling,access-requests.mine,web,available,allowed,allowed,not-supported,allowed,not-supported,not-supported,not-supported,not-supported,not-supported,not-supported,not-supported,not-supported,not-supported,not-supported,not-supported,not-supported,not-supported
studio-manager,true,StudioManager|Fan|Customer,Admin|CRM|Catalog|Internships|Invoicing|Ops|Packages|Scheduling,access-requests.mine,mobile,native,allowed,allowed,not-supported,allowed,not-supported,not-supported,not-supported,not-supported,not-supported,not-supported,not-supported,not-supported,not-supported,not-supported,not-supported,not-supported,not-supported
studio-manager,true,StudioManager|Fan|Customer,Admin|CRM|Catalog|Internships|Invoicing|Ops|Packages|Scheduling,access-requests.create,web,available,allowed,allowed,allowed,not-supported,not-supported,not-supported,not-supported,not-supported,not-supported,not-supported,not-supported,not-supported,not-supported,not-supported,not-supported,not-supported,not-supported
studio-manager,true,StudioManager|Fan|Customer,Admin|CRM|Catalog|Internships|Invoicing|Ops|Packages|Scheduling,access-requests.create,mobile,native,allowed,allowed,allowed,not-supported,not-supported,not-supported,not-supported,not-supported,not-supported,not-supported,not-supported,not-supported,not-supported,not-supported,not-supported,not-supported,not-supported
studio-manager,true,StudioManager|Fan|Customer,Admin|CRM|Catalog|Internships|Invoicing|Ops|Packages|Scheduling,access-requests.review,web,available,allowed,allowed,not-supported,not-supported,not-supported,not-supported,not-supported,not-supported,not-supported,not-supported,not-supported,allowed,allowed,not-supported,not-supported,not-supported,concealed
studio-manager,true,StudioManager|Fan|Customer,Admin|CRM|Catalog|Internships|Invoicing|Ops|Packages|Scheduling,access-requests.review,mobile,native,allowed,allowed,not-supported,not-supported,not-supported,not-supported,not-supported,not-supported,not-supported,not-supported,not-supported,allowed,allowed,not-supported,not-supported,not-supported,concealed
studio-manager,true,StudioManager|Fan|Customer,Admin|CRM|Catalog|Internships|Invoicing|Ops|Packages|Scheduling,technical.auth-login,web,available,concealed,concealed,concealed,concealed,concealed,concealed,concealed,concealed,concealed,concealed,concealed,concealed,concealed,concealed,concealed,concealed,concealed
studio-manager,true,StudioManager|Fan|Customer,Admin|CRM|Catalog|Internships|Invoicing|Ops|Packages|Scheduling,technical.auth-login,mobile,not-available,not-available,not-available,not-available,not-available,not-available,not-available,not-available,not-available,not-available,not-available,not-available,not-available,not-available,not-available,not-available,not-available,not-available
studio-manager,true,StudioManager|Fan|Customer,Admin|CRM|Catalog|Internships|Invoicing|Ops|Packages|Scheduling,technical.auth-reset,web,available,concealed,concealed,concealed,concealed,concealed,concealed,concealed,concealed,concealed,concealed,concealed,concealed,concealed,concealed,concealed,concealed,concealed
studio-manager,true,StudioManager|Fan|Customer,Admin|CRM|Catalog|Internships|Invoicing|Ops|Packages|Scheduling,technical.auth-reset,mobile,not-available,not-available,not-available,not-available,not-available,not-available,not-available,not-available,not-available,not-available,not-available,not-available,not-available,not-available,not-available,not-available,not-available,not-available
studio-manager,true,StudioManager|Fan|Customer,Admin|CRM|Catalog|Internships|Invoicing|Ops|Packages|Scheduling,technical.oauth-google-drive,web,available,concealed,concealed,concealed,concealed,concealed,concealed,concealed,concealed,concealed,concealed,concealed,concealed,concealed,concealed,concealed,concealed,concealed
studio-manager,true,StudioManager|Fan|Customer,Admin|CRM|Catalog|Internships|Invoicing|Ops|Packages|Scheduling,technical.oauth-google-drive,mobile,not-available,not-available,not-available,not-available,not-available,not-available,not-available,not-available,not-available,not-available,not-available,not-available,not-available,not-available,not-available,not-available,not-available,not-available
studio-manager,true,StudioManager|Fan|Customer,Admin|CRM|Catalog|Internships|Invoicing|Ops|Packages|Scheduling,technical.oauth-instagram,web,available,concealed,concealed,concealed,concealed,concealed,concealed,concealed,concealed,concealed,concealed,concealed,concealed,concealed,concealed,concealed,concealed,concealed
studio-manager,true,StudioManager|Fan|Customer,Admin|CRM|Catalog|Internships|Invoicing|Ops|Packages|Scheduling,technical.oauth-instagram,mobile,not-available,not-available,not-available,not-available,not-available,not-available,not-available,not-available,not-available,not-available,not-available,not-available,not-available,not-available,not-available,not-available,not-available,not-available
studio-manager,true,StudioManager|Fan|Customer,Admin|CRM|Catalog|Internships|Invoicing|Ops|Packages|Scheduling,technical.payment-return,web,available,concealed,concealed,concealed,concealed,concealed,concealed,concealed,concealed,concealed,concealed,concealed,concealed,concealed,concealed,concealed,concealed,concealed
studio-manager,true,StudioManager|Fan|Customer,Admin|CRM|Catalog|Internships|Invoicing|Ops|Packages|Scheduling,technical.payment-return,mobile,not-available,not-available,not-available,not-available,not-available,not-available,not-available,not-available,not-available,not-available,not-available,not-available,not-available,not-available,not-available,not-available,not-available,not-available
studio-manager,true,StudioManager|Fan|Customer,Admin|CRM|Catalog|Internships|Invoicing|Ops|Packages|Scheduling,technical.whatsapp-return,web,available,concealed,concealed,concealed,concealed,concealed,concealed,concealed,concealed,concealed,concealed,concealed,concealed,concealed,concealed,concealed,concealed,concealed
studio-manager,true,StudioManager|Fan|Customer,Admin|CRM|Catalog|Internships|Invoicing|Ops|Packages|Scheduling,technical.whatsapp-return,mobile,not-available,not-available,not-available,not-available,not-available,not-available,not-available,not-available,not-available,not-available,not-available,not-available,not-available,not-available,not-available,not-available,not-available,not-available
studio-manager,true,StudioManager|Fan|Customer,Admin|CRM|Catalog|Internships|Invoicing|Ops|Packages|Scheduling,technical.inventory-scan,web,available,concealed,concealed,concealed,concealed,concealed,concealed,concealed,concealed,concealed,concealed,concealed,concealed,concealed,concealed,concealed,concealed,concealed
studio-manager,true,StudioManager|Fan|Customer,Admin|CRM|Catalog|Internships|Invoicing|Ops|Packages|Scheduling,technical.inventory-scan,mobile,not-available,not-available,not-available,not-available,not-available,not-available,not-available,not-available,not-available,not-available,not-available,not-available,not-available,not-available,not-available,not-available,not-available,not-available
studio-manager,true,StudioManager|Fan|Customer,Admin|CRM|Catalog|Internships|Invoicing|Ops|Packages|Scheduling,technical.course-public,web,available,allowed,allowed,not-supported,not-supported,not-supported,not-supported,not-supported,not-supported,not-supported,not-supported,not-supported,not-supported,not-supported,not-supported,not-supported,not-supported,not-supported
studio-manager,true,StudioManager|Fan|Customer,Admin|CRM|Catalog|Internships|Invoicing|Ops|Packages|Scheduling,technical.course-public,mobile,web-fallback,allowed,allowed,not-supported,not-supported,not-supported,not-supported,not-supported,not-supported,not-supported,not-supported,not-supported,not-supported,not-supported,not-supported,not-supported,not-supported,not-supported
studio-manager,true,StudioManager|Fan|Customer,Admin|CRM|Catalog|Internships|Invoicing|Ops|Packages|Scheduling,technical.course-registration,web,available,allowed,allowed,not-supported,not-supported,not-supported,not-supported,not-supported,not-supported,not-supported,allowed,not-supported,not-supported,not-supported,not-supported,not-supported,not-supported,not-supported
studio-manager,true,StudioManager|Fan|Customer,Admin|CRM|Catalog|Internships|Invoicing|Ops|Packages|Scheduling,technical.course-registration,mobile,web-fallback,allowed,allowed,not-supported,not-supported,not-supported,not-supported,not-supported,not-supported,not-supported,allowed,not-supported,not-supported,not-supported,not-supported,not-supported,not-supported,not-supported
studio-manager,true,StudioManager|Fan|Customer,Admin|CRM|Catalog|Internships|Invoicing|Ops|Packages|Scheduling,technical.whatsapp-consent-public,web,available,allowed,allowed,not-supported,not-supported,not-supported,not-supported,not-supported,not-supported,not-supported,allowed,not-supported,not-supported,not-supported,not-supported,not-supported,not-supported,not-supported
studio-manager,true,StudioManager|Fan|Customer,Admin|CRM|Catalog|Internships|Invoicing|Ops|Packages|Scheduling,technical.whatsapp-consent-public,mobile,web-fallback,allowed,allowed,not-supported,not-supported,not-supported,not-supported,not-supported,not-supported,not-supported,allowed,not-supported,not-supported,not-supported,not-supported,not-supported,not-supported,not-supported
studio-manager,true,StudioManager|Fan|Customer,Admin|CRM|Catalog|Internships|Invoicing|Ops|Packages|Scheduling,experimental.future-stubs,web,not-available,not-available,not-available,not-available,not-available,not-available,not-available,not-available,not-available,not-available,not-available,not-available,not-available,not-available,not-available,not-available,not-available,not-available
studio-manager,true,StudioManager|Fan|Customer,Admin|CRM|Catalog|Internships|Invoicing|Ops|Packages|Scheduling,experimental.future-stubs,mobile,not-available,not-available,not-available,not-available,not-available,not-available,not-available,not-available,not-available,not-available,not-available,not-available,not-available,not-available,not-available,not-available,not-available,not-available
maintenance,true,Maintenance|Fan|Customer,Ops|Packages|Scheduling,public.platform,web,available,allowed,allowed,not-supported,not-supported,not-supported,not-supported,not-supported,not-supported,not-supported,not-supported,not-supported,not-supported,not-supported,not-supported,not-supported,not-supported,not-supported
maintenance,true,Maintenance|Fan|Customer,Ops|Packages|Scheduling,public.platform,mobile,web-fallback,allowed,allowed,not-supported,not-supported,not-supported,not-supported,not-supported,not-supported,not-supported,not-supported,not-supported,not-supported,not-supported,not-supported,not-supported,not-supported,not-supported
maintenance,true,Maintenance|Fan|Customer,Ops|Packages|Scheduling,home,web,available,allowed,allowed,not-supported,not-supported,not-supported,not-supported,not-supported,not-supported,not-supported,not-supported,not-supported,not-supported,not-supported,not-supported,not-supported,not-supported,not-supported
maintenance,true,Maintenance|Fan|Customer,Ops|Packages|Scheduling,home,mobile,native,allowed,allowed,not-supported,not-supported,not-supported,not-supported,not-supported,not-supported,not-supported,not-supported,not-supported,not-supported,not-supported,not-supported,not-supported,not-supported,not-supported
maintenance,true,Maintenance|Fan|Customer,Ops|Packages|Scheduling,community,web,available,allowed,allowed,allowed,allowed,allowed,not-supported,not-supported,not-supported,not-supported,not-supported,not-supported,not-supported,not-supported,not-supported,not-supported,not-supported,not-supported
maintenance,true,Maintenance|Fan|Customer,Ops|Packages|Scheduling,community,mobile,native,allowed,allowed,allowed,allowed,allowed,not-supported,not-supported,not-supported,not-supported,not-supported,not-supported,not-supported,not-supported,not-supported,not-supported,not-supported,not-supported
maintenance,true,Maintenance|Fan|Customer,Ops|Packages|Scheduling,community.club,web,available,allowed,allowed,allowed,allowed,allowed,not-supported,not-supported,not-supported,not-supported,not-supported,not-supported,not-supported,not-supported,not-supported,not-supported,not-supported,not-supported
maintenance,true,Maintenance|Fan|Customer,Ops|Packages|Scheduling,community.club,mobile,not-available,not-available,not-available,not-available,not-available,not-available,not-available,not-available,not-available,not-available,not-available,not-available,not-available,not-available,not-available,not-available,not-available,not-available
maintenance,true,Maintenance|Fan|Customer,Ops|Packages|Scheduling,community.member,web,available,allowed,allowed,not-supported,not-supported,not-supported,not-supported,not-supported,not-supported,not-supported,not-supported,not-supported,not-supported,not-supported,not-supported,not-supported,not-supported,not-supported
maintenance,true,Maintenance|Fan|Customer,Ops|Packages|Scheduling,community.member,mobile,web-fallback,allowed,allowed,not-supported,not-supported,not-supported,not-supported,not-supported,not-supported,not-supported,not-supported,not-supported,not-supported,not-supported,not-supported,not-supported,not-supported,not-supported
maintenance,true,Maintenance|Fan|Customer,Ops|Packages|Scheduling,artist.public,web,available,allowed,allowed,not-supported,not-supported,not-supported,not-supported,not-supported,not-supported,not-supported,not-supported,not-supported,not-supported,not-supported,not-supported,not-supported,not-supported,not-supported
maintenance,true,Maintenance|Fan|Customer,Ops|Packages|Scheduling,artist.public,mobile,not-available,not-available,not-available,not-available,not-available,not-available,not-available,not-available,not-available,not-available,not-available,not-available,not-available,not-available,not-available,not-available,not-available,not-available
maintenance,true,Maintenance|Fan|Customer,Ops|Packages|Scheduling,artist.onboarding,web,available,allowed,allowed,concealed,not-supported,not-supported,not-supported,not-supported,not-supported,not-supported,not-supported,not-supported,not-supported,not-supported,not-supported,not-supported,not-supported,not-supported
maintenance,true,Maintenance|Fan|Customer,Ops|Packages|Scheduling,artist.onboarding,mobile,native,allowed,allowed,concealed,not-supported,not-supported,not-supported,not-supported,not-supported,not-supported,not-supported,not-supported,not-supported,not-supported,not-supported,not-supported,not-supported,not-supported
maintenance,true,Maintenance|Fan|Customer,Ops|Packages|Scheduling,marketplace,web,available,allowed,allowed,allowed,allowed,allowed,not-supported,not-supported,not-supported,not-supported,not-supported,not-supported,not-supported,not-supported,not-supported,not-supported,not-supported,not-supported
maintenance,true,Maintenance|Fan|Customer,Ops|Packages|Scheduling,marketplace,mobile,web-fallback,allowed,allowed,allowed,allowed,allowed,not-supported,not-supported,not-supported,not-supported,not-supported,not-supported,not-supported,not-supported,not-supported,not-supported,not-supported,not-supported
maintenance,true,Maintenance|Fan|Customer,Ops|Packages|Scheduling,marketplace.order-tracking,web,available,allowed,allowed,not-supported,not-supported,not-supported,not-supported,not-supported,not-supported,not-supported,not-supported,not-supported,not-supported,not-supported,not-supported,not-supported,not-supported,not-supported
maintenance,true,Maintenance|Fan|Customer,Ops|Packages|Scheduling,marketplace.order-tracking,mobile,web-fallback,allowed,allowed,not-supported,not-supported,not-supported,not-supported,not-supported,not-supported,not-supported,not-supported,not-supported,not-supported,not-supported,not-supported,not-supported,not-supported,not-supported
maintenance,true,Maintenance|Fan|Customer,Ops|Packages|Scheduling,service.mixing-mastering,web,available,allowed,allowed,not-supported,not-supported,not-supported,not-supported,not-supported,not-supported,not-supported,not-supported,not-supported,not-supported,not-supported,not-supported,not-supported,not-supported,not-supported
maintenance,true,Maintenance|Fan|Customer,Ops|Packages|Scheduling,service.mixing-mastering,mobile,web-fallback,allowed,allowed,not-supported,not-supported,not-supported,not-supported,not-supported,not-supported,not-supported,not-supported,not-supported,not-supported,not-supported,not-supported,not-supported,not-supported,not-supported
maintenance,true,Maintenance|Fan|Customer,Ops|Packages|Scheduling,bookings.public,web,available,allowed,allowed,allowed,not-supported,not-supported,not-supported,not-supported,not-supported,not-supported,not-supported,not-supported,not-supported,not-supported,not-supported,not-supported,not-supported,not-supported
maintenance,true,Maintenance|Fan|Customer,Ops|Packages|Scheduling,bookings.public,mobile,native,allowed,allowed,allowed,not-supported,not-supported,not-supported,not-supported,not-supported,not-supported,not-supported,not-supported,not-supported,not-supported,not-supported,not-supported,not-supported,not-supported
maintenance,true,Maintenance|Fan|Customer,Ops|Packages|Scheduling,bookings.dj-booth,web,available,allowed,allowed,not-supported,not-supported,not-supported,not-supported,not-supported,not-supported,not-supported,not-supported,not-supported,not-supported,not-supported,not-supported,not-supported,not-supported,not-supported
maintenance,true,Maintenance|Fan|Customer,Ops|Packages|Scheduling,bookings.dj-booth,mobile,native,allowed,allowed,not-supported,not-supported,not-supported,not-supported,not-supported,not-supported,not-supported,not-supported,not-supported,not-supported,not-supported,not-supported,not-supported,not-supported,not-supported
maintenance,true,Maintenance|Fan|Customer,Ops|Packages|Scheduling,public.trials,web,available,allowed,allowed,allowed,allowed,allowed,not-supported,not-supported,not-supported,not-supported,not-supported,not-supported,not-supported,not-supported,not-supported,not-supported,not-supported,not-supported
maintenance,true,Maintenance|Fan|Customer,Ops|Packages|Scheduling,public.trials,mobile,web-fallback,allowed,allowed,allowed,allowed,allowed,not-supported,not-supported,not-supported,not-supported,not-supported,not-supported,not-supported,not-supported,not-supported,not-supported,not-supported,not-supported
maintenance,true,Maintenance|Fan|Customer,Ops|Packages|Scheduling,public.live-session-registration,web,available,allowed,allowed,allowed,not-supported,not-supported,not-supported,not-supported,not-supported,not-supported,not-supported,not-supported,not-supported,not-supported,not-supported,not-supported,not-supported,not-supported
maintenance,true,Maintenance|Fan|Customer,Ops|Packages|Scheduling,public.live-session-registration,mobile,web-fallback,allowed,allowed,allowed,not-supported,not-supported,not-supported,not-supported,not-supported,not-supported,not-supported,not-supported,not-supported,not-supported,not-supported,not-supported,not-supported,not-supported
maintenance,true,Maintenance|Fan|Customer,Ops|Packages|Scheduling,public.records,web,available,allowed,allowed,not-supported,not-supported,not-supported,not-supported,not-supported,not-supported,not-supported,not-supported,not-supported,not-supported,not-supported,not-supported,not-supported,not-supported,not-supported
maintenance,true,Maintenance|Fan|Customer,Ops|Packages|Scheduling,public.records,mobile,web-fallback,allowed,allowed,not-supported,not-supported,not-supported,not-supported,not-supported,not-supported,not-supported,not-supported,not-supported,not-supported,not-supported,not-supported,not-supported,not-supported,not-supported
maintenance,true,Maintenance|Fan|Customer,Ops|Packages|Scheduling,public.donations,web,available,allowed,allowed,not-supported,not-supported,not-supported,not-supported,not-supported,not-supported,not-supported,not-supported,not-supported,not-supported,not-supported,not-supported,not-supported,not-supported,not-supported
maintenance,true,Maintenance|Fan|Customer,Ops|Packages|Scheduling,public.donations,mobile,web-fallback,allowed,allowed,not-supported,not-supported,not-supported,not-supported,not-supported,not-supported,not-supported,not-supported,not-supported,not-supported,not-supported,not-supported,not-supported,not-supported,not-supported
maintenance,true,Maintenance|Fan|Customer,Ops|Packages|Scheduling,public.domo,web,available,allowed,allowed,not-supported,not-supported,not-supported,not-supported,not-supported,not-supported,not-supported,not-supported,not-supported,not-supported,not-supported,not-supported,not-supported,not-supported,not-supported
maintenance,true,Maintenance|Fan|Customer,Ops|Packages|Scheduling,public.domo,mobile,web-fallback,allowed,allowed,not-supported,not-supported,not-supported,not-supported,not-supported,not-supported,not-supported,not-supported,not-supported,not-supported,not-supported,not-supported,not-supported,not-supported,not-supported
maintenance,true,Maintenance|Fan|Customer,Ops|Packages|Scheduling,profile.detail,web,available,allowed,allowed,not-supported,not-supported,not-supported,not-supported,not-supported,not-supported,not-supported,not-supported,not-supported,not-supported,not-supported,not-supported,not-supported,not-supported,not-supported
maintenance,true,Maintenance|Fan|Customer,Ops|Packages|Scheduling,profile.detail,mobile,not-available,not-available,not-available,not-available,not-available,not-available,not-available,not-available,not-available,not-available,not-available,not-available,not-available,not-available,not-available,not-available,not-available,not-available
maintenance,true,Maintenance|Fan|Customer,Ops|Packages|Scheduling,social,web,available,allowed,allowed,allowed,not-supported,allowed,not-supported,not-supported,not-supported,not-supported,not-supported,not-supported,not-supported,not-supported,not-supported,not-supported,not-supported,not-supported
maintenance,true,Maintenance|Fan|Customer,Ops|Packages|Scheduling,social,mobile,native,allowed,allowed,allowed,not-supported,allowed,not-supported,not-supported,not-supported,not-supported,not-supported,not-supported,not-supported,not-supported,not-supported,not-supported,not-supported,not-supported
maintenance,true,Maintenance|Fan|Customer,Ops|Packages|Scheduling,social.instagram,web,available,allowed,allowed,not-supported,not-supported,not-supported,not-supported,not-supported,not-supported,not-supported,not-supported,not-supported,not-supported,not-supported,not-supported,not-supported,not-supported,locked-requestable
maintenance,true,Maintenance|Fan|Customer,Ops|Packages|Scheduling,social.instagram,mobile,web-fallback,allowed,allowed,not-supported,not-supported,not-supported,not-supported,not-supported,not-supported,not-supported,not-supported,not-supported,not-supported,not-supported,not-supported,not-supported,not-supported,locked-requestable
maintenance,true,Maintenance|Fan|Customer,Ops|Packages|Scheduling,social.vcard,web,not-available,not-available,not-available,not-available,not-available,not-available,not-available,not-available,not-available,not-available,not-available,not-available,not-available,not-available,not-available,not-available,not-available,not-available
maintenance,true,Maintenance|Fan|Customer,Ops|Packages|Scheduling,social.vcard,mobile,native,allowed,allowed,allowed,not-supported,not-supported,not-supported,not-supported,not-supported,not-supported,not-supported,not-supported,not-supported,not-supported,not-supported,not-supported,not-supported,not-supported
maintenance,true,Maintenance|Fan|Customer,Ops|Packages|Scheduling,social.inbox,web,available,locked-requestable,locked-requestable,locked-requestable,not-supported,not-supported,not-supported,not-supported,not-supported,not-supported,not-supported,not-supported,not-supported,not-supported,not-supported,not-supported,not-supported,not-supported
maintenance,true,Maintenance|Fan|Customer,Ops|Packages|Scheduling,social.inbox,mobile,web-fallback,locked-requestable,locked-requestable,locked-requestable,not-supported,not-supported,not-supported,not-supported,not-supported,not-supported,not-supported,not-supported,not-supported,not-supported,not-supported,not-supported,not-supported,not-supported
maintenance,true,Maintenance|Fan|Customer,Ops|Packages|Scheduling,social.events,web,available,allowed,allowed,allowed,allowed,allowed,not-supported,not-supported,not-supported,not-supported,not-supported,not-supported,not-supported,not-supported,not-supported,allowed,not-supported,not-supported
maintenance,true,Maintenance|Fan|Customer,Ops|Packages|Scheduling,social.events,mobile,native,allowed,allowed,allowed,allowed,allowed,not-supported,not-supported,not-supported,not-supported,not-supported,not-supported,not-supported,not-supported,not-supported,allowed,not-supported,not-supported
maintenance,true,Maintenance|Fan|Customer,Ops|Packages|Scheduling,social.events.create,web,available,allowed,allowed,allowed,not-supported,not-supported,not-supported,not-supported,not-supported,not-supported,not-supported,not-supported,not-supported,not-supported,not-supported,not-supported,not-supported,not-supported
maintenance,true,Maintenance|Fan|Customer,Ops|Packages|Scheduling,social.events.create,mobile,native,allowed,allowed,allowed,not-supported,not-supported,not-supported,not-supported,not-supported,not-supported,not-supported,not-supported,not-supported,not-supported,not-supported,not-supported,not-supported,not-supported
maintenance,true,Maintenance|Fan|Customer,Ops|Packages|Scheduling,social.event.detail,web,available,allowed,allowed,not-supported,not-supported,not-supported,not-supported,not-supported,not-supported,not-supported,not-supported,not-supported,not-supported,not-supported,not-supported,not-supported,not-supported,not-supported
maintenance,true,Maintenance|Fan|Customer,Ops|Packages|Scheduling,social.event.detail,mobile,not-available,not-available,not-available,not-available,not-available,not-available,not-available,not-available,not-available,not-available,not-available,not-available,not-available,not-available,not-available,not-available,not-available,not-available
maintenance,true,Maintenance|Fan|Customer,Ops|Packages|Scheduling,social.event.logistics,web,available,allowed,allowed,allowed,allowed,allowed,not-supported,not-supported,not-supported,not-supported,not-supported,not-supported,not-supported,not-supported,allowed,not-supported,not-supported,not-supported
maintenance,true,Maintenance|Fan|Customer,Ops|Packages|Scheduling,social.event.logistics,mobile,not-available,not-available,not-available,not-available,not-available,not-available,not-available,not-available,not-available,not-available,not-available,not-available,not-available,not-available,not-available,not-available,not-available,not-available
maintenance,true,Maintenance|Fan|Customer,Ops|Packages|Scheduling,social.discovery,web,available,flag-required,flag-required,flag-required,flag-required,flag-required,flag-required,flag-required,flag-required,flag-required,flag-required,flag-required,flag-required,flag-required,flag-required,flag-required,flag-required,flag-required
maintenance,true,Maintenance|Fan|Customer,Ops|Packages|Scheduling,social.discovery,mobile,native,flag-required,flag-required,flag-required,flag-required,flag-required,flag-required,flag-required,flag-required,flag-required,flag-required,flag-required,flag-required,flag-required,flag-required,flag-required,flag-required,flag-required
maintenance,true,Maintenance|Fan|Customer,Ops|Packages|Scheduling,chat,web,available,allowed,allowed,allowed,not-supported,not-supported,not-supported,not-supported,not-supported,not-supported,not-supported,not-supported,not-supported,not-supported,not-supported,not-supported,not-supported,not-supported
maintenance,true,Maintenance|Fan|Customer,Ops|Packages|Scheduling,chat,mobile,web-fallback,allowed,allowed,allowed,not-supported,not-supported,not-supported,not-supported,not-supported,not-supported,not-supported,not-supported,not-supported,not-supported,not-supported,not-supported,not-supported,not-supported
maintenance,true,Maintenance|Fan|Customer,Ops|Packages|Scheduling,crm.contacts,web,available,locked-requestable,locked-requestable,locked-requestable,locked-requestable,locked-requestable,not-supported,not-supported,not-supported,locked-requestable,not-supported,not-supported,not-supported,not-supported,locked-requestable,not-supported,not-supported,not-supported
maintenance,true,Maintenance|Fan|Customer,Ops|Packages|Scheduling,crm.contacts,mobile,native,locked-requestable,locked-requestable,locked-requestable,locked-requestable,locked-requestable,not-supported,not-supported,not-supported,locked-requestable,not-supported,not-supported,not-supported,not-supported,locked-requestable,not-supported,not-supported,not-supported
maintenance,true,Maintenance|Fan|Customer,Ops|Packages|Scheduling,crm.companies,web,available,locked-requestable,locked-requestable,locked-requestable,locked-requestable,not-supported,not-supported,not-supported,not-supported,not-supported,not-supported,not-supported,not-supported,not-supported,not-supported,not-supported,not-supported,not-supported
maintenance,true,Maintenance|Fan|Customer,Ops|Packages|Scheduling,crm.companies,mobile,native,locked-requestable,locked-requestable,locked-requestable,locked-requestable,not-supported,not-supported,not-supported,not-supported,not-supported,not-supported,not-supported,not-supported,not-supported,not-supported,not-supported,not-supported,not-supported
maintenance,true,Maintenance|Fan|Customer,Ops|Packages|Scheduling,crm.leads,web,available,locked-requestable,locked-requestable,locked-requestable,locked-requestable,not-supported,not-supported,not-supported,not-supported,not-supported,not-supported,not-supported,not-supported,not-supported,locked-requestable,not-supported,not-supported,not-supported
maintenance,true,Maintenance|Fan|Customer,Ops|Packages|Scheduling,crm.leads,mobile,web-fallback,locked-requestable,locked-requestable,locked-requestable,locked-requestable,not-supported,not-supported,not-supported,not-supported,not-supported,not-supported,not-supported,not-supported,not-supported,locked-requestable,not-supported,not-supported,not-supported
maintenance,true,Maintenance|Fan|Customer,Ops|Packages|Scheduling,studio.calendar,web,available,allowed,allowed,allowed,allowed,locked-requestable,not-supported,not-supported,not-supported,not-supported,not-supported,not-supported,not-supported,not-supported,not-supported,not-supported,not-supported,not-supported
maintenance,true,Maintenance|Fan|Customer,Ops|Packages|Scheduling,studio.calendar,mobile,native,allowed,allowed,allowed,allowed,locked-requestable,not-supported,not-supported,not-supported,not-supported,not-supported,not-supported,not-supported,not-supported,not-supported,not-supported,not-supported,not-supported
maintenance,true,Maintenance|Fan|Customer,Ops|Packages|Scheduling,studio.rooms,web,available,allowed,allowed,locked-requestable,locked-requestable,not-supported,not-supported,not-supported,not-supported,not-supported,not-supported,not-supported,not-supported,not-supported,not-supported,not-supported,not-supported,not-supported
maintenance,true,Maintenance|Fan|Customer,Ops|Packages|Scheduling,studio.rooms,mobile,native,allowed,allowed,locked-requestable,locked-requestable,not-supported,not-supported,not-supported,not-supported,not-supported,not-supported,not-supported,not-supported,not-supported,not-supported,not-supported,not-supported,not-supported
maintenance,true,Maintenance|Fan|Customer,Ops|Packages|Scheduling,studio.orders,web,available,allowed,allowed,allowed,allowed,not-supported,not-supported,not-supported,not-supported,not-supported,not-supported,not-supported,locked-requestable,not-supported,not-supported,not-supported,not-supported,not-supported
maintenance,true,Maintenance|Fan|Customer,Ops|Packages|Scheduling,studio.orders,mobile,web-fallback,allowed,allowed,allowed,allowed,not-supported,not-supported,not-supported,not-supported,not-supported,not-supported,not-supported,locked-requestable,not-supported,not-supported,not-supported,not-supported,not-supported
maintenance,true,Maintenance|Fan|Customer,Ops|Packages|Scheduling,studio.services,web,available,allowed,allowed,locked-requestable,locked-requestable,locked-requestable,not-supported,not-supported,not-supported,not-supported,not-supported,not-supported,not-supported,not-supported,not-supported,not-supported,not-supported,not-supported
maintenance,true,Maintenance|Fan|Customer,Ops|Packages|Scheduling,studio.services,mobile,web-fallback,allowed,allowed,locked-requestable,locked-requestable,locked-requestable,not-supported,not-supported,not-supported,not-supported,not-supported,not-supported,not-supported,not-supported,not-supported,not-supported,not-supported,not-supported
maintenance,true,Maintenance|Fan|Customer,Ops|Packages|Scheduling,studio.pipelines,web,available,allowed,allowed,allowed,allowed,locked-requestable,not-supported,not-supported,not-supported,not-supported,not-supported,not-supported,not-supported,not-supported,allowed,not-supported,not-supported,not-supported
maintenance,true,Maintenance|Fan|Customer,Ops|Packages|Scheduling,studio.pipelines,mobile,native,allowed,allowed,allowed,allowed,locked-requestable,not-supported,not-supported,not-supported,not-supported,not-supported,not-supported,not-supported,not-supported,allowed,not-supported,not-supported,not-supported
maintenance,true,Maintenance|Fan|Customer,Ops|Packages|Scheduling,studio.live-sessions,web,available,allowed,allowed,allowed,allowed,not-supported,not-supported,not-supported,not-supported,not-supported,not-supported,not-supported,not-supported,not-supported,not-supported,not-supported,not-supported,not-supported
maintenance,true,Maintenance|Fan|Customer,Ops|Packages|Scheduling,studio.live-sessions,mobile,web-fallback,allowed,allowed,allowed,allowed,not-supported,not-supported,not-supported,not-supported,not-supported,not-supported,not-supported,not-supported,not-supported,not-supported,not-supported,not-supported,not-supported
maintenance,true,Maintenance|Fan|Customer,Ops|Packages|Scheduling,studio.domo-campaign,web,available,allowed,allowed,not-supported,locked-requestable,not-supported,not-supported,not-supported,not-supported,not-supported,not-supported,not-supported,not-supported,not-supported,not-supported,not-supported,not-supported,not-supported
maintenance,true,Maintenance|Fan|Customer,Ops|Packages|Scheduling,studio.domo-campaign,mobile,web-fallback,allowed,allowed,not-supported,locked-requestable,not-supported,not-supported,not-supported,not-supported,not-supported,not-supported,not-supported,not-supported,not-supported,not-supported,not-supported,not-supported,not-supported
maintenance,true,Maintenance|Fan|Customer,Ops|Packages|Scheduling,studio.reports,web,available,allowed,allowed,not-supported,not-supported,not-supported,not-supported,not-supported,not-supported,allowed,not-supported,not-supported,not-supported,not-supported,not-supported,not-supported,allowed,not-supported
maintenance,true,Maintenance|Fan|Customer,Ops|Packages|Scheduling,studio.reports,mobile,web-fallback,allowed,allowed,not-supported,not-supported,not-supported,not-supported,not-supported,not-supported,allowed,not-supported,not-supported,not-supported,not-supported,not-supported,not-supported,allowed,not-supported
maintenance,true,Maintenance|Fan|Customer,Ops|Packages|Scheduling,school.teacher-portal,web,available,locked-requestable,locked-requestable,locked-requestable,locked-requestable,locked-requestable,not-supported,not-supported,not-supported,not-supported,not-supported,not-supported,not-supported,not-supported,not-supported,not-supported,not-supported,not-supported
maintenance,true,Maintenance|Fan|Customer,Ops|Packages|Scheduling,school.teacher-portal,mobile,web-fallback,locked-requestable,locked-requestable,locked-requestable,locked-requestable,locked-requestable,not-supported,not-supported,not-supported,not-supported,not-supported,not-supported,not-supported,not-supported,not-supported,not-supported,not-supported,not-supported
maintenance,true,Maintenance|Fan|Customer,Ops|Packages|Scheduling,school.teachers,web,available,locked-requestable,locked-requestable,locked-requestable,locked-requestable,not-supported,not-supported,not-supported,not-supported,not-supported,not-supported,not-supported,not-supported,not-supported,not-supported,not-supported,not-supported,not-supported
maintenance,true,Maintenance|Fan|Customer,Ops|Packages|Scheduling,school.teachers,mobile,web-fallback,locked-requestable,locked-requestable,locked-requestable,locked-requestable,not-supported,not-supported,not-supported,not-supported,not-supported,not-supported,not-supported,not-supported,not-supported,not-supported,not-supported,not-supported,not-supported
maintenance,true,Maintenance|Fan|Customer,Ops|Packages|Scheduling,school.classes,web,available,locked-requestable,locked-requestable,locked-requestable,locked-requestable,not-supported,not-supported,not-supported,not-supported,not-supported,not-supported,not-supported,not-supported,not-supported,not-supported,not-supported,not-supported,not-supported
maintenance,true,Maintenance|Fan|Customer,Ops|Packages|Scheduling,school.classes,mobile,web-fallback,locked-requestable,locked-requestable,locked-requestable,locked-requestable,not-supported,not-supported,not-supported,not-supported,not-supported,not-supported,not-supported,not-supported,not-supported,not-supported,not-supported,not-supported,not-supported
maintenance,true,Maintenance|Fan|Customer,Ops|Packages|Scheduling,school.trial-lessons,web,available,locked-requestable,locked-requestable,locked-requestable,not-supported,not-supported,not-supported,not-supported,not-supported,not-supported,not-supported,not-supported,not-supported,not-supported,locked-requestable,not-supported,not-supported,not-supported
maintenance,true,Maintenance|Fan|Customer,Ops|Packages|Scheduling,school.trial-lessons,mobile,web-fallback,locked-requestable,locked-requestable,locked-requestable,not-supported,not-supported,not-supported,not-supported,not-supported,not-supported,not-supported,not-supported,not-supported,not-supported,locked-requestable,not-supported,not-supported,not-supported
maintenance,true,Maintenance|Fan|Customer,Ops|Packages|Scheduling,school.trial-queue,web,available,locked-requestable,locked-requestable,not-supported,not-supported,not-supported,not-supported,not-supported,not-supported,not-supported,not-supported,not-supported,not-supported,not-supported,locked-requestable,not-supported,not-supported,not-supported
maintenance,true,Maintenance|Fan|Customer,Ops|Packages|Scheduling,school.trial-queue,mobile,web-fallback,locked-requestable,locked-requestable,not-supported,not-supported,not-supported,not-supported,not-supported,not-supported,not-supported,not-supported,not-supported,not-supported,not-supported,locked-requestable,not-supported,not-supported,not-supported
maintenance,true,Maintenance|Fan|Customer,Ops|Packages|Scheduling,internships,web,available,locked-requestable,locked-requestable,locked-requestable,locked-requestable,locked-requestable,not-supported,not-supported,not-supported,not-supported,not-supported,not-supported,locked-requestable,not-supported,not-supported,not-supported,not-supported,not-supported
maintenance,true,Maintenance|Fan|Customer,Ops|Packages|Scheduling,internships,mobile,web-fallback,locked-requestable,locked-requestable,locked-requestable,locked-requestable,locked-requestable,not-supported,not-supported,not-supported,not-supported,not-supported,not-supported,locked-requestable,not-supported,not-supported,not-supported,not-supported,not-supported
maintenance,true,Maintenance|Fan|Customer,Ops|Packages|Scheduling,label.artists,web,available,locked-requestable,locked-requestable,locked-requestable,locked-requestable,locked-requestable,not-supported,not-supported,not-supported,not-supported,not-supported,not-supported,not-supported,not-supported,not-supported,not-supported,locked-requestable,not-supported
maintenance,true,Maintenance|Fan|Customer,Ops|Packages|Scheduling,label.artists,mobile,native,locked-requestable,locked-requestable,locked-requestable,locked-requestable,locked-requestable,not-supported,not-supported,not-supported,not-supported,not-supported,not-supported,not-supported,not-supported,not-supported,not-supported,locked-requestable,not-supported
maintenance,true,Maintenance|Fan|Customer,Ops|Packages|Scheduling,label.projects,web,available,locked-requestable,locked-requestable,locked-requestable,locked-requestable,not-supported,not-supported,not-supported,not-supported,not-supported,not-supported,not-supported,not-supported,not-supported,locked-requestable,not-supported,not-supported,not-supported
maintenance,true,Maintenance|Fan|Customer,Ops|Packages|Scheduling,label.projects,mobile,web-fallback,locked-requestable,locked-requestable,locked-requestable,locked-requestable,not-supported,not-supported,not-supported,not-supported,not-supported,not-supported,not-supported,not-supported,not-supported,locked-requestable,not-supported,not-supported,not-supported
maintenance,true,Maintenance|Fan|Customer,Ops|Packages|Scheduling,label.releases,web,available,locked-requestable,locked-requestable,locked-requestable,locked-requestable,locked-requestable,not-supported,not-supported,not-supported,locked-requestable,not-supported,not-supported,not-supported,not-supported,not-supported,locked-requestable,not-supported,not-supported
maintenance,true,Maintenance|Fan|Customer,Ops|Packages|Scheduling,label.releases,mobile,web-fallback,locked-requestable,locked-requestable,locked-requestable,locked-requestable,locked-requestable,not-supported,not-supported,not-supported,locked-requestable,not-supported,not-supported,not-supported,not-supported,not-supported,locked-requestable,not-supported,not-supported
maintenance,true,Maintenance|Fan|Customer,Ops|Packages|Scheduling,label.assets,web,available,allowed,allowed,allowed,allowed,locked-requestable,not-supported,not-supported,not-supported,not-supported,not-supported,not-supported,not-supported,not-supported,not-supported,not-supported,not-supported,not-supported
maintenance,true,Maintenance|Fan|Customer,Ops|Packages|Scheduling,label.assets,mobile,web-fallback,allowed,allowed,allowed,allowed,locked-requestable,not-supported,not-supported,not-supported,not-supported,not-supported,not-supported,not-supported,not-supported,not-supported,not-supported,not-supported,not-supported
maintenance,true,Maintenance|Fan|Customer,Ops|Packages|Scheduling,label.tracks,web,available,locked-requestable,locked-requestable,locked-requestable,locked-requestable,locked-requestable,not-supported,not-supported,not-supported,not-supported,not-supported,not-supported,not-supported,not-supported,not-supported,not-supported,not-supported,not-supported
maintenance,true,Maintenance|Fan|Customer,Ops|Packages|Scheduling,label.tracks,mobile,web-fallback,locked-requestable,locked-requestable,locked-requestable,locked-requestable,locked-requestable,not-supported,not-supported,not-supported,not-supported,not-supported,not-supported,not-supported,not-supported,not-supported,not-supported,not-supported,not-supported
maintenance,true,Maintenance|Fan|Customer,Ops|Packages|Scheduling,label.ddex.inbox,web,available,locked-requestable,locked-requestable,not-supported,not-supported,not-supported,not-supported,not-supported,locked-requestable,locked-requestable,not-supported,locked-requestable,not-supported,not-supported,not-supported,not-supported,not-supported,not-supported
maintenance,true,Maintenance|Fan|Customer,Ops|Packages|Scheduling,label.ddex.inbox,mobile,native,locked-requestable,locked-requestable,not-supported,not-supported,not-supported,not-supported,not-supported,locked-requestable,locked-requestable,not-supported,locked-requestable,not-supported,not-supported,not-supported,not-supported,not-supported,not-supported
maintenance,true,Maintenance|Fan|Customer,Ops|Packages|Scheduling,label.ddex.document,web,available,locked-requestable,locked-requestable,not-supported,not-supported,not-supported,not-supported,not-supported,not-supported,not-supported,not-supported,locked-requestable,not-supported,not-supported,not-supported,not-supported,not-supported,not-supported
maintenance,true,Maintenance|Fan|Customer,Ops|Packages|Scheduling,label.ddex.document,mobile,not-available,not-available,not-available,not-available,not-available,not-available,not-available,not-available,not-available,not-available,not-available,not-available,not-available,not-available,not-available,not-available,not-available,not-available
maintenance,true,Maintenance|Fan|Customer,Ops|Packages|Scheduling,label.ddex.import,web,available,concealed,concealed,concealed,concealed,concealed,concealed,concealed,concealed,concealed,concealed,concealed,concealed,concealed,concealed,concealed,concealed,concealed
maintenance,true,Maintenance|Fan|Customer,Ops|Packages|Scheduling,label.ddex.import,mobile,not-available,not-available,not-available,not-available,not-available,not-available,not-available,not-available,not-available,not-available,not-available,not-available,not-available,not-available,not-available,not-available,not-available,not-available
maintenance,true,Maintenance|Fan|Customer,Ops|Packages|Scheduling,label.ddex.partners,web,available,locked-requestable,locked-requestable,locked-requestable,locked-requestable,locked-requestable,not-supported,not-supported,not-supported,not-supported,not-supported,not-supported,not-supported,not-supported,not-supported,not-supported,not-supported,locked-requestable
maintenance,true,Maintenance|Fan|Customer,Ops|Packages|Scheduling,label.ddex.partners,mobile,native,locked-requestable,locked-requestable,locked-requestable,locked-requestable,locked-requestable,not-supported,not-supported,not-supported,not-supported,not-supported,not-supported,not-supported,not-supported,not-supported,not-supported,not-supported,locked-requestable
maintenance,true,Maintenance|Fan|Customer,Ops|Packages|Scheduling,operations.inventory,web,available,allowed,allowed,allowed,allowed,locked-requestable,not-supported,not-supported,not-supported,not-supported,not-supported,not-supported,not-supported,not-supported,allowed,not-supported,allowed,not-supported
maintenance,true,Maintenance|Fan|Customer,Ops|Packages|Scheduling,operations.inventory,mobile,native,allowed,allowed,allowed,allowed,locked-requestable,not-supported,not-supported,not-supported,not-supported,not-supported,not-supported,not-supported,not-supported,allowed,not-supported,allowed,not-supported
maintenance,true,Maintenance|Fan|Customer,Ops|Packages|Scheduling,operations.marketplace-orders,web,available,allowed,allowed,locked-requestable,allowed,locked-requestable,not-supported,not-supported,not-supported,allowed,not-supported,not-supported,locked-requestable,not-supported,not-supported,not-supported,not-supported,not-supported
maintenance,true,Maintenance|Fan|Customer,Ops|Packages|Scheduling,operations.marketplace-orders,mobile,web-fallback,allowed,allowed,locked-requestable,allowed,locked-requestable,not-supported,not-supported,not-supported,allowed,not-supported,not-supported,locked-requestable,not-supported,not-supported,not-supported,not-supported,not-supported
maintenance,true,Maintenance|Fan|Customer,Ops|Packages|Scheduling,operations.equipment-bookings,web,available,allowed,allowed,allowed,allowed,not-supported,not-supported,not-supported,not-supported,not-supported,not-supported,not-supported,not-supported,not-supported,not-supported,not-supported,not-supported,not-supported
maintenance,true,Maintenance|Fan|Customer,Ops|Packages|Scheduling,operations.equipment-bookings,mobile,native,allowed,allowed,allowed,allowed,not-supported,not-supported,not-supported,not-supported,not-supported,not-supported,not-supported,not-supported,not-supported,not-supported,not-supported,not-supported,not-supported
maintenance,true,Maintenance|Fan|Customer,Ops|Packages|Scheduling,finance.payments,web,available,locked-requestable,locked-requestable,locked-requestable,locked-requestable,not-supported,not-supported,not-supported,not-supported,locked-requestable,not-supported,not-supported,not-supported,not-supported,not-supported,not-supported,locked-requestable,not-supported
maintenance,true,Maintenance|Fan|Customer,Ops|Packages|Scheduling,finance.payments,mobile,web-fallback,locked-requestable,locked-requestable,locked-requestable,locked-requestable,not-supported,not-supported,not-supported,not-supported,locked-requestable,not-supported,not-supported,not-supported,not-supported,not-supported,not-supported,locked-requestable,not-supported
maintenance,true,Maintenance|Fan|Customer,Ops|Packages|Scheduling,finance.account-report-builder,web,available,locked-requestable,locked-requestable,not-supported,not-supported,not-supported,not-supported,not-supported,not-supported,locked-requestable,not-supported,not-supported,not-supported,not-supported,not-supported,not-supported,locked-requestable,not-supported
maintenance,true,Maintenance|Fan|Customer,Ops|Packages|Scheduling,finance.account-report-builder,mobile,web-fallback,locked-requestable,locked-requestable,not-supported,not-supported,not-supported,not-supported,not-supported,not-supported,locked-requestable,not-supported,not-supported,not-supported,not-supported,not-supported,not-supported,locked-requestable,not-supported
maintenance,true,Maintenance|Fan|Customer,Ops|Packages|Scheduling,finance.esteban-report,web,available,locked-requestable,locked-requestable,not-supported,not-supported,not-supported,not-supported,not-supported,not-supported,locked-requestable,not-supported,not-supported,not-supported,not-supported,not-supported,not-supported,locked-requestable,not-supported
maintenance,true,Maintenance|Fan|Customer,Ops|Packages|Scheduling,finance.esteban-report,mobile,web-fallback,locked-requestable,locked-requestable,not-supported,not-supported,not-supported,not-supported,not-supported,not-supported,locked-requestable,not-supported,not-supported,not-supported,not-supported,not-supported,not-supported,locked-requestable,not-supported
maintenance,true,Maintenance|Fan|Customer,Ops|Packages|Scheduling,finance.david-report,web,available,locked-requestable,locked-requestable,not-supported,not-supported,not-supported,not-supported,not-supported,not-supported,locked-requestable,not-supported,not-supported,not-supported,not-supported,not-supported,not-supported,locked-requestable,not-supported
maintenance,true,Maintenance|Fan|Customer,Ops|Packages|Scheduling,finance.david-report,mobile,web-fallback,locked-requestable,locked-requestable,not-supported,not-supported,not-supported,not-supported,not-supported,not-supported,locked-requestable,not-supported,not-supported,not-supported,not-supported,not-supported,not-supported,locked-requestable,not-supported
maintenance,true,Maintenance|Fan|Customer,Ops|Packages|Scheduling,admin.course-registrations,web,available,locked-requestable,locked-requestable,locked-requestable,locked-requestable,locked-requestable,not-supported,not-supported,not-supported,locked-requestable,not-supported,not-supported,locked-requestable,not-supported,not-supported,not-supported,not-supported,not-supported
maintenance,true,Maintenance|Fan|Customer,Ops|Packages|Scheduling,admin.course-registrations,mobile,web-fallback,locked-requestable,locked-requestable,locked-requestable,locked-requestable,locked-requestable,not-supported,not-supported,not-supported,locked-requestable,not-supported,not-supported,locked-requestable,not-supported,not-supported,not-supported,not-supported,not-supported
maintenance,true,Maintenance|Fan|Customer,Ops|Packages|Scheduling,admin.courses,web,available,locked-requestable,locked-requestable,locked-requestable,locked-requestable,not-supported,not-supported,not-supported,not-supported,not-supported,not-supported,not-supported,not-supported,not-supported,not-supported,locked-requestable,not-supported,not-supported
maintenance,true,Maintenance|Fan|Customer,Ops|Packages|Scheduling,admin.courses,mobile,web-fallback,locked-requestable,locked-requestable,locked-requestable,locked-requestable,not-supported,not-supported,not-supported,not-supported,not-supported,not-supported,not-supported,not-supported,not-supported,not-supported,locked-requestable,not-supported,not-supported
maintenance,true,Maintenance|Fan|Customer,Ops|Packages|Scheduling,admin.users,web,available,concealed,concealed,concealed,concealed,concealed,not-supported,concealed,not-supported,not-supported,not-supported,not-supported,not-supported,not-supported,not-supported,not-supported,not-supported,concealed
maintenance,true,Maintenance|Fan|Customer,Ops|Packages|Scheduling,admin.users,mobile,not-available,not-available,not-available,not-available,not-available,not-available,not-available,not-available,not-available,not-available,not-available,not-available,not-available,not-available,not-available,not-available,not-available,not-available
maintenance,true,Maintenance|Fan|Customer,Ops|Packages|Scheduling,admin.roles,web,available,concealed,concealed,not-supported,concealed,not-supported,not-supported,not-supported,not-supported,not-supported,not-supported,not-supported,not-supported,not-supported,not-supported,not-supported,not-supported,concealed
maintenance,true,Maintenance|Fan|Customer,Ops|Packages|Scheduling,admin.roles,mobile,not-available,not-available,not-available,not-available,not-available,not-available,not-available,not-available,not-available,not-available,not-available,not-available,not-available,not-available,not-available,not-available,not-available,not-available
maintenance,true,Maintenance|Fan|Customer,Ops|Packages|Scheduling,admin.system-status,web,available,locked-requestable,locked-requestable,not-supported,not-supported,not-supported,not-supported,not-supported,not-supported,not-supported,not-supported,not-supported,not-supported,not-supported,not-supported,not-supported,not-supported,not-supported
maintenance,true,Maintenance|Fan|Customer,Ops|Packages|Scheduling,admin.system-status,mobile,web-fallback,locked-requestable,locked-requestable,not-supported,not-supported,not-supported,not-supported,not-supported,not-supported,not-supported,not-supported,not-supported,not-supported,not-supported,not-supported,not-supported,not-supported,not-supported
maintenance,true,Maintenance|Fan|Customer,Ops|Packages|Scheduling,admin.activity,web,available,locked-requestable,locked-requestable,not-supported,not-supported,not-supported,not-supported,not-supported,not-supported,locked-requestable,not-supported,not-supported,not-supported,not-supported,not-supported,not-supported,not-supported,not-supported
maintenance,true,Maintenance|Fan|Customer,Ops|Packages|Scheduling,admin.activity,mobile,web-fallback,locked-requestable,locked-requestable,not-supported,not-supported,not-supported,not-supported,not-supported,not-supported,locked-requestable,not-supported,not-supported,not-supported,not-supported,not-supported,not-supported,not-supported,not-supported
maintenance,true,Maintenance|Fan|Customer,Ops|Packages|Scheduling,admin.logs,web,available,locked-requestable,locked-requestable,not-supported,not-supported,locked-requestable,not-supported,not-supported,not-supported,not-supported,not-supported,not-supported,not-supported,not-supported,not-supported,not-supported,not-supported,not-supported
maintenance,true,Maintenance|Fan|Customer,Ops|Packages|Scheduling,admin.logs,mobile,web-fallback,locked-requestable,locked-requestable,not-supported,not-supported,locked-requestable,not-supported,not-supported,not-supported,not-supported,not-supported,not-supported,not-supported,not-supported,not-supported,not-supported,not-supported,not-supported
maintenance,true,Maintenance|Fan|Customer,Ops|Packages|Scheduling,admin.diagnostics,web,available,locked-requestable,locked-requestable,not-supported,not-supported,not-supported,not-supported,not-supported,not-supported,not-supported,not-supported,not-supported,not-supported,not-supported,not-supported,not-supported,not-supported,locked-requestable
maintenance,true,Maintenance|Fan|Customer,Ops|Packages|Scheduling,admin.diagnostics,mobile,web-fallback,locked-requestable,locked-requestable,not-supported,not-supported,not-supported,not-supported,not-supported,not-supported,not-supported,not-supported,not-supported,not-supported,not-supported,not-supported,not-supported,not-supported,locked-requestable
maintenance,true,Maintenance|Fan|Customer,Ops|Packages|Scheduling,admin.brain,web,available,locked-requestable,locked-requestable,locked-requestable,locked-requestable,not-supported,not-supported,not-supported,not-supported,not-supported,not-supported,not-supported,not-supported,not-supported,not-supported,not-supported,not-supported,locked-requestable
maintenance,true,Maintenance|Fan|Customer,Ops|Packages|Scheduling,admin.brain,mobile,web-fallback,locked-requestable,locked-requestable,locked-requestable,locked-requestable,not-supported,not-supported,not-supported,not-supported,not-supported,not-supported,not-supported,not-supported,not-supported,not-supported,not-supported,not-supported,locked-requestable
maintenance,true,Maintenance|Fan|Customer,Ops|Packages|Scheduling,admin.calendar-integration,web,available,concealed,concealed,not-supported,not-supported,not-supported,not-supported,not-supported,not-supported,not-supported,not-supported,not-supported,not-supported,not-supported,not-supported,not-supported,not-supported,concealed
maintenance,true,Maintenance|Fan|Customer,Ops|Packages|Scheduling,admin.calendar-integration,mobile,not-available,not-available,not-available,not-available,not-available,not-available,not-available,not-available,not-available,not-available,not-available,not-available,not-available,not-available,not-available,not-available,not-available,not-available
maintenance,true,Maintenance|Fan|Customer,Ops|Packages|Scheduling,admin.cms,web,available,locked-requestable,locked-requestable,locked-requestable,locked-requestable,locked-requestable,not-supported,not-supported,not-supported,not-supported,not-supported,not-supported,not-supported,not-supported,not-supported,locked-requestable,not-supported,not-supported
maintenance,true,Maintenance|Fan|Customer,Ops|Packages|Scheduling,admin.cms,mobile,web-fallback,locked-requestable,locked-requestable,locked-requestable,locked-requestable,locked-requestable,not-supported,not-supported,not-supported,not-supported,not-supported,not-supported,not-supported,not-supported,not-supported,locked-requestable,not-supported,not-supported
maintenance,true,Maintenance|Fan|Customer,Ops|Packages|Scheduling,admin.campaign-automations,web,available,locked-requestable,locked-requestable,locked-requestable,locked-requestable,not-supported,not-supported,not-supported,not-supported,not-supported,not-supported,not-supported,not-supported,not-supported,not-supported,locked-requestable,not-supported,not-supported
maintenance,true,Maintenance|Fan|Customer,Ops|Packages|Scheduling,admin.campaign-automations,mobile,web-fallback,locked-requestable,locked-requestable,locked-requestable,locked-requestable,not-supported,not-supported,not-supported,not-supported,not-supported,not-supported,not-supported,not-supported,not-supported,not-supported,locked-requestable,not-supported,not-supported
maintenance,true,Maintenance|Fan|Customer,Ops|Packages|Scheduling,admin.event-sources,web,available,flag-required,flag-required,flag-required,flag-required,flag-required,flag-required,flag-required,flag-required,flag-required,flag-required,flag-required,flag-required,flag-required,flag-required,flag-required,flag-required,flag-required
maintenance,true,Maintenance|Fan|Customer,Ops|Packages|Scheduling,admin.event-sources,mobile,not-available,not-available,not-available,not-available,not-available,not-available,not-available,not-available,not-available,not-available,not-available,not-available,not-available,not-available,not-available,not-available,not-available,not-available
maintenance,true,Maintenance|Fan|Customer,Ops|Packages|Scheduling,admin.whatsapp-consent,web,available,concealed,concealed,not-supported,not-supported,not-supported,not-supported,not-supported,not-supported,not-supported,not-supported,not-supported,not-supported,not-supported,not-supported,not-supported,not-supported,concealed
maintenance,true,Maintenance|Fan|Customer,Ops|Packages|Scheduling,admin.whatsapp-consent,mobile,not-available,not-available,not-available,not-available,not-available,not-available,not-available,not-available,not-available,not-available,not-available,not-available,not-available,not-available,not-available,not-available,not-available,not-available
maintenance,true,Maintenance|Fan|Customer,Ops|Packages|Scheduling,admin.ux-options,web,available,locked-requestable,locked-requestable,locked-requestable,locked-requestable,not-supported,not-supported,not-supported,not-supported,not-supported,not-supported,not-supported,not-supported,not-supported,not-supported,not-supported,not-supported,not-supported
maintenance,true,Maintenance|Fan|Customer,Ops|Packages|Scheduling,admin.ux-options,mobile,web-fallback,locked-requestable,locked-requestable,locked-requestable,locked-requestable,not-supported,not-supported,not-supported,not-supported,not-supported,not-supported,not-supported,not-supported,not-supported,not-supported,not-supported,not-supported,not-supported
maintenance,true,Maintenance|Fan|Customer,Ops|Packages|Scheduling,admin.preferences,web,available,locked-requestable,locked-requestable,not-supported,locked-requestable,not-supported,not-supported,not-supported,not-supported,not-supported,not-supported,not-supported,not-supported,not-supported,not-supported,not-supported,not-supported,not-supported
maintenance,true,Maintenance|Fan|Customer,Ops|Packages|Scheduling,admin.preferences,mobile,web-fallback,locked-requestable,locked-requestable,not-supported,locked-requestable,not-supported,not-supported,not-supported,not-supported,not-supported,not-supported,not-supported,not-supported,not-supported,not-supported,not-supported,not-supported,not-supported
maintenance,true,Maintenance|Fan|Customer,Ops|Packages|Scheduling,tools.chatkit,web,available,allowed,allowed,allowed,not-supported,not-supported,not-supported,not-supported,not-supported,not-supported,not-supported,not-supported,not-supported,not-supported,not-supported,not-supported,not-supported,not-supported
maintenance,true,Maintenance|Fan|Customer,Ops|Packages|Scheduling,tools.chatkit,mobile,web-fallback,allowed,allowed,allowed,not-supported,not-supported,not-supported,not-supported,not-supported,not-supported,not-supported,not-supported,not-supported,not-supported,not-supported,not-supported,not-supported,not-supported
maintenance,true,Maintenance|Fan|Customer,Ops|Packages|Scheduling,tools.tidal-agent,web,available,allowed,allowed,allowed,not-supported,not-supported,not-supported,not-supported,not-supported,not-supported,not-supported,not-supported,not-supported,not-supported,not-supported,not-supported,not-supported,not-supported
maintenance,true,Maintenance|Fan|Customer,Ops|Packages|Scheduling,tools.tidal-agent,mobile,web-fallback,allowed,allowed,allowed,not-supported,not-supported,not-supported,not-supported,not-supported,not-supported,not-supported,not-supported,not-supported,not-supported,not-supported,not-supported,not-supported,not-supported
maintenance,true,Maintenance|Fan|Customer,Ops|Packages|Scheduling,tools.music-maker,web,available,allowed,allowed,not-supported,not-supported,not-supported,not-supported,not-supported,not-supported,not-supported,not-supported,not-supported,not-supported,not-supported,not-supported,not-supported,not-supported,not-supported
maintenance,true,Maintenance|Fan|Customer,Ops|Packages|Scheduling,tools.music-maker,mobile,web-fallback,allowed,allowed,not-supported,not-supported,not-supported,not-supported,not-supported,not-supported,not-supported,not-supported,not-supported,not-supported,not-supported,not-supported,not-supported,not-supported,not-supported
maintenance,true,Maintenance|Fan|Customer,Ops|Packages|Scheduling,tools.admin-token,web,available,concealed,concealed,not-supported,not-supported,not-supported,not-supported,not-supported,not-supported,not-supported,not-supported,not-supported,not-supported,not-supported,not-supported,not-supported,not-supported,concealed
maintenance,true,Maintenance|Fan|Customer,Ops|Packages|Scheduling,tools.admin-token,mobile,not-available,not-available,not-available,not-available,not-available,not-available,not-available,not-available,not-available,not-available,not-available,not-available,not-available,not-available,not-available,not-available,not-available,not-available
maintenance,true,Maintenance|Fan|Customer,Ops|Packages|Scheduling,help.manual,web,available,allowed,allowed,not-supported,not-supported,not-supported,not-supported,not-supported,not-supported,not-supported,not-supported,not-supported,not-supported,not-supported,not-supported,not-supported,not-supported,not-supported
maintenance,true,Maintenance|Fan|Customer,Ops|Packages|Scheduling,help.manual,mobile,native,allowed,allowed,not-supported,not-supported,not-supported,not-supported,not-supported,not-supported,not-supported,not-supported,not-supported,not-supported,not-supported,not-supported,not-supported,not-supported,not-supported
maintenance,true,Maintenance|Fan|Customer,Ops|Packages|Scheduling,help.docs,web,available,allowed,allowed,not-supported,not-supported,not-supported,not-supported,not-supported,not-supported,not-supported,not-supported,not-supported,not-supported,not-supported,not-supported,not-supported,not-supported,not-supported
maintenance,true,Maintenance|Fan|Customer,Ops|Packages|Scheduling,help.docs,mobile,native,allowed,allowed,not-supported,not-supported,not-supported,not-supported,not-supported,not-supported,not-supported,not-supported,not-supported,not-supported,not-supported,not-supported,not-supported,not-supported,not-supported
maintenance,true,Maintenance|Fan|Customer,Ops|Packages|Scheduling,help.about,web,available,allowed,allowed,not-supported,not-supported,not-supported,not-supported,not-supported,not-supported,not-supported,not-supported,not-supported,not-supported,not-supported,not-supported,not-supported,not-supported,not-supported
maintenance,true,Maintenance|Fan|Customer,Ops|Packages|Scheduling,help.about,mobile,native,allowed,allowed,not-supported,not-supported,not-supported,not-supported,not-supported,not-supported,not-supported,not-supported,not-supported,not-supported,not-supported,not-supported,not-supported,not-supported,not-supported
maintenance,true,Maintenance|Fan|Customer,Ops|Packages|Scheduling,help.security,web,available,allowed,allowed,not-supported,not-supported,not-supported,not-supported,not-supported,not-supported,not-supported,not-supported,not-supported,not-supported,not-supported,not-supported,not-supported,not-supported,not-supported
maintenance,true,Maintenance|Fan|Customer,Ops|Packages|Scheduling,help.security,mobile,native,allowed,allowed,not-supported,not-supported,not-supported,not-supported,not-supported,not-supported,not-supported,not-supported,not-supported,not-supported,not-supported,not-supported,not-supported,not-supported,not-supported
maintenance,true,Maintenance|Fan|Customer,Ops|Packages|Scheduling,help.feedback,web,available,allowed,allowed,allowed,not-supported,not-supported,not-supported,not-supported,not-supported,not-supported,not-supported,not-supported,not-supported,not-supported,not-supported,not-supported,not-supported,not-supported
maintenance,true,Maintenance|Fan|Customer,Ops|Packages|Scheduling,help.feedback,mobile,native,allowed,allowed,allowed,not-supported,not-supported,not-supported,not-supported,not-supported,not-supported,not-supported,not-supported,not-supported,not-supported,not-supported,not-supported,not-supported,not-supported
maintenance,true,Maintenance|Fan|Customer,Ops|Packages|Scheduling,navigation.quick-create,web,not-available,not-available,not-available,not-available,not-available,not-available,not-available,not-available,not-available,not-available,not-available,not-available,not-available,not-available,not-available,not-available,not-available,not-available
maintenance,true,Maintenance|Fan|Customer,Ops|Packages|Scheduling,navigation.quick-create,mobile,native,allowed,allowed,not-supported,not-supported,not-supported,not-supported,not-supported,not-supported,not-supported,not-supported,not-supported,not-supported,not-supported,not-supported,not-supported,not-supported,not-supported
maintenance,true,Maintenance|Fan|Customer,Ops|Packages|Scheduling,navigation.explore,web,not-available,not-available,not-available,not-available,not-available,not-available,not-available,not-available,not-available,not-available,not-available,not-available,not-available,not-available,not-available,not-available,not-available,not-available
maintenance,true,Maintenance|Fan|Customer,Ops|Packages|Scheduling,navigation.explore,mobile,native,allowed,allowed,not-supported,allowed,allowed,not-supported,not-supported,not-supported,not-supported,not-supported,not-supported,not-supported,not-supported,not-supported,not-supported,not-supported,not-supported
maintenance,true,Maintenance|Fan|Customer,Ops|Packages|Scheduling,profile.self,web,not-available,not-available,not-available,not-available,not-available,not-available,not-available,not-available,not-available,not-available,not-available,not-available,not-available,not-available,not-available,not-available,not-available,not-available
maintenance,true,Maintenance|Fan|Customer,Ops|Packages|Scheduling,profile.self,mobile,native,allowed,allowed,not-supported,allowed,not-supported,not-supported,not-supported,not-supported,not-supported,not-supported,not-supported,not-supported,not-supported,not-supported,not-supported,not-supported,not-supported
maintenance,true,Maintenance|Fan|Customer,Ops|Packages|Scheduling,social.venues,web,not-available,not-available,not-available,not-available,not-available,not-available,not-available,not-available,not-available,not-available,not-available,not-available,not-available,not-available,not-available,not-available,not-available,not-available
maintenance,true,Maintenance|Fan|Customer,Ops|Packages|Scheduling,social.venues,mobile,native,allowed,allowed,locked-requestable,locked-requestable,not-supported,not-supported,not-supported,not-supported,not-supported,not-supported,not-supported,not-supported,not-supported,not-supported,not-supported,not-supported,not-supported
maintenance,true,Maintenance|Fan|Customer,Ops|Packages|Scheduling,social.venue.detail,web,not-available,not-available,not-available,not-available,not-available,not-available,not-available,not-available,not-available,not-available,not-available,not-available,not-available,not-available,not-available,not-available,not-available,not-available
maintenance,true,Maintenance|Fan|Customer,Ops|Packages|Scheduling,social.venue.detail,mobile,not-available,not-available,not-available,not-available,not-available,not-available,not-available,not-available,not-available,not-available,not-available,not-available,not-available,not-available,not-available,not-available,not-available,not-available
maintenance,true,Maintenance|Fan|Customer,Ops|Packages|Scheduling,social.venue.create,web,not-available,not-available,not-available,not-available,not-available,not-available,not-available,not-available,not-available,not-available,not-available,not-available,not-available,not-available,not-available,not-available,not-available,not-available
maintenance,true,Maintenance|Fan|Customer,Ops|Packages|Scheduling,social.venue.create,mobile,not-available,not-available,not-available,not-available,not-available,not-available,not-available,not-available,not-available,not-available,not-available,not-available,not-available,not-available,not-available,not-available,not-available,not-available
maintenance,true,Maintenance|Fan|Customer,Ops|Packages|Scheduling,artist.profile.edit,web,not-available,not-available,not-available,not-available,not-available,not-available,not-available,not-available,not-available,not-available,not-available,not-available,not-available,not-available,not-available,not-available,not-available,not-available
maintenance,true,Maintenance|Fan|Customer,Ops|Packages|Scheduling,artist.profile.edit,mobile,not-available,not-available,not-available,not-available,not-available,not-available,not-available,not-available,not-available,not-available,not-available,not-available,not-available,not-available,not-available,not-available,not-available,not-available
maintenance,true,Maintenance|Fan|Customer,Ops|Packages|Scheduling,studio.session.input-list,web,not-available,not-available,not-available,not-available,not-available,not-available,not-available,not-available,not-available,not-available,not-available,not-available,not-available,not-available,not-available,not-available,not-available,not-available
maintenance,true,Maintenance|Fan|Customer,Ops|Packages|Scheduling,studio.session.input-list,mobile,not-available,not-available,not-available,not-available,not-available,not-available,not-available,not-available,not-available,not-available,not-available,not-available,not-available,not-available,not-available,not-available,not-available,not-available
maintenance,true,Maintenance|Fan|Customer,Ops|Packages|Scheduling,social.tickets,web,not-available,not-available,not-available,not-available,not-available,not-available,not-available,not-available,not-available,not-available,not-available,not-available,not-available,not-available,not-available,not-available,not-available,not-available
maintenance,true,Maintenance|Fan|Customer,Ops|Packages|Scheduling,social.tickets,mobile,native,allowed,allowed,not-supported,not-supported,not-supported,not-supported,not-supported,not-supported,not-supported,not-supported,not-supported,not-supported,not-supported,not-supported,not-supported,not-supported,not-supported
maintenance,true,Maintenance|Fan|Customer,Ops|Packages|Scheduling,social.ticket-checkout,web,not-available,not-available,not-available,not-available,not-available,not-available,not-available,not-available,not-available,not-available,not-available,not-available,not-available,not-available,not-available,not-available,not-available,not-available
maintenance,true,Maintenance|Fan|Customer,Ops|Packages|Scheduling,social.ticket-checkout,mobile,not-available,not-available,not-available,not-available,not-available,not-available,not-available,not-available,not-available,not-available,not-available,not-available,not-available,not-available,not-available,not-available,not-available,not-available
maintenance,true,Maintenance|Fan|Customer,Ops|Packages|Scheduling,label.contracts.create,web,not-available,not-available,not-available,not-available,not-available,not-available,not-available,not-available,not-available,not-available,not-available,not-available,not-available,not-available,not-available,not-available,not-available,not-available
maintenance,true,Maintenance|Fan|Customer,Ops|Packages|Scheduling,label.contracts.create,mobile,not-available,not-available,not-available,not-available,not-available,not-available,not-available,not-available,not-available,not-available,not-available,not-available,not-available,not-available,not-available,not-available,not-available,not-available
maintenance,true,Maintenance|Fan|Customer,Ops|Packages|Scheduling,label.contracts.detail,web,not-available,not-available,not-available,not-available,not-available,not-available,not-available,not-available,not-available,not-available,not-available,not-available,not-available,not-available,not-available,not-available,not-available,not-available
maintenance,true,Maintenance|Fan|Customer,Ops|Packages|Scheduling,label.contracts.detail,mobile,not-available,not-available,not-available,not-available,not-available,not-available,not-available,not-available,not-available,not-available,not-available,not-available,not-available,not-available,not-available,not-available,not-available,not-available
maintenance,true,Maintenance|Fan|Customer,Ops|Packages|Scheduling,mobile.onboarding,web,not-available,not-available,not-available,not-available,not-available,not-available,not-available,not-available,not-available,not-available,not-available,not-available,not-available,not-available,not-available,not-available,not-available,not-available
maintenance,true,Maintenance|Fan|Customer,Ops|Packages|Scheduling,mobile.onboarding,mobile,native,allowed,allowed,not-supported,not-supported,not-supported,not-supported,not-supported,not-supported,not-supported,not-supported,not-supported,not-supported,not-supported,not-supported,not-supported,not-supported,not-supported
maintenance,true,Maintenance|Fan|Customer,Ops|Packages|Scheduling,technical.mobile-entry,web,not-available,not-available,not-available,not-available,not-available,not-available,not-available,not-available,not-available,not-available,not-available,not-available,not-available,not-available,not-available,not-available,not-available,not-available
maintenance,true,Maintenance|Fan|Customer,Ops|Packages|Scheduling,technical.mobile-entry,mobile,not-available,not-available,not-available,not-available,not-available,not-available,not-available,not-available,not-available,not-available,not-available,not-available,not-available,not-available,not-available,not-available,not-available,not-available
maintenance,true,Maintenance|Fan|Customer,Ops|Packages|Scheduling,access-requests.mine,web,available,allowed,allowed,not-supported,allowed,not-supported,not-supported,not-supported,not-supported,not-supported,not-supported,not-supported,not-supported,not-supported,not-supported,not-supported,not-supported,not-supported
maintenance,true,Maintenance|Fan|Customer,Ops|Packages|Scheduling,access-requests.mine,mobile,native,allowed,allowed,not-supported,allowed,not-supported,not-supported,not-supported,not-supported,not-supported,not-supported,not-supported,not-supported,not-supported,not-supported,not-supported,not-supported,not-supported
maintenance,true,Maintenance|Fan|Customer,Ops|Packages|Scheduling,access-requests.create,web,available,allowed,allowed,allowed,not-supported,not-supported,not-supported,not-supported,not-supported,not-supported,not-supported,not-supported,not-supported,not-supported,not-supported,not-supported,not-supported,not-supported
maintenance,true,Maintenance|Fan|Customer,Ops|Packages|Scheduling,access-requests.create,mobile,native,allowed,allowed,allowed,not-supported,not-supported,not-supported,not-supported,not-supported,not-supported,not-supported,not-supported,not-supported,not-supported,not-supported,not-supported,not-supported,not-supported
maintenance,true,Maintenance|Fan|Customer,Ops|Packages|Scheduling,access-requests.review,web,available,concealed,concealed,not-supported,not-supported,not-supported,not-supported,not-supported,not-supported,not-supported,not-supported,not-supported,concealed,concealed,not-supported,not-supported,not-supported,concealed
maintenance,true,Maintenance|Fan|Customer,Ops|Packages|Scheduling,access-requests.review,mobile,native,concealed,concealed,not-supported,not-supported,not-supported,not-supported,not-supported,not-supported,not-supported,not-supported,not-supported,concealed,concealed,not-supported,not-supported,not-supported,concealed
maintenance,true,Maintenance|Fan|Customer,Ops|Packages|Scheduling,technical.auth-login,web,available,concealed,concealed,concealed,concealed,concealed,concealed,concealed,concealed,concealed,concealed,concealed,concealed,concealed,concealed,concealed,concealed,concealed
maintenance,true,Maintenance|Fan|Customer,Ops|Packages|Scheduling,technical.auth-login,mobile,not-available,not-available,not-available,not-available,not-available,not-available,not-available,not-available,not-available,not-available,not-available,not-available,not-available,not-available,not-available,not-available,not-available,not-available
maintenance,true,Maintenance|Fan|Customer,Ops|Packages|Scheduling,technical.auth-reset,web,available,concealed,concealed,concealed,concealed,concealed,concealed,concealed,concealed,concealed,concealed,concealed,concealed,concealed,concealed,concealed,concealed,concealed
maintenance,true,Maintenance|Fan|Customer,Ops|Packages|Scheduling,technical.auth-reset,mobile,not-available,not-available,not-available,not-available,not-available,not-available,not-available,not-available,not-available,not-available,not-available,not-available,not-available,not-available,not-available,not-available,not-available,not-available
maintenance,true,Maintenance|Fan|Customer,Ops|Packages|Scheduling,technical.oauth-google-drive,web,available,concealed,concealed,concealed,concealed,concealed,concealed,concealed,concealed,concealed,concealed,concealed,concealed,concealed,concealed,concealed,concealed,concealed
maintenance,true,Maintenance|Fan|Customer,Ops|Packages|Scheduling,technical.oauth-google-drive,mobile,not-available,not-available,not-available,not-available,not-available,not-available,not-available,not-available,not-available,not-available,not-available,not-available,not-available,not-available,not-available,not-available,not-available,not-available
maintenance,true,Maintenance|Fan|Customer,Ops|Packages|Scheduling,technical.oauth-instagram,web,available,concealed,concealed,concealed,concealed,concealed,concealed,concealed,concealed,concealed,concealed,concealed,concealed,concealed,concealed,concealed,concealed,concealed
maintenance,true,Maintenance|Fan|Customer,Ops|Packages|Scheduling,technical.oauth-instagram,mobile,not-available,not-available,not-available,not-available,not-available,not-available,not-available,not-available,not-available,not-available,not-available,not-available,not-available,not-available,not-available,not-available,not-available,not-available
maintenance,true,Maintenance|Fan|Customer,Ops|Packages|Scheduling,technical.payment-return,web,available,concealed,concealed,concealed,concealed,concealed,concealed,concealed,concealed,concealed,concealed,concealed,concealed,concealed,concealed,concealed,concealed,concealed
maintenance,true,Maintenance|Fan|Customer,Ops|Packages|Scheduling,technical.payment-return,mobile,not-available,not-available,not-available,not-available,not-available,not-available,not-available,not-available,not-available,not-available,not-available,not-available,not-available,not-available,not-available,not-available,not-available,not-available
maintenance,true,Maintenance|Fan|Customer,Ops|Packages|Scheduling,technical.whatsapp-return,web,available,concealed,concealed,concealed,concealed,concealed,concealed,concealed,concealed,concealed,concealed,concealed,concealed,concealed,concealed,concealed,concealed,concealed
maintenance,true,Maintenance|Fan|Customer,Ops|Packages|Scheduling,technical.whatsapp-return,mobile,not-available,not-available,not-available,not-available,not-available,not-available,not-available,not-available,not-available,not-available,not-available,not-available,not-available,not-available,not-available,not-available,not-available,not-available
maintenance,true,Maintenance|Fan|Customer,Ops|Packages|Scheduling,technical.inventory-scan,web,available,concealed,concealed,concealed,concealed,concealed,concealed,concealed,concealed,concealed,concealed,concealed,concealed,concealed,concealed,concealed,concealed,concealed
maintenance,true,Maintenance|Fan|Customer,Ops|Packages|Scheduling,technical.inventory-scan,mobile,not-available,not-available,not-available,not-available,not-available,not-available,not-available,not-available,not-available,not-available,not-available,not-available,not-available,not-available,not-available,not-available,not-available,not-available
maintenance,true,Maintenance|Fan|Customer,Ops|Packages|Scheduling,technical.course-public,web,available,allowed,allowed,not-supported,not-supported,not-supported,not-supported,not-supported,not-supported,not-supported,not-supported,not-supported,not-supported,not-supported,not-supported,not-supported,not-supported,not-supported
maintenance,true,Maintenance|Fan|Customer,Ops|Packages|Scheduling,technical.course-public,mobile,web-fallback,allowed,allowed,not-supported,not-supported,not-supported,not-supported,not-supported,not-supported,not-supported,not-supported,not-supported,not-supported,not-supported,not-supported,not-supported,not-supported,not-supported
maintenance,true,Maintenance|Fan|Customer,Ops|Packages|Scheduling,technical.course-registration,web,available,allowed,allowed,not-supported,not-supported,not-supported,not-supported,not-supported,not-supported,not-supported,allowed,not-supported,not-supported,not-supported,not-supported,not-supported,not-supported,not-supported
maintenance,true,Maintenance|Fan|Customer,Ops|Packages|Scheduling,technical.course-registration,mobile,web-fallback,allowed,allowed,not-supported,not-supported,not-supported,not-supported,not-supported,not-supported,not-supported,allowed,not-supported,not-supported,not-supported,not-supported,not-supported,not-supported,not-supported
maintenance,true,Maintenance|Fan|Customer,Ops|Packages|Scheduling,technical.whatsapp-consent-public,web,available,allowed,allowed,not-supported,not-supported,not-supported,not-supported,not-supported,not-supported,not-supported,allowed,not-supported,not-supported,not-supported,not-supported,not-supported,not-supported,not-supported
maintenance,true,Maintenance|Fan|Customer,Ops|Packages|Scheduling,technical.whatsapp-consent-public,mobile,web-fallback,allowed,allowed,not-supported,not-supported,not-supported,not-supported,not-supported,not-supported,not-supported,allowed,not-supported,not-supported,not-supported,not-supported,not-supported,not-supported,not-supported
maintenance,true,Maintenance|Fan|Customer,Ops|Packages|Scheduling,experimental.future-stubs,web,not-available,not-available,not-available,not-available,not-available,not-available,not-available,not-available,not-available,not-available,not-available,not-available,not-available,not-available,not-available,not-available,not-available,not-available
maintenance,true,Maintenance|Fan|Customer,Ops|Packages|Scheduling,experimental.future-stubs,mobile,not-available,not-available,not-available,not-available,not-available,not-available,not-available,not-available,not-available,not-available,not-available,not-available,not-available,not-available,not-available,not-available,not-available,not-available
webmaster,true,Webmaster|Fan|Customer,Admin|CRM|Packages,public.platform,web,available,allowed,allowed,not-supported,not-supported,not-supported,not-supported,not-supported,not-supported,not-supported,not-supported,not-supported,not-supported,not-supported,not-supported,not-supported,not-supported,not-supported
webmaster,true,Webmaster|Fan|Customer,Admin|CRM|Packages,public.platform,mobile,web-fallback,allowed,allowed,not-supported,not-supported,not-supported,not-supported,not-supported,not-supported,not-supported,not-supported,not-supported,not-supported,not-supported,not-supported,not-supported,not-supported,not-supported
webmaster,true,Webmaster|Fan|Customer,Admin|CRM|Packages,home,web,available,allowed,allowed,not-supported,not-supported,not-supported,not-supported,not-supported,not-supported,not-supported,not-supported,not-supported,not-supported,not-supported,not-supported,not-supported,not-supported,not-supported
webmaster,true,Webmaster|Fan|Customer,Admin|CRM|Packages,home,mobile,native,allowed,allowed,not-supported,not-supported,not-supported,not-supported,not-supported,not-supported,not-supported,not-supported,not-supported,not-supported,not-supported,not-supported,not-supported,not-supported,not-supported
webmaster,true,Webmaster|Fan|Customer,Admin|CRM|Packages,community,web,available,allowed,allowed,allowed,allowed,allowed,not-supported,not-supported,not-supported,not-supported,not-supported,not-supported,not-supported,not-supported,not-supported,not-supported,not-supported,not-supported
webmaster,true,Webmaster|Fan|Customer,Admin|CRM|Packages,community,mobile,native,allowed,allowed,allowed,allowed,allowed,not-supported,not-supported,not-supported,not-supported,not-supported,not-supported,not-supported,not-supported,not-supported,not-supported,not-supported,not-supported
webmaster,true,Webmaster|Fan|Customer,Admin|CRM|Packages,community.club,web,available,allowed,allowed,allowed,allowed,allowed,not-supported,not-supported,not-supported,not-supported,not-supported,not-supported,not-supported,not-supported,not-supported,not-supported,not-supported,not-supported
webmaster,true,Webmaster|Fan|Customer,Admin|CRM|Packages,community.club,mobile,not-available,not-available,not-available,not-available,not-available,not-available,not-available,not-available,not-available,not-available,not-available,not-available,not-available,not-available,not-available,not-available,not-available,not-available
webmaster,true,Webmaster|Fan|Customer,Admin|CRM|Packages,community.member,web,available,allowed,allowed,not-supported,not-supported,not-supported,not-supported,not-supported,not-supported,not-supported,not-supported,not-supported,not-supported,not-supported,not-supported,not-supported,not-supported,not-supported
webmaster,true,Webmaster|Fan|Customer,Admin|CRM|Packages,community.member,mobile,web-fallback,allowed,allowed,not-supported,not-supported,not-supported,not-supported,not-supported,not-supported,not-supported,not-supported,not-supported,not-supported,not-supported,not-supported,not-supported,not-supported,not-supported
webmaster,true,Webmaster|Fan|Customer,Admin|CRM|Packages,artist.public,web,available,allowed,allowed,not-supported,not-supported,not-supported,not-supported,not-supported,not-supported,not-supported,not-supported,not-supported,not-supported,not-supported,not-supported,not-supported,not-supported,not-supported
webmaster,true,Webmaster|Fan|Customer,Admin|CRM|Packages,artist.public,mobile,not-available,not-available,not-available,not-available,not-available,not-available,not-available,not-available,not-available,not-available,not-available,not-available,not-available,not-available,not-available,not-available,not-available,not-available
webmaster,true,Webmaster|Fan|Customer,Admin|CRM|Packages,artist.onboarding,web,available,allowed,allowed,concealed,not-supported,not-supported,not-supported,not-supported,not-supported,not-supported,not-supported,not-supported,not-supported,not-supported,not-supported,not-supported,not-supported,not-supported
webmaster,true,Webmaster|Fan|Customer,Admin|CRM|Packages,artist.onboarding,mobile,native,allowed,allowed,concealed,not-supported,not-supported,not-supported,not-supported,not-supported,not-supported,not-supported,not-supported,not-supported,not-supported,not-supported,not-supported,not-supported,not-supported
webmaster,true,Webmaster|Fan|Customer,Admin|CRM|Packages,marketplace,web,available,allowed,allowed,allowed,allowed,allowed,not-supported,not-supported,not-supported,not-supported,not-supported,not-supported,not-supported,not-supported,not-supported,not-supported,not-supported,not-supported
webmaster,true,Webmaster|Fan|Customer,Admin|CRM|Packages,marketplace,mobile,web-fallback,allowed,allowed,allowed,allowed,allowed,not-supported,not-supported,not-supported,not-supported,not-supported,not-supported,not-supported,not-supported,not-supported,not-supported,not-supported,not-supported
webmaster,true,Webmaster|Fan|Customer,Admin|CRM|Packages,marketplace.order-tracking,web,available,allowed,allowed,not-supported,not-supported,not-supported,not-supported,not-supported,not-supported,not-supported,not-supported,not-supported,not-supported,not-supported,not-supported,not-supported,not-supported,not-supported
webmaster,true,Webmaster|Fan|Customer,Admin|CRM|Packages,marketplace.order-tracking,mobile,web-fallback,allowed,allowed,not-supported,not-supported,not-supported,not-supported,not-supported,not-supported,not-supported,not-supported,not-supported,not-supported,not-supported,not-supported,not-supported,not-supported,not-supported
webmaster,true,Webmaster|Fan|Customer,Admin|CRM|Packages,service.mixing-mastering,web,available,allowed,allowed,not-supported,not-supported,not-supported,not-supported,not-supported,not-supported,not-supported,not-supported,not-supported,not-supported,not-supported,not-supported,not-supported,not-supported,not-supported
webmaster,true,Webmaster|Fan|Customer,Admin|CRM|Packages,service.mixing-mastering,mobile,web-fallback,allowed,allowed,not-supported,not-supported,not-supported,not-supported,not-supported,not-supported,not-supported,not-supported,not-supported,not-supported,not-supported,not-supported,not-supported,not-supported,not-supported
webmaster,true,Webmaster|Fan|Customer,Admin|CRM|Packages,bookings.public,web,available,allowed,allowed,allowed,not-supported,not-supported,not-supported,not-supported,not-supported,not-supported,not-supported,not-supported,not-supported,not-supported,not-supported,not-supported,not-supported,not-supported
webmaster,true,Webmaster|Fan|Customer,Admin|CRM|Packages,bookings.public,mobile,native,allowed,allowed,allowed,not-supported,not-supported,not-supported,not-supported,not-supported,not-supported,not-supported,not-supported,not-supported,not-supported,not-supported,not-supported,not-supported,not-supported
webmaster,true,Webmaster|Fan|Customer,Admin|CRM|Packages,bookings.dj-booth,web,available,allowed,allowed,not-supported,not-supported,not-supported,not-supported,not-supported,not-supported,not-supported,not-supported,not-supported,not-supported,not-supported,not-supported,not-supported,not-supported,not-supported
webmaster,true,Webmaster|Fan|Customer,Admin|CRM|Packages,bookings.dj-booth,mobile,native,allowed,allowed,not-supported,not-supported,not-supported,not-supported,not-supported,not-supported,not-supported,not-supported,not-supported,not-supported,not-supported,not-supported,not-supported,not-supported,not-supported
webmaster,true,Webmaster|Fan|Customer,Admin|CRM|Packages,public.trials,web,available,allowed,allowed,allowed,allowed,allowed,not-supported,not-supported,not-supported,not-supported,not-supported,not-supported,not-supported,not-supported,not-supported,not-supported,not-supported,not-supported
webmaster,true,Webmaster|Fan|Customer,Admin|CRM|Packages,public.trials,mobile,web-fallback,allowed,allowed,allowed,allowed,allowed,not-supported,not-supported,not-supported,not-supported,not-supported,not-supported,not-supported,not-supported,not-supported,not-supported,not-supported,not-supported
webmaster,true,Webmaster|Fan|Customer,Admin|CRM|Packages,public.live-session-registration,web,available,allowed,allowed,allowed,not-supported,not-supported,not-supported,not-supported,not-supported,not-supported,not-supported,not-supported,not-supported,not-supported,not-supported,not-supported,not-supported,not-supported
webmaster,true,Webmaster|Fan|Customer,Admin|CRM|Packages,public.live-session-registration,mobile,web-fallback,allowed,allowed,allowed,not-supported,not-supported,not-supported,not-supported,not-supported,not-supported,not-supported,not-supported,not-supported,not-supported,not-supported,not-supported,not-supported,not-supported
webmaster,true,Webmaster|Fan|Customer,Admin|CRM|Packages,public.records,web,available,allowed,allowed,not-supported,not-supported,not-supported,not-supported,not-supported,not-supported,not-supported,not-supported,not-supported,not-supported,not-supported,not-supported,not-supported,not-supported,not-supported
webmaster,true,Webmaster|Fan|Customer,Admin|CRM|Packages,public.records,mobile,web-fallback,allowed,allowed,not-supported,not-supported,not-supported,not-supported,not-supported,not-supported,not-supported,not-supported,not-supported,not-supported,not-supported,not-supported,not-supported,not-supported,not-supported
webmaster,true,Webmaster|Fan|Customer,Admin|CRM|Packages,public.donations,web,available,allowed,allowed,not-supported,not-supported,not-supported,not-supported,not-supported,not-supported,not-supported,not-supported,not-supported,not-supported,not-supported,not-supported,not-supported,not-supported,not-supported
webmaster,true,Webmaster|Fan|Customer,Admin|CRM|Packages,public.donations,mobile,web-fallback,allowed,allowed,not-supported,not-supported,not-supported,not-supported,not-supported,not-supported,not-supported,not-supported,not-supported,not-supported,not-supported,not-supported,not-supported,not-supported,not-supported
webmaster,true,Webmaster|Fan|Customer,Admin|CRM|Packages,public.domo,web,available,allowed,allowed,not-supported,not-supported,not-supported,not-supported,not-supported,not-supported,not-supported,not-supported,not-supported,not-supported,not-supported,not-supported,not-supported,not-supported,not-supported
webmaster,true,Webmaster|Fan|Customer,Admin|CRM|Packages,public.domo,mobile,web-fallback,allowed,allowed,not-supported,not-supported,not-supported,not-supported,not-supported,not-supported,not-supported,not-supported,not-supported,not-supported,not-supported,not-supported,not-supported,not-supported,not-supported
webmaster,true,Webmaster|Fan|Customer,Admin|CRM|Packages,profile.detail,web,available,allowed,allowed,not-supported,not-supported,not-supported,not-supported,not-supported,not-supported,not-supported,not-supported,not-supported,not-supported,not-supported,not-supported,not-supported,not-supported,not-supported
webmaster,true,Webmaster|Fan|Customer,Admin|CRM|Packages,profile.detail,mobile,not-available,not-available,not-available,not-available,not-available,not-available,not-available,not-available,not-available,not-available,not-available,not-available,not-available,not-available,not-available,not-available,not-available,not-available
webmaster,true,Webmaster|Fan|Customer,Admin|CRM|Packages,social,web,available,allowed,allowed,allowed,not-supported,allowed,not-supported,not-supported,not-supported,not-supported,not-supported,not-supported,not-supported,not-supported,not-supported,not-supported,not-supported,not-supported
webmaster,true,Webmaster|Fan|Customer,Admin|CRM|Packages,social,mobile,native,allowed,allowed,allowed,not-supported,allowed,not-supported,not-supported,not-supported,not-supported,not-supported,not-supported,not-supported,not-supported,not-supported,not-supported,not-supported,not-supported
webmaster,true,Webmaster|Fan|Customer,Admin|CRM|Packages,social.instagram,web,available,allowed,allowed,not-supported,not-supported,not-supported,not-supported,not-supported,not-supported,not-supported,not-supported,not-supported,not-supported,not-supported,not-supported,not-supported,not-supported,allowed
webmaster,true,Webmaster|Fan|Customer,Admin|CRM|Packages,social.instagram,mobile,web-fallback,allowed,allowed,not-supported,not-supported,not-supported,not-supported,not-supported,not-supported,not-supported,not-supported,not-supported,not-supported,not-supported,not-supported,not-supported,not-supported,allowed
webmaster,true,Webmaster|Fan|Customer,Admin|CRM|Packages,social.vcard,web,not-available,not-available,not-available,not-available,not-available,not-available,not-available,not-available,not-available,not-available,not-available,not-available,not-available,not-available,not-available,not-available,not-available,not-available
webmaster,true,Webmaster|Fan|Customer,Admin|CRM|Packages,social.vcard,mobile,native,allowed,allowed,allowed,not-supported,not-supported,not-supported,not-supported,not-supported,not-supported,not-supported,not-supported,not-supported,not-supported,not-supported,not-supported,not-supported,not-supported
webmaster,true,Webmaster|Fan|Customer,Admin|CRM|Packages,social.inbox,web,available,allowed,allowed,allowed,not-supported,not-supported,not-supported,not-supported,not-supported,not-supported,not-supported,not-supported,not-supported,not-supported,not-supported,not-supported,not-supported,not-supported
webmaster,true,Webmaster|Fan|Customer,Admin|CRM|Packages,social.inbox,mobile,web-fallback,allowed,allowed,allowed,not-supported,not-supported,not-supported,not-supported,not-supported,not-supported,not-supported,not-supported,not-supported,not-supported,not-supported,not-supported,not-supported,not-supported
webmaster,true,Webmaster|Fan|Customer,Admin|CRM|Packages,social.events,web,available,allowed,allowed,allowed,allowed,allowed,not-supported,not-supported,not-supported,not-supported,not-supported,not-supported,not-supported,not-supported,not-supported,allowed,not-supported,not-supported
webmaster,true,Webmaster|Fan|Customer,Admin|CRM|Packages,social.events,mobile,native,allowed,allowed,allowed,allowed,allowed,not-supported,not-supported,not-supported,not-supported,not-supported,not-supported,not-supported,not-supported,not-supported,allowed,not-supported,not-supported
webmaster,true,Webmaster|Fan|Customer,Admin|CRM|Packages,social.events.create,web,available,allowed,allowed,allowed,not-supported,not-supported,not-supported,not-supported,not-supported,not-supported,not-supported,not-supported,not-supported,not-supported,not-supported,not-supported,not-supported,not-supported
webmaster,true,Webmaster|Fan|Customer,Admin|CRM|Packages,social.events.create,mobile,native,allowed,allowed,allowed,not-supported,not-supported,not-supported,not-supported,not-supported,not-supported,not-supported,not-supported,not-supported,not-supported,not-supported,not-supported,not-supported,not-supported
webmaster,true,Webmaster|Fan|Customer,Admin|CRM|Packages,social.event.detail,web,available,allowed,allowed,not-supported,not-supported,not-supported,not-supported,not-supported,not-supported,not-supported,not-supported,not-supported,not-supported,not-supported,not-supported,not-supported,not-supported,not-supported
webmaster,true,Webmaster|Fan|Customer,Admin|CRM|Packages,social.event.detail,mobile,not-available,not-available,not-available,not-available,not-available,not-available,not-available,not-available,not-available,not-available,not-available,not-available,not-available,not-available,not-available,not-available,not-available,not-available
webmaster,true,Webmaster|Fan|Customer,Admin|CRM|Packages,social.event.logistics,web,available,locked-requestable,locked-requestable,locked-requestable,locked-requestable,locked-requestable,not-supported,not-supported,not-supported,not-supported,not-supported,not-supported,not-supported,not-supported,locked-requestable,not-supported,not-supported,not-supported
webmaster,true,Webmaster|Fan|Customer,Admin|CRM|Packages,social.event.logistics,mobile,not-available,not-available,not-available,not-available,not-available,not-available,not-available,not-available,not-available,not-available,not-available,not-available,not-available,not-available,not-available,not-available,not-available,not-available
webmaster,true,Webmaster|Fan|Customer,Admin|CRM|Packages,social.discovery,web,available,flag-required,flag-required,flag-required,flag-required,flag-required,flag-required,flag-required,flag-required,flag-required,flag-required,flag-required,flag-required,flag-required,flag-required,flag-required,flag-required,flag-required
webmaster,true,Webmaster|Fan|Customer,Admin|CRM|Packages,social.discovery,mobile,native,flag-required,flag-required,flag-required,flag-required,flag-required,flag-required,flag-required,flag-required,flag-required,flag-required,flag-required,flag-required,flag-required,flag-required,flag-required,flag-required,flag-required
webmaster,true,Webmaster|Fan|Customer,Admin|CRM|Packages,chat,web,available,allowed,allowed,allowed,not-supported,not-supported,not-supported,not-supported,not-supported,not-supported,not-supported,not-supported,not-supported,not-supported,not-supported,not-supported,not-supported,not-supported
webmaster,true,Webmaster|Fan|Customer,Admin|CRM|Packages,chat,mobile,web-fallback,allowed,allowed,allowed,not-supported,not-supported,not-supported,not-supported,not-supported,not-supported,not-supported,not-supported,not-supported,not-supported,not-supported,not-supported,not-supported,not-supported
webmaster,true,Webmaster|Fan|Customer,Admin|CRM|Packages,crm.contacts,web,available,allowed,allowed,allowed,allowed,locked-requestable,not-supported,not-supported,not-supported,allowed,not-supported,not-supported,not-supported,not-supported,locked-requestable,not-supported,not-supported,not-supported
webmaster,true,Webmaster|Fan|Customer,Admin|CRM|Packages,crm.contacts,mobile,native,allowed,allowed,allowed,allowed,locked-requestable,not-supported,not-supported,not-supported,allowed,not-supported,not-supported,not-supported,not-supported,locked-requestable,not-supported,not-supported,not-supported
webmaster,true,Webmaster|Fan|Customer,Admin|CRM|Packages,crm.companies,web,available,allowed,allowed,allowed,allowed,not-supported,not-supported,not-supported,not-supported,not-supported,not-supported,not-supported,not-supported,not-supported,not-supported,not-supported,not-supported,not-supported
webmaster,true,Webmaster|Fan|Customer,Admin|CRM|Packages,crm.companies,mobile,native,allowed,allowed,allowed,allowed,not-supported,not-supported,not-supported,not-supported,not-supported,not-supported,not-supported,not-supported,not-supported,not-supported,not-supported,not-supported,not-supported
webmaster,true,Webmaster|Fan|Customer,Admin|CRM|Packages,crm.leads,web,available,allowed,allowed,allowed,allowed,not-supported,not-supported,not-supported,not-supported,not-supported,not-supported,not-supported,not-supported,not-supported,allowed,not-supported,not-supported,not-supported
webmaster,true,Webmaster|Fan|Customer,Admin|CRM|Packages,crm.leads,mobile,web-fallback,allowed,allowed,allowed,allowed,not-supported,not-supported,not-supported,not-supported,not-supported,not-supported,not-supported,not-supported,not-supported,allowed,not-supported,not-supported,not-supported
webmaster,true,Webmaster|Fan|Customer,Admin|CRM|Packages,studio.calendar,web,available,locked-requestable,locked-requestable,locked-requestable,locked-requestable,locked-requestable,not-supported,not-supported,not-supported,not-supported,not-supported,not-supported,not-supported,not-supported,not-supported,not-supported,not-supported,not-supported
webmaster,true,Webmaster|Fan|Customer,Admin|CRM|Packages,studio.calendar,mobile,native,locked-requestable,locked-requestable,locked-requestable,locked-requestable,locked-requestable,not-supported,not-supported,not-supported,not-supported,not-supported,not-supported,not-supported,not-supported,not-supported,not-supported,not-supported,not-supported
webmaster,true,Webmaster|Fan|Customer,Admin|CRM|Packages,studio.rooms,web,available,locked-requestable,locked-requestable,locked-requestable,locked-requestable,not-supported,not-supported,not-supported,not-supported,not-supported,not-supported,not-supported,not-supported,not-supported,not-supported,not-supported,not-supported,not-supported
webmaster,true,Webmaster|Fan|Customer,Admin|CRM|Packages,studio.rooms,mobile,native,locked-requestable,locked-requestable,locked-requestable,locked-requestable,not-supported,not-supported,not-supported,not-supported,not-supported,not-supported,not-supported,not-supported,not-supported,not-supported,not-supported,not-supported,not-supported
webmaster,true,Webmaster|Fan|Customer,Admin|CRM|Packages,studio.orders,web,available,locked-requestable,locked-requestable,locked-requestable,locked-requestable,not-supported,not-supported,not-supported,not-supported,not-supported,not-supported,not-supported,locked-requestable,not-supported,not-supported,not-supported,not-supported,not-supported
webmaster,true,Webmaster|Fan|Customer,Admin|CRM|Packages,studio.orders,mobile,web-fallback,locked-requestable,locked-requestable,locked-requestable,locked-requestable,not-supported,not-supported,not-supported,not-supported,not-supported,not-supported,not-supported,locked-requestable,not-supported,not-supported,not-supported,not-supported,not-supported
webmaster,true,Webmaster|Fan|Customer,Admin|CRM|Packages,studio.services,web,available,locked-requestable,locked-requestable,locked-requestable,locked-requestable,locked-requestable,not-supported,not-supported,not-supported,not-supported,not-supported,not-supported,not-supported,not-supported,not-supported,not-supported,not-supported,not-supported
webmaster,true,Webmaster|Fan|Customer,Admin|CRM|Packages,studio.services,mobile,web-fallback,locked-requestable,locked-requestable,locked-requestable,locked-requestable,locked-requestable,not-supported,not-supported,not-supported,not-supported,not-supported,not-supported,not-supported,not-supported,not-supported,not-supported,not-supported,not-supported
webmaster,true,Webmaster|Fan|Customer,Admin|CRM|Packages,studio.pipelines,web,available,locked-requestable,locked-requestable,locked-requestable,locked-requestable,locked-requestable,not-supported,not-supported,not-supported,not-supported,not-supported,not-supported,not-supported,not-supported,locked-requestable,not-supported,not-supported,not-supported
webmaster,true,Webmaster|Fan|Customer,Admin|CRM|Packages,studio.pipelines,mobile,native,locked-requestable,locked-requestable,locked-requestable,locked-requestable,locked-requestable,not-supported,not-supported,not-supported,not-supported,not-supported,not-supported,not-supported,not-supported,locked-requestable,not-supported,not-supported,not-supported
webmaster,true,Webmaster|Fan|Customer,Admin|CRM|Packages,studio.live-sessions,web,available,locked-requestable,locked-requestable,locked-requestable,locked-requestable,not-supported,not-supported,not-supported,not-supported,not-supported,not-supported,not-supported,not-supported,not-supported,not-supported,not-supported,not-supported,not-supported
webmaster,true,Webmaster|Fan|Customer,Admin|CRM|Packages,studio.live-sessions,mobile,web-fallback,locked-requestable,locked-requestable,locked-requestable,locked-requestable,not-supported,not-supported,not-supported,not-supported,not-supported,not-supported,not-supported,not-supported,not-supported,not-supported,not-supported,not-supported,not-supported
webmaster,true,Webmaster|Fan|Customer,Admin|CRM|Packages,studio.domo-campaign,web,available,locked-requestable,locked-requestable,not-supported,locked-requestable,not-supported,not-supported,not-supported,not-supported,not-supported,not-supported,not-supported,not-supported,not-supported,not-supported,not-supported,not-supported,not-supported
webmaster,true,Webmaster|Fan|Customer,Admin|CRM|Packages,studio.domo-campaign,mobile,web-fallback,locked-requestable,locked-requestable,not-supported,locked-requestable,not-supported,not-supported,not-supported,not-supported,not-supported,not-supported,not-supported,not-supported,not-supported,not-supported,not-supported,not-supported,not-supported
webmaster,true,Webmaster|Fan|Customer,Admin|CRM|Packages,studio.reports,web,available,locked-requestable,locked-requestable,not-supported,not-supported,not-supported,not-supported,not-supported,not-supported,locked-requestable,not-supported,not-supported,not-supported,not-supported,not-supported,not-supported,locked-requestable,not-supported
webmaster,true,Webmaster|Fan|Customer,Admin|CRM|Packages,studio.reports,mobile,web-fallback,locked-requestable,locked-requestable,not-supported,not-supported,not-supported,not-supported,not-supported,not-supported,locked-requestable,not-supported,not-supported,not-supported,not-supported,not-supported,not-supported,locked-requestable,not-supported
webmaster,true,Webmaster|Fan|Customer,Admin|CRM|Packages,school.teacher-portal,web,available,locked-requestable,locked-requestable,locked-requestable,locked-requestable,locked-requestable,not-supported,not-supported,not-supported,not-supported,not-supported,not-supported,not-supported,not-supported,not-supported,not-supported,not-supported,not-supported
webmaster,true,Webmaster|Fan|Customer,Admin|CRM|Packages,school.teacher-portal,mobile,web-fallback,locked-requestable,locked-requestable,locked-requestable,locked-requestable,locked-requestable,not-supported,not-supported,not-supported,not-supported,not-supported,not-supported,not-supported,not-supported,not-supported,not-supported,not-supported,not-supported
webmaster,true,Webmaster|Fan|Customer,Admin|CRM|Packages,school.teachers,web,available,locked-requestable,locked-requestable,locked-requestable,locked-requestable,not-supported,not-supported,not-supported,not-supported,not-supported,not-supported,not-supported,not-supported,not-supported,not-supported,not-supported,not-supported,not-supported
webmaster,true,Webmaster|Fan|Customer,Admin|CRM|Packages,school.teachers,mobile,web-fallback,locked-requestable,locked-requestable,locked-requestable,locked-requestable,not-supported,not-supported,not-supported,not-supported,not-supported,not-supported,not-supported,not-supported,not-supported,not-supported,not-supported,not-supported,not-supported
webmaster,true,Webmaster|Fan|Customer,Admin|CRM|Packages,school.classes,web,available,locked-requestable,locked-requestable,locked-requestable,locked-requestable,not-supported,not-supported,not-supported,not-supported,not-supported,not-supported,not-supported,not-supported,not-supported,not-supported,not-supported,not-supported,not-supported
webmaster,true,Webmaster|Fan|Customer,Admin|CRM|Packages,school.classes,mobile,web-fallback,locked-requestable,locked-requestable,locked-requestable,locked-requestable,not-supported,not-supported,not-supported,not-supported,not-supported,not-supported,not-supported,not-supported,not-supported,not-supported,not-supported,not-supported,not-supported
webmaster,true,Webmaster|Fan|Customer,Admin|CRM|Packages,school.trial-lessons,web,available,locked-requestable,locked-requestable,locked-requestable,not-supported,not-supported,not-supported,not-supported,not-supported,not-supported,not-supported,not-supported,not-supported,not-supported,locked-requestable,not-supported,not-supported,not-supported
webmaster,true,Webmaster|Fan|Customer,Admin|CRM|Packages,school.trial-lessons,mobile,web-fallback,locked-requestable,locked-requestable,locked-requestable,not-supported,not-supported,not-supported,not-supported,not-supported,not-supported,not-supported,not-supported,not-supported,not-supported,locked-requestable,not-supported,not-supported,not-supported
webmaster,true,Webmaster|Fan|Customer,Admin|CRM|Packages,school.trial-queue,web,available,locked-requestable,locked-requestable,not-supported,not-supported,not-supported,not-supported,not-supported,not-supported,not-supported,not-supported,not-supported,not-supported,not-supported,locked-requestable,not-supported,not-supported,not-supported
webmaster,true,Webmaster|Fan|Customer,Admin|CRM|Packages,school.trial-queue,mobile,web-fallback,locked-requestable,locked-requestable,not-supported,not-supported,not-supported,not-supported,not-supported,not-supported,not-supported,not-supported,not-supported,not-supported,not-supported,locked-requestable,not-supported,not-supported,not-supported
webmaster,true,Webmaster|Fan|Customer,Admin|CRM|Packages,internships,web,available,locked-requestable,locked-requestable,locked-requestable,locked-requestable,locked-requestable,not-supported,not-supported,not-supported,not-supported,not-supported,not-supported,locked-requestable,not-supported,not-supported,not-supported,not-supported,not-supported
webmaster,true,Webmaster|Fan|Customer,Admin|CRM|Packages,internships,mobile,web-fallback,locked-requestable,locked-requestable,locked-requestable,locked-requestable,locked-requestable,not-supported,not-supported,not-supported,not-supported,not-supported,not-supported,locked-requestable,not-supported,not-supported,not-supported,not-supported,not-supported
webmaster,true,Webmaster|Fan|Customer,Admin|CRM|Packages,label.artists,web,available,allowed,allowed,locked-requestable,locked-requestable,locked-requestable,not-supported,not-supported,not-supported,not-supported,not-supported,not-supported,not-supported,not-supported,not-supported,not-supported,locked-requestable,not-supported
webmaster,true,Webmaster|Fan|Customer,Admin|CRM|Packages,label.artists,mobile,native,allowed,allowed,locked-requestable,locked-requestable,locked-requestable,not-supported,not-supported,not-supported,not-supported,not-supported,not-supported,not-supported,not-supported,not-supported,not-supported,locked-requestable,not-supported
webmaster,true,Webmaster|Fan|Customer,Admin|CRM|Packages,label.projects,web,available,allowed,allowed,allowed,allowed,not-supported,not-supported,not-supported,not-supported,not-supported,not-supported,not-supported,not-supported,not-supported,allowed,not-supported,not-supported,not-supported
webmaster,true,Webmaster|Fan|Customer,Admin|CRM|Packages,label.projects,mobile,web-fallback,allowed,allowed,allowed,allowed,not-supported,not-supported,not-supported,not-supported,not-supported,not-supported,not-supported,not-supported,not-supported,allowed,not-supported,not-supported,not-supported
webmaster,true,Webmaster|Fan|Customer,Admin|CRM|Packages,label.releases,web,available,locked-requestable,locked-requestable,locked-requestable,locked-requestable,locked-requestable,not-supported,not-supported,not-supported,locked-requestable,not-supported,not-supported,not-supported,not-supported,not-supported,locked-requestable,not-supported,not-supported
webmaster,true,Webmaster|Fan|Customer,Admin|CRM|Packages,label.releases,mobile,web-fallback,locked-requestable,locked-requestable,locked-requestable,locked-requestable,locked-requestable,not-supported,not-supported,not-supported,locked-requestable,not-supported,not-supported,not-supported,not-supported,not-supported,locked-requestable,not-supported,not-supported
webmaster,true,Webmaster|Fan|Customer,Admin|CRM|Packages,label.assets,web,available,locked-requestable,locked-requestable,locked-requestable,locked-requestable,locked-requestable,not-supported,not-supported,not-supported,not-supported,not-supported,not-supported,not-supported,not-supported,not-supported,not-supported,not-supported,not-supported
webmaster,true,Webmaster|Fan|Customer,Admin|CRM|Packages,label.assets,mobile,web-fallback,locked-requestable,locked-requestable,locked-requestable,locked-requestable,locked-requestable,not-supported,not-supported,not-supported,not-supported,not-supported,not-supported,not-supported,not-supported,not-supported,not-supported,not-supported,not-supported
webmaster,true,Webmaster|Fan|Customer,Admin|CRM|Packages,label.tracks,web,available,locked-requestable,locked-requestable,locked-requestable,locked-requestable,locked-requestable,not-supported,not-supported,not-supported,not-supported,not-supported,not-supported,not-supported,not-supported,not-supported,not-supported,not-supported,not-supported
webmaster,true,Webmaster|Fan|Customer,Admin|CRM|Packages,label.tracks,mobile,web-fallback,locked-requestable,locked-requestable,locked-requestable,locked-requestable,locked-requestable,not-supported,not-supported,not-supported,not-supported,not-supported,not-supported,not-supported,not-supported,not-supported,not-supported,not-supported,not-supported
webmaster,true,Webmaster|Fan|Customer,Admin|CRM|Packages,label.ddex.inbox,web,available,locked-requestable,locked-requestable,not-supported,not-supported,not-supported,not-supported,not-supported,locked-requestable,locked-requestable,not-supported,locked-requestable,not-supported,not-supported,not-supported,not-supported,not-supported,not-supported
webmaster,true,Webmaster|Fan|Customer,Admin|CRM|Packages,label.ddex.inbox,mobile,native,locked-requestable,locked-requestable,not-supported,not-supported,not-supported,not-supported,not-supported,locked-requestable,locked-requestable,not-supported,locked-requestable,not-supported,not-supported,not-supported,not-supported,not-supported,not-supported
webmaster,true,Webmaster|Fan|Customer,Admin|CRM|Packages,label.ddex.document,web,available,locked-requestable,locked-requestable,not-supported,not-supported,not-supported,not-supported,not-supported,not-supported,not-supported,not-supported,locked-requestable,not-supported,not-supported,not-supported,not-supported,not-supported,not-supported
webmaster,true,Webmaster|Fan|Customer,Admin|CRM|Packages,label.ddex.document,mobile,not-available,not-available,not-available,not-available,not-available,not-available,not-available,not-available,not-available,not-available,not-available,not-available,not-available,not-available,not-available,not-available,not-available,not-available
webmaster,true,Webmaster|Fan|Customer,Admin|CRM|Packages,label.ddex.import,web,available,concealed,concealed,concealed,concealed,concealed,concealed,concealed,concealed,concealed,concealed,concealed,concealed,concealed,concealed,concealed,concealed,concealed
webmaster,true,Webmaster|Fan|Customer,Admin|CRM|Packages,label.ddex.import,mobile,not-available,not-available,not-available,not-available,not-available,not-available,not-available,not-available,not-available,not-available,not-available,not-available,not-available,not-available,not-available,not-available,not-available,not-available
webmaster,true,Webmaster|Fan|Customer,Admin|CRM|Packages,label.ddex.partners,web,available,locked-requestable,locked-requestable,locked-requestable,locked-requestable,locked-requestable,not-supported,not-supported,not-supported,not-supported,not-supported,not-supported,not-supported,not-supported,not-supported,not-supported,not-supported,locked-requestable
webmaster,true,Webmaster|Fan|Customer,Admin|CRM|Packages,label.ddex.partners,mobile,native,locked-requestable,locked-requestable,locked-requestable,locked-requestable,locked-requestable,not-supported,not-supported,not-supported,not-supported,not-supported,not-supported,not-supported,not-supported,not-supported,not-supported,not-supported,locked-requestable
webmaster,true,Webmaster|Fan|Customer,Admin|CRM|Packages,operations.inventory,web,available,allowed,allowed,allowed,allowed,locked-requestable,not-supported,not-supported,not-supported,not-supported,not-supported,not-supported,not-supported,not-supported,allowed,not-supported,allowed,not-supported
webmaster,true,Webmaster|Fan|Customer,Admin|CRM|Packages,operations.inventory,mobile,native,allowed,allowed,allowed,allowed,locked-requestable,not-supported,not-supported,not-supported,not-supported,not-supported,not-supported,not-supported,not-supported,allowed,not-supported,allowed,not-supported
webmaster,true,Webmaster|Fan|Customer,Admin|CRM|Packages,operations.marketplace-orders,web,available,allowed,allowed,locked-requestable,allowed,locked-requestable,not-supported,not-supported,not-supported,allowed,not-supported,not-supported,locked-requestable,not-supported,not-supported,not-supported,not-supported,not-supported
webmaster,true,Webmaster|Fan|Customer,Admin|CRM|Packages,operations.marketplace-orders,mobile,web-fallback,allowed,allowed,locked-requestable,allowed,locked-requestable,not-supported,not-supported,not-supported,allowed,not-supported,not-supported,locked-requestable,not-supported,not-supported,not-supported,not-supported,not-supported
webmaster,true,Webmaster|Fan|Customer,Admin|CRM|Packages,operations.equipment-bookings,web,available,allowed,allowed,allowed,allowed,not-supported,not-supported,not-supported,not-supported,not-supported,not-supported,not-supported,not-supported,not-supported,not-supported,not-supported,not-supported,not-supported
webmaster,true,Webmaster|Fan|Customer,Admin|CRM|Packages,operations.equipment-bookings,mobile,native,allowed,allowed,allowed,allowed,not-supported,not-supported,not-supported,not-supported,not-supported,not-supported,not-supported,not-supported,not-supported,not-supported,not-supported,not-supported,not-supported
webmaster,true,Webmaster|Fan|Customer,Admin|CRM|Packages,finance.payments,web,available,locked-requestable,locked-requestable,locked-requestable,locked-requestable,not-supported,not-supported,not-supported,not-supported,locked-requestable,not-supported,not-supported,not-supported,not-supported,not-supported,not-supported,locked-requestable,not-supported
webmaster,true,Webmaster|Fan|Customer,Admin|CRM|Packages,finance.payments,mobile,web-fallback,locked-requestable,locked-requestable,locked-requestable,locked-requestable,not-supported,not-supported,not-supported,not-supported,locked-requestable,not-supported,not-supported,not-supported,not-supported,not-supported,not-supported,locked-requestable,not-supported
webmaster,true,Webmaster|Fan|Customer,Admin|CRM|Packages,finance.account-report-builder,web,available,locked-requestable,locked-requestable,not-supported,not-supported,not-supported,not-supported,not-supported,not-supported,locked-requestable,not-supported,not-supported,not-supported,not-supported,not-supported,not-supported,locked-requestable,not-supported
webmaster,true,Webmaster|Fan|Customer,Admin|CRM|Packages,finance.account-report-builder,mobile,web-fallback,locked-requestable,locked-requestable,not-supported,not-supported,not-supported,not-supported,not-supported,not-supported,locked-requestable,not-supported,not-supported,not-supported,not-supported,not-supported,not-supported,locked-requestable,not-supported
webmaster,true,Webmaster|Fan|Customer,Admin|CRM|Packages,finance.esteban-report,web,available,locked-requestable,locked-requestable,not-supported,not-supported,not-supported,not-supported,not-supported,not-supported,locked-requestable,not-supported,not-supported,not-supported,not-supported,not-supported,not-supported,locked-requestable,not-supported
webmaster,true,Webmaster|Fan|Customer,Admin|CRM|Packages,finance.esteban-report,mobile,web-fallback,locked-requestable,locked-requestable,not-supported,not-supported,not-supported,not-supported,not-supported,not-supported,locked-requestable,not-supported,not-supported,not-supported,not-supported,not-supported,not-supported,locked-requestable,not-supported
webmaster,true,Webmaster|Fan|Customer,Admin|CRM|Packages,finance.david-report,web,available,locked-requestable,locked-requestable,not-supported,not-supported,not-supported,not-supported,not-supported,not-supported,locked-requestable,not-supported,not-supported,not-supported,not-supported,not-supported,not-supported,locked-requestable,not-supported
webmaster,true,Webmaster|Fan|Customer,Admin|CRM|Packages,finance.david-report,mobile,web-fallback,locked-requestable,locked-requestable,not-supported,not-supported,not-supported,not-supported,not-supported,not-supported,locked-requestable,not-supported,not-supported,not-supported,not-supported,not-supported,not-supported,locked-requestable,not-supported
webmaster,true,Webmaster|Fan|Customer,Admin|CRM|Packages,admin.course-registrations,web,available,allowed,allowed,allowed,allowed,allowed,not-supported,not-supported,not-supported,allowed,not-supported,not-supported,allowed,not-supported,not-supported,not-supported,not-supported,not-supported
webmaster,true,Webmaster|Fan|Customer,Admin|CRM|Packages,admin.course-registrations,mobile,web-fallback,allowed,allowed,allowed,allowed,allowed,not-supported,not-supported,not-supported,allowed,not-supported,not-supported,allowed,not-supported,not-supported,not-supported,not-supported,not-supported
webmaster,true,Webmaster|Fan|Customer,Admin|CRM|Packages,admin.courses,web,available,allowed,allowed,allowed,allowed,not-supported,not-supported,not-supported,not-supported,not-supported,not-supported,not-supported,not-supported,not-supported,not-supported,allowed,not-supported,not-supported
webmaster,true,Webmaster|Fan|Customer,Admin|CRM|Packages,admin.courses,mobile,web-fallback,allowed,allowed,allowed,allowed,not-supported,not-supported,not-supported,not-supported,not-supported,not-supported,not-supported,not-supported,not-supported,not-supported,allowed,not-supported,not-supported
webmaster,true,Webmaster|Fan|Customer,Admin|CRM|Packages,admin.users,web,available,concealed,concealed,concealed,concealed,concealed,not-supported,concealed,not-supported,not-supported,not-supported,not-supported,not-supported,not-supported,not-supported,not-supported,not-supported,concealed
webmaster,true,Webmaster|Fan|Customer,Admin|CRM|Packages,admin.users,mobile,not-available,not-available,not-available,not-available,not-available,not-available,not-available,not-available,not-available,not-available,not-available,not-available,not-available,not-available,not-available,not-available,not-available,not-available
webmaster,true,Webmaster|Fan|Customer,Admin|CRM|Packages,admin.roles,web,available,concealed,concealed,not-supported,concealed,not-supported,not-supported,not-supported,not-supported,not-supported,not-supported,not-supported,not-supported,not-supported,not-supported,not-supported,not-supported,concealed
webmaster,true,Webmaster|Fan|Customer,Admin|CRM|Packages,admin.roles,mobile,not-available,not-available,not-available,not-available,not-available,not-available,not-available,not-available,not-available,not-available,not-available,not-available,not-available,not-available,not-available,not-available,not-available,not-available
webmaster,true,Webmaster|Fan|Customer,Admin|CRM|Packages,admin.system-status,web,available,allowed,allowed,not-supported,not-supported,not-supported,not-supported,not-supported,not-supported,not-supported,not-supported,not-supported,not-supported,not-supported,not-supported,not-supported,not-supported,not-supported
webmaster,true,Webmaster|Fan|Customer,Admin|CRM|Packages,admin.system-status,mobile,web-fallback,allowed,allowed,not-supported,not-supported,not-supported,not-supported,not-supported,not-supported,not-supported,not-supported,not-supported,not-supported,not-supported,not-supported,not-supported,not-supported,not-supported
webmaster,true,Webmaster|Fan|Customer,Admin|CRM|Packages,admin.activity,web,available,allowed,allowed,not-supported,not-supported,not-supported,not-supported,not-supported,not-supported,allowed,not-supported,not-supported,not-supported,not-supported,not-supported,not-supported,not-supported,not-supported
webmaster,true,Webmaster|Fan|Customer,Admin|CRM|Packages,admin.activity,mobile,web-fallback,allowed,allowed,not-supported,not-supported,not-supported,not-supported,not-supported,not-supported,allowed,not-supported,not-supported,not-supported,not-supported,not-supported,not-supported,not-supported,not-supported
webmaster,true,Webmaster|Fan|Customer,Admin|CRM|Packages,admin.logs,web,available,allowed,allowed,not-supported,not-supported,locked-requestable,not-supported,not-supported,not-supported,not-supported,not-supported,not-supported,not-supported,not-supported,not-supported,not-supported,not-supported,not-supported
webmaster,true,Webmaster|Fan|Customer,Admin|CRM|Packages,admin.logs,mobile,web-fallback,allowed,allowed,not-supported,not-supported,locked-requestable,not-supported,not-supported,not-supported,not-supported,not-supported,not-supported,not-supported,not-supported,not-supported,not-supported,not-supported,not-supported
webmaster,true,Webmaster|Fan|Customer,Admin|CRM|Packages,admin.diagnostics,web,available,allowed,allowed,not-supported,not-supported,not-supported,not-supported,not-supported,not-supported,not-supported,not-supported,not-supported,not-supported,not-supported,not-supported,not-supported,not-supported,locked-requestable
webmaster,true,Webmaster|Fan|Customer,Admin|CRM|Packages,admin.diagnostics,mobile,web-fallback,allowed,allowed,not-supported,not-supported,not-supported,not-supported,not-supported,not-supported,not-supported,not-supported,not-supported,not-supported,not-supported,not-supported,not-supported,not-supported,locked-requestable
webmaster,true,Webmaster|Fan|Customer,Admin|CRM|Packages,admin.brain,web,available,allowed,allowed,allowed,allowed,not-supported,not-supported,not-supported,not-supported,not-supported,not-supported,not-supported,not-supported,not-supported,not-supported,not-supported,not-supported,locked-requestable
webmaster,true,Webmaster|Fan|Customer,Admin|CRM|Packages,admin.brain,mobile,web-fallback,allowed,allowed,allowed,allowed,not-supported,not-supported,not-supported,not-supported,not-supported,not-supported,not-supported,not-supported,not-supported,not-supported,not-supported,not-supported,locked-requestable
webmaster,true,Webmaster|Fan|Customer,Admin|CRM|Packages,admin.calendar-integration,web,available,concealed,concealed,not-supported,not-supported,not-supported,not-supported,not-supported,not-supported,not-supported,not-supported,not-supported,not-supported,not-supported,not-supported,not-supported,not-supported,concealed
webmaster,true,Webmaster|Fan|Customer,Admin|CRM|Packages,admin.calendar-integration,mobile,not-available,not-available,not-available,not-available,not-available,not-available,not-available,not-available,not-available,not-available,not-available,not-available,not-available,not-available,not-available,not-available,not-available,not-available
webmaster,true,Webmaster|Fan|Customer,Admin|CRM|Packages,admin.cms,web,available,allowed,allowed,allowed,allowed,allowed,not-supported,not-supported,not-supported,not-supported,not-supported,not-supported,not-supported,not-supported,not-supported,allowed,not-supported,not-supported
webmaster,true,Webmaster|Fan|Customer,Admin|CRM|Packages,admin.cms,mobile,web-fallback,allowed,allowed,allowed,allowed,allowed,not-supported,not-supported,not-supported,not-supported,not-supported,not-supported,not-supported,not-supported,not-supported,allowed,not-supported,not-supported
webmaster,true,Webmaster|Fan|Customer,Admin|CRM|Packages,admin.campaign-automations,web,available,allowed,allowed,allowed,allowed,not-supported,not-supported,not-supported,not-supported,not-supported,not-supported,not-supported,not-supported,not-supported,not-supported,allowed,not-supported,not-supported
webmaster,true,Webmaster|Fan|Customer,Admin|CRM|Packages,admin.campaign-automations,mobile,web-fallback,allowed,allowed,allowed,allowed,not-supported,not-supported,not-supported,not-supported,not-supported,not-supported,not-supported,not-supported,not-supported,not-supported,allowed,not-supported,not-supported
webmaster,true,Webmaster|Fan|Customer,Admin|CRM|Packages,admin.event-sources,web,available,flag-required,flag-required,flag-required,flag-required,flag-required,flag-required,flag-required,flag-required,flag-required,flag-required,flag-required,flag-required,flag-required,flag-required,flag-required,flag-required,flag-required
webmaster,true,Webmaster|Fan|Customer,Admin|CRM|Packages,admin.event-sources,mobile,not-available,not-available,not-available,not-available,not-available,not-available,not-available,not-available,not-available,not-available,not-available,not-available,not-available,not-available,not-available,not-available,not-available,not-available
webmaster,true,Webmaster|Fan|Customer,Admin|CRM|Packages,admin.whatsapp-consent,web,available,concealed,concealed,not-supported,not-supported,not-supported,not-supported,not-supported,not-supported,not-supported,not-supported,not-supported,not-supported,not-supported,not-supported,not-supported,not-supported,concealed
webmaster,true,Webmaster|Fan|Customer,Admin|CRM|Packages,admin.whatsapp-consent,mobile,not-available,not-available,not-available,not-available,not-available,not-available,not-available,not-available,not-available,not-available,not-available,not-available,not-available,not-available,not-available,not-available,not-available,not-available
webmaster,true,Webmaster|Fan|Customer,Admin|CRM|Packages,admin.ux-options,web,available,allowed,allowed,allowed,allowed,not-supported,not-supported,not-supported,not-supported,not-supported,not-supported,not-supported,not-supported,not-supported,not-supported,not-supported,not-supported,not-supported
webmaster,true,Webmaster|Fan|Customer,Admin|CRM|Packages,admin.ux-options,mobile,web-fallback,allowed,allowed,allowed,allowed,not-supported,not-supported,not-supported,not-supported,not-supported,not-supported,not-supported,not-supported,not-supported,not-supported,not-supported,not-supported,not-supported
webmaster,true,Webmaster|Fan|Customer,Admin|CRM|Packages,admin.preferences,web,available,allowed,allowed,not-supported,allowed,not-supported,not-supported,not-supported,not-supported,not-supported,not-supported,not-supported,not-supported,not-supported,not-supported,not-supported,not-supported,not-supported
webmaster,true,Webmaster|Fan|Customer,Admin|CRM|Packages,admin.preferences,mobile,web-fallback,allowed,allowed,not-supported,allowed,not-supported,not-supported,not-supported,not-supported,not-supported,not-supported,not-supported,not-supported,not-supported,not-supported,not-supported,not-supported,not-supported
webmaster,true,Webmaster|Fan|Customer,Admin|CRM|Packages,tools.chatkit,web,available,allowed,allowed,allowed,not-supported,not-supported,not-supported,not-supported,not-supported,not-supported,not-supported,not-supported,not-supported,not-supported,not-supported,not-supported,not-supported,not-supported
webmaster,true,Webmaster|Fan|Customer,Admin|CRM|Packages,tools.chatkit,mobile,web-fallback,allowed,allowed,allowed,not-supported,not-supported,not-supported,not-supported,not-supported,not-supported,not-supported,not-supported,not-supported,not-supported,not-supported,not-supported,not-supported,not-supported
webmaster,true,Webmaster|Fan|Customer,Admin|CRM|Packages,tools.tidal-agent,web,available,allowed,allowed,allowed,not-supported,not-supported,not-supported,not-supported,not-supported,not-supported,not-supported,not-supported,not-supported,not-supported,not-supported,not-supported,not-supported,not-supported
webmaster,true,Webmaster|Fan|Customer,Admin|CRM|Packages,tools.tidal-agent,mobile,web-fallback,allowed,allowed,allowed,not-supported,not-supported,not-supported,not-supported,not-supported,not-supported,not-supported,not-supported,not-supported,not-supported,not-supported,not-supported,not-supported,not-supported
webmaster,true,Webmaster|Fan|Customer,Admin|CRM|Packages,tools.music-maker,web,available,allowed,allowed,not-supported,not-supported,not-supported,not-supported,not-supported,not-supported,not-supported,not-supported,not-supported,not-supported,not-supported,not-supported,not-supported,not-supported,not-supported
webmaster,true,Webmaster|Fan|Customer,Admin|CRM|Packages,tools.music-maker,mobile,web-fallback,allowed,allowed,not-supported,not-supported,not-supported,not-supported,not-supported,not-supported,not-supported,not-supported,not-supported,not-supported,not-supported,not-supported,not-supported,not-supported,not-supported
webmaster,true,Webmaster|Fan|Customer,Admin|CRM|Packages,tools.admin-token,web,available,concealed,concealed,not-supported,not-supported,not-supported,not-supported,not-supported,not-supported,not-supported,not-supported,not-supported,not-supported,not-supported,not-supported,not-supported,not-supported,concealed
webmaster,true,Webmaster|Fan|Customer,Admin|CRM|Packages,tools.admin-token,mobile,not-available,not-available,not-available,not-available,not-available,not-available,not-available,not-available,not-available,not-available,not-available,not-available,not-available,not-available,not-available,not-available,not-available,not-available
webmaster,true,Webmaster|Fan|Customer,Admin|CRM|Packages,help.manual,web,available,allowed,allowed,not-supported,not-supported,not-supported,not-supported,not-supported,not-supported,not-supported,not-supported,not-supported,not-supported,not-supported,not-supported,not-supported,not-supported,not-supported
webmaster,true,Webmaster|Fan|Customer,Admin|CRM|Packages,help.manual,mobile,native,allowed,allowed,not-supported,not-supported,not-supported,not-supported,not-supported,not-supported,not-supported,not-supported,not-supported,not-supported,not-supported,not-supported,not-supported,not-supported,not-supported
webmaster,true,Webmaster|Fan|Customer,Admin|CRM|Packages,help.docs,web,available,allowed,allowed,not-supported,not-supported,not-supported,not-supported,not-supported,not-supported,not-supported,not-supported,not-supported,not-supported,not-supported,not-supported,not-supported,not-supported,not-supported
webmaster,true,Webmaster|Fan|Customer,Admin|CRM|Packages,help.docs,mobile,native,allowed,allowed,not-supported,not-supported,not-supported,not-supported,not-supported,not-supported,not-supported,not-supported,not-supported,not-supported,not-supported,not-supported,not-supported,not-supported,not-supported
webmaster,true,Webmaster|Fan|Customer,Admin|CRM|Packages,help.about,web,available,allowed,allowed,not-supported,not-supported,not-supported,not-supported,not-supported,not-supported,not-supported,not-supported,not-supported,not-supported,not-supported,not-supported,not-supported,not-supported,not-supported
webmaster,true,Webmaster|Fan|Customer,Admin|CRM|Packages,help.about,mobile,native,allowed,allowed,not-supported,not-supported,not-supported,not-supported,not-supported,not-supported,not-supported,not-supported,not-supported,not-supported,not-supported,not-supported,not-supported,not-supported,not-supported
webmaster,true,Webmaster|Fan|Customer,Admin|CRM|Packages,help.security,web,available,allowed,allowed,not-supported,not-supported,not-supported,not-supported,not-supported,not-supported,not-supported,not-supported,not-supported,not-supported,not-supported,not-supported,not-supported,not-supported,not-supported
webmaster,true,Webmaster|Fan|Customer,Admin|CRM|Packages,help.security,mobile,native,allowed,allowed,not-supported,not-supported,not-supported,not-supported,not-supported,not-supported,not-supported,not-supported,not-supported,not-supported,not-supported,not-supported,not-supported,not-supported,not-supported
webmaster,true,Webmaster|Fan|Customer,Admin|CRM|Packages,help.feedback,web,available,allowed,allowed,allowed,not-supported,not-supported,not-supported,not-supported,not-supported,not-supported,not-supported,not-supported,not-supported,not-supported,not-supported,not-supported,not-supported,not-supported
webmaster,true,Webmaster|Fan|Customer,Admin|CRM|Packages,help.feedback,mobile,native,allowed,allowed,allowed,not-supported,not-supported,not-supported,not-supported,not-supported,not-supported,not-supported,not-supported,not-supported,not-supported,not-supported,not-supported,not-supported,not-supported
webmaster,true,Webmaster|Fan|Customer,Admin|CRM|Packages,navigation.quick-create,web,not-available,not-available,not-available,not-available,not-available,not-available,not-available,not-available,not-available,not-available,not-available,not-available,not-available,not-available,not-available,not-available,not-available,not-available
webmaster,true,Webmaster|Fan|Customer,Admin|CRM|Packages,navigation.quick-create,mobile,native,allowed,allowed,not-supported,not-supported,not-supported,not-supported,not-supported,not-supported,not-supported,not-supported,not-supported,not-supported,not-supported,not-supported,not-supported,not-supported,not-supported
webmaster,true,Webmaster|Fan|Customer,Admin|CRM|Packages,navigation.explore,web,not-available,not-available,not-available,not-available,not-available,not-available,not-available,not-available,not-available,not-available,not-available,not-available,not-available,not-available,not-available,not-available,not-available,not-available
webmaster,true,Webmaster|Fan|Customer,Admin|CRM|Packages,navigation.explore,mobile,native,allowed,allowed,not-supported,allowed,allowed,not-supported,not-supported,not-supported,not-supported,not-supported,not-supported,not-supported,not-supported,not-supported,not-supported,not-supported,not-supported
webmaster,true,Webmaster|Fan|Customer,Admin|CRM|Packages,profile.self,web,not-available,not-available,not-available,not-available,not-available,not-available,not-available,not-available,not-available,not-available,not-available,not-available,not-available,not-available,not-available,not-available,not-available,not-available
webmaster,true,Webmaster|Fan|Customer,Admin|CRM|Packages,profile.self,mobile,native,allowed,allowed,not-supported,allowed,not-supported,not-supported,not-supported,not-supported,not-supported,not-supported,not-supported,not-supported,not-supported,not-supported,not-supported,not-supported,not-supported
webmaster,true,Webmaster|Fan|Customer,Admin|CRM|Packages,social.venues,web,not-available,not-available,not-available,not-available,not-available,not-available,not-available,not-available,not-available,not-available,not-available,not-available,not-available,not-available,not-available,not-available,not-available,not-available
webmaster,true,Webmaster|Fan|Customer,Admin|CRM|Packages,social.venues,mobile,native,allowed,allowed,locked-requestable,locked-requestable,not-supported,not-supported,not-supported,not-supported,not-supported,not-supported,not-supported,not-supported,not-supported,not-supported,not-supported,not-supported,not-supported
webmaster,true,Webmaster|Fan|Customer,Admin|CRM|Packages,social.venue.detail,web,not-available,not-available,not-available,not-available,not-available,not-available,not-available,not-available,not-available,not-available,not-available,not-available,not-available,not-available,not-available,not-available,not-available,not-available
webmaster,true,Webmaster|Fan|Customer,Admin|CRM|Packages,social.venue.detail,mobile,not-available,not-available,not-available,not-available,not-available,not-available,not-available,not-available,not-available,not-available,not-available,not-available,not-available,not-available,not-available,not-available,not-available,not-available
webmaster,true,Webmaster|Fan|Customer,Admin|CRM|Packages,social.venue.create,web,not-available,not-available,not-available,not-available,not-available,not-available,not-available,not-available,not-available,not-available,not-available,not-available,not-available,not-available,not-available,not-available,not-available,not-available
webmaster,true,Webmaster|Fan|Customer,Admin|CRM|Packages,social.venue.create,mobile,not-available,not-available,not-available,not-available,not-available,not-available,not-available,not-available,not-available,not-available,not-available,not-available,not-available,not-available,not-available,not-available,not-available,not-available
webmaster,true,Webmaster|Fan|Customer,Admin|CRM|Packages,artist.profile.edit,web,not-available,not-available,not-available,not-available,not-available,not-available,not-available,not-available,not-available,not-available,not-available,not-available,not-available,not-available,not-available,not-available,not-available,not-available
webmaster,true,Webmaster|Fan|Customer,Admin|CRM|Packages,artist.profile.edit,mobile,not-available,not-available,not-available,not-available,not-available,not-available,not-available,not-available,not-available,not-available,not-available,not-available,not-available,not-available,not-available,not-available,not-available,not-available
webmaster,true,Webmaster|Fan|Customer,Admin|CRM|Packages,studio.session.input-list,web,not-available,not-available,not-available,not-available,not-available,not-available,not-available,not-available,not-available,not-available,not-available,not-available,not-available,not-available,not-available,not-available,not-available,not-available
webmaster,true,Webmaster|Fan|Customer,Admin|CRM|Packages,studio.session.input-list,mobile,not-available,not-available,not-available,not-available,not-available,not-available,not-available,not-available,not-available,not-available,not-available,not-available,not-available,not-available,not-available,not-available,not-available,not-available
webmaster,true,Webmaster|Fan|Customer,Admin|CRM|Packages,social.tickets,web,not-available,not-available,not-available,not-available,not-available,not-available,not-available,not-available,not-available,not-available,not-available,not-available,not-available,not-available,not-available,not-available,not-available,not-available
webmaster,true,Webmaster|Fan|Customer,Admin|CRM|Packages,social.tickets,mobile,native,allowed,allowed,not-supported,not-supported,not-supported,not-supported,not-supported,not-supported,not-supported,not-supported,not-supported,not-supported,not-supported,not-supported,not-supported,not-supported,not-supported
webmaster,true,Webmaster|Fan|Customer,Admin|CRM|Packages,social.ticket-checkout,web,not-available,not-available,not-available,not-available,not-available,not-available,not-available,not-available,not-available,not-available,not-available,not-available,not-available,not-available,not-available,not-available,not-available,not-available
webmaster,true,Webmaster|Fan|Customer,Admin|CRM|Packages,social.ticket-checkout,mobile,not-available,not-available,not-available,not-available,not-available,not-available,not-available,not-available,not-available,not-available,not-available,not-available,not-available,not-available,not-available,not-available,not-available,not-available
webmaster,true,Webmaster|Fan|Customer,Admin|CRM|Packages,label.contracts.create,web,not-available,not-available,not-available,not-available,not-available,not-available,not-available,not-available,not-available,not-available,not-available,not-available,not-available,not-available,not-available,not-available,not-available,not-available
webmaster,true,Webmaster|Fan|Customer,Admin|CRM|Packages,label.contracts.create,mobile,not-available,not-available,not-available,not-available,not-available,not-available,not-available,not-available,not-available,not-available,not-available,not-available,not-available,not-available,not-available,not-available,not-available,not-available
webmaster,true,Webmaster|Fan|Customer,Admin|CRM|Packages,label.contracts.detail,web,not-available,not-available,not-available,not-available,not-available,not-available,not-available,not-available,not-available,not-available,not-available,not-available,not-available,not-available,not-available,not-available,not-available,not-available
webmaster,true,Webmaster|Fan|Customer,Admin|CRM|Packages,label.contracts.detail,mobile,not-available,not-available,not-available,not-available,not-available,not-available,not-available,not-available,not-available,not-available,not-available,not-available,not-available,not-available,not-available,not-available,not-available,not-available
webmaster,true,Webmaster|Fan|Customer,Admin|CRM|Packages,mobile.onboarding,web,not-available,not-available,not-available,not-available,not-available,not-available,not-available,not-available,not-available,not-available,not-available,not-available,not-available,not-available,not-available,not-available,not-available,not-available
webmaster,true,Webmaster|Fan|Customer,Admin|CRM|Packages,mobile.onboarding,mobile,native,allowed,allowed,not-supported,not-supported,not-supported,not-supported,not-supported,not-supported,not-supported,not-supported,not-supported,not-supported,not-supported,not-supported,not-supported,not-supported,not-supported
webmaster,true,Webmaster|Fan|Customer,Admin|CRM|Packages,technical.mobile-entry,web,not-available,not-available,not-available,not-available,not-available,not-available,not-available,not-available,not-available,not-available,not-available,not-available,not-available,not-available,not-available,not-available,not-available,not-available
webmaster,true,Webmaster|Fan|Customer,Admin|CRM|Packages,technical.mobile-entry,mobile,not-available,not-available,not-available,not-available,not-available,not-available,not-available,not-available,not-available,not-available,not-available,not-available,not-available,not-available,not-available,not-available,not-available,not-available
webmaster,true,Webmaster|Fan|Customer,Admin|CRM|Packages,access-requests.mine,web,available,allowed,allowed,not-supported,allowed,not-supported,not-supported,not-supported,not-supported,not-supported,not-supported,not-supported,not-supported,not-supported,not-supported,not-supported,not-supported,not-supported
webmaster,true,Webmaster|Fan|Customer,Admin|CRM|Packages,access-requests.mine,mobile,native,allowed,allowed,not-supported,allowed,not-supported,not-supported,not-supported,not-supported,not-supported,not-supported,not-supported,not-supported,not-supported,not-supported,not-supported,not-supported,not-supported
webmaster,true,Webmaster|Fan|Customer,Admin|CRM|Packages,access-requests.create,web,available,allowed,allowed,allowed,not-supported,not-supported,not-supported,not-supported,not-supported,not-supported,not-supported,not-supported,not-supported,not-supported,not-supported,not-supported,not-supported,not-supported
webmaster,true,Webmaster|Fan|Customer,Admin|CRM|Packages,access-requests.create,mobile,native,allowed,allowed,allowed,not-supported,not-supported,not-supported,not-supported,not-supported,not-supported,not-supported,not-supported,not-supported,not-supported,not-supported,not-supported,not-supported,not-supported
webmaster,true,Webmaster|Fan|Customer,Admin|CRM|Packages,access-requests.review,web,available,concealed,concealed,not-supported,not-supported,not-supported,not-supported,not-supported,not-supported,not-supported,not-supported,not-supported,concealed,concealed,not-supported,not-supported,not-supported,concealed
webmaster,true,Webmaster|Fan|Customer,Admin|CRM|Packages,access-requests.review,mobile,native,concealed,concealed,not-supported,not-supported,not-supported,not-supported,not-supported,not-supported,not-supported,not-supported,not-supported,concealed,concealed,not-supported,not-supported,not-supported,concealed
webmaster,true,Webmaster|Fan|Customer,Admin|CRM|Packages,technical.auth-login,web,available,concealed,concealed,concealed,concealed,concealed,concealed,concealed,concealed,concealed,concealed,concealed,concealed,concealed,concealed,concealed,concealed,concealed
webmaster,true,Webmaster|Fan|Customer,Admin|CRM|Packages,technical.auth-login,mobile,not-available,not-available,not-available,not-available,not-available,not-available,not-available,not-available,not-available,not-available,not-available,not-available,not-available,not-available,not-available,not-available,not-available,not-available
webmaster,true,Webmaster|Fan|Customer,Admin|CRM|Packages,technical.auth-reset,web,available,concealed,concealed,concealed,concealed,concealed,concealed,concealed,concealed,concealed,concealed,concealed,concealed,concealed,concealed,concealed,concealed,concealed
webmaster,true,Webmaster|Fan|Customer,Admin|CRM|Packages,technical.auth-reset,mobile,not-available,not-available,not-available,not-available,not-available,not-available,not-available,not-available,not-available,not-available,not-available,not-available,not-available,not-available,not-available,not-available,not-available,not-available
webmaster,true,Webmaster|Fan|Customer,Admin|CRM|Packages,technical.oauth-google-drive,web,available,concealed,concealed,concealed,concealed,concealed,concealed,concealed,concealed,concealed,concealed,concealed,concealed,concealed,concealed,concealed,concealed,concealed
webmaster,true,Webmaster|Fan|Customer,Admin|CRM|Packages,technical.oauth-google-drive,mobile,not-available,not-available,not-available,not-available,not-available,not-available,not-available,not-available,not-available,not-available,not-available,not-available,not-available,not-available,not-available,not-available,not-available,not-available
webmaster,true,Webmaster|Fan|Customer,Admin|CRM|Packages,technical.oauth-instagram,web,available,concealed,concealed,concealed,concealed,concealed,concealed,concealed,concealed,concealed,concealed,concealed,concealed,concealed,concealed,concealed,concealed,concealed
webmaster,true,Webmaster|Fan|Customer,Admin|CRM|Packages,technical.oauth-instagram,mobile,not-available,not-available,not-available,not-available,not-available,not-available,not-available,not-available,not-available,not-available,not-available,not-available,not-available,not-available,not-available,not-available,not-available,not-available
webmaster,true,Webmaster|Fan|Customer,Admin|CRM|Packages,technical.payment-return,web,available,concealed,concealed,concealed,concealed,concealed,concealed,concealed,concealed,concealed,concealed,concealed,concealed,concealed,concealed,concealed,concealed,concealed
webmaster,true,Webmaster|Fan|Customer,Admin|CRM|Packages,technical.payment-return,mobile,not-available,not-available,not-available,not-available,not-available,not-available,not-available,not-available,not-available,not-available,not-available,not-available,not-available,not-available,not-available,not-available,not-available,not-available
webmaster,true,Webmaster|Fan|Customer,Admin|CRM|Packages,technical.whatsapp-return,web,available,concealed,concealed,concealed,concealed,concealed,concealed,concealed,concealed,concealed,concealed,concealed,concealed,concealed,concealed,concealed,concealed,concealed
webmaster,true,Webmaster|Fan|Customer,Admin|CRM|Packages,technical.whatsapp-return,mobile,not-available,not-available,not-available,not-available,not-available,not-available,not-available,not-available,not-available,not-available,not-available,not-available,not-available,not-available,not-available,not-available,not-available,not-available
webmaster,true,Webmaster|Fan|Customer,Admin|CRM|Packages,technical.inventory-scan,web,available,concealed,concealed,concealed,concealed,concealed,concealed,concealed,concealed,concealed,concealed,concealed,concealed,concealed,concealed,concealed,concealed,concealed
webmaster,true,Webmaster|Fan|Customer,Admin|CRM|Packages,technical.inventory-scan,mobile,not-available,not-available,not-available,not-available,not-available,not-available,not-available,not-available,not-available,not-available,not-available,not-available,not-available,not-available,not-available,not-available,not-available,not-available
webmaster,true,Webmaster|Fan|Customer,Admin|CRM|Packages,technical.course-public,web,available,allowed,allowed,not-supported,not-supported,not-supported,not-supported,not-supported,not-supported,not-supported,not-supported,not-supported,not-supported,not-supported,not-supported,not-supported,not-supported,not-supported
webmaster,true,Webmaster|Fan|Customer,Admin|CRM|Packages,technical.course-public,mobile,web-fallback,allowed,allowed,not-supported,not-supported,not-supported,not-supported,not-supported,not-supported,not-supported,not-supported,not-supported,not-supported,not-supported,not-supported,not-supported,not-supported,not-supported
webmaster,true,Webmaster|Fan|Customer,Admin|CRM|Packages,technical.course-registration,web,available,allowed,allowed,not-supported,not-supported,not-supported,not-supported,not-supported,not-supported,not-supported,allowed,not-supported,not-supported,not-supported,not-supported,not-supported,not-supported,not-supported
webmaster,true,Webmaster|Fan|Customer,Admin|CRM|Packages,technical.course-registration,mobile,web-fallback,allowed,allowed,not-supported,not-supported,not-supported,not-supported,not-supported,not-supported,not-supported,allowed,not-supported,not-supported,not-supported,not-supported,not-supported,not-supported,not-supported
webmaster,true,Webmaster|Fan|Customer,Admin|CRM|Packages,technical.whatsapp-consent-public,web,available,allowed,allowed,not-supported,not-supported,not-supported,not-supported,not-supported,not-supported,not-supported,allowed,not-supported,not-supported,not-supported,not-supported,not-supported,not-supported,not-supported
webmaster,true,Webmaster|Fan|Customer,Admin|CRM|Packages,technical.whatsapp-consent-public,mobile,web-fallback,allowed,allowed,not-supported,not-supported,not-supported,not-supported,not-supported,not-supported,not-supported,allowed,not-supported,not-supported,not-supported,not-supported,not-supported,not-supported,not-supported
webmaster,true,Webmaster|Fan|Customer,Admin|CRM|Packages,experimental.future-stubs,web,not-available,not-available,not-available,not-available,not-available,not-available,not-available,not-available,not-available,not-available,not-available,not-available,not-available,not-available,not-available,not-available,not-available,not-available
webmaster,true,Webmaster|Fan|Customer,Admin|CRM|Packages,experimental.future-stubs,mobile,not-available,not-available,not-available,not-available,not-available,not-available,not-available,not-available,not-available,not-available,not-available,not-available,not-available,not-available,not-available,not-available,not-available,not-available
administrator,true,Admin|Fan|Customer,Admin|CRM|Catalog|Internships|Invoicing|Ops|Packages|Scheduling,public.platform,web,available,allowed,allowed,not-supported,not-supported,not-supported,not-supported,not-supported,not-supported,not-supported,not-supported,not-supported,not-supported,not-supported,not-supported,not-supported,not-supported,not-supported
administrator,true,Admin|Fan|Customer,Admin|CRM|Catalog|Internships|Invoicing|Ops|Packages|Scheduling,public.platform,mobile,web-fallback,allowed,allowed,not-supported,not-supported,not-supported,not-supported,not-supported,not-supported,not-supported,not-supported,not-supported,not-supported,not-supported,not-supported,not-supported,not-supported,not-supported
administrator,true,Admin|Fan|Customer,Admin|CRM|Catalog|Internships|Invoicing|Ops|Packages|Scheduling,home,web,available,allowed,allowed,not-supported,not-supported,not-supported,not-supported,not-supported,not-supported,not-supported,not-supported,not-supported,not-supported,not-supported,not-supported,not-supported,not-supported,not-supported
administrator,true,Admin|Fan|Customer,Admin|CRM|Catalog|Internships|Invoicing|Ops|Packages|Scheduling,home,mobile,native,allowed,allowed,not-supported,not-supported,not-supported,not-supported,not-supported,not-supported,not-supported,not-supported,not-supported,not-supported,not-supported,not-supported,not-supported,not-supported,not-supported
administrator,true,Admin|Fan|Customer,Admin|CRM|Catalog|Internships|Invoicing|Ops|Packages|Scheduling,community,web,available,allowed,allowed,allowed,allowed,allowed,not-supported,not-supported,not-supported,not-supported,not-supported,not-supported,not-supported,not-supported,not-supported,not-supported,not-supported,not-supported
administrator,true,Admin|Fan|Customer,Admin|CRM|Catalog|Internships|Invoicing|Ops|Packages|Scheduling,community,mobile,native,allowed,allowed,allowed,allowed,allowed,not-supported,not-supported,not-supported,not-supported,not-supported,not-supported,not-supported,not-supported,not-supported,not-supported,not-supported,not-supported
administrator,true,Admin|Fan|Customer,Admin|CRM|Catalog|Internships|Invoicing|Ops|Packages|Scheduling,community.club,web,available,allowed,allowed,allowed,allowed,allowed,not-supported,not-supported,not-supported,not-supported,not-supported,not-supported,not-supported,not-supported,not-supported,not-supported,not-supported,not-supported
administrator,true,Admin|Fan|Customer,Admin|CRM|Catalog|Internships|Invoicing|Ops|Packages|Scheduling,community.club,mobile,not-available,not-available,not-available,not-available,not-available,not-available,not-available,not-available,not-available,not-available,not-available,not-available,not-available,not-available,not-available,not-available,not-available,not-available
administrator,true,Admin|Fan|Customer,Admin|CRM|Catalog|Internships|Invoicing|Ops|Packages|Scheduling,community.member,web,available,allowed,allowed,not-supported,not-supported,not-supported,not-supported,not-supported,not-supported,not-supported,not-supported,not-supported,not-supported,not-supported,not-supported,not-supported,not-supported,not-supported
administrator,true,Admin|Fan|Customer,Admin|CRM|Catalog|Internships|Invoicing|Ops|Packages|Scheduling,community.member,mobile,web-fallback,allowed,allowed,not-supported,not-supported,not-supported,not-supported,not-supported,not-supported,not-supported,not-supported,not-supported,not-supported,not-supported,not-supported,not-supported,not-supported,not-supported
administrator,true,Admin|Fan|Customer,Admin|CRM|Catalog|Internships|Invoicing|Ops|Packages|Scheduling,artist.public,web,available,allowed,allowed,not-supported,not-supported,not-supported,not-supported,not-supported,not-supported,not-supported,not-supported,not-supported,not-supported,not-supported,not-supported,not-supported,not-supported,not-supported
administrator,true,Admin|Fan|Customer,Admin|CRM|Catalog|Internships|Invoicing|Ops|Packages|Scheduling,artist.public,mobile,not-available,not-available,not-available,not-available,not-available,not-available,not-available,not-available,not-available,not-available,not-available,not-available,not-available,not-available,not-available,not-available,not-available,not-available
administrator,true,Admin|Fan|Customer,Admin|CRM|Catalog|Internships|Invoicing|Ops|Packages|Scheduling,artist.onboarding,web,available,allowed,allowed,allowed,not-supported,not-supported,not-supported,not-supported,not-supported,not-supported,not-supported,not-supported,not-supported,not-supported,not-supported,not-supported,not-supported,not-supported
administrator,true,Admin|Fan|Customer,Admin|CRM|Catalog|Internships|Invoicing|Ops|Packages|Scheduling,artist.onboarding,mobile,native,allowed,allowed,allowed,not-supported,not-supported,not-supported,not-supported,not-supported,not-supported,not-supported,not-supported,not-supported,not-supported,not-supported,not-supported,not-supported,not-supported
administrator,true,Admin|Fan|Customer,Admin|CRM|Catalog|Internships|Invoicing|Ops|Packages|Scheduling,marketplace,web,available,allowed,allowed,allowed,allowed,allowed,not-supported,not-supported,not-supported,not-supported,not-supported,not-supported,not-supported,not-supported,not-supported,not-supported,not-supported,not-supported
administrator,true,Admin|Fan|Customer,Admin|CRM|Catalog|Internships|Invoicing|Ops|Packages|Scheduling,marketplace,mobile,web-fallback,allowed,allowed,allowed,allowed,allowed,not-supported,not-supported,not-supported,not-supported,not-supported,not-supported,not-supported,not-supported,not-supported,not-supported,not-supported,not-supported
administrator,true,Admin|Fan|Customer,Admin|CRM|Catalog|Internships|Invoicing|Ops|Packages|Scheduling,marketplace.order-tracking,web,available,allowed,allowed,not-supported,not-supported,not-supported,not-supported,not-supported,not-supported,not-supported,not-supported,not-supported,not-supported,not-supported,not-supported,not-supported,not-supported,not-supported
administrator,true,Admin|Fan|Customer,Admin|CRM|Catalog|Internships|Invoicing|Ops|Packages|Scheduling,marketplace.order-tracking,mobile,web-fallback,allowed,allowed,not-supported,not-supported,not-supported,not-supported,not-supported,not-supported,not-supported,not-supported,not-supported,not-supported,not-supported,not-supported,not-supported,not-supported,not-supported
administrator,true,Admin|Fan|Customer,Admin|CRM|Catalog|Internships|Invoicing|Ops|Packages|Scheduling,service.mixing-mastering,web,available,allowed,allowed,not-supported,not-supported,not-supported,not-supported,not-supported,not-supported,not-supported,not-supported,not-supported,not-supported,not-supported,not-supported,not-supported,not-supported,not-supported
administrator,true,Admin|Fan|Customer,Admin|CRM|Catalog|Internships|Invoicing|Ops|Packages|Scheduling,service.mixing-mastering,mobile,web-fallback,allowed,allowed,not-supported,not-supported,not-supported,not-supported,not-supported,not-supported,not-supported,not-supported,not-supported,not-supported,not-supported,not-supported,not-supported,not-supported,not-supported
administrator,true,Admin|Fan|Customer,Admin|CRM|Catalog|Internships|Invoicing|Ops|Packages|Scheduling,bookings.public,web,available,allowed,allowed,allowed,not-supported,not-supported,not-supported,not-supported,not-supported,not-supported,not-supported,not-supported,not-supported,not-supported,not-supported,not-supported,not-supported,not-supported
administrator,true,Admin|Fan|Customer,Admin|CRM|Catalog|Internships|Invoicing|Ops|Packages|Scheduling,bookings.public,mobile,native,allowed,allowed,allowed,not-supported,not-supported,not-supported,not-supported,not-supported,not-supported,not-supported,not-supported,not-supported,not-supported,not-supported,not-supported,not-supported,not-supported
administrator,true,Admin|Fan|Customer,Admin|CRM|Catalog|Internships|Invoicing|Ops|Packages|Scheduling,bookings.dj-booth,web,available,allowed,allowed,not-supported,not-supported,not-supported,not-supported,not-supported,not-supported,not-supported,not-supported,not-supported,not-supported,not-supported,not-supported,not-supported,not-supported,not-supported
administrator,true,Admin|Fan|Customer,Admin|CRM|Catalog|Internships|Invoicing|Ops|Packages|Scheduling,bookings.dj-booth,mobile,native,allowed,allowed,not-supported,not-supported,not-supported,not-supported,not-supported,not-supported,not-supported,not-supported,not-supported,not-supported,not-supported,not-supported,not-supported,not-supported,not-supported
administrator,true,Admin|Fan|Customer,Admin|CRM|Catalog|Internships|Invoicing|Ops|Packages|Scheduling,public.trials,web,available,allowed,allowed,allowed,allowed,allowed,not-supported,not-supported,not-supported,not-supported,not-supported,not-supported,not-supported,not-supported,not-supported,not-supported,not-supported,not-supported
administrator,true,Admin|Fan|Customer,Admin|CRM|Catalog|Internships|Invoicing|Ops|Packages|Scheduling,public.trials,mobile,web-fallback,allowed,allowed,allowed,allowed,allowed,not-supported,not-supported,not-supported,not-supported,not-supported,not-supported,not-supported,not-supported,not-supported,not-supported,not-supported,not-supported
administrator,true,Admin|Fan|Customer,Admin|CRM|Catalog|Internships|Invoicing|Ops|Packages|Scheduling,public.live-session-registration,web,available,allowed,allowed,allowed,not-supported,not-supported,not-supported,not-supported,not-supported,not-supported,not-supported,not-supported,not-supported,not-supported,not-supported,not-supported,not-supported,not-supported
administrator,true,Admin|Fan|Customer,Admin|CRM|Catalog|Internships|Invoicing|Ops|Packages|Scheduling,public.live-session-registration,mobile,web-fallback,allowed,allowed,allowed,not-supported,not-supported,not-supported,not-supported,not-supported,not-supported,not-supported,not-supported,not-supported,not-supported,not-supported,not-supported,not-supported,not-supported
administrator,true,Admin|Fan|Customer,Admin|CRM|Catalog|Internships|Invoicing|Ops|Packages|Scheduling,public.records,web,available,allowed,allowed,not-supported,not-supported,not-supported,not-supported,not-supported,not-supported,not-supported,not-supported,not-supported,not-supported,not-supported,not-supported,not-supported,not-supported,not-supported
administrator,true,Admin|Fan|Customer,Admin|CRM|Catalog|Internships|Invoicing|Ops|Packages|Scheduling,public.records,mobile,web-fallback,allowed,allowed,not-supported,not-supported,not-supported,not-supported,not-supported,not-supported,not-supported,not-supported,not-supported,not-supported,not-supported,not-supported,not-supported,not-supported,not-supported
administrator,true,Admin|Fan|Customer,Admin|CRM|Catalog|Internships|Invoicing|Ops|Packages|Scheduling,public.donations,web,available,allowed,allowed,not-supported,not-supported,not-supported,not-supported,not-supported,not-supported,not-supported,not-supported,not-supported,not-supported,not-supported,not-supported,not-supported,not-supported,not-supported
administrator,true,Admin|Fan|Customer,Admin|CRM|Catalog|Internships|Invoicing|Ops|Packages|Scheduling,public.donations,mobile,web-fallback,allowed,allowed,not-supported,not-supported,not-supported,not-supported,not-supported,not-supported,not-supported,not-supported,not-supported,not-supported,not-supported,not-supported,not-supported,not-supported,not-supported
administrator,true,Admin|Fan|Customer,Admin|CRM|Catalog|Internships|Invoicing|Ops|Packages|Scheduling,public.domo,web,available,allowed,allowed,not-supported,not-supported,not-supported,not-supported,not-supported,not-supported,not-supported,not-supported,not-supported,not-supported,not-supported,not-supported,not-supported,not-supported,not-supported
administrator,true,Admin|Fan|Customer,Admin|CRM|Catalog|Internships|Invoicing|Ops|Packages|Scheduling,public.domo,mobile,web-fallback,allowed,allowed,not-supported,not-supported,not-supported,not-supported,not-supported,not-supported,not-supported,not-supported,not-supported,not-supported,not-supported,not-supported,not-supported,not-supported,not-supported
administrator,true,Admin|Fan|Customer,Admin|CRM|Catalog|Internships|Invoicing|Ops|Packages|Scheduling,profile.detail,web,available,allowed,allowed,not-supported,not-supported,not-supported,not-supported,not-supported,not-supported,not-supported,not-supported,not-supported,not-supported,not-supported,not-supported,not-supported,not-supported,not-supported
administrator,true,Admin|Fan|Customer,Admin|CRM|Catalog|Internships|Invoicing|Ops|Packages|Scheduling,profile.detail,mobile,not-available,not-available,not-available,not-available,not-available,not-available,not-available,not-available,not-available,not-available,not-available,not-available,not-available,not-available,not-available,not-available,not-available,not-available
administrator,true,Admin|Fan|Customer,Admin|CRM|Catalog|Internships|Invoicing|Ops|Packages|Scheduling,social,web,available,allowed,allowed,allowed,not-supported,allowed,not-supported,not-supported,not-supported,not-supported,not-supported,not-supported,not-supported,not-supported,not-supported,not-supported,not-supported,not-supported
administrator,true,Admin|Fan|Customer,Admin|CRM|Catalog|Internships|Invoicing|Ops|Packages|Scheduling,social,mobile,native,allowed,allowed,allowed,not-supported,allowed,not-supported,not-supported,not-supported,not-supported,not-supported,not-supported,not-supported,not-supported,not-supported,not-supported,not-supported,not-supported
administrator,true,Admin|Fan|Customer,Admin|CRM|Catalog|Internships|Invoicing|Ops|Packages|Scheduling,social.instagram,web,available,allowed,allowed,not-supported,not-supported,not-supported,not-supported,not-supported,not-supported,not-supported,not-supported,not-supported,not-supported,not-supported,not-supported,not-supported,not-supported,allowed
administrator,true,Admin|Fan|Customer,Admin|CRM|Catalog|Internships|Invoicing|Ops|Packages|Scheduling,social.instagram,mobile,web-fallback,allowed,allowed,not-supported,not-supported,not-supported,not-supported,not-supported,not-supported,not-supported,not-supported,not-supported,not-supported,not-supported,not-supported,not-supported,not-supported,allowed
administrator,true,Admin|Fan|Customer,Admin|CRM|Catalog|Internships|Invoicing|Ops|Packages|Scheduling,social.vcard,web,not-available,not-available,not-available,not-available,not-available,not-available,not-available,not-available,not-available,not-available,not-available,not-available,not-available,not-available,not-available,not-available,not-available,not-available
administrator,true,Admin|Fan|Customer,Admin|CRM|Catalog|Internships|Invoicing|Ops|Packages|Scheduling,social.vcard,mobile,native,allowed,allowed,allowed,not-supported,not-supported,not-supported,not-supported,not-supported,not-supported,not-supported,not-supported,not-supported,not-supported,not-supported,not-supported,not-supported,not-supported
administrator,true,Admin|Fan|Customer,Admin|CRM|Catalog|Internships|Invoicing|Ops|Packages|Scheduling,social.inbox,web,available,allowed,allowed,allowed,not-supported,not-supported,not-supported,not-supported,not-supported,not-supported,not-supported,not-supported,not-supported,not-supported,not-supported,not-supported,not-supported,not-supported
administrator,true,Admin|Fan|Customer,Admin|CRM|Catalog|Internships|Invoicing|Ops|Packages|Scheduling,social.inbox,mobile,web-fallback,allowed,allowed,allowed,not-supported,not-supported,not-supported,not-supported,not-supported,not-supported,not-supported,not-supported,not-supported,not-supported,not-supported,not-supported,not-supported,not-supported
administrator,true,Admin|Fan|Customer,Admin|CRM|Catalog|Internships|Invoicing|Ops|Packages|Scheduling,social.events,web,available,allowed,allowed,allowed,allowed,allowed,not-supported,not-supported,not-supported,not-supported,not-supported,not-supported,not-supported,not-supported,not-supported,allowed,not-supported,not-supported
administrator,true,Admin|Fan|Customer,Admin|CRM|Catalog|Internships|Invoicing|Ops|Packages|Scheduling,social.events,mobile,native,allowed,allowed,allowed,allowed,allowed,not-supported,not-supported,not-supported,not-supported,not-supported,not-supported,not-supported,not-supported,not-supported,allowed,not-supported,not-supported
administrator,true,Admin|Fan|Customer,Admin|CRM|Catalog|Internships|Invoicing|Ops|Packages|Scheduling,social.events.create,web,available,allowed,allowed,allowed,not-supported,not-supported,not-supported,not-supported,not-supported,not-supported,not-supported,not-supported,not-supported,not-supported,not-supported,not-supported,not-supported,not-supported
administrator,true,Admin|Fan|Customer,Admin|CRM|Catalog|Internships|Invoicing|Ops|Packages|Scheduling,social.events.create,mobile,native,allowed,allowed,allowed,not-supported,not-supported,not-supported,not-supported,not-supported,not-supported,not-supported,not-supported,not-supported,not-supported,not-supported,not-supported,not-supported,not-supported
administrator,true,Admin|Fan|Customer,Admin|CRM|Catalog|Internships|Invoicing|Ops|Packages|Scheduling,social.event.detail,web,available,allowed,allowed,not-supported,not-supported,not-supported,not-supported,not-supported,not-supported,not-supported,not-supported,not-supported,not-supported,not-supported,not-supported,not-supported,not-supported,not-supported
administrator,true,Admin|Fan|Customer,Admin|CRM|Catalog|Internships|Invoicing|Ops|Packages|Scheduling,social.event.detail,mobile,not-available,not-available,not-available,not-available,not-available,not-available,not-available,not-available,not-available,not-available,not-available,not-available,not-available,not-available,not-available,not-available,not-available,not-available
administrator,true,Admin|Fan|Customer,Admin|CRM|Catalog|Internships|Invoicing|Ops|Packages|Scheduling,social.event.logistics,web,available,allowed,allowed,allowed,allowed,allowed,not-supported,not-supported,not-supported,not-supported,not-supported,not-supported,not-supported,not-supported,allowed,not-supported,not-supported,not-supported
administrator,true,Admin|Fan|Customer,Admin|CRM|Catalog|Internships|Invoicing|Ops|Packages|Scheduling,social.event.logistics,mobile,not-available,not-available,not-available,not-available,not-available,not-available,not-available,not-available,not-available,not-available,not-available,not-available,not-available,not-available,not-available,not-available,not-available,not-available
administrator,true,Admin|Fan|Customer,Admin|CRM|Catalog|Internships|Invoicing|Ops|Packages|Scheduling,social.discovery,web,available,flag-required,flag-required,flag-required,flag-required,flag-required,flag-required,flag-required,flag-required,flag-required,flag-required,flag-required,flag-required,flag-required,flag-required,flag-required,flag-required,flag-required
administrator,true,Admin|Fan|Customer,Admin|CRM|Catalog|Internships|Invoicing|Ops|Packages|Scheduling,social.discovery,mobile,native,flag-required,flag-required,flag-required,flag-required,flag-required,flag-required,flag-required,flag-required,flag-required,flag-required,flag-required,flag-required,flag-required,flag-required,flag-required,flag-required,flag-required
administrator,true,Admin|Fan|Customer,Admin|CRM|Catalog|Internships|Invoicing|Ops|Packages|Scheduling,chat,web,available,allowed,allowed,allowed,not-supported,not-supported,not-supported,not-supported,not-supported,not-supported,not-supported,not-supported,not-supported,not-supported,not-supported,not-supported,not-supported,not-supported
administrator,true,Admin|Fan|Customer,Admin|CRM|Catalog|Internships|Invoicing|Ops|Packages|Scheduling,chat,mobile,web-fallback,allowed,allowed,allowed,not-supported,not-supported,not-supported,not-supported,not-supported,not-supported,not-supported,not-supported,not-supported,not-supported,not-supported,not-supported,not-supported,not-supported
administrator,true,Admin|Fan|Customer,Admin|CRM|Catalog|Internships|Invoicing|Ops|Packages|Scheduling,crm.contacts,web,available,allowed,allowed,allowed,allowed,allowed,not-supported,not-supported,not-supported,allowed,not-supported,not-supported,not-supported,not-supported,allowed,not-supported,not-supported,not-supported
administrator,true,Admin|Fan|Customer,Admin|CRM|Catalog|Internships|Invoicing|Ops|Packages|Scheduling,crm.contacts,mobile,native,allowed,allowed,allowed,allowed,allowed,not-supported,not-supported,not-supported,allowed,not-supported,not-supported,not-supported,not-supported,allowed,not-supported,not-supported,not-supported
administrator,true,Admin|Fan|Customer,Admin|CRM|Catalog|Internships|Invoicing|Ops|Packages|Scheduling,crm.companies,web,available,allowed,allowed,allowed,allowed,not-supported,not-supported,not-supported,not-supported,not-supported,not-supported,not-supported,not-supported,not-supported,not-supported,not-supported,not-supported,not-supported
administrator,true,Admin|Fan|Customer,Admin|CRM|Catalog|Internships|Invoicing|Ops|Packages|Scheduling,crm.companies,mobile,native,allowed,allowed,allowed,allowed,not-supported,not-supported,not-supported,not-supported,not-supported,not-supported,not-supported,not-supported,not-supported,not-supported,not-supported,not-supported,not-supported
administrator,true,Admin|Fan|Customer,Admin|CRM|Catalog|Internships|Invoicing|Ops|Packages|Scheduling,crm.leads,web,available,allowed,allowed,allowed,allowed,not-supported,not-supported,not-supported,not-supported,not-supported,not-supported,not-supported,not-supported,not-supported,allowed,not-supported,not-supported,not-supported
administrator,true,Admin|Fan|Customer,Admin|CRM|Catalog|Internships|Invoicing|Ops|Packages|Scheduling,crm.leads,mobile,web-fallback,allowed,allowed,allowed,allowed,not-supported,not-supported,not-supported,not-supported,not-supported,not-supported,not-supported,not-supported,not-supported,allowed,not-supported,not-supported,not-supported
administrator,true,Admin|Fan|Customer,Admin|CRM|Catalog|Internships|Invoicing|Ops|Packages|Scheduling,studio.calendar,web,available,allowed,allowed,allowed,allowed,allowed,not-supported,not-supported,not-supported,not-supported,not-supported,not-supported,not-supported,not-supported,not-supported,not-supported,not-supported,not-supported
administrator,true,Admin|Fan|Customer,Admin|CRM|Catalog|Internships|Invoicing|Ops|Packages|Scheduling,studio.calendar,mobile,native,allowed,allowed,allowed,allowed,allowed,not-supported,not-supported,not-supported,not-supported,not-supported,not-supported,not-supported,not-supported,not-supported,not-supported,not-supported,not-supported
administrator,true,Admin|Fan|Customer,Admin|CRM|Catalog|Internships|Invoicing|Ops|Packages|Scheduling,studio.rooms,web,available,allowed,allowed,allowed,allowed,not-supported,not-supported,not-supported,not-supported,not-supported,not-supported,not-supported,not-supported,not-supported,not-supported,not-supported,not-supported,not-supported
administrator,true,Admin|Fan|Customer,Admin|CRM|Catalog|Internships|Invoicing|Ops|Packages|Scheduling,studio.rooms,mobile,native,allowed,allowed,allowed,allowed,not-supported,not-supported,not-supported,not-supported,not-supported,not-supported,not-supported,not-supported,not-supported,not-supported,not-supported,not-supported,not-supported
administrator,true,Admin|Fan|Customer,Admin|CRM|Catalog|Internships|Invoicing|Ops|Packages|Scheduling,studio.orders,web,available,allowed,allowed,allowed,allowed,not-supported,not-supported,not-supported,not-supported,not-supported,not-supported,not-supported,allowed,not-supported,not-supported,not-supported,not-supported,not-supported
administrator,true,Admin|Fan|Customer,Admin|CRM|Catalog|Internships|Invoicing|Ops|Packages|Scheduling,studio.orders,mobile,web-fallback,allowed,allowed,allowed,allowed,not-supported,not-supported,not-supported,not-supported,not-supported,not-supported,not-supported,allowed,not-supported,not-supported,not-supported,not-supported,not-supported
administrator,true,Admin|Fan|Customer,Admin|CRM|Catalog|Internships|Invoicing|Ops|Packages|Scheduling,studio.services,web,available,allowed,allowed,allowed,allowed,allowed,not-supported,not-supported,not-supported,not-supported,not-supported,not-supported,not-supported,not-supported,not-supported,not-supported,not-supported,not-supported
administrator,true,Admin|Fan|Customer,Admin|CRM|Catalog|Internships|Invoicing|Ops|Packages|Scheduling,studio.services,mobile,web-fallback,allowed,allowed,allowed,allowed,allowed,not-supported,not-supported,not-supported,not-supported,not-supported,not-supported,not-supported,not-supported,not-supported,not-supported,not-supported,not-supported
administrator,true,Admin|Fan|Customer,Admin|CRM|Catalog|Internships|Invoicing|Ops|Packages|Scheduling,studio.pipelines,web,available,allowed,allowed,allowed,allowed,allowed,not-supported,not-supported,not-supported,not-supported,not-supported,not-supported,not-supported,not-supported,allowed,not-supported,not-supported,not-supported
administrator,true,Admin|Fan|Customer,Admin|CRM|Catalog|Internships|Invoicing|Ops|Packages|Scheduling,studio.pipelines,mobile,native,allowed,allowed,allowed,allowed,allowed,not-supported,not-supported,not-supported,not-supported,not-supported,not-supported,not-supported,not-supported,allowed,not-supported,not-supported,not-supported
administrator,true,Admin|Fan|Customer,Admin|CRM|Catalog|Internships|Invoicing|Ops|Packages|Scheduling,studio.live-sessions,web,available,allowed,allowed,allowed,allowed,not-supported,not-supported,not-supported,not-supported,not-supported,not-supported,not-supported,not-supported,not-supported,not-supported,not-supported,not-supported,not-supported
administrator,true,Admin|Fan|Customer,Admin|CRM|Catalog|Internships|Invoicing|Ops|Packages|Scheduling,studio.live-sessions,mobile,web-fallback,allowed,allowed,allowed,allowed,not-supported,not-supported,not-supported,not-supported,not-supported,not-supported,not-supported,not-supported,not-supported,not-supported,not-supported,not-supported,not-supported
administrator,true,Admin|Fan|Customer,Admin|CRM|Catalog|Internships|Invoicing|Ops|Packages|Scheduling,studio.domo-campaign,web,available,allowed,allowed,not-supported,allowed,not-supported,not-supported,not-supported,not-supported,not-supported,not-supported,not-supported,not-supported,not-supported,not-supported,not-supported,not-supported,not-supported
administrator,true,Admin|Fan|Customer,Admin|CRM|Catalog|Internships|Invoicing|Ops|Packages|Scheduling,studio.domo-campaign,mobile,web-fallback,allowed,allowed,not-supported,allowed,not-supported,not-supported,not-supported,not-supported,not-supported,not-supported,not-supported,not-supported,not-supported,not-supported,not-supported,not-supported,not-supported
administrator,true,Admin|Fan|Customer,Admin|CRM|Catalog|Internships|Invoicing|Ops|Packages|Scheduling,studio.reports,web,available,allowed,allowed,not-supported,not-supported,not-supported,not-supported,not-supported,not-supported,allowed,not-supported,not-supported,not-supported,not-supported,not-supported,not-supported,allowed,not-supported
administrator,true,Admin|Fan|Customer,Admin|CRM|Catalog|Internships|Invoicing|Ops|Packages|Scheduling,studio.reports,mobile,web-fallback,allowed,allowed,not-supported,not-supported,not-supported,not-supported,not-supported,not-supported,allowed,not-supported,not-supported,not-supported,not-supported,not-supported,not-supported,allowed,not-supported
administrator,true,Admin|Fan|Customer,Admin|CRM|Catalog|Internships|Invoicing|Ops|Packages|Scheduling,school.teacher-portal,web,available,allowed,allowed,allowed,allowed,allowed,not-supported,not-supported,not-supported,not-supported,not-supported,not-supported,not-supported,not-supported,not-supported,not-supported,not-supported,not-supported
administrator,true,Admin|Fan|Customer,Admin|CRM|Catalog|Internships|Invoicing|Ops|Packages|Scheduling,school.teacher-portal,mobile,web-fallback,allowed,allowed,allowed,allowed,allowed,not-supported,not-supported,not-supported,not-supported,not-supported,not-supported,not-supported,not-supported,not-supported,not-supported,not-supported,not-supported
administrator,true,Admin|Fan|Customer,Admin|CRM|Catalog|Internships|Invoicing|Ops|Packages|Scheduling,school.teachers,web,available,allowed,allowed,allowed,allowed,not-supported,not-supported,not-supported,not-supported,not-supported,not-supported,not-supported,not-supported,not-supported,not-supported,not-supported,not-supported,not-supported
administrator,true,Admin|Fan|Customer,Admin|CRM|Catalog|Internships|Invoicing|Ops|Packages|Scheduling,school.teachers,mobile,web-fallback,allowed,allowed,allowed,allowed,not-supported,not-supported,not-supported,not-supported,not-supported,not-supported,not-supported,not-supported,not-supported,not-supported,not-supported,not-supported,not-supported
administrator,true,Admin|Fan|Customer,Admin|CRM|Catalog|Internships|Invoicing|Ops|Packages|Scheduling,school.classes,web,available,allowed,allowed,allowed,allowed,not-supported,not-supported,not-supported,not-supported,not-supported,not-supported,not-supported,not-supported,not-supported,not-supported,not-supported,not-supported,not-supported
administrator,true,Admin|Fan|Customer,Admin|CRM|Catalog|Internships|Invoicing|Ops|Packages|Scheduling,school.classes,mobile,web-fallback,allowed,allowed,allowed,allowed,not-supported,not-supported,not-supported,not-supported,not-supported,not-supported,not-supported,not-supported,not-supported,not-supported,not-supported,not-supported,not-supported
administrator,true,Admin|Fan|Customer,Admin|CRM|Catalog|Internships|Invoicing|Ops|Packages|Scheduling,school.trial-lessons,web,available,allowed,allowed,allowed,not-supported,not-supported,not-supported,not-supported,not-supported,not-supported,not-supported,not-supported,not-supported,not-supported,allowed,not-supported,not-supported,not-supported
administrator,true,Admin|Fan|Customer,Admin|CRM|Catalog|Internships|Invoicing|Ops|Packages|Scheduling,school.trial-lessons,mobile,web-fallback,allowed,allowed,allowed,not-supported,not-supported,not-supported,not-supported,not-supported,not-supported,not-supported,not-supported,not-supported,not-supported,allowed,not-supported,not-supported,not-supported
administrator,true,Admin|Fan|Customer,Admin|CRM|Catalog|Internships|Invoicing|Ops|Packages|Scheduling,school.trial-queue,web,available,allowed,allowed,not-supported,not-supported,not-supported,not-supported,not-supported,not-supported,not-supported,not-supported,not-supported,not-supported,not-supported,allowed,not-supported,not-supported,not-supported
administrator,true,Admin|Fan|Customer,Admin|CRM|Catalog|Internships|Invoicing|Ops|Packages|Scheduling,school.trial-queue,mobile,web-fallback,allowed,allowed,not-supported,not-supported,not-supported,not-supported,not-supported,not-supported,not-supported,not-supported,not-supported,not-supported,not-supported,allowed,not-supported,not-supported,not-supported
administrator,true,Admin|Fan|Customer,Admin|CRM|Catalog|Internships|Invoicing|Ops|Packages|Scheduling,internships,web,available,allowed,allowed,allowed,allowed,allowed,not-supported,not-supported,not-supported,not-supported,not-supported,not-supported,allowed,not-supported,not-supported,not-supported,not-supported,not-supported
administrator,true,Admin|Fan|Customer,Admin|CRM|Catalog|Internships|Invoicing|Ops|Packages|Scheduling,internships,mobile,web-fallback,allowed,allowed,allowed,allowed,allowed,not-supported,not-supported,not-supported,not-supported,not-supported,not-supported,allowed,not-supported,not-supported,not-supported,not-supported,not-supported
administrator,true,Admin|Fan|Customer,Admin|CRM|Catalog|Internships|Invoicing|Ops|Packages|Scheduling,label.artists,web,available,allowed,allowed,allowed,allowed,allowed,not-supported,not-supported,not-supported,not-supported,not-supported,not-supported,not-supported,not-supported,not-supported,not-supported,allowed,not-supported
administrator,true,Admin|Fan|Customer,Admin|CRM|Catalog|Internships|Invoicing|Ops|Packages|Scheduling,label.artists,mobile,native,allowed,allowed,allowed,allowed,allowed,not-supported,not-supported,not-supported,not-supported,not-supported,not-supported,not-supported,not-supported,not-supported,not-supported,allowed,not-supported
administrator,true,Admin|Fan|Customer,Admin|CRM|Catalog|Internships|Invoicing|Ops|Packages|Scheduling,label.projects,web,available,allowed,allowed,allowed,allowed,not-supported,not-supported,not-supported,not-supported,not-supported,not-supported,not-supported,not-supported,not-supported,allowed,not-supported,not-supported,not-supported
administrator,true,Admin|Fan|Customer,Admin|CRM|Catalog|Internships|Invoicing|Ops|Packages|Scheduling,label.projects,mobile,web-fallback,allowed,allowed,allowed,allowed,not-supported,not-supported,not-supported,not-supported,not-supported,not-supported,not-supported,not-supported,not-supported,allowed,not-supported,not-supported,not-supported
administrator,true,Admin|Fan|Customer,Admin|CRM|Catalog|Internships|Invoicing|Ops|Packages|Scheduling,label.releases,web,available,allowed,allowed,allowed,allowed,allowed,not-supported,not-supported,not-supported,allowed,not-supported,not-supported,not-supported,not-supported,not-supported,allowed,not-supported,not-supported
administrator,true,Admin|Fan|Customer,Admin|CRM|Catalog|Internships|Invoicing|Ops|Packages|Scheduling,label.releases,mobile,web-fallback,allowed,allowed,allowed,allowed,allowed,not-supported,not-supported,not-supported,allowed,not-supported,not-supported,not-supported,not-supported,not-supported,allowed,not-supported,not-supported
administrator,true,Admin|Fan|Customer,Admin|CRM|Catalog|Internships|Invoicing|Ops|Packages|Scheduling,label.assets,web,available,allowed,allowed,allowed,allowed,allowed,not-supported,not-supported,not-supported,not-supported,not-supported,not-supported,not-supported,not-supported,not-supported,not-supported,not-supported,not-supported
administrator,true,Admin|Fan|Customer,Admin|CRM|Catalog|Internships|Invoicing|Ops|Packages|Scheduling,label.assets,mobile,web-fallback,allowed,allowed,allowed,allowed,allowed,not-supported,not-supported,not-supported,not-supported,not-supported,not-supported,not-supported,not-supported,not-supported,not-supported,not-supported,not-supported
administrator,true,Admin|Fan|Customer,Admin|CRM|Catalog|Internships|Invoicing|Ops|Packages|Scheduling,label.tracks,web,available,allowed,allowed,allowed,allowed,allowed,not-supported,not-supported,not-supported,not-supported,not-supported,not-supported,not-supported,not-supported,not-supported,not-supported,not-supported,not-supported
administrator,true,Admin|Fan|Customer,Admin|CRM|Catalog|Internships|Invoicing|Ops|Packages|Scheduling,label.tracks,mobile,web-fallback,allowed,allowed,allowed,allowed,allowed,not-supported,not-supported,not-supported,not-supported,not-supported,not-supported,not-supported,not-supported,not-supported,not-supported,not-supported,not-supported
administrator,true,Admin|Fan|Customer,Admin|CRM|Catalog|Internships|Invoicing|Ops|Packages|Scheduling,label.ddex.inbox,web,available,allowed,allowed,not-supported,not-supported,not-supported,not-supported,not-supported,allowed,allowed,not-supported,allowed,not-supported,not-supported,not-supported,not-supported,not-supported,not-supported
administrator,true,Admin|Fan|Customer,Admin|CRM|Catalog|Internships|Invoicing|Ops|Packages|Scheduling,label.ddex.inbox,mobile,native,allowed,allowed,not-supported,not-supported,not-supported,not-supported,not-supported,allowed,allowed,not-supported,allowed,not-supported,not-supported,not-supported,not-supported,not-supported,not-supported
administrator,true,Admin|Fan|Customer,Admin|CRM|Catalog|Internships|Invoicing|Ops|Packages|Scheduling,label.ddex.document,web,available,allowed,allowed,not-supported,not-supported,not-supported,not-supported,not-supported,not-supported,not-supported,not-supported,allowed,not-supported,not-supported,not-supported,not-supported,not-supported,not-supported
administrator,true,Admin|Fan|Customer,Admin|CRM|Catalog|Internships|Invoicing|Ops|Packages|Scheduling,label.ddex.document,mobile,not-available,not-available,not-available,not-available,not-available,not-available,not-available,not-available,not-available,not-available,not-available,not-available,not-available,not-available,not-available,not-available,not-available,not-available
administrator,true,Admin|Fan|Customer,Admin|CRM|Catalog|Internships|Invoicing|Ops|Packages|Scheduling,label.ddex.import,web,available,concealed,concealed,concealed,concealed,concealed,concealed,concealed,concealed,concealed,concealed,concealed,concealed,concealed,concealed,concealed,concealed,concealed
administrator,true,Admin|Fan|Customer,Admin|CRM|Catalog|Internships|Invoicing|Ops|Packages|Scheduling,label.ddex.import,mobile,not-available,not-available,not-available,not-available,not-available,not-available,not-available,not-available,not-available,not-available,not-available,not-available,not-available,not-available,not-available,not-available,not-available,not-available
administrator,true,Admin|Fan|Customer,Admin|CRM|Catalog|Internships|Invoicing|Ops|Packages|Scheduling,label.ddex.partners,web,available,allowed,allowed,allowed,allowed,allowed,not-supported,not-supported,not-supported,not-supported,not-supported,not-supported,not-supported,not-supported,not-supported,not-supported,not-supported,allowed
administrator,true,Admin|Fan|Customer,Admin|CRM|Catalog|Internships|Invoicing|Ops|Packages|Scheduling,label.ddex.partners,mobile,native,allowed,allowed,allowed,allowed,allowed,not-supported,not-supported,not-supported,not-supported,not-supported,not-supported,not-supported,not-supported,not-supported,not-supported,not-supported,allowed
administrator,true,Admin|Fan|Customer,Admin|CRM|Catalog|Internships|Invoicing|Ops|Packages|Scheduling,operations.inventory,web,available,allowed,allowed,allowed,allowed,allowed,not-supported,not-supported,not-supported,not-supported,not-supported,not-supported,not-supported,not-supported,allowed,not-supported,allowed,not-supported
administrator,true,Admin|Fan|Customer,Admin|CRM|Catalog|Internships|Invoicing|Ops|Packages|Scheduling,operations.inventory,mobile,native,allowed,allowed,allowed,allowed,allowed,not-supported,not-supported,not-supported,not-supported,not-supported,not-supported,not-supported,not-supported,allowed,not-supported,allowed,not-supported
administrator,true,Admin|Fan|Customer,Admin|CRM|Catalog|Internships|Invoicing|Ops|Packages|Scheduling,operations.marketplace-orders,web,available,allowed,allowed,allowed,allowed,allowed,not-supported,not-supported,not-supported,allowed,not-supported,not-supported,allowed,not-supported,not-supported,not-supported,not-supported,not-supported
administrator,true,Admin|Fan|Customer,Admin|CRM|Catalog|Internships|Invoicing|Ops|Packages|Scheduling,operations.marketplace-orders,mobile,web-fallback,allowed,allowed,allowed,allowed,allowed,not-supported,not-supported,not-supported,allowed,not-supported,not-supported,allowed,not-supported,not-supported,not-supported,not-supported,not-supported
administrator,true,Admin|Fan|Customer,Admin|CRM|Catalog|Internships|Invoicing|Ops|Packages|Scheduling,operations.equipment-bookings,web,available,allowed,allowed,allowed,allowed,not-supported,not-supported,not-supported,not-supported,not-supported,not-supported,not-supported,not-supported,not-supported,not-supported,not-supported,not-supported,not-supported
administrator,true,Admin|Fan|Customer,Admin|CRM|Catalog|Internships|Invoicing|Ops|Packages|Scheduling,operations.equipment-bookings,mobile,native,allowed,allowed,allowed,allowed,not-supported,not-supported,not-supported,not-supported,not-supported,not-supported,not-supported,not-supported,not-supported,not-supported,not-supported,not-supported,not-supported
administrator,true,Admin|Fan|Customer,Admin|CRM|Catalog|Internships|Invoicing|Ops|Packages|Scheduling,finance.payments,web,available,allowed,allowed,allowed,allowed,not-supported,not-supported,not-supported,not-supported,allowed,not-supported,not-supported,not-supported,not-supported,not-supported,not-supported,allowed,not-supported
administrator,true,Admin|Fan|Customer,Admin|CRM|Catalog|Internships|Invoicing|Ops|Packages|Scheduling,finance.payments,mobile,web-fallback,allowed,allowed,allowed,allowed,not-supported,not-supported,not-supported,not-supported,allowed,not-supported,not-supported,not-supported,not-supported,not-supported,not-supported,allowed,not-supported
administrator,true,Admin|Fan|Customer,Admin|CRM|Catalog|Internships|Invoicing|Ops|Packages|Scheduling,finance.account-report-builder,web,available,allowed,allowed,not-supported,not-supported,not-supported,not-supported,not-supported,not-supported,allowed,not-supported,not-supported,not-supported,not-supported,not-supported,not-supported,allowed,not-supported
administrator,true,Admin|Fan|Customer,Admin|CRM|Catalog|Internships|Invoicing|Ops|Packages|Scheduling,finance.account-report-builder,mobile,web-fallback,allowed,allowed,not-supported,not-supported,not-supported,not-supported,not-supported,not-supported,allowed,not-supported,not-supported,not-supported,not-supported,not-supported,not-supported,allowed,not-supported
administrator,true,Admin|Fan|Customer,Admin|CRM|Catalog|Internships|Invoicing|Ops|Packages|Scheduling,finance.esteban-report,web,available,allowed,allowed,not-supported,not-supported,not-supported,not-supported,not-supported,not-supported,allowed,not-supported,not-supported,not-supported,not-supported,not-supported,not-supported,allowed,not-supported
administrator,true,Admin|Fan|Customer,Admin|CRM|Catalog|Internships|Invoicing|Ops|Packages|Scheduling,finance.esteban-report,mobile,web-fallback,allowed,allowed,not-supported,not-supported,not-supported,not-supported,not-supported,not-supported,allowed,not-supported,not-supported,not-supported,not-supported,not-supported,not-supported,allowed,not-supported
administrator,true,Admin|Fan|Customer,Admin|CRM|Catalog|Internships|Invoicing|Ops|Packages|Scheduling,finance.david-report,web,available,allowed,allowed,not-supported,not-supported,not-supported,not-supported,not-supported,not-supported,allowed,not-supported,not-supported,not-supported,not-supported,not-supported,not-supported,allowed,not-supported
administrator,true,Admin|Fan|Customer,Admin|CRM|Catalog|Internships|Invoicing|Ops|Packages|Scheduling,finance.david-report,mobile,web-fallback,allowed,allowed,not-supported,not-supported,not-supported,not-supported,not-supported,not-supported,allowed,not-supported,not-supported,not-supported,not-supported,not-supported,not-supported,allowed,not-supported
administrator,true,Admin|Fan|Customer,Admin|CRM|Catalog|Internships|Invoicing|Ops|Packages|Scheduling,admin.course-registrations,web,available,allowed,allowed,allowed,allowed,allowed,not-supported,not-supported,not-supported,allowed,not-supported,not-supported,allowed,not-supported,not-supported,not-supported,not-supported,not-supported
administrator,true,Admin|Fan|Customer,Admin|CRM|Catalog|Internships|Invoicing|Ops|Packages|Scheduling,admin.course-registrations,mobile,web-fallback,allowed,allowed,allowed,allowed,allowed,not-supported,not-supported,not-supported,allowed,not-supported,not-supported,allowed,not-supported,not-supported,not-supported,not-supported,not-supported
administrator,true,Admin|Fan|Customer,Admin|CRM|Catalog|Internships|Invoicing|Ops|Packages|Scheduling,admin.courses,web,available,allowed,allowed,allowed,allowed,not-supported,not-supported,not-supported,not-supported,not-supported,not-supported,not-supported,not-supported,not-supported,not-supported,allowed,not-supported,not-supported
administrator,true,Admin|Fan|Customer,Admin|CRM|Catalog|Internships|Invoicing|Ops|Packages|Scheduling,admin.courses,mobile,web-fallback,allowed,allowed,allowed,allowed,not-supported,not-supported,not-supported,not-supported,not-supported,not-supported,not-supported,not-supported,not-supported,not-supported,allowed,not-supported,not-supported
administrator,true,Admin|Fan|Customer,Admin|CRM|Catalog|Internships|Invoicing|Ops|Packages|Scheduling,admin.users,web,available,allowed,allowed,allowed,allowed,allowed,not-supported,allowed,not-supported,not-supported,not-supported,not-supported,not-supported,not-supported,not-supported,not-supported,not-supported,allowed
administrator,true,Admin|Fan|Customer,Admin|CRM|Catalog|Internships|Invoicing|Ops|Packages|Scheduling,admin.users,mobile,not-available,not-available,not-available,not-available,not-available,not-available,not-available,not-available,not-available,not-available,not-available,not-available,not-available,not-available,not-available,not-available,not-available,not-available
administrator,true,Admin|Fan|Customer,Admin|CRM|Catalog|Internships|Invoicing|Ops|Packages|Scheduling,admin.roles,web,available,allowed,allowed,not-supported,allowed,not-supported,not-supported,not-supported,not-supported,not-supported,not-supported,not-supported,not-supported,not-supported,not-supported,not-supported,not-supported,allowed
administrator,true,Admin|Fan|Customer,Admin|CRM|Catalog|Internships|Invoicing|Ops|Packages|Scheduling,admin.roles,mobile,not-available,not-available,not-available,not-available,not-available,not-available,not-available,not-available,not-available,not-available,not-available,not-available,not-available,not-available,not-available,not-available,not-available,not-available
administrator,true,Admin|Fan|Customer,Admin|CRM|Catalog|Internships|Invoicing|Ops|Packages|Scheduling,admin.system-status,web,available,allowed,allowed,not-supported,not-supported,not-supported,not-supported,not-supported,not-supported,not-supported,not-supported,not-supported,not-supported,not-supported,not-supported,not-supported,not-supported,not-supported
administrator,true,Admin|Fan|Customer,Admin|CRM|Catalog|Internships|Invoicing|Ops|Packages|Scheduling,admin.system-status,mobile,web-fallback,allowed,allowed,not-supported,not-supported,not-supported,not-supported,not-supported,not-supported,not-supported,not-supported,not-supported,not-supported,not-supported,not-supported,not-supported,not-supported,not-supported
administrator,true,Admin|Fan|Customer,Admin|CRM|Catalog|Internships|Invoicing|Ops|Packages|Scheduling,admin.activity,web,available,allowed,allowed,not-supported,not-supported,not-supported,not-supported,not-supported,not-supported,allowed,not-supported,not-supported,not-supported,not-supported,not-supported,not-supported,not-supported,not-supported
administrator,true,Admin|Fan|Customer,Admin|CRM|Catalog|Internships|Invoicing|Ops|Packages|Scheduling,admin.activity,mobile,web-fallback,allowed,allowed,not-supported,not-supported,not-supported,not-supported,not-supported,not-supported,allowed,not-supported,not-supported,not-supported,not-supported,not-supported,not-supported,not-supported,not-supported
administrator,true,Admin|Fan|Customer,Admin|CRM|Catalog|Internships|Invoicing|Ops|Packages|Scheduling,admin.logs,web,available,allowed,allowed,not-supported,not-supported,allowed,not-supported,not-supported,not-supported,not-supported,not-supported,not-supported,not-supported,not-supported,not-supported,not-supported,not-supported,not-supported
administrator,true,Admin|Fan|Customer,Admin|CRM|Catalog|Internships|Invoicing|Ops|Packages|Scheduling,admin.logs,mobile,web-fallback,allowed,allowed,not-supported,not-supported,allowed,not-supported,not-supported,not-supported,not-supported,not-supported,not-supported,not-supported,not-supported,not-supported,not-supported,not-supported,not-supported
administrator,true,Admin|Fan|Customer,Admin|CRM|Catalog|Internships|Invoicing|Ops|Packages|Scheduling,admin.diagnostics,web,available,allowed,allowed,not-supported,not-supported,not-supported,not-supported,not-supported,not-supported,not-supported,not-supported,not-supported,not-supported,not-supported,not-supported,not-supported,not-supported,allowed
administrator,true,Admin|Fan|Customer,Admin|CRM|Catalog|Internships|Invoicing|Ops|Packages|Scheduling,admin.diagnostics,mobile,web-fallback,allowed,allowed,not-supported,not-supported,not-supported,not-supported,not-supported,not-supported,not-supported,not-supported,not-supported,not-supported,not-supported,not-supported,not-supported,not-supported,allowed
administrator,true,Admin|Fan|Customer,Admin|CRM|Catalog|Internships|Invoicing|Ops|Packages|Scheduling,admin.brain,web,available,allowed,allowed,allowed,allowed,not-supported,not-supported,not-supported,not-supported,not-supported,not-supported,not-supported,not-supported,not-supported,not-supported,not-supported,not-supported,allowed
administrator,true,Admin|Fan|Customer,Admin|CRM|Catalog|Internships|Invoicing|Ops|Packages|Scheduling,admin.brain,mobile,web-fallback,allowed,allowed,allowed,allowed,not-supported,not-supported,not-supported,not-supported,not-supported,not-supported,not-supported,not-supported,not-supported,not-supported,not-supported,not-supported,allowed
administrator,true,Admin|Fan|Customer,Admin|CRM|Catalog|Internships|Invoicing|Ops|Packages|Scheduling,admin.calendar-integration,web,available,allowed,allowed,not-supported,not-supported,not-supported,not-supported,not-supported,not-supported,not-supported,not-supported,not-supported,not-supported,not-supported,not-supported,not-supported,not-supported,allowed
administrator,true,Admin|Fan|Customer,Admin|CRM|Catalog|Internships|Invoicing|Ops|Packages|Scheduling,admin.calendar-integration,mobile,not-available,not-available,not-available,not-available,not-available,not-available,not-available,not-available,not-available,not-available,not-available,not-available,not-available,not-available,not-available,not-available,not-available,not-available
administrator,true,Admin|Fan|Customer,Admin|CRM|Catalog|Internships|Invoicing|Ops|Packages|Scheduling,admin.cms,web,available,allowed,allowed,allowed,allowed,allowed,not-supported,not-supported,not-supported,not-supported,not-supported,not-supported,not-supported,not-supported,not-supported,allowed,not-supported,not-supported
administrator,true,Admin|Fan|Customer,Admin|CRM|Catalog|Internships|Invoicing|Ops|Packages|Scheduling,admin.cms,mobile,web-fallback,allowed,allowed,allowed,allowed,allowed,not-supported,not-supported,not-supported,not-supported,not-supported,not-supported,not-supported,not-supported,not-supported,allowed,not-supported,not-supported
administrator,true,Admin|Fan|Customer,Admin|CRM|Catalog|Internships|Invoicing|Ops|Packages|Scheduling,admin.campaign-automations,web,available,allowed,allowed,allowed,allowed,not-supported,not-supported,not-supported,not-supported,not-supported,not-supported,not-supported,not-supported,not-supported,not-supported,allowed,not-supported,not-supported
administrator,true,Admin|Fan|Customer,Admin|CRM|Catalog|Internships|Invoicing|Ops|Packages|Scheduling,admin.campaign-automations,mobile,web-fallback,allowed,allowed,allowed,allowed,not-supported,not-supported,not-supported,not-supported,not-supported,not-supported,not-supported,not-supported,not-supported,not-supported,allowed,not-supported,not-supported
administrator,true,Admin|Fan|Customer,Admin|CRM|Catalog|Internships|Invoicing|Ops|Packages|Scheduling,admin.event-sources,web,available,flag-required,flag-required,flag-required,flag-required,flag-required,flag-required,flag-required,flag-required,flag-required,flag-required,flag-required,flag-required,flag-required,flag-required,flag-required,flag-required,flag-required
administrator,true,Admin|Fan|Customer,Admin|CRM|Catalog|Internships|Invoicing|Ops|Packages|Scheduling,admin.event-sources,mobile,not-available,not-available,not-available,not-available,not-available,not-available,not-available,not-available,not-available,not-available,not-available,not-available,not-available,not-available,not-available,not-available,not-available,not-available
administrator,true,Admin|Fan|Customer,Admin|CRM|Catalog|Internships|Invoicing|Ops|Packages|Scheduling,admin.whatsapp-consent,web,available,allowed,allowed,not-supported,not-supported,not-supported,not-supported,not-supported,not-supported,not-supported,not-supported,not-supported,not-supported,not-supported,not-supported,not-supported,not-supported,allowed
administrator,true,Admin|Fan|Customer,Admin|CRM|Catalog|Internships|Invoicing|Ops|Packages|Scheduling,admin.whatsapp-consent,mobile,not-available,not-available,not-available,not-available,not-available,not-available,not-available,not-available,not-available,not-available,not-available,not-available,not-available,not-available,not-available,not-available,not-available,not-available
administrator,true,Admin|Fan|Customer,Admin|CRM|Catalog|Internships|Invoicing|Ops|Packages|Scheduling,admin.ux-options,web,available,allowed,allowed,allowed,allowed,not-supported,not-supported,not-supported,not-supported,not-supported,not-supported,not-supported,not-supported,not-supported,not-supported,not-supported,not-supported,not-supported
administrator,true,Admin|Fan|Customer,Admin|CRM|Catalog|Internships|Invoicing|Ops|Packages|Scheduling,admin.ux-options,mobile,web-fallback,allowed,allowed,allowed,allowed,not-supported,not-supported,not-supported,not-supported,not-supported,not-supported,not-supported,not-supported,not-supported,not-supported,not-supported,not-supported,not-supported
administrator,true,Admin|Fan|Customer,Admin|CRM|Catalog|Internships|Invoicing|Ops|Packages|Scheduling,admin.preferences,web,available,allowed,allowed,not-supported,allowed,not-supported,not-supported,not-supported,not-supported,not-supported,not-supported,not-supported,not-supported,not-supported,not-supported,not-supported,not-supported,not-supported
administrator,true,Admin|Fan|Customer,Admin|CRM|Catalog|Internships|Invoicing|Ops|Packages|Scheduling,admin.preferences,mobile,web-fallback,allowed,allowed,not-supported,allowed,not-supported,not-supported,not-supported,not-supported,not-supported,not-supported,not-supported,not-supported,not-supported,not-supported,not-supported,not-supported,not-supported
administrator,true,Admin|Fan|Customer,Admin|CRM|Catalog|Internships|Invoicing|Ops|Packages|Scheduling,tools.chatkit,web,available,allowed,allowed,allowed,not-supported,not-supported,not-supported,not-supported,not-supported,not-supported,not-supported,not-supported,not-supported,not-supported,not-supported,not-supported,not-supported,not-supported
administrator,true,Admin|Fan|Customer,Admin|CRM|Catalog|Internships|Invoicing|Ops|Packages|Scheduling,tools.chatkit,mobile,web-fallback,allowed,allowed,allowed,not-supported,not-supported,not-supported,not-supported,not-supported,not-supported,not-supported,not-supported,not-supported,not-supported,not-supported,not-supported,not-supported,not-supported
administrator,true,Admin|Fan|Customer,Admin|CRM|Catalog|Internships|Invoicing|Ops|Packages|Scheduling,tools.tidal-agent,web,available,allowed,allowed,allowed,not-supported,not-supported,not-supported,not-supported,not-supported,not-supported,not-supported,not-supported,not-supported,not-supported,not-supported,not-supported,not-supported,not-supported
administrator,true,Admin|Fan|Customer,Admin|CRM|Catalog|Internships|Invoicing|Ops|Packages|Scheduling,tools.tidal-agent,mobile,web-fallback,allowed,allowed,allowed,not-supported,not-supported,not-supported,not-supported,not-supported,not-supported,not-supported,not-supported,not-supported,not-supported,not-supported,not-supported,not-supported,not-supported
administrator,true,Admin|Fan|Customer,Admin|CRM|Catalog|Internships|Invoicing|Ops|Packages|Scheduling,tools.music-maker,web,available,allowed,allowed,not-supported,not-supported,not-supported,not-supported,not-supported,not-supported,not-supported,not-supported,not-supported,not-supported,not-supported,not-supported,not-supported,not-supported,not-supported
administrator,true,Admin|Fan|Customer,Admin|CRM|Catalog|Internships|Invoicing|Ops|Packages|Scheduling,tools.music-maker,mobile,web-fallback,allowed,allowed,not-supported,not-supported,not-supported,not-supported,not-supported,not-supported,not-supported,not-supported,not-supported,not-supported,not-supported,not-supported,not-supported,not-supported,not-supported
administrator,true,Admin|Fan|Customer,Admin|CRM|Catalog|Internships|Invoicing|Ops|Packages|Scheduling,tools.admin-token,web,available,allowed,allowed,not-supported,not-supported,not-supported,not-supported,not-supported,not-supported,not-supported,not-supported,not-supported,not-supported,not-supported,not-supported,not-supported,not-supported,allowed
administrator,true,Admin|Fan|Customer,Admin|CRM|Catalog|Internships|Invoicing|Ops|Packages|Scheduling,tools.admin-token,mobile,not-available,not-available,not-available,not-available,not-available,not-available,not-available,not-available,not-available,not-available,not-available,not-available,not-available,not-available,not-available,not-available,not-available,not-available
administrator,true,Admin|Fan|Customer,Admin|CRM|Catalog|Internships|Invoicing|Ops|Packages|Scheduling,help.manual,web,available,allowed,allowed,not-supported,not-supported,not-supported,not-supported,not-supported,not-supported,not-supported,not-supported,not-supported,not-supported,not-supported,not-supported,not-supported,not-supported,not-supported
administrator,true,Admin|Fan|Customer,Admin|CRM|Catalog|Internships|Invoicing|Ops|Packages|Scheduling,help.manual,mobile,native,allowed,allowed,not-supported,not-supported,not-supported,not-supported,not-supported,not-supported,not-supported,not-supported,not-supported,not-supported,not-supported,not-supported,not-supported,not-supported,not-supported
administrator,true,Admin|Fan|Customer,Admin|CRM|Catalog|Internships|Invoicing|Ops|Packages|Scheduling,help.docs,web,available,allowed,allowed,not-supported,not-supported,not-supported,not-supported,not-supported,not-supported,not-supported,not-supported,not-supported,not-supported,not-supported,not-supported,not-supported,not-supported,not-supported
administrator,true,Admin|Fan|Customer,Admin|CRM|Catalog|Internships|Invoicing|Ops|Packages|Scheduling,help.docs,mobile,native,allowed,allowed,not-supported,not-supported,not-supported,not-supported,not-supported,not-supported,not-supported,not-supported,not-supported,not-supported,not-supported,not-supported,not-supported,not-supported,not-supported
administrator,true,Admin|Fan|Customer,Admin|CRM|Catalog|Internships|Invoicing|Ops|Packages|Scheduling,help.about,web,available,allowed,allowed,not-supported,not-supported,not-supported,not-supported,not-supported,not-supported,not-supported,not-supported,not-supported,not-supported,not-supported,not-supported,not-supported,not-supported,not-supported
administrator,true,Admin|Fan|Customer,Admin|CRM|Catalog|Internships|Invoicing|Ops|Packages|Scheduling,help.about,mobile,native,allowed,allowed,not-supported,not-supported,not-supported,not-supported,not-supported,not-supported,not-supported,not-supported,not-supported,not-supported,not-supported,not-supported,not-supported,not-supported,not-supported
administrator,true,Admin|Fan|Customer,Admin|CRM|Catalog|Internships|Invoicing|Ops|Packages|Scheduling,help.security,web,available,allowed,allowed,not-supported,not-supported,not-supported,not-supported,not-supported,not-supported,not-supported,not-supported,not-supported,not-supported,not-supported,not-supported,not-supported,not-supported,not-supported
administrator,true,Admin|Fan|Customer,Admin|CRM|Catalog|Internships|Invoicing|Ops|Packages|Scheduling,help.security,mobile,native,allowed,allowed,not-supported,not-supported,not-supported,not-supported,not-supported,not-supported,not-supported,not-supported,not-supported,not-supported,not-supported,not-supported,not-supported,not-supported,not-supported
administrator,true,Admin|Fan|Customer,Admin|CRM|Catalog|Internships|Invoicing|Ops|Packages|Scheduling,help.feedback,web,available,allowed,allowed,allowed,not-supported,not-supported,not-supported,not-supported,not-supported,not-supported,not-supported,not-supported,not-supported,not-supported,not-supported,not-supported,not-supported,not-supported
administrator,true,Admin|Fan|Customer,Admin|CRM|Catalog|Internships|Invoicing|Ops|Packages|Scheduling,help.feedback,mobile,native,allowed,allowed,allowed,not-supported,not-supported,not-supported,not-supported,not-supported,not-supported,not-supported,not-supported,not-supported,not-supported,not-supported,not-supported,not-supported,not-supported
administrator,true,Admin|Fan|Customer,Admin|CRM|Catalog|Internships|Invoicing|Ops|Packages|Scheduling,navigation.quick-create,web,not-available,not-available,not-available,not-available,not-available,not-available,not-available,not-available,not-available,not-available,not-available,not-available,not-available,not-available,not-available,not-available,not-available,not-available
administrator,true,Admin|Fan|Customer,Admin|CRM|Catalog|Internships|Invoicing|Ops|Packages|Scheduling,navigation.quick-create,mobile,native,allowed,allowed,not-supported,not-supported,not-supported,not-supported,not-supported,not-supported,not-supported,not-supported,not-supported,not-supported,not-supported,not-supported,not-supported,not-supported,not-supported
administrator,true,Admin|Fan|Customer,Admin|CRM|Catalog|Internships|Invoicing|Ops|Packages|Scheduling,navigation.explore,web,not-available,not-available,not-available,not-available,not-available,not-available,not-available,not-available,not-available,not-available,not-available,not-available,not-available,not-available,not-available,not-available,not-available,not-available
administrator,true,Admin|Fan|Customer,Admin|CRM|Catalog|Internships|Invoicing|Ops|Packages|Scheduling,navigation.explore,mobile,native,allowed,allowed,not-supported,allowed,allowed,not-supported,not-supported,not-supported,not-supported,not-supported,not-supported,not-supported,not-supported,not-supported,not-supported,not-supported,not-supported
administrator,true,Admin|Fan|Customer,Admin|CRM|Catalog|Internships|Invoicing|Ops|Packages|Scheduling,profile.self,web,not-available,not-available,not-available,not-available,not-available,not-available,not-available,not-available,not-available,not-available,not-available,not-available,not-available,not-available,not-available,not-available,not-available,not-available
administrator,true,Admin|Fan|Customer,Admin|CRM|Catalog|Internships|Invoicing|Ops|Packages|Scheduling,profile.self,mobile,native,allowed,allowed,not-supported,allowed,not-supported,not-supported,not-supported,not-supported,not-supported,not-supported,not-supported,not-supported,not-supported,not-supported,not-supported,not-supported,not-supported
administrator,true,Admin|Fan|Customer,Admin|CRM|Catalog|Internships|Invoicing|Ops|Packages|Scheduling,social.venues,web,not-available,not-available,not-available,not-available,not-available,not-available,not-available,not-available,not-available,not-available,not-available,not-available,not-available,not-available,not-available,not-available,not-available,not-available
administrator,true,Admin|Fan|Customer,Admin|CRM|Catalog|Internships|Invoicing|Ops|Packages|Scheduling,social.venues,mobile,native,allowed,allowed,allowed,allowed,not-supported,not-supported,not-supported,not-supported,not-supported,not-supported,not-supported,not-supported,not-supported,not-supported,not-supported,not-supported,not-supported
administrator,true,Admin|Fan|Customer,Admin|CRM|Catalog|Internships|Invoicing|Ops|Packages|Scheduling,social.venue.detail,web,not-available,not-available,not-available,not-available,not-available,not-available,not-available,not-available,not-available,not-available,not-available,not-available,not-available,not-available,not-available,not-available,not-available,not-available
administrator,true,Admin|Fan|Customer,Admin|CRM|Catalog|Internships|Invoicing|Ops|Packages|Scheduling,social.venue.detail,mobile,not-available,not-available,not-available,not-available,not-available,not-available,not-available,not-available,not-available,not-available,not-available,not-available,not-available,not-available,not-available,not-available,not-available,not-available
administrator,true,Admin|Fan|Customer,Admin|CRM|Catalog|Internships|Invoicing|Ops|Packages|Scheduling,social.venue.create,web,not-available,not-available,not-available,not-available,not-available,not-available,not-available,not-available,not-available,not-available,not-available,not-available,not-available,not-available,not-available,not-available,not-available,not-available
administrator,true,Admin|Fan|Customer,Admin|CRM|Catalog|Internships|Invoicing|Ops|Packages|Scheduling,social.venue.create,mobile,not-available,not-available,not-available,not-available,not-available,not-available,not-available,not-available,not-available,not-available,not-available,not-available,not-available,not-available,not-available,not-available,not-available,not-available
administrator,true,Admin|Fan|Customer,Admin|CRM|Catalog|Internships|Invoicing|Ops|Packages|Scheduling,artist.profile.edit,web,not-available,not-available,not-available,not-available,not-available,not-available,not-available,not-available,not-available,not-available,not-available,not-available,not-available,not-available,not-available,not-available,not-available,not-available
administrator,true,Admin|Fan|Customer,Admin|CRM|Catalog|Internships|Invoicing|Ops|Packages|Scheduling,artist.profile.edit,mobile,not-available,not-available,not-available,not-available,not-available,not-available,not-available,not-available,not-available,not-available,not-available,not-available,not-available,not-available,not-available,not-available,not-available,not-available
administrator,true,Admin|Fan|Customer,Admin|CRM|Catalog|Internships|Invoicing|Ops|Packages|Scheduling,studio.session.input-list,web,not-available,not-available,not-available,not-available,not-available,not-available,not-available,not-available,not-available,not-available,not-available,not-available,not-available,not-available,not-available,not-available,not-available,not-available
administrator,true,Admin|Fan|Customer,Admin|CRM|Catalog|Internships|Invoicing|Ops|Packages|Scheduling,studio.session.input-list,mobile,not-available,not-available,not-available,not-available,not-available,not-available,not-available,not-available,not-available,not-available,not-available,not-available,not-available,not-available,not-available,not-available,not-available,not-available
administrator,true,Admin|Fan|Customer,Admin|CRM|Catalog|Internships|Invoicing|Ops|Packages|Scheduling,social.tickets,web,not-available,not-available,not-available,not-available,not-available,not-available,not-available,not-available,not-available,not-available,not-available,not-available,not-available,not-available,not-available,not-available,not-available,not-available
administrator,true,Admin|Fan|Customer,Admin|CRM|Catalog|Internships|Invoicing|Ops|Packages|Scheduling,social.tickets,mobile,native,allowed,allowed,not-supported,not-supported,not-supported,not-supported,not-supported,not-supported,not-supported,not-supported,not-supported,not-supported,not-supported,not-supported,not-supported,not-supported,not-supported
administrator,true,Admin|Fan|Customer,Admin|CRM|Catalog|Internships|Invoicing|Ops|Packages|Scheduling,social.ticket-checkout,web,not-available,not-available,not-available,not-available,not-available,not-available,not-available,not-available,not-available,not-available,not-available,not-available,not-available,not-available,not-available,not-available,not-available,not-available
administrator,true,Admin|Fan|Customer,Admin|CRM|Catalog|Internships|Invoicing|Ops|Packages|Scheduling,social.ticket-checkout,mobile,not-available,not-available,not-available,not-available,not-available,not-available,not-available,not-available,not-available,not-available,not-available,not-available,not-available,not-available,not-available,not-available,not-available,not-available
administrator,true,Admin|Fan|Customer,Admin|CRM|Catalog|Internships|Invoicing|Ops|Packages|Scheduling,label.contracts.create,web,not-available,not-available,not-available,not-available,not-available,not-available,not-available,not-available,not-available,not-available,not-available,not-available,not-available,not-available,not-available,not-available,not-available,not-available
administrator,true,Admin|Fan|Customer,Admin|CRM|Catalog|Internships|Invoicing|Ops|Packages|Scheduling,label.contracts.create,mobile,not-available,not-available,not-available,not-available,not-available,not-available,not-available,not-available,not-available,not-available,not-available,not-available,not-available,not-available,not-available,not-available,not-available,not-available
administrator,true,Admin|Fan|Customer,Admin|CRM|Catalog|Internships|Invoicing|Ops|Packages|Scheduling,label.contracts.detail,web,not-available,not-available,not-available,not-available,not-available,not-available,not-available,not-available,not-available,not-available,not-available,not-available,not-available,not-available,not-available,not-available,not-available,not-available
administrator,true,Admin|Fan|Customer,Admin|CRM|Catalog|Internships|Invoicing|Ops|Packages|Scheduling,label.contracts.detail,mobile,not-available,not-available,not-available,not-available,not-available,not-available,not-available,not-available,not-available,not-available,not-available,not-available,not-available,not-available,not-available,not-available,not-available,not-available
administrator,true,Admin|Fan|Customer,Admin|CRM|Catalog|Internships|Invoicing|Ops|Packages|Scheduling,mobile.onboarding,web,not-available,not-available,not-available,not-available,not-available,not-available,not-available,not-available,not-available,not-available,not-available,not-available,not-available,not-available,not-available,not-available,not-available,not-available
administrator,true,Admin|Fan|Customer,Admin|CRM|Catalog|Internships|Invoicing|Ops|Packages|Scheduling,mobile.onboarding,mobile,native,allowed,allowed,not-supported,not-supported,not-supported,not-supported,not-supported,not-supported,not-supported,not-supported,not-supported,not-supported,not-supported,not-supported,not-supported,not-supported,not-supported
administrator,true,Admin|Fan|Customer,Admin|CRM|Catalog|Internships|Invoicing|Ops|Packages|Scheduling,technical.mobile-entry,web,not-available,not-available,not-available,not-available,not-available,not-available,not-available,not-available,not-available,not-available,not-available,not-available,not-available,not-available,not-available,not-available,not-available,not-available
administrator,true,Admin|Fan|Customer,Admin|CRM|Catalog|Internships|Invoicing|Ops|Packages|Scheduling,technical.mobile-entry,mobile,not-available,not-available,not-available,not-available,not-available,not-available,not-available,not-available,not-available,not-available,not-available,not-available,not-available,not-available,not-available,not-available,not-available,not-available
administrator,true,Admin|Fan|Customer,Admin|CRM|Catalog|Internships|Invoicing|Ops|Packages|Scheduling,access-requests.mine,web,available,allowed,allowed,not-supported,allowed,not-supported,not-supported,not-supported,not-supported,not-supported,not-supported,not-supported,not-supported,not-supported,not-supported,not-supported,not-supported,not-supported
administrator,true,Admin|Fan|Customer,Admin|CRM|Catalog|Internships|Invoicing|Ops|Packages|Scheduling,access-requests.mine,mobile,native,allowed,allowed,not-supported,allowed,not-supported,not-supported,not-supported,not-supported,not-supported,not-supported,not-supported,not-supported,not-supported,not-supported,not-supported,not-supported,not-supported
administrator,true,Admin|Fan|Customer,Admin|CRM|Catalog|Internships|Invoicing|Ops|Packages|Scheduling,access-requests.create,web,available,allowed,allowed,allowed,not-supported,not-supported,not-supported,not-supported,not-supported,not-supported,not-supported,not-supported,not-supported,not-supported,not-supported,not-supported,not-supported,not-supported
administrator,true,Admin|Fan|Customer,Admin|CRM|Catalog|Internships|Invoicing|Ops|Packages|Scheduling,access-requests.create,mobile,native,allowed,allowed,allowed,not-supported,not-supported,not-supported,not-supported,not-supported,not-supported,not-supported,not-supported,not-supported,not-supported,not-supported,not-supported,not-supported,not-supported
administrator,true,Admin|Fan|Customer,Admin|CRM|Catalog|Internships|Invoicing|Ops|Packages|Scheduling,access-requests.review,web,available,allowed,allowed,not-supported,not-supported,not-supported,not-supported,not-supported,not-supported,not-supported,not-supported,not-supported,allowed,allowed,not-supported,not-supported,not-supported,allowed
administrator,true,Admin|Fan|Customer,Admin|CRM|Catalog|Internships|Invoicing|Ops|Packages|Scheduling,access-requests.review,mobile,native,allowed,allowed,not-supported,not-supported,not-supported,not-supported,not-supported,not-supported,not-supported,not-supported,not-supported,allowed,allowed,not-supported,not-supported,not-supported,allowed
administrator,true,Admin|Fan|Customer,Admin|CRM|Catalog|Internships|Invoicing|Ops|Packages|Scheduling,technical.auth-login,web,available,concealed,concealed,concealed,concealed,concealed,concealed,concealed,concealed,concealed,concealed,concealed,concealed,concealed,concealed,concealed,concealed,concealed
administrator,true,Admin|Fan|Customer,Admin|CRM|Catalog|Internships|Invoicing|Ops|Packages|Scheduling,technical.auth-login,mobile,not-available,not-available,not-available,not-available,not-available,not-available,not-available,not-available,not-available,not-available,not-available,not-available,not-available,not-available,not-available,not-available,not-available,not-available
administrator,true,Admin|Fan|Customer,Admin|CRM|Catalog|Internships|Invoicing|Ops|Packages|Scheduling,technical.auth-reset,web,available,concealed,concealed,concealed,concealed,concealed,concealed,concealed,concealed,concealed,concealed,concealed,concealed,concealed,concealed,concealed,concealed,concealed
administrator,true,Admin|Fan|Customer,Admin|CRM|Catalog|Internships|Invoicing|Ops|Packages|Scheduling,technical.auth-reset,mobile,not-available,not-available,not-available,not-available,not-available,not-available,not-available,not-available,not-available,not-available,not-available,not-available,not-available,not-available,not-available,not-available,not-available,not-available
administrator,true,Admin|Fan|Customer,Admin|CRM|Catalog|Internships|Invoicing|Ops|Packages|Scheduling,technical.oauth-google-drive,web,available,concealed,concealed,concealed,concealed,concealed,concealed,concealed,concealed,concealed,concealed,concealed,concealed,concealed,concealed,concealed,concealed,concealed
administrator,true,Admin|Fan|Customer,Admin|CRM|Catalog|Internships|Invoicing|Ops|Packages|Scheduling,technical.oauth-google-drive,mobile,not-available,not-available,not-available,not-available,not-available,not-available,not-available,not-available,not-available,not-available,not-available,not-available,not-available,not-available,not-available,not-available,not-available,not-available
administrator,true,Admin|Fan|Customer,Admin|CRM|Catalog|Internships|Invoicing|Ops|Packages|Scheduling,technical.oauth-instagram,web,available,concealed,concealed,concealed,concealed,concealed,concealed,concealed,concealed,concealed,concealed,concealed,concealed,concealed,concealed,concealed,concealed,concealed
administrator,true,Admin|Fan|Customer,Admin|CRM|Catalog|Internships|Invoicing|Ops|Packages|Scheduling,technical.oauth-instagram,mobile,not-available,not-available,not-available,not-available,not-available,not-available,not-available,not-available,not-available,not-available,not-available,not-available,not-available,not-available,not-available,not-available,not-available,not-available
administrator,true,Admin|Fan|Customer,Admin|CRM|Catalog|Internships|Invoicing|Ops|Packages|Scheduling,technical.payment-return,web,available,concealed,concealed,concealed,concealed,concealed,concealed,concealed,concealed,concealed,concealed,concealed,concealed,concealed,concealed,concealed,concealed,concealed
administrator,true,Admin|Fan|Customer,Admin|CRM|Catalog|Internships|Invoicing|Ops|Packages|Scheduling,technical.payment-return,mobile,not-available,not-available,not-available,not-available,not-available,not-available,not-available,not-available,not-available,not-available,not-available,not-available,not-available,not-available,not-available,not-available,not-available,not-available
administrator,true,Admin|Fan|Customer,Admin|CRM|Catalog|Internships|Invoicing|Ops|Packages|Scheduling,technical.whatsapp-return,web,available,concealed,concealed,concealed,concealed,concealed,concealed,concealed,concealed,concealed,concealed,concealed,concealed,concealed,concealed,concealed,concealed,concealed
administrator,true,Admin|Fan|Customer,Admin|CRM|Catalog|Internships|Invoicing|Ops|Packages|Scheduling,technical.whatsapp-return,mobile,not-available,not-available,not-available,not-available,not-available,not-available,not-available,not-available,not-available,not-available,not-available,not-available,not-available,not-available,not-available,not-available,not-available,not-available
administrator,true,Admin|Fan|Customer,Admin|CRM|Catalog|Internships|Invoicing|Ops|Packages|Scheduling,technical.inventory-scan,web,available,concealed,concealed,concealed,concealed,concealed,concealed,concealed,concealed,concealed,concealed,concealed,concealed,concealed,concealed,concealed,concealed,concealed
administrator,true,Admin|Fan|Customer,Admin|CRM|Catalog|Internships|Invoicing|Ops|Packages|Scheduling,technical.inventory-scan,mobile,not-available,not-available,not-available,not-available,not-available,not-available,not-available,not-available,not-available,not-available,not-available,not-available,not-available,not-available,not-available,not-available,not-available,not-available
administrator,true,Admin|Fan|Customer,Admin|CRM|Catalog|Internships|Invoicing|Ops|Packages|Scheduling,technical.course-public,web,available,allowed,allowed,not-supported,not-supported,not-supported,not-supported,not-supported,not-supported,not-supported,not-supported,not-supported,not-supported,not-supported,not-supported,not-supported,not-supported,not-supported
administrator,true,Admin|Fan|Customer,Admin|CRM|Catalog|Internships|Invoicing|Ops|Packages|Scheduling,technical.course-public,mobile,web-fallback,allowed,allowed,not-supported,not-supported,not-supported,not-supported,not-supported,not-supported,not-supported,not-supported,not-supported,not-supported,not-supported,not-supported,not-supported,not-supported,not-supported
administrator,true,Admin|Fan|Customer,Admin|CRM|Catalog|Internships|Invoicing|Ops|Packages|Scheduling,technical.course-registration,web,available,allowed,allowed,not-supported,not-supported,not-supported,not-supported,not-supported,not-supported,not-supported,allowed,not-supported,not-supported,not-supported,not-supported,not-supported,not-supported,not-supported
administrator,true,Admin|Fan|Customer,Admin|CRM|Catalog|Internships|Invoicing|Ops|Packages|Scheduling,technical.course-registration,mobile,web-fallback,allowed,allowed,not-supported,not-supported,not-supported,not-supported,not-supported,not-supported,not-supported,allowed,not-supported,not-supported,not-supported,not-supported,not-supported,not-supported,not-supported
administrator,true,Admin|Fan|Customer,Admin|CRM|Catalog|Internships|Invoicing|Ops|Packages|Scheduling,technical.whatsapp-consent-public,web,available,allowed,allowed,not-supported,not-supported,not-supported,not-supported,not-supported,not-supported,not-supported,allowed,not-supported,not-supported,not-supported,not-supported,not-supported,not-supported,not-supported
administrator,true,Admin|Fan|Customer,Admin|CRM|Catalog|Internships|Invoicing|Ops|Packages|Scheduling,technical.whatsapp-consent-public,mobile,web-fallback,allowed,allowed,not-supported,not-supported,not-supported,not-supported,not-supported,not-supported,not-supported,allowed,not-supported,not-supported,not-supported,not-supported,not-supported,not-supported,not-supported
administrator,true,Admin|Fan|Customer,Admin|CRM|Catalog|Internships|Invoicing|Ops|Packages|Scheduling,experimental.future-stubs,web,not-available,not-available,not-available,not-available,not-available,not-available,not-available,not-available,not-available,not-available,not-available,not-available,not-available,not-available,not-available,not-available,not-available,not-available
administrator,true,Admin|Fan|Customer,Admin|CRM|Catalog|Internships|Invoicing|Ops|Packages|Scheduling,experimental.future-stubs,mobile,not-available,not-available,not-available,not-available,not-available,not-available,not-available,not-available,not-available,not-available,not-available,not-available,not-available,not-available,not-available,not-available,not-available,not-available
