branch,initial_head,associated_prs,base,protection_or_operational,ahead_behind,checks_reviews,conflicts,dependencies_overlaps,unique_purpose_changes,classification,confidence,action,evidence_rationale,result,recovery
audit/critical-completion-20260916,d24e025b8bf8c90ce373fab277ebe869eaf0fce5,https://github.com/diegueins680/tdf-app/pull/418,main,Not protected by captured GitHub branch rules; external preview configuration not fully verifiable.,"+1/-351 vs initial intended target; +1/-351 vs initial main; merge base d6244296925e20ccb6b2261290204415201843f3; current head d24e025b8bf8c90ce373fab277ebe869eaf0fce5, relation {'target': 'main', 'target_sha': 'b07f67c3ebe2022d5f70e94578944b6401616696', 'ahead': 1, 'behind': 528, 'merge_base': 'd6244296925e20ccb6b2261290204415201843f3'}","418: APPROVED, 0 unresolved; {'success': 12, 'skipped': 4}",PR418 unknown (mergeable=None),,"fix(commerce): protect live worker diagnostics and liveness; files: docs/critical-completion-2026-09-16.md, tdf-hq/src/TDF/Commerce/MerchReservationWorker.hs, tdf-hq/src/TDF/Commerce/ProviderEventWorker.hs, tdf-hq/tdf-hq.cabal, tdf-hq/test/Spec.hs, tdf-hq/test/TDF/Commerce/WorkerLoggingSpec.hs",ALREADY_MERGED,high,Preserved branch; no audit deletion.,"PR418 merged exact head; stable patch equivalence (whole three-commit range for PR369) matches merge 6f77a7eec93d96de36840a13235adff9ad13c917 already in main. See squash-proof.json. Evidence: branch-evidence/001-commits.txt, branch-evidence/001-changes.txt, branch-evidence/001-files.txt, branch-evidence/001-references.txt, checks/d24e025b8bf8c90ce373fab277ebe869eaf0fce5.json, status/d24e025b8bf8c90ce373fab277ebe869eaf0fce5.json",https://github.com/diegueins680/tdf-app/commit/6f77a7eec93d96de36840a13235adff9ad13c917,Not deleted
audit/formal-system-20260918,6fbae058e23c989599116c629a80fe216505c1e4,https://github.com/diegueins680/tdf-app/pull/455,main,Not protected by captured GitHub branch rules; external preview configuration not fully verifiable.,"+0/-19 vs initial intended target; +0/-19 vs initial main; merge base 6fbae058e23c989599116c629a80fe216505c1e4; current head None, relation {'target': 'main', 'target_sha': 'b07f67c3ebe2022d5f70e94578944b6401616696', 'ahead': 0, 'behind': 196, 'merge_base': '6fbae058e23c989599116c629a80fe216505c1e4'}","455: APPROVED, 0 unresolved; {'success': 21}",PR455 unknown (mergeable=None),,fix: prevent payment overflow and make formal evidence reproducible; files: ,ALREADY_MERGED,high,Remote ref concurrently deleted outside this audit; exact head retained in verified recovery bundle. No audit deletion or remote restoration.,"Exact branch head is an ancestor of current main b07f67c3ebe2022d5f70e94578944b6401616696; all committed source history is retained. Deletion not proven safe: preview/environment usage and downstream references must be excluded. Evidence: branch-evidence/002-commits.txt, branch-evidence/002-changes.txt, branch-evidence/002-files.txt, branch-evidence/002-references.txt, checks/6fbae058e23c989599116c629a80fe216505c1e4.json, status/6fbae058e23c989599116c629a80fe216505c1e4.json",https://github.com/diegueins680/tdf-app/commit/d517d6ed12a0f9ed3929df124507c7f4b025d16d,git push origin 6fbae058e23c989599116c629a80fe216505c1e4:refs/heads/audit/formal-system-20260918
audit/provider-recovery-artifact-20260918,f1ff05e6f591cb87ef71a9b66c5abeefa4c40095,,main,Immutable provider-compatible recovery artifact identified in current recovery documentation.,"+0/-182 vs initial intended target; +0/-182 vs initial main; merge base f1ff05e6f591cb87ef71a9b66c5abeefa4c40095; current head None, relation {'target': 'main', 'target_sha': 'b07f67c3ebe2022d5f70e94578944b6401616696', 'ahead': 0, 'behind': 359, 'merge_base': 'f1ff05e6f591cb87ef71a9b66c5abeefa4c40095'}","; {'success': 26, 'cancelled': 2, 'failure': 1}",No PR mergeability; see recorded git comparisons,,Merge pull request #430 from diegueins680/feat/identity-source-prevention-20260918; files: ,PROTECTED_OR_OPERATIONAL,high,Remote ref concurrently deleted outside this audit; exact head retained in verified recovery bundle. No audit deletion or remote restoration.,"Immutable provider-compatible recovery artifact identified in current recovery documentation. Evidence: branch-evidence/003-commits.txt, branch-evidence/003-changes.txt, branch-evidence/003-files.txt, branch-evidence/003-references.txt, checks/f1ff05e6f591cb87ef71a9b66c5abeefa4c40095.json, status/f1ff05e6f591cb87ef71a9b66c5abeefa4c40095.json",,git push origin f1ff05e6f591cb87ef71a9b66c5abeefa4c40095:refs/heads/audit/provider-recovery-artifact-20260918
audit/provider-reviewed-release-tooling-20260918,fcc03784895f08761483e1e7a844d6e6e95b443e,,main,Exact reviewed recovery runner from PR438; retained for release recovery compatibility.,"+1/-176 vs initial intended target; +1/-176 vs initial main; merge base 5c11577a5d31f079b3e070a7810a6b04a48d99f4; current head fcc03784895f08761483e1e7a844d6e6e95b443e, relation {'target': 'main', 'target_sha': 'b07f67c3ebe2022d5f70e94578944b6401616696', 'ahead': 1, 'behind': 353, 'merge_base': '5c11577a5d31f079b3e070a7810a6b04a48d99f4'}",; {'success': 2},No PR mergeability; see recorded git comparisons,,chore(release): use exact reviewed recovery runner from PR 438; files: scripts/production-release.mjs,PROTECTED_OR_OPERATIONAL,high,Preserved branch; no audit deletion.,"Exact reviewed recovery runner from PR438; retained for release recovery compatibility. Evidence: branch-evidence/004-commits.txt, branch-evidence/004-changes.txt, branch-evidence/004-files.txt, branch-evidence/004-references.txt, checks/fcc03784895f08761483e1e7a844d6e6e95b443e.json, status/fcc03784895f08761483e1e7a844d6e6e95b443e.json",,Not deleted
audit/social-boundaries-integration-20260917,c55932de5c2c27dcd526e4f306fefda8c3671877,https://github.com/diegueins680/tdf-app/pull/424,main,Not protected by captured GitHub branch rules; external preview configuration not fully verifiable.,"+0/-321 vs initial intended target; +0/-321 vs initial main; merge base c55932de5c2c27dcd526e4f306fefda8c3671877; current head None, relation {'target': 'main', 'target_sha': 'b07f67c3ebe2022d5f70e94578944b6401616696', 'ahead': 0, 'behind': 498, 'merge_base': 'c55932de5c2c27dcd526e4f306fefda8c3671877'}","424: APPROVED, 0 unresolved; {'success': 16, 'skipped': 2}",PR424 unknown (mergeable=None),,Integrate social privacy boundaries and account-scoped chat; files: ,ALREADY_MERGED,high,Remote ref concurrently deleted outside this audit; exact head retained in verified recovery bundle. No audit deletion or remote restoration.,"Exact branch head is an ancestor of current main b07f67c3ebe2022d5f70e94578944b6401616696; all committed source history is retained. Deletion not proven safe: preview/environment usage and downstream references must be excluded. Evidence: branch-evidence/005-commits.txt, branch-evidence/005-changes.txt, branch-evidence/005-files.txt, branch-evidence/005-references.txt, checks/c55932de5c2c27dcd526e4f306fefda8c3671877.json, status/c55932de5c2c27dcd526e4f306fefda8c3671877.json",https://github.com/diegueins680/tdf-app/commit/f8a64b434a1314012661c6ffd2a476d0c4506c6c,git push origin c55932de5c2c27dcd526e4f306fefda8c3671877:refs/heads/audit/social-boundaries-integration-20260917
audit/ux-calendar-authoritative-state-20260918,563dafa4240933ed7d615ad61cb3d38f000ada22,https://github.com/diegueins680/tdf-app/pull/445,main,Not protected by captured GitHub branch rules; external preview configuration not fully verifiable.,"+0/-152 vs initial intended target; +0/-152 vs initial main; merge base 563dafa4240933ed7d615ad61cb3d38f000ada22; current head None, relation {'target': 'main', 'target_sha': 'b07f67c3ebe2022d5f70e94578944b6401616696', 'ahead': 0, 'behind': 329, 'merge_base': '563dafa4240933ed7d615ad61cb3d38f000ada22'}","445: APPROVED, 0 unresolved; {'success': 17}",PR445 unknown (mergeable=None),,fix(calendar): prevent OAuth replay and stale connection claims; files: ,ALREADY_MERGED,high,Remote ref concurrently deleted outside this audit; exact head retained in verified recovery bundle. No audit deletion or remote restoration.,"Exact branch head is an ancestor of current main b07f67c3ebe2022d5f70e94578944b6401616696; all committed source history is retained. Deletion not proven safe: preview/environment usage and downstream references must be excluded. Evidence: branch-evidence/006-commits.txt, branch-evidence/006-changes.txt, branch-evidence/006-files.txt, branch-evidence/006-references.txt, checks/563dafa4240933ed7d615ad61cb3d38f000ada22.json, status/563dafa4240933ed7d615ad61cb3d38f000ada22.json",https://github.com/diegueins680/tdf-app/commit/e1a825bda26dbb16b1c732e551cc4880d5626943,git push origin 563dafa4240933ed7d615ad61cb3d38f000ada22:refs/heads/audit/ux-calendar-authoritative-state-20260918
audit/ux-calendar-runtime-schema-20260918,9497be8f4da96159a492c7f290f6b6229095cff2,https://github.com/diegueins680/tdf-app/pull/444,main,Not protected by captured GitHub branch rules; external preview configuration not fully verifiable.,"+0/-154 vs initial intended target; +0/-154 vs initial main; merge base 9497be8f4da96159a492c7f290f6b6229095cff2; current head None, relation {'target': 'main', 'target_sha': 'b07f67c3ebe2022d5f70e94578944b6401616696', 'ahead': 0, 'behind': 331, 'merge_base': '9497be8f4da96159a492c7f290f6b6229095cff2'}","444: APPROVED, 0 unresolved; {'success': 16}",PR444 unknown (mergeable=None),,fix(calendar): restore runtime schema and survive optional storage denial; files: ,ALREADY_MERGED,high,Remote ref concurrently deleted outside this audit; exact head retained in verified recovery bundle. No audit deletion or remote restoration.,"Exact branch head is an ancestor of current main b07f67c3ebe2022d5f70e94578944b6401616696; all committed source history is retained. Deletion not proven safe: preview/environment usage and downstream references must be excluded. Evidence: branch-evidence/007-commits.txt, branch-evidence/007-changes.txt, branch-evidence/007-files.txt, branch-evidence/007-references.txt, checks/9497be8f4da96159a492c7f290f6b6229095cff2.json, status/9497be8f4da96159a492c7f290f6b6229095cff2.json",https://github.com/diegueins680/tdf-app/commit/e1a825bda26dbb16b1c732e551cc4880d5626943,git push origin 9497be8f4da96159a492c7f290f6b6229095cff2:refs/heads/audit/ux-calendar-runtime-schema-20260918
audit/ux-directory-entry-20260918,c7124f906ad88e2237dad6cb89ba62a2616501d5,https://github.com/diegueins680/tdf-app/pull/447,main,Not protected by captured GitHub branch rules; external preview configuration not fully verifiable.,"+0/-155 vs initial intended target; +0/-155 vs initial main; merge base c7124f906ad88e2237dad6cb89ba62a2616501d5; current head None, relation {'target': 'main', 'target_sha': 'b07f67c3ebe2022d5f70e94578944b6401616696', 'ahead': 0, 'behind': 332, 'merge_base': 'c7124f906ad88e2237dad6cb89ba62a2616501d5'}","447: APPROVED, 0 unresolved; {'success': 13, 'skipped': 4}",PR447 unknown (mergeable=None),,fix(directory): preserve arrival and current-session favorites; files: ,ALREADY_MERGED,high,Remote ref concurrently deleted outside this audit; exact head retained in verified recovery bundle. No audit deletion or remote restoration.,"Exact branch head is an ancestor of current main b07f67c3ebe2022d5f70e94578944b6401616696; all committed source history is retained. Deletion not proven safe: preview/environment usage and downstream references must be excluded. Evidence: branch-evidence/008-commits.txt, branch-evidence/008-changes.txt, branch-evidence/008-files.txt, branch-evidence/008-references.txt, checks/c7124f906ad88e2237dad6cb89ba62a2616501d5.json, status/c7124f906ad88e2237dad6cb89ba62a2616501d5.json",https://github.com/diegueins680/tdf-app/commit/e1a825bda26dbb16b1c732e551cc4880d5626943,git push origin c7124f906ad88e2237dad6cb89ba62a2616501d5:refs/heads/audit/ux-directory-entry-20260918
audit/ux-directory-language-20260918,d073042dfef08a9a97c21d18dc5dafe9726e522d,https://github.com/diegueins680/tdf-app/pull/448,main,Not protected by captured GitHub branch rules; external preview configuration not fully verifiable.,"+0/-152 vs initial intended target; +0/-152 vs initial main; merge base d073042dfef08a9a97c21d18dc5dafe9726e522d; current head None, relation {'target': 'main', 'target_sha': 'b07f67c3ebe2022d5f70e94578944b6401616696', 'ahead': 0, 'behind': 329, 'merge_base': 'd073042dfef08a9a97c21d18dc5dafe9726e522d'}","448: APPROVED, 0 unresolved; {'success': 13, 'skipped': 4}",PR448 unknown (mergeable=None),,fix(directory): complete bilingual discovery and sharing recovery; files: ,ALREADY_MERGED,high,Remote ref concurrently deleted outside this audit; exact head retained in verified recovery bundle. No audit deletion or remote restoration.,"Exact branch head is an ancestor of current main b07f67c3ebe2022d5f70e94578944b6401616696; all committed source history is retained. Deletion not proven safe: preview/environment usage and downstream references must be excluded. Evidence: branch-evidence/009-commits.txt, branch-evidence/009-changes.txt, branch-evidence/009-files.txt, branch-evidence/009-references.txt, checks/d073042dfef08a9a97c21d18dc5dafe9726e522d.json, status/d073042dfef08a9a97c21d18dc5dafe9726e522d.json",https://github.com/diegueins680/tdf-app/commit/e1a825bda26dbb16b1c732e551cc4880d5626943,git push origin d073042dfef08a9a97c21d18dc5dafe9726e522d:refs/heads/audit/ux-directory-language-20260918
audit/ux-experiment-contract-20260918,2ae5e779b1b92e746a45590bd0171b7099458776,https://github.com/diegueins680/tdf-app/pull/431,main,Not protected by captured GitHub branch rules; external preview configuration not fully verifiable.,"+0/-200 vs initial intended target; +0/-200 vs initial main; merge base 2ae5e779b1b92e746a45590bd0171b7099458776; current head None, relation {'target': 'main', 'target_sha': 'b07f67c3ebe2022d5f70e94578944b6401616696', 'ahead': 0, 'behind': 377, 'merge_base': '2ae5e779b1b92e746a45590bd0171b7099458776'}","431: APPROVED, 0 unresolved; {'success': 18}",PR431 unknown (mergeable=None),,fix(onboarding): restore paused experiment authority contract; files: ,ALREADY_MERGED,high,Remote ref concurrently deleted outside this audit; exact head retained in verified recovery bundle. No audit deletion or remote restoration.,"Exact branch head is an ancestor of current main b07f67c3ebe2022d5f70e94578944b6401616696; all committed source history is retained. Deletion not proven safe: preview/environment usage and downstream references must be excluded. Evidence: branch-evidence/010-commits.txt, branch-evidence/010-changes.txt, branch-evidence/010-files.txt, branch-evidence/010-references.txt, checks/2ae5e779b1b92e746a45590bd0171b7099458776.json, status/2ae5e779b1b92e746a45590bd0171b7099458776.json",https://github.com/diegueins680/tdf-app/commit/2f01b20b0c2a2e2088570c3dc5deba6197266452,git push origin 2ae5e779b1b92e746a45590bd0171b7099458776:refs/heads/audit/ux-experiment-contract-20260918
audit/ux-marketplace-storage-20260918,585003b6e7d011ea8c00ce0f56980ef7faa0ff8e,https://github.com/diegueins680/tdf-app/pull/450,main,Not protected by captured GitHub branch rules; external preview configuration not fully verifiable.,"+0/-116 vs initial intended target; +0/-116 vs initial main; merge base 585003b6e7d011ea8c00ce0f56980ef7faa0ff8e; current head None, relation {'target': 'main', 'target_sha': 'b07f67c3ebe2022d5f70e94578944b6401616696', 'ahead': 0, 'behind': 293, 'merge_base': '585003b6e7d011ea8c00ce0f56980ef7faa0ff8e'}","450: APPROVED, 0 unresolved; {'success': 14, 'skipped': 4}",PR450 unknown (mergeable=None),,fix(ux): conservar Marketplace cuando se deniega almacenamiento; files: ,ALREADY_MERGED,high,Remote ref concurrently deleted outside this audit; exact head retained in verified recovery bundle. No audit deletion or remote restoration.,"Exact branch head is an ancestor of current main b07f67c3ebe2022d5f70e94578944b6401616696; all committed source history is retained. Deletion not proven safe: preview/environment usage and downstream references must be excluded. Evidence: branch-evidence/011-commits.txt, branch-evidence/011-changes.txt, branch-evidence/011-files.txt, branch-evidence/011-references.txt, checks/585003b6e7d011ea8c00ce0f56980ef7faa0ff8e.json, status/585003b6e7d011ea8c00ce0f56980ef7faa0ff8e.json",https://github.com/diegueins680/tdf-app/commit/3f0a56c0ded55fa9525dc80c895505ffcb069449,git push origin 585003b6e7d011ea8c00ce0f56980ef7faa0ff8e:refs/heads/audit/ux-marketplace-storage-20260918
audit/ux-native-release-20260918,33efe613f45a0a14208795591d5972a9e538e9a4,https://github.com/diegueins680/tdf-app/pull/454,main,Not protected by captured GitHub branch rules; external preview configuration not fully verifiable.,"+0/-60 vs initial intended target; +0/-60 vs initial main; merge base 33efe613f45a0a14208795591d5972a9e538e9a4; current head None, relation {'target': 'main', 'target_sha': 'b07f67c3ebe2022d5f70e94578944b6401616696', 'ahead': 0, 'behind': 237, 'merge_base': '33efe613f45a0a14208795591d5972a9e538e9a4'}","454: APPROVED, 0 unresolved; {'success': 11, 'skipped': 4}",PR454 unknown (mergeable=None),,chore(audit): integrate free signed mobile builds and verified release checkpoint; files: ,ALREADY_MERGED,high,Remote ref concurrently deleted outside this audit; exact head retained in verified recovery bundle. No audit deletion or remote restoration.,"Exact branch head is an ancestor of current main b07f67c3ebe2022d5f70e94578944b6401616696; all committed source history is retained. Deletion not proven safe: preview/environment usage and downstream references must be excluded. Evidence: branch-evidence/012-commits.txt, branch-evidence/012-changes.txt, branch-evidence/012-files.txt, branch-evidence/012-references.txt, checks/33efe613f45a0a14208795591d5972a9e538e9a4.json, status/33efe613f45a0a14208795591d5972a9e538e9a4.json",https://github.com/diegueins680/tdf-app/commit/e9a8105554ba2f79515f82828f1c9e02e70c1888,git push origin 33efe613f45a0a14208795591d5972a9e538e9a4:refs/heads/audit/ux-native-release-20260918
audit/ux-native-tab-release-20260918,de177c8589014dc394cd9af465e43be10ae1f744,https://github.com/diegueins680/tdf-app/pull/435,main,Not protected by captured GitHub branch rules; external preview configuration not fully verifiable.,"+0/-143 vs initial intended target; +0/-143 vs initial main; merge base de177c8589014dc394cd9af465e43be10ae1f744; current head None, relation {'target': 'main', 'target_sha': 'b07f67c3ebe2022d5f70e94578944b6401616696', 'ahead': 0, 'behind': 320, 'merge_base': 'de177c8589014dc394cd9af465e43be10ae1f744'}","435: APPROVED, 0 unresolved; {'success': 14, 'skipped': 4}",PR435 unknown (mergeable=None),,fix(ux): pin native onboarding recovery and preserve audit evidence; files: ,ALREADY_MERGED,high,Remote ref concurrently deleted outside this audit; exact head retained in verified recovery bundle. No audit deletion or remote restoration.,"Exact branch head is an ancestor of current main b07f67c3ebe2022d5f70e94578944b6401616696; all committed source history is retained. Deletion not proven safe: preview/environment usage and downstream references must be excluded. Evidence: branch-evidence/013-commits.txt, branch-evidence/013-changes.txt, branch-evidence/013-files.txt, branch-evidence/013-references.txt, checks/de177c8589014dc394cd9af465e43be10ae1f744.json, status/de177c8589014dc394cd9af465e43be10ae1f744.json",https://github.com/diegueins680/tdf-app/commit/e1a825bda26dbb16b1c732e551cc4880d5626943,git push origin de177c8589014dc394cd9af465e43be10ae1f744:refs/heads/audit/ux-native-tab-release-20260918
audit/ux-navigation-concurrency-20260918,9213b1334aca9b34f377790ed992b869185483c8,https://github.com/diegueins680/tdf-app/pull/432,main,Not protected by captured GitHub branch rules; external preview configuration not fully verifiable.,"+0/-187 vs initial intended target; +0/-187 vs initial main; merge base 9213b1334aca9b34f377790ed992b869185483c8; current head None, relation {'target': 'main', 'target_sha': 'b07f67c3ebe2022d5f70e94578944b6401616696', 'ahead': 0, 'behind': 364, 'merge_base': '9213b1334aca9b34f377790ed992b869185483c8'}","432: APPROVED, 0 unresolved; {'success': 18}",PR432 unknown (mergeable=None),,fix(navigation): preserve concurrent visits and accept canonical preferences; files: ,ALREADY_MERGED,high,Remote ref concurrently deleted outside this audit; exact head retained in verified recovery bundle. No audit deletion or remote restoration.,"Exact branch head is an ancestor of current main b07f67c3ebe2022d5f70e94578944b6401616696; all committed source history is retained. Deletion not proven safe: preview/environment usage and downstream references must be excluded. Evidence: branch-evidence/014-commits.txt, branch-evidence/014-changes.txt, branch-evidence/014-files.txt, branch-evidence/014-references.txt, checks/9213b1334aca9b34f377790ed992b869185483c8.json, status/9213b1334aca9b34f377790ed992b869185483c8.json",https://github.com/diegueins680/tdf-app/commit/5c11577a5d31f079b3e070a7810a6b04a48d99f4,git push origin 9213b1334aca9b34f377790ed992b869185483c8:refs/heads/audit/ux-navigation-concurrency-20260918
audit/ux-operational-20260918,2fb19e8635e5a46e0d31093ed2e9b40dc9bf7b91,https://github.com/diegueins680/tdf-app/pull/429,main,Not protected by captured GitHub branch rules; external preview configuration not fully verifiable.,"+0/-207 vs initial intended target; +0/-207 vs initial main; merge base 2fb19e8635e5a46e0d31093ed2e9b40dc9bf7b91; current head None, relation {'target': 'main', 'target_sha': 'b07f67c3ebe2022d5f70e94578944b6401616696', 'ahead': 0, 'behind': 384, 'merge_base': '2fb19e8635e5a46e0d31093ed2e9b40dc9bf7b91'}","429: APPROVED, 0 unresolved; {'success': 16, 'skipped': 4}",PR429 unknown (mergeable=None),,fix(ux): make operational controls and layouts accessible; files: ,ALREADY_MERGED,high,Remote ref concurrently deleted outside this audit; exact head retained in verified recovery bundle. No audit deletion or remote restoration.,"Exact branch head is an ancestor of current main b07f67c3ebe2022d5f70e94578944b6401616696; all committed source history is retained. Deletion not proven safe: preview/environment usage and downstream references must be excluded. Evidence: branch-evidence/015-commits.txt, branch-evidence/015-changes.txt, branch-evidence/015-files.txt, branch-evidence/015-references.txt, checks/2fb19e8635e5a46e0d31093ed2e9b40dc9bf7b91.json, status/2fb19e8635e5a46e0d31093ed2e9b40dc9bf7b91.json",https://github.com/diegueins680/tdf-app/commit/c00578da58d3a2a4541fceb08a6d1c463318d8a1,git push origin 2fb19e8635e5a46e0d31093ed2e9b40dc9bf7b91:refs/heads/audit/ux-operational-20260918
audit/ux-provider-rollback-guard-20260918,35172083af75f9c7530624173d82819252e25d1a,https://github.com/diegueins680/tdf-app/pull/438,main,Not protected by captured GitHub branch rules; external preview configuration not fully verifiable.,"+0/-174 vs initial intended target; +0/-174 vs initial main; merge base 35172083af75f9c7530624173d82819252e25d1a; current head None, relation {'target': 'main', 'target_sha': 'b07f67c3ebe2022d5f70e94578944b6401616696', 'ahead': 0, 'behind': 351, 'merge_base': '35172083af75f9c7530624173d82819252e25d1a'}","438: APPROVED, 0 unresolved; {'success': 17, 'skipped': 1}",PR438 unknown (mergeable=None),,fix(release): require compatible recovery for provider identity rollout; files: ,ALREADY_MERGED,high,Remote ref concurrently deleted outside this audit; exact head retained in verified recovery bundle. No audit deletion or remote restoration.,"Exact branch head is an ancestor of current main b07f67c3ebe2022d5f70e94578944b6401616696; all committed source history is retained. Deletion not proven safe: preview/environment usage and downstream references must be excluded. Evidence: branch-evidence/016-commits.txt, branch-evidence/016-changes.txt, branch-evidence/016-files.txt, branch-evidence/016-references.txt, checks/35172083af75f9c7530624173d82819252e25d1a.json, status/35172083af75f9c7530624173d82819252e25d1a.json",https://github.com/diegueins680/tdf-app/commit/499e8be7b8edaccbbd46a4d763e4c3b6326b4d92,git push origin 35172083af75f9c7530624173d82819252e25d1a:refs/heads/audit/ux-provider-rollback-guard-20260918
audit/ux-public-data-latency-20260918,1d4143f7809f416317d858ad4161580c1dd125e1,https://github.com/diegueins680/tdf-app/pull/443,main,Not protected by captured GitHub branch rules; external preview configuration not fully verifiable.,"+0/-155 vs initial intended target; +0/-155 vs initial main; merge base 1d4143f7809f416317d858ad4161580c1dd125e1; current head None, relation {'target': 'main', 'target_sha': 'b07f67c3ebe2022d5f70e94578944b6401616696', 'ahead': 0, 'behind': 332, 'merge_base': '1d4143f7809f416317d858ad4161580c1dd125e1'}","443: APPROVED, 0 unresolved; {'success': 17}",PR443 unknown (mergeable=None),,fix(catalog): bound public marketplace and Records database round trips; files: ,ALREADY_MERGED,high,Remote ref concurrently deleted outside this audit; exact head retained in verified recovery bundle. No audit deletion or remote restoration.,"Exact branch head is an ancestor of current main b07f67c3ebe2022d5f70e94578944b6401616696; all committed source history is retained. Deletion not proven safe: preview/environment usage and downstream references must be excluded. Evidence: branch-evidence/017-commits.txt, branch-evidence/017-changes.txt, branch-evidence/017-files.txt, branch-evidence/017-references.txt, checks/1d4143f7809f416317d858ad4161580c1dd125e1.json, status/1d4143f7809f416317d858ad4161580c1dd125e1.json",https://github.com/diegueins680/tdf-app/commit/e1a825bda26dbb16b1c732e551cc4880d5626943,git push origin 1d4143f7809f416317d858ad4161580c1dd125e1:refs/heads/audit/ux-public-data-latency-20260918
audit/ux-public-loading-labels-20260918,1aa708a00e870b17e0d32576b2247fb9a1156719,https://github.com/diegueins680/tdf-app/pull/442,main,Not protected by captured GitHub branch rules; external preview configuration not fully verifiable.,"+0/-156 vs initial intended target; +0/-156 vs initial main; merge base 1aa708a00e870b17e0d32576b2247fb9a1156719; current head None, relation {'target': 'main', 'target_sha': 'b07f67c3ebe2022d5f70e94578944b6401616696', 'ahead': 0, 'behind': 333, 'merge_base': '1aa708a00e870b17e0d32576b2247fb9a1156719'}","442: APPROVED, 0 unresolved; {'success': 11, 'skipped': 4}",PR442 unknown (mergeable=None),,fix(a11y): identify public loading states in Spanish and English; files: ,ALREADY_MERGED,high,Remote ref concurrently deleted outside this audit; exact head retained in verified recovery bundle. No audit deletion or remote restoration.,"Exact branch head is an ancestor of current main b07f67c3ebe2022d5f70e94578944b6401616696; all committed source history is retained. Deletion not proven safe: preview/environment usage and downstream references must be excluded. Evidence: branch-evidence/018-commits.txt, branch-evidence/018-changes.txt, branch-evidence/018-files.txt, branch-evidence/018-references.txt, checks/1aa708a00e870b17e0d32576b2247fb9a1156719.json, status/1aa708a00e870b17e0d32576b2247fb9a1156719.json",https://github.com/diegueins680/tdf-app/commit/e1a825bda26dbb16b1c732e551cc4880d5626943,git push origin 1aa708a00e870b17e0d32576b2247fb9a1156719:refs/heads/audit/ux-public-loading-labels-20260918
audit/ux-public-text-reflow-20260918,f92b9947d12a3701aff9f38c9abcc77656e01413,https://github.com/diegueins680/tdf-app/pull/446,main,Not protected by captured GitHub branch rules; external preview configuration not fully verifiable.,"+0/-155 vs initial intended target; +0/-155 vs initial main; merge base f92b9947d12a3701aff9f38c9abcc77656e01413; current head None, relation {'target': 'main', 'target_sha': 'b07f67c3ebe2022d5f70e94578944b6401616696', 'ahead': 0, 'behind': 332, 'merge_base': 'f92b9947d12a3701aff9f38c9abcc77656e01413'}","446: APPROVED, 0 unresolved; {'success': 11, 'skipped': 4}",PR446 unknown (mergeable=None),,fix(a11y): preserve public navigation and content with enlarged text; files: ,ALREADY_MERGED,high,Remote ref concurrently deleted outside this audit; exact head retained in verified recovery bundle. No audit deletion or remote restoration.,"Exact branch head is an ancestor of current main b07f67c3ebe2022d5f70e94578944b6401616696; all committed source history is retained. Deletion not proven safe: preview/environment usage and downstream references must be excluded. Evidence: branch-evidence/019-commits.txt, branch-evidence/019-changes.txt, branch-evidence/019-files.txt, branch-evidence/019-references.txt, checks/f92b9947d12a3701aff9f38c9abcc77656e01413.json, status/f92b9947d12a3701aff9f38c9abcc77656e01413.json",https://github.com/diegueins680/tdf-app/commit/e1a825bda26dbb16b1c732e551cc4880d5626943,git push origin f92b9947d12a3701aff9f38c9abcc77656e01413:refs/heads/audit/ux-public-text-reflow-20260918
audit/ux-release-integration-20260918,23d5388320583f0c756f6426516649c69b6b118e,https://github.com/diegueins680/tdf-app/pull/449,main,Not protected by captured GitHub branch rules; external preview configuration not fully verifiable.,"+0/-118 vs initial intended target; +0/-118 vs initial main; merge base 23d5388320583f0c756f6426516649c69b6b118e; current head None, relation {'target': 'main', 'target_sha': 'b07f67c3ebe2022d5f70e94578944b6401616696', 'ahead': 0, 'behind': 295, 'merge_base': '23d5388320583f0c756f6426516649c69b6b118e'}","449: APPROVED, 0 unresolved; {'success': 18}",PR449 unknown (mergeable=None),,"fix(ux): integrate audited arrival, calendar and native onboarding fixes; files: ",ALREADY_MERGED,high,Remote ref concurrently deleted outside this audit; exact head retained in verified recovery bundle. No audit deletion or remote restoration.,"Exact branch head is an ancestor of current main b07f67c3ebe2022d5f70e94578944b6401616696; all committed source history is retained. Deletion not proven safe: preview/environment usage and downstream references must be excluded. Evidence: branch-evidence/020-commits.txt, branch-evidence/020-changes.txt, branch-evidence/020-files.txt, branch-evidence/020-references.txt, checks/23d5388320583f0c756f6426516649c69b6b118e.json, status/23d5388320583f0c756f6426516649c69b6b118e.json",https://github.com/diegueins680/tdf-app/commit/e1a825bda26dbb16b1c732e551cc4880d5626943,git push origin 23d5388320583f0c756f6426516649c69b6b118e:refs/heads/audit/ux-release-integration-20260918
audit/ux-remaining-coverage-20260918,dabb773a25d56b567c95ee14a06216b40588fe04,https://github.com/diegueins680/tdf-app/pull/433,main,Not protected by captured GitHub branch rules; external preview configuration not fully verifiable.,"+0/-193 vs initial intended target; +0/-193 vs initial main; merge base dabb773a25d56b567c95ee14a06216b40588fe04; current head None, relation {'target': 'main', 'target_sha': 'b07f67c3ebe2022d5f70e94578944b6401616696', 'ahead': 0, 'behind': 370, 'merge_base': 'dabb773a25d56b567c95ee14a06216b40588fe04'}","433: APPROVED, 0 unresolved; {'success': 14, 'skipped': 4}",PR433 unknown (mergeable=None),,fix(a11y): expose campaign controls and keep keyboard focus visible; files: ,ALREADY_MERGED,high,Remote ref concurrently deleted outside this audit; exact head retained in verified recovery bundle. No audit deletion or remote restoration.,"Exact branch head is an ancestor of current main b07f67c3ebe2022d5f70e94578944b6401616696; all committed source history is retained. Deletion not proven safe: preview/environment usage and downstream references must be excluded. Evidence: branch-evidence/021-commits.txt, branch-evidence/021-changes.txt, branch-evidence/021-files.txt, branch-evidence/021-references.txt, checks/dabb773a25d56b567c95ee14a06216b40588fe04.json, status/dabb773a25d56b567c95ee14a06216b40588fe04.json",https://github.com/diegueins680/tdf-app/commit/6d49c0f055b24743a13991a5fbb94e3774c07c9a,git push origin dabb773a25d56b567c95ee14a06216b40588fe04:refs/heads/audit/ux-remaining-coverage-20260918
audit/ux-remaining-storage-boundaries-20260918,dd9633c1de19568b0f4096d85b9f452f06c1ef1b,,main,Not protected by captured GitHub branch rules; external preview configuration not fully verifiable.,"+0/-156 vs initial intended target; +0/-156 vs initial main; merge base dd9633c1de19568b0f4096d85b9f452f06c1ef1b; current head None, relation {'target': 'main', 'target_sha': 'b07f67c3ebe2022d5f70e94578944b6401616696', 'ahead': 0, 'behind': 333, 'merge_base': 'dd9633c1de19568b0f4096d85b9f452f06c1ef1b'}",; {'success': 2},No PR mergeability; see recorded git comparisons,,fix(ux): keep authenticated views and private recovery usable without storage; files: ,ALREADY_MERGED,high,Remote ref concurrently deleted outside this audit; exact head retained in verified recovery bundle. No audit deletion or remote restoration.,"Exact branch head is an ancestor of current main b07f67c3ebe2022d5f70e94578944b6401616696; all committed source history is retained. Deletion not proven safe: preview/environment usage and downstream references must be excluded. Evidence: branch-evidence/022-commits.txt, branch-evidence/022-changes.txt, branch-evidence/022-files.txt, branch-evidence/022-references.txt, checks/dd9633c1de19568b0f4096d85b9f452f06c1ef1b.json, status/dd9633c1de19568b0f4096d85b9f452f06c1ef1b.json",,git push origin dd9633c1de19568b0f4096d85b9f452f06c1ef1b:refs/heads/audit/ux-remaining-storage-boundaries-20260918
audit/ux-static-policy-accessibility-20260918,8f19726548c57df47ad2666def486a13d66fdf38,https://github.com/diegueins680/tdf-app/pull/440,main,Not protected by captured GitHub branch rules; external preview configuration not fully verifiable.,"+0/-171 vs initial intended target; +0/-171 vs initial main; merge base 8f19726548c57df47ad2666def486a13d66fdf38; current head None, relation {'target': 'main', 'target_sha': 'b07f67c3ebe2022d5f70e94578944b6401616696', 'ahead': 0, 'behind': 348, 'merge_base': '8f19726548c57df47ad2666def486a13d66fdf38'}","440: APPROVED, 0 unresolved; {'success': 12, 'skipped': 4}",PR440 unknown (mergeable=None),,fix(a11y): keep public policy links readable and text responsive; files: ,ALREADY_MERGED,high,Remote ref concurrently deleted outside this audit; exact head retained in verified recovery bundle. No audit deletion or remote restoration.,"Exact branch head is an ancestor of current main b07f67c3ebe2022d5f70e94578944b6401616696; all committed source history is retained. Deletion not proven safe: preview/environment usage and downstream references must be excluded. Evidence: branch-evidence/023-commits.txt, branch-evidence/023-changes.txt, branch-evidence/023-files.txt, branch-evidence/023-references.txt, checks/8f19726548c57df47ad2666def486a13d66fdf38.json, status/8f19726548c57df47ad2666def486a13d66fdf38.json",https://github.com/diegueins680/tdf-app/commit/5d49f61fa68000abb188bf6d9bb19a3bce035aec,git push origin 8f19726548c57df47ad2666def486a13d66fdf38:refs/heads/audit/ux-static-policy-accessibility-20260918
audit/ux-ui-complete-20260917,19d8dc830b65b58ccbeb274a41710c6cc95a0d51,https://github.com/diegueins680/tdf-app/pull/421,main,Not protected by captured GitHub branch rules; external preview configuration not fully verifiable.,"+0/-338 vs initial intended target; +0/-338 vs initial main; merge base 19d8dc830b65b58ccbeb274a41710c6cc95a0d51; current head None, relation {'target': 'main', 'target_sha': 'b07f67c3ebe2022d5f70e94578944b6401616696', 'ahead': 0, 'behind': 515, 'merge_base': '19d8dc830b65b58ccbeb274a41710c6cc95a0d51'}","421: APPROVED, 0 unresolved; {'success': 13, 'skipped': 3}",PR421 unknown (mergeable=None),,fix(onboarding): preserve entry during storage denial and service startup; files: ,ALREADY_MERGED,high,Remote ref concurrently deleted outside this audit; exact head retained in verified recovery bundle. No audit deletion or remote restoration.,"Exact branch head is an ancestor of current main b07f67c3ebe2022d5f70e94578944b6401616696; all committed source history is retained. Deletion not proven safe: preview/environment usage and downstream references must be excluded. Evidence: branch-evidence/024-commits.txt, branch-evidence/024-changes.txt, branch-evidence/024-files.txt, branch-evidence/024-references.txt, checks/19d8dc830b65b58ccbeb274a41710c6cc95a0d51.json, status/19d8dc830b65b58ccbeb274a41710c6cc95a0d51.json",https://github.com/diegueins680/tdf-app/commit/6b48449e7f934e91b9450c44be3b43873922ffd9,git push origin 19d8dc830b65b58ccbeb274a41710c6cc95a0d51:refs/heads/audit/ux-ui-complete-20260917
chore/event-catalog-stale-reconciliation,ea79b46addea67087c85c03ea6f9c29d45ca19da,https://github.com/diegueins680/tdf-app/pull/417,chore/event-operations-catalog-review,Not protected by captured GitHub branch rules; external preview configuration not fully verifiable.,"+1/-0 vs initial intended target; +37/-448 vs initial main; merge base d5505e2731d395cc2a5859d215e36ffda9e88138; current head ea79b46addea67087c85c03ea6f9c29d45ca19da, relation {'target': 'chore/event-operations-catalog-review', 'target_sha': 'd5505e2731d395cc2a5859d215e36ffda9e88138', 'ahead': 1, 'behind': 0, 'merge_base': 'd5505e2731d395cc2a5859d215e36ffda9e88138'}","417: no required approval recorded, 0 unresolved; {'success': 20, 'skipped': 5, 'failure': 1}",PR417 unstable (mergeable=True),,"docs(events): reconcile nine stale catalog decisions with retained evidence; files: docs/catalog-persistence/catalog-list-decisions.json, docs/catalog-persistence/event-catalog-retirements.json, docs/event-operations/README.md, docs/event-operations/catalog-stale-reconciliation-contract.md, docs/event-operations/pr-36-catalog-stale-reconciliation.md, scripts/__tests__/catalog-list-audit.test.mjs",ALREADY_MERGED,high,Preserved branch; no audit deletion. Closed redundant unmerged PR after exact-head ancestry verification. Source contribution integrated through verified normal merge465; see target CI and closure evidence.,"Exact source head and contributor history are integrated through approved consolidation465 and its verified normal merge. Current product/API/mobile/session/lifecycle/task integrity repairs and tests are retained in the replacement. Source closure waits for passing normal target CI; branch remains. Evidence: branch-evidence/025-commits.txt, branch-evidence/025-changes.txt, branch-evidence/025-files.txt, branch-evidence/025-references.txt, checks/ea79b46addea67087c85c03ea6f9c29d45ca19da.json, status/ea79b46addea67087c85c03ea6f9c29d45ca19da.json",https://github.com/diegueins680/tdf-app/pull/417; https://github.com/diegueins680/tdf-app/pull/417#issuecomment-5975661580; https://github.com/diegueins680/tdf-app/pull/465,Not deleted
chore/event-operations-catalog-review,d5505e2731d395cc2a5859d215e36ffda9e88138,https://github.com/diegueins680/tdf-app/pull/416,fix/event-raci-review-contrast,Not protected by captured GitHub branch rules; external preview configuration not fully verifiable.,"+2/-0 vs initial intended target; +36/-448 vs initial main; merge base cbbb3da9f20c2314c73a5114b8c0aa943647054e; current head d5505e2731d395cc2a5859d215e36ffda9e88138, relation {'target': 'fix/event-raci-review-contrast', 'target_sha': 'cbbb3da9f20c2314c73a5114b8c0aa943647054e', 'ahead': 2, 'behind': 0, 'merge_base': 'cbbb3da9f20c2314c73a5114b8c0aa943647054e'}","416: no required approval recorded, 0 unresolved; {'success': 13, 'failure': 1}",PR416 unstable (mergeable=True),,"docs(events): review canonical event catalog fingerprints; files: docs/catalog-persistence/catalog-list-decisions.json, docs/event-operations/README.md, docs/event-operations/catalog-review-contract.md, docs/event-operations/pr-34-raci-review-paint.md, docs/event-operations/pr-35-event-catalog-review.md, docs/event-operations/traceability-matrix.md",ALREADY_MERGED,high,Preserved branch; no audit deletion. Closed redundant unmerged PR after exact-head ancestry verification. Source contribution integrated through verified normal merge465; see target CI and closure evidence.,"Exact source head and contributor history are integrated through approved consolidation465 and its verified normal merge. Current product/API/mobile/session/lifecycle/task integrity repairs and tests are retained in the replacement. Source closure waits for passing normal target CI; branch remains. Evidence: branch-evidence/026-commits.txt, branch-evidence/026-changes.txt, branch-evidence/026-files.txt, branch-evidence/026-references.txt, checks/d5505e2731d395cc2a5859d215e36ffda9e88138.json, status/d5505e2731d395cc2a5859d215e36ffda9e88138.json",https://github.com/diegueins680/tdf-app/pull/416; https://github.com/diegueins680/tdf-app/pull/416#issuecomment-5975663159; https://github.com/diegueins680/tdf-app/pull/465,Not deleted
codex/event-ingestion-boundaries-20260927,6ba185a697b3b6b6983ebb48e0ab6454f716cf23,https://github.com/diegueins680/tdf-app/pull/463,fix/event-confirmed-end-20260920,Not protected by captured GitHub branch rules; external preview configuration not fully verifiable.,"+2/-0 vs initial intended target; +4/-0 vs initial main; merge base 648f2d6dc69080d4438ae2a25309497012ded2d1; current head a125a347cacb8d941a515171e2a81d4c92f2c2d2, relation {'target': 'fix/event-confirmed-end-20260920', 'target_sha': None}","463: REVIEW_REQUIRED, 1 unresolved; {'success': 2}",PR463 dirty (mergeable=False),,"Share event pilot capacity and separate publication authority; files: .github/workflows/ci.yml, docs/Event_Discovery_Cron.md, docs/catalog-persistence/catalog-list-decisions.json, formal/system/inventory.json, scripts/lib/production-release.mjs, scripts/production-migrations.json, scripts/test-event-ingestion-boundaries.sh, tdf-hq/docs/Event_Research_Ingestion.md, tdf-hq/sql/2026-09-27_event_ingestion_boundaries.sql, tdf-hq/sql/2026-09-27_event_ingestion_boundaries_rollback.sql, tdf-hq/src/TDF/Cron.hs, tdf-hq/src/TDF/Services/EventDiscovery.hs, tdf-hq/test/TDF/Services/EventDiscoverySpec.hs, tdf-hq/test/sql/event_ingestion_boundaries.sql",ALREADY_MERGED,high,"Preserved branch; no audit deletion. Closed redundant unmerged PR after exact-head ancestry verification. Published normal repair commits 697bd58b5ea1c8134be490cce588b65e9a08dad8 and a125a347cacb8d941a515171e2a81d4c92f2c2d2; verified all three addressed threads resolved; carried history into standalone PR469, now merged as de76dc7df; the original source PR463 was subsequently closed with verified integration evidence; its branch remains.","Exact branch head is an ancestor of current main b07f67c3ebe2022d5f70e94578944b6401616696; all committed source history is retained. Deletion not proven safe: preview/environment usage and downstream references must be excluded. Evidence: branch-evidence/027-commits.txt, branch-evidence/027-changes.txt, branch-evidence/027-files.txt, branch-evidence/027-references.txt, checks/6ba185a697b3b6b6983ebb48e0ab6454f716cf23.json, status/6ba185a697b3b6b6983ebb48e0ab6454f716cf23.json",https://github.com/diegueins680/tdf-app/pull/463; https://github.com/diegueins680/tdf-app/pull/463#issuecomment-5909149589; https://github.com/diegueins680/tdf-app/pull/463,Not deleted
codex/payment-capture-replay-integrity-20260915,c8ef56f404dc12f5311635214549221a7090ea70,https://github.com/diegueins680/tdf-app/pull/378,codex/payment-recovery-observability-20260915,Not protected by captured GitHub branch rules; external preview configuration not fully verifiable.,"+4/-0 vs initial intended target; +79/-435 vs initial main; merge base c19c4f5d87abdb5a9b3e935e79af2238fdb99c43; current head c8ef56f404dc12f5311635214549221a7090ea70, relation {'target': 'codex/payment-recovery-observability-20260915', 'target_sha': 'c19c4f5d87abdb5a9b3e935e79af2238fdb99c43', 'ahead': 4, 'behind': 0, 'merge_base': 'c19c4f5d87abdb5a9b3e935e79af2238fdb99c43'}","378: no required approval recorded, 0 unresolved; {'success': 12, 'skipped': 3}",PR378 clean (mergeable=True),380: codex/payment-closed-checkout-evidence-20260915,"fix(payments): preserve capture and binding evidence on replay; files: docs/adr/0123-idempotent-capture-evidence-and-binding.md, docs/payments/capture-replay-integrity-2026-09-15.md, docs/payments/ecuador-payment-platform-audit-2026-09-11.md, docs/payments/operator-runbooks.md, scripts/__tests__/fixtures/provider-retry-ledger-base.sql, scripts/test-provider-retry-runtime.sh, tdf-hq/src/TDF/Commerce/CheckoutStore.hs, tdf-hq/test/TDF/Commerce/ProviderRetrySpec.hs",BLOCKED_OR_AMBIGUOUS,high,Preserved branch; no audit deletion.,"Current payment expansion remains unique. Root PR331 has unresolved no-charge-finality safety feedback; downstream stack depends on it. Current main explicitly defers provider expansion. Some worker safety was merged via PR418, but new reconciliation worker value remains. Evidence: branch-evidence/028-commits.txt, branch-evidence/028-changes.txt, branch-evidence/028-files.txt, branch-evidence/028-references.txt, checks/c8ef56f404dc12f5311635214549221a7090ea70.json, status/c8ef56f404dc12f5311635214549221a7090ea70.json",,Not deleted
codex/payment-checkout-surfaces-20260914,70823741bd33ed713cb2e703f812a884ad8ba1e7,https://github.com/diegueins680/tdf-app/pull/334,codex/payment-provider-execution-20260913,Not protected by captured GitHub branch rules; external preview configuration not fully verifiable.,"+8/-0 vs initial intended target; +43/-435 vs initial main; merge base 536964de601c5e031835781b3af07ff797cd249e; current head 70823741bd33ed713cb2e703f812a884ad8ba1e7, relation {'target': 'codex/payment-provider-execution-20260913', 'target_sha': '536964de601c5e031835781b3af07ff797cd249e', 'ahead': 8, 'behind': 0, 'merge_base': '536964de601c5e031835781b3af07ff797cd249e'}","334: REVIEW_REQUIRED, 0 unresolved; {'success': 15, 'skipped': 1}",PR334 unknown (mergeable=None),340: codex/payment-reconciliation-safety-20260914,"feat(payments): add durable hosted checkout recovery; files: docs/catalog-persistence/catalog-list-decisions.json, docs/catalog-persistence/reports/list-consumer-matrix.csv, docs/catalog-persistence/reports/static-list-inventory.json, docs/payments/ecuador-payment-platform-audit-2026-09-11.md, docs/payments/operator-runbooks.md, docs/payments/provider-execution-verification-2026-09-14.md, tdf-hq-ui/src/__tests__/PublicEventTicketsPage.test.tsx, tdf-hq-ui/src/api/bookings.ts, tdf-hq-ui/src/api/courses.ts, tdf-hq-ui/src/api/generated/types.ts, tdf-hq-ui/src/api/paymentCapabilities.test.ts, tdf-hq-ui/src/api/paymentCapabilities.ts, tdf-hq-ui/src/api/providerPaymentSessions.test.ts, tdf-hq-ui/src/api/providerPaymentSessions.ts, tdf-hq-ui/src/api/serviceStorefront.ts, tdf-hq-ui/src/components/payments/HostedProviderCheckout.test.tsx, tdf-hq-ui/src/components/payments/HostedProviderCheckout.tsx, tdf-hq-ui/src/pages/CourseProductionLandingPage.tsx, tdf-hq-ui/src/pages/DomoQuoteCheckoutPage.tsx, tdf-hq-ui/src/pages/MixingMasteringPage.tsx, tdf-hq-ui/src/pages/ProviderPaymentReturnPage.test.tsx, tdf-hq-ui/src/pages/ProviderPaymentReturnPage.tsx, tdf-hq-ui/src/pages/PublicBookingOrderTrackingPage.tsx, tdf-hq-ui/src/pages/PublicBookingPage.tsx, tdf-hq-ui/src/pages/PublicEventTicketsPage.tsx, tdf-hq-ui/src/pages/ServiceOrderTrackingPage.tsx, tdf-hq-ui/src/routes/publicRoutes.tsx, tdf-hq-ui/src/utils/providerPaymentResume.test.ts, tdf-hq-ui/src/utils/providerPaymentResume.ts, tdf-hq/assets/feature-registry.json, tdf-hq/docs/openapi/api.yaml, tdf-hq/src/TDF/API/ServiceStorefrontTypes.hs, tdf-hq/src/TDF/Server/PaymentAvailability.hs, tdf-hq/src/TDF/Server/ServiceStorefront.hs, tdf-hq/test/Spec.hs, tdf-mobile",BLOCKED_OR_AMBIGUOUS,high,Preserved branch; no audit deletion.,"Current payment expansion remains unique. Root PR331 has unresolved no-charge-finality safety feedback; downstream stack depends on it. Current main explicitly defers provider expansion. Some worker safety was merged via PR418, but new reconciliation worker value remains. Evidence: branch-evidence/029-commits.txt, branch-evidence/029-changes.txt, branch-evidence/029-files.txt, branch-evidence/029-references.txt, checks/70823741bd33ed713cb2e703f812a884ad8ba1e7.json, status/70823741bd33ed713cb2e703f812a884ad8ba1e7.json",,Not deleted
codex/payment-closed-checkout-evidence-20260915,9d0d84dbb4e5afafbfda7f0074421246926fd98d,https://github.com/diegueins680/tdf-app/pull/380,codex/payment-capture-replay-integrity-20260915,Not protected by captured GitHub branch rules; external preview configuration not fully verifiable.,"+5/-0 vs initial intended target; +84/-435 vs initial main; merge base c8ef56f404dc12f5311635214549221a7090ea70; current head 9d0d84dbb4e5afafbfda7f0074421246926fd98d, relation {'target': 'codex/payment-capture-replay-integrity-20260915', 'target_sha': 'c8ef56f404dc12f5311635214549221a7090ea70', 'ahead': 5, 'behind': 0, 'merge_base': 'c8ef56f404dc12f5311635214549221a7090ea70'}","380: no required approval recorded, 0 unresolved; {'success': 12, 'skipped': 3}",PR380 clean (mergeable=True),385: codex/payment-reconciliation-evidence-view-20260915,"fix(payments): retain verified approvals on closed checkouts; files: docs/adr/0124-closed-checkout-approval-evidence.md, docs/payments/closed-checkout-approval-2026-09-15.md, docs/payments/ecuador-payment-platform-audit-2026-09-11.md, docs/payments/operator-runbooks.md, tdf-hq-ui/src/components/payments/HostedProviderCheckout.test.tsx, tdf-hq/src/TDF/Commerce/ProviderExecutionStore.hs, tdf-hq/src/TDF/Commerce/ProviderReconciliation.hs, tdf-hq/test/TDF/Commerce/ProviderRetrySpec.hs",BLOCKED_OR_AMBIGUOUS,high,Preserved branch; no audit deletion.,"Current payment expansion remains unique. Root PR331 has unresolved no-charge-finality safety feedback; downstream stack depends on it. Current main explicitly defers provider expansion. Some worker safety was merged via PR418, but new reconciliation worker value remains. Evidence: branch-evidence/030-commits.txt, branch-evidence/030-changes.txt, branch-evidence/030-files.txt, branch-evidence/030-references.txt, checks/9d0d84dbb4e5afafbfda7f0074421246926fd98d.json, status/9d0d84dbb4e5afafbfda7f0074421246926fd98d.json",,Not deleted
codex/payment-held-refund-query-20260916,365561aecff57e76d38cb0e98217a34f1d642ff4,https://github.com/diegueins680/tdf-app/pull/408,codex/payment-refund-reconciliation-20260916,Not protected by captured GitHub branch rules; external preview configuration not fully verifiable.,"+10/-0 vs initial intended target; +133/-409 vs initial main; merge base 66fa88e90c80866e0090761addfabd9f1e817cc2; current head 365561aecff57e76d38cb0e98217a34f1d642ff4, relation {'target': 'codex/payment-refund-reconciliation-20260916', 'target_sha': '66fa88e90c80866e0090761addfabd9f1e817cc2', 'ahead': 10, 'behind': 0, 'merge_base': '66fa88e90c80866e0090761addfabd9f1e817cc2'}","408: no required approval recorded, 0 unresolved; {'success': 14, 'skipped': 1}",PR408 clean (mergeable=True),414: codex/payment-stack-integration-20260916,"payments: reconcile known held PayPal refunds without re-execution; files: docs/adr/0130-known-id-refund-query-recovery.md, docs/catalog-persistence/catalog-list-decisions.json, docs/catalog-persistence/reports/list-consumer-matrix.csv, docs/catalog-persistence/reports/static-list-inventory.json, docs/payments/ecuador-payment-platform-audit-2026-09-11.md, docs/payments/held-refund-query-2026-09-16.md, scripts/__tests__/payment-query-report-contract.test.mjs, tdf-hq-ui/src/api/generated/types.ts, tdf-hq-ui/src/api/serviceStorefront.test.ts, tdf-hq-ui/src/api/serviceStorefront.ts, tdf-hq-ui/src/components/payments/HeldRefundRecoveryPanel.test.tsx, tdf-hq-ui/src/components/payments/HeldRefundRecoveryPanel.tsx, tdf-hq-ui/src/pages/CommerceProviderEventsPage.tsx, tdf-hq/.env.example, tdf-hq/docs/openapi/api.yaml, tdf-hq/src/TDF/API/ServiceStorefront.hs, tdf-hq/src/TDF/API/ServiceStorefrontTypes.hs, tdf-hq/src/TDF/Commerce/ProviderAdapter/PayPalRefund.hs, tdf-hq/src/TDF/Commerce/RefundReconciliation.hs, tdf-hq/src/TDF/Server/ServiceStorefront.hs, tdf-hq/tdf-hq.cabal, tdf-hq/test/TDF/Commerce/ProviderRetrySpec.hs, tdf-hq/test/TDF/Commerce/RefundRecoverySpec.hs, tdf-mobile",BLOCKED_OR_AMBIGUOUS,high,Preserved branch; no audit deletion.,"Current payment expansion remains unique. Root PR331 has unresolved no-charge-finality safety feedback; downstream stack depends on it. Current main explicitly defers provider expansion. Some worker safety was merged via PR418, but new reconciliation worker value remains. Evidence: branch-evidence/031-commits.txt, branch-evidence/031-changes.txt, branch-evidence/031-files.txt, branch-evidence/031-references.txt, checks/365561aecff57e76d38cb0e98217a34f1d642ff4.json, status/365561aecff57e76d38cb0e98217a34f1d642ff4.json",,Not deleted
codex/payment-http-boundary-20260914,aac15a69e9bc2e6de01652282d9da4012a0af067,https://github.com/diegueins680/tdf-app/pull/350,codex/payment-notification-minimization-20260914,Not protected by captured GitHub branch rules; external preview configuration not fully verifiable.,"+3/-0 vs initial intended target; +53/-449 vs initial main; merge base 6bd0c9316f1816ccfc1873363787a99f33ff72e0; current head aac15a69e9bc2e6de01652282d9da4012a0af067, relation {'target': 'codex/payment-notification-minimization-20260914', 'target_sha': '6bd0c9316f1816ccfc1873363787a99f33ff72e0', 'ahead': 3, 'behind': 0, 'merge_base': '6bd0c9316f1816ccfc1873363787a99f33ff72e0'}","350: REVIEW_REQUIRED, 0 unresolved; {'success': 11, 'skipped': 4}",PR350 unknown (mergeable=None),353: codex/payment-notification-identity-20260914,"fix(payments): enforce a shared bounded HTTP transport; files: docs/adr/0117-shared-bounded-payment-transport.md, docs/payments/ecuador-payment-platform-audit-2026-09-11.md, docs/payments/http-boundary-2026-09-14.md, docs/payments/operator-runbooks.md, tdf-hq/src/TDF/Commerce/ProviderAdapter/Http.hs, tdf-hq/src/TDF/Commerce/ProviderReconciliation.hs, tdf-hq/src/TDF/Server.hs, tdf-hq/src/TDF/Server/CourseCheckout.hs, tdf-hq/src/TDF/Server/DomoQuoteCheckout.hs, tdf-hq/src/TDF/Server/EventTicketCheckout.hs, tdf-hq/src/TDF/Server/ProviderExecution.hs, tdf-hq/src/TDF/Server/ServiceStorefront.hs, tdf-hq/test/TDF/Commerce/ProviderRetrySpec.hs",BLOCKED_OR_AMBIGUOUS,high,Preserved branch; no audit deletion.,"Current payment expansion remains unique. Root PR331 has unresolved no-charge-finality safety feedback; downstream stack depends on it. Current main explicitly defers provider expansion. Some worker safety was merged via PR418, but new reconciliation worker value remains. Evidence: branch-evidence/032-commits.txt, branch-evidence/032-changes.txt, branch-evidence/032-files.txt, branch-evidence/032-references.txt, checks/aac15a69e9bc2e6de01652282d9da4012a0af067.json, status/aac15a69e9bc2e6de01652282d9da4012a0af067.json",,Not deleted
codex/payment-notification-identity-20260914,86a8ce38cd131bfcb1b3e3035fd9a3e3aea1d503,https://github.com/diegueins680/tdf-app/pull/353,codex/payment-http-boundary-20260914,Not protected by captured GitHub branch rules; external preview configuration not fully verifiable.,"+4/-0 vs initial intended target; +57/-449 vs initial main; merge base aac15a69e9bc2e6de01652282d9da4012a0af067; current head 86a8ce38cd131bfcb1b3e3035fd9a3e3aea1d503, relation {'target': 'codex/payment-http-boundary-20260914', 'target_sha': 'aac15a69e9bc2e6de01652282d9da4012a0af067', 'ahead': 4, 'behind': 0, 'merge_base': 'aac15a69e9bc2e6de01652282d9da4012a0af067'}","353: REVIEW_REQUIRED, 0 unresolved; {'success': 11, 'skipped': 4}",PR353 unknown (mergeable=None),358: codex/payment-reconciliation-atomicity-20260914,"fix(payments): deduplicate signed PlaceToPay notification variants; files: docs/adr/0118-signed-payment-notification-identity.md, docs/payments/ecuador-payment-platform-audit-2026-09-11.md, docs/payments/notification-identity-2026-09-14.md, docs/payments/notification-minimization-2026-09-14.md, docs/payments/operator-runbooks.md, tdf-hq/src/TDF/Commerce/ProviderEventStore.hs, tdf-hq/src/TDF/Server/ProviderExecution.hs, tdf-hq/test/TDF/Commerce/ProviderRetrySpec.hs",BLOCKED_OR_AMBIGUOUS,high,Preserved branch; no audit deletion.,"Current payment expansion remains unique. Root PR331 has unresolved no-charge-finality safety feedback; downstream stack depends on it. Current main explicitly defers provider expansion. Some worker safety was merged via PR418, but new reconciliation worker value remains. Evidence: branch-evidence/033-commits.txt, branch-evidence/033-changes.txt, branch-evidence/033-files.txt, branch-evidence/033-references.txt, checks/86a8ce38cd131bfcb1b3e3035fd9a3e3aea1d503.json, status/86a8ce38cd131bfcb1b3e3035fd9a3e3aea1d503.json",,Not deleted
codex/payment-notification-minimization-20260914,6bd0c9316f1816ccfc1873363787a99f33ff72e0,https://github.com/diegueins680/tdf-app/pull/347,codex/payment-terminal-recovery-20260914,Not protected by captured GitHub branch rules; external preview configuration not fully verifiable.,"+2/-0 vs initial intended target; +50/-449 vs initial main; merge base c263a499cc760ce7f97fe7833211f4d7de7494ea; current head 6bd0c9316f1816ccfc1873363787a99f33ff72e0, relation {'target': 'codex/payment-terminal-recovery-20260914', 'target_sha': 'c263a499cc760ce7f97fe7833211f4d7de7494ea', 'ahead': 2, 'behind': 0, 'merge_base': 'c263a499cc760ce7f97fe7833211f4d7de7494ea'}","347: REVIEW_REQUIRED, 0 unresolved; {'success': 11, 'skipped': 4}",PR347 unknown (mergeable=None),350: codex/payment-http-boundary-20260914,"fix(payments): minimize encrypted webhook evidence safely; files: docs/adr/0116-minimized-provider-notification-evidence.md, docs/payments/notification-minimization-2026-09-14.md, docs/payments/operator-runbooks.md, tdf-hq/src/TDF/Commerce/ProviderEventStore.hs, tdf-hq/src/TDF/Server/ServiceStorefront.hs, tdf-hq/test/TDF/Commerce/ProviderRetrySpec.hs",BLOCKED_OR_AMBIGUOUS,high,Preserved branch; no audit deletion.,"Current payment expansion remains unique. Root PR331 has unresolved no-charge-finality safety feedback; downstream stack depends on it. Current main explicitly defers provider expansion. Some worker safety was merged via PR418, but new reconciliation worker value remains. Evidence: branch-evidence/034-commits.txt, branch-evidence/034-changes.txt, branch-evidence/034-files.txt, branch-evidence/034-references.txt, checks/6bd0c9316f1816ccfc1873363787a99f33ff72e0.json, status/6bd0c9316f1816ccfc1873363787a99f33ff72e0.json",,Not deleted
codex/payment-platform-20260911,e9c81a2a3977ab1f69c92e82805bdeff6550ea03,https://github.com/diegueins680/tdf-app/pull/331,main,Not protected by captured GitHub branch rules; external preview configuration not fully verifiable.,"+50/-406 vs initial intended target; +50/-406 vs initial main; merge base d4bd497df6979f639dcd112e4f60b57f3526b9e0; current head e9c81a2a3977ab1f69c92e82805bdeff6550ea03, relation {'target': 'main', 'target_sha': 'b07f67c3ebe2022d5f70e94578944b6401616696', 'ahead': 50, 'behind': 583, 'merge_base': 'd4bd497df6979f639dcd112e4f60b57f3526b9e0'}","331: APPROVED, 5 unresolved; {'success': 2}",PR331 dirty (mergeable=False),332: codex/payment-provider-execution-20260913,"feat(payments): complete provider-neutral payment controls; files: .github/workflows/ci.yml, docs/adr/0115-provider-neutral-payment-routing.md, docs/catalog-persistence/catalog-list-decisions.json, docs/catalog-persistence/reports/list-consumer-matrix.csv, docs/catalog-persistence/reports/static-list-inventory.json, docs/payments/completion-capability-repair-2026-09-15.md, docs/payments/component-environment-review-2026-09-16.md, docs/payments/ecuador-payment-platform-audit-2026-09-11.md, docs/payments/merchant-routing-review-2026-09-16.md, docs/payments/operator-runbooks.md, docs/payments/recurring-readiness-review-2026-09-16.md, docs/payments/review-boundaries-2026-09-16.md, docs/payments/review-repair-2026-09-16.md, docs/payments/runtime-review-followup-2026-09-16.md, scripts/__tests__/ci-pipeline.test.mjs, scripts/__tests__/production-release.test.mjs, scripts/lib/postgres-test-database.sh, scripts/production-migrations.json, scripts/quality-backend.sh, scripts/test-artist-merch-runtime.sh, scripts/test-canonical-payment-lifecycle-migration.sh, scripts/test-payment-audit-runtime.sh, scripts/test-public-booking-http-concurrency.sh, tdf-hq-ui/src/App.tsx, tdf-hq-ui/src/analytics/onboardingCompletionAnalytics.ts, tdf-hq-ui/src/analytics/onboardingProgress.ts, tdf-hq-ui/src/api/commerceOperations.ts, tdf-hq-ui/src/api/generated/types.ts, tdf-hq-ui/src/api/paymentCapabilities.test.ts, tdf-hq-ui/src/api/paymentCapabilities.ts, tdf-hq-ui/src/pages/CommerceProviderEventsPage.test.tsx, tdf-hq-ui/src/pages/CommerceProviderEventsPage.tsx, tdf-hq-ui/src/pages/LoginPage.test.tsx, tdf-hq-ui/src/pages/MarketplacePage.tsx, tdf-hq-ui/src/pages/MixingMasteringPage.test.tsx, tdf-hq-ui/src/pages/MixingMasteringPage.tsx, tdf-hq-ui/src/pages/PublicEventTicketsPage.tsx, tdf-hq-ui/src/routes/AppRoutes.tsx, tdf-hq-ui/src/session/SessionContext.tsx, tdf-hq/config/default.env.example, tdf-hq/docs/openapi/api.yaml, tdf-hq/sql/2026-09-11_manual_bank_provider_activation.sql, tdf-hq/sql/2026-09-11_manual_bank_provider_activation_rollback.sql, tdf-hq/sql/2026-09-11_payment_intent_runtime_sync.sql, tdf-hq/sql/2026-09-11_payment_intent_runtime_sync_rollback.sql, tdf-hq/sql/2026-09-11_provider_capability_catalog.sql, tdf-hq/sql/2026-09-11_provider_capability_catalog_rollback.sql, tdf-hq/sql/2026-09-16_payment_intent_refund_sync.sql, tdf-hq/sql/2026-09-16_payment_intent_refund_sync_rollback.sql, tdf-hq/src/TDF/API/CommerceOperations.hs, tdf-hq/src/TDF/Commerce/PaymentIntentStore.hs, tdf-hq/src/TDF/Commerce/PaymentRuntimeStore.hs, tdf-hq/src/TDF/Commerce/ProviderCapabilities.hs, tdf-hq/src/TDF/Commerce/ProviderCapabilityStore.hs, tdf-hq/src/TDF/Server.hs, tdf-hq/src/TDF/Server/CommerceOperations.hs, tdf-hq/src/TDF/Server/CourseCheckout.hs, tdf-hq/src/TDF/Server/DomoQuoteCheckout.hs, tdf-hq/src/TDF/Server/EventTicketCheckout.hs, tdf-hq/src/TDF/Server/Merch.hs, tdf-hq/src/TDF/Server/PaymentAvailability.hs, tdf-hq/src/TDF/Server/PaymentCapabilities.hs, tdf-hq/src/TDF/Server/ServiceStorefront.hs, tdf-hq/tdf-hq.cabal, tdf-hq/test/Spec.hs, tdf-hq/test/TDF/Server/PaymentAuditSpec.hs, tdf-hq/test/integration/artist_merch_runtime_fixture.sql, tdf-hq/test/integration/payment_audit_fixture.sql, tdf-mobile",BLOCKED_OR_AMBIGUOUS,high,Preserved branch; no audit deletion.,"Current payment expansion remains unique. Root PR331 has unresolved no-charge-finality safety feedback; downstream stack depends on it. Current main explicitly defers provider expansion. Some worker safety was merged via PR418, but new reconciliation worker value remains. Evidence: branch-evidence/035-commits.txt, branch-evidence/035-changes.txt, branch-evidence/035-files.txt, branch-evidence/035-references.txt, checks/e9c81a2a3977ab1f69c92e82805bdeff6550ea03.json, status/e9c81a2a3977ab1f69c92e82805bdeff6550ea03.json",,Not deleted
codex/payment-provider-execution-20260913,536964de601c5e031835781b3af07ff797cd249e,https://github.com/diegueins680/tdf-app/pull/332,codex/payment-platform-20260911,Not protected by captured GitHub branch rules; external preview configuration not fully verifiable.,"+6/-50 vs initial intended target; +35/-435 vs initial main; merge base 25416b43eb8a24b2a57a180fbb846d9db8addcb1; current head 536964de601c5e031835781b3af07ff797cd249e, relation {'target': 'codex/payment-platform-20260911', 'target_sha': 'e9c81a2a3977ab1f69c92e82805bdeff6550ea03', 'ahead': 6, 'behind': 50, 'merge_base': '25416b43eb8a24b2a57a180fbb846d9db8addcb1'}","332: APPROVED, 0 unresolved; {'success': 16}",PR332 unknown (mergeable=None),334: codex/payment-checkout-surfaces-20260914,"feat(payments): execute PlaceToPay and PayPhone safely; files: .github/workflows/ci.yml, docs/adr/0115-provider-neutral-payment-routing.md, docs/catalog-persistence/catalog-list-decisions.json, docs/catalog-persistence/reports/list-consumer-matrix.csv, docs/catalog-persistence/reports/static-list-inventory.json, docs/payments/ecuador-payment-platform-audit-2026-09-11.md, docs/payments/operator-runbooks.md, docs/payments/provider-execution-verification-2026-09-14.md, docs/revenue-platform/provider-capability-matrix.md, package.json, scripts/__tests__/production-release.test.mjs, scripts/lib/production-release.mjs, scripts/production-migrations.json, scripts/test-provider-execution-runtime-migration.sh, tdf-hq-ui/src/api/generated/types.ts, tdf-hq/docs/openapi/api.yaml, tdf-hq/package.yaml, tdf-hq/sql/2026-09-13_provider_execution_runtime.sql, tdf-hq/sql/2026-09-13_provider_execution_runtime_rollback.sql, tdf-hq/src/TDF/API.hs, tdf-hq/src/TDF/API/CommerceOperations.hs, tdf-hq/src/TDF/API/ProviderExecution.hs, tdf-hq/src/TDF/Commerce/CheckoutStore.hs, tdf-hq/src/TDF/Commerce/PaymentIntentStore.hs, tdf-hq/src/TDF/Commerce/PaymentRuntimeStore.hs, tdf-hq/src/TDF/Commerce/ProviderAdapter.hs, tdf-hq/src/TDF/Commerce/ProviderAdapter/PayPhone.hs, tdf-hq/src/TDF/Commerce/ProviderAdapter/PlaceToPay.hs, tdf-hq/src/TDF/Commerce/ProviderEventStore.hs, tdf-hq/src/TDF/Commerce/ProviderEventWorker.hs, tdf-hq/src/TDF/Commerce/ProviderExecutionStore.hs, tdf-hq/src/TDF/Commerce/ProviderReconciliation.hs, tdf-hq/src/TDF/Commerce/ProviderRuntimeConfig.hs, tdf-hq/src/TDF/Server.hs, tdf-hq/src/TDF/Server/CommerceOperations.hs, tdf-hq/src/TDF/Server/CourseCheckout.hs, tdf-hq/src/TDF/Server/DomoQuoteCheckout.hs, tdf-hq/src/TDF/Server/EventTicketCheckout.hs, tdf-hq/src/TDF/Server/PaymentAvailability.hs, tdf-hq/src/TDF/Server/ProviderExecution.hs, tdf-hq/src/TDF/Server/ServiceStorefront.hs, tdf-hq/tdf-hq.cabal, tdf-hq/test/Spec.hs, tdf-mobile",BLOCKED_OR_AMBIGUOUS,high,Preserved branch; no audit deletion.,"Current payment expansion remains unique. Root PR331 has unresolved no-charge-finality safety feedback; downstream stack depends on it. Current main explicitly defers provider expansion. Some worker safety was merged via PR418, but new reconciliation worker value remains. Evidence: branch-evidence/036-commits.txt, branch-evidence/036-changes.txt, branch-evidence/036-files.txt, branch-evidence/036-references.txt, checks/536964de601c5e031835781b3af07ff797cd249e.json, status/536964de601c5e031835781b3af07ff797cd249e.json",,Not deleted
codex/payment-reconciliation-atomicity-20260914,a5ba14f0be4e4f6da1df666b31dd6ae343afedab,https://github.com/diegueins680/tdf-app/pull/358,codex/payment-notification-identity-20260914,Not protected by captured GitHub branch rules; external preview configuration not fully verifiable.,"+4/-0 vs initial intended target; +61/-449 vs initial main; merge base 86a8ce38cd131bfcb1b3e3035fd9a3e3aea1d503; current head a5ba14f0be4e4f6da1df666b31dd6ae343afedab, relation {'target': 'codex/payment-notification-identity-20260914', 'target_sha': '86a8ce38cd131bfcb1b3e3035fd9a3e3aea1d503', 'ahead': 4, 'behind': 0, 'merge_base': '86a8ce38cd131bfcb1b3e3035fd9a3e3aea1d503'}","358: REVIEW_REQUIRED, 0 unresolved; {'success': 12, 'skipped': 3}",PR358 unknown (mergeable=None),363: codex/payment-reconciliation-worker-20260915,"fix(payments): preserve atomic provider reconciliation transactions; files: docs/adr/0119-atomic-provider-query-application.md, docs/payments/ecuador-payment-platform-audit-2026-09-11.md, docs/payments/operator-runbooks.md, docs/payments/reconciliation-atomicity-2026-09-14.md, scripts/__tests__/fixtures/provider-retry-ledger-base.sql, scripts/test-provider-retry-runtime.sh, tdf-hq/src/TDF/Commerce/ProviderReconciliation.hs, tdf-hq/test/TDF/Commerce/ProviderRetrySpec.hs",BLOCKED_OR_AMBIGUOUS,high,Preserved branch; no audit deletion.,"Current payment expansion remains unique. Root PR331 has unresolved no-charge-finality safety feedback; downstream stack depends on it. Current main explicitly defers provider expansion. Some worker safety was merged via PR418, but new reconciliation worker value remains. Evidence: branch-evidence/037-commits.txt, branch-evidence/037-changes.txt, branch-evidence/037-files.txt, branch-evidence/037-references.txt, checks/a5ba14f0be4e4f6da1df666b31dd6ae343afedab.json, status/a5ba14f0be4e4f6da1df666b31dd6ae343afedab.json",,Not deleted
codex/payment-reconciliation-evidence-view-20260915,a64ea1b580faab59e547e3b307f74b0313d58866,https://github.com/diegueins680/tdf-app/pull/385,codex/payment-closed-checkout-evidence-20260915,Not protected by captured GitHub branch rules; external preview configuration not fully verifiable.,"+7/-0 vs initial intended target; +91/-435 vs initial main; merge base 9d0d84dbb4e5afafbfda7f0074421246926fd98d; current head a64ea1b580faab59e547e3b307f74b0313d58866, relation {'target': 'codex/payment-closed-checkout-evidence-20260915', 'target_sha': '9d0d84dbb4e5afafbfda7f0074421246926fd98d', 'ahead': 7, 'behind': 0, 'merge_base': '9d0d84dbb4e5afafbfda7f0074421246926fd98d'}","385: no required approval recorded, 0 unresolved; {'success': 14, 'skipped': 1}",PR385 clean (mergeable=True),389: codex/payment-stack-integration-20260915,"feat(payments): expose read-only reconciliation evidence to admins; files: docs/adr/0125-read-only-reconciliation-evidence.md, docs/catalog-persistence/catalog-list-decisions.json, docs/payments/closed-checkout-approval-2026-09-15.md, docs/payments/ecuador-payment-platform-audit-2026-09-11.md, docs/payments/operator-runbooks.md, docs/payments/reconciliation-evidence-2026-09-15.md, scripts/__tests__/payment-query-report-contract.test.mjs, tdf-hq-ui/src/api/commerceOperations.test.ts, tdf-hq-ui/src/api/commerceOperations.ts, tdf-hq-ui/src/api/generated/types.ts, tdf-hq-ui/src/components/payments/ReconciliationEvidencePanel.test.tsx, tdf-hq-ui/src/components/payments/ReconciliationEvidencePanel.tsx, tdf-hq-ui/src/pages/CommerceProviderEventsPage.test.tsx, tdf-hq-ui/src/pages/CommerceProviderEventsPage.tsx, tdf-hq/docs/openapi/api.yaml, tdf-hq/src/TDF/API/CommerceOperations.hs, tdf-hq/src/TDF/Server/CommerceOperations.hs, tdf-hq/test/TDF/Commerce/ProviderRetrySpec.hs, tdf-mobile",BLOCKED_OR_AMBIGUOUS,high,Preserved branch; no audit deletion.,"Current payment expansion remains unique. Root PR331 has unresolved no-charge-finality safety feedback; downstream stack depends on it. Current main explicitly defers provider expansion. Some worker safety was merged via PR418, but new reconciliation worker value remains. Evidence: branch-evidence/038-commits.txt, branch-evidence/038-changes.txt, branch-evidence/038-files.txt, branch-evidence/038-references.txt, checks/a64ea1b580faab59e547e3b307f74b0313d58866.json, status/a64ea1b580faab59e547e3b307f74b0313d58866.json",,Not deleted
codex/payment-reconciliation-safety-20260914,b8c0e38cdd365e7f977d5cf15f93c164ebfc2149,https://github.com/diegueins680/tdf-app/pull/340,codex/payment-checkout-surfaces-20260914,Not protected by captured GitHub branch rules; external preview configuration not fully verifiable.,"+3/-19 vs initial intended target; +41/-449 vs initial main; merge base 3b81b687753520c6b56a6128d6c110846f1a8995; current head b8c0e38cdd365e7f977d5cf15f93c164ebfc2149, relation {'target': 'codex/payment-checkout-surfaces-20260914', 'target_sha': '70823741bd33ed713cb2e703f812a884ad8ba1e7', 'ahead': 3, 'behind': 19, 'merge_base': '3b81b687753520c6b56a6128d6c110846f1a8995'}","340: REVIEW_REQUIRED, 0 unresolved; {'success': 15}",PR340 unknown (mergeable=None),343: codex/payment-terminal-recovery-20260914,"fix(payments): enforce retry isolation and transaction evidence; files: .github/workflows/ci.yml, docs/payments/operator-runbooks.md, docs/payments/provider-execution-verification-2026-09-14.md, docs/payments/retry-reconciliation-safety-2026-09-14.md, scripts/test-provider-retry-runtime.sh, tdf-hq/src/TDF/Commerce/CheckoutStore.hs, tdf-hq/src/TDF/Commerce/PaymentRuntimeStore.hs, tdf-hq/src/TDF/Commerce/ProviderAdapter.hs, tdf-hq/src/TDF/Commerce/ProviderAdapter/PlaceToPay.hs, tdf-hq/src/TDF/Commerce/ProviderExecutionStore.hs, tdf-hq/src/TDF/Server/ProviderExecution.hs, tdf-hq/src/TDF/Server/ServiceStorefront.hs, tdf-hq/tdf-hq.cabal, tdf-hq/test/Spec.hs, tdf-hq/test/TDF/Commerce/ProviderRetrySpec.hs",BLOCKED_OR_AMBIGUOUS,high,Preserved branch; no audit deletion.,"Current payment expansion remains unique. Root PR331 has unresolved no-charge-finality safety feedback; downstream stack depends on it. Current main explicitly defers provider expansion. Some worker safety was merged via PR418, but new reconciliation worker value remains. Evidence: branch-evidence/039-commits.txt, branch-evidence/039-changes.txt, branch-evidence/039-files.txt, branch-evidence/039-references.txt, checks/b8c0e38cdd365e7f977d5cf15f93c164ebfc2149.json, status/b8c0e38cdd365e7f977d5cf15f93c164ebfc2149.json",,Not deleted
codex/payment-reconciliation-worker-20260915,139a45102c4b715cc8762b5653d0a2db061b167c,https://github.com/diegueins680/tdf-app/pull/363,codex/payment-reconciliation-atomicity-20260914,Not protected by captured GitHub branch rules; external preview configuration not fully verifiable.,"+4/-0 vs initial intended target; +65/-449 vs initial main; merge base a5ba14f0be4e4f6da1df666b31dd6ae343afedab; current head 139a45102c4b715cc8762b5653d0a2db061b167c, relation {'target': 'codex/payment-reconciliation-atomicity-20260914', 'target_sha': 'a5ba14f0be4e4f6da1df666b31dd6ae343afedab', 'ahead': 4, 'behind': 0, 'merge_base': 'a5ba14f0be4e4f6da1df666b31dd6ae343afedab'}","363: APPROVED, 0 unresolved; {'success': 12, 'skipped': 3}",PR363 dirty (mergeable=False),371: codex/payphone-cancellation-compatibility-20260915,"feat(payments): durable missed-callback query recovery; files: docs/adr/0120-durable-provider-query-recovery.md, docs/catalog-persistence/catalog-list-decisions.json, docs/payments/ecuador-payment-platform-audit-2026-09-11.md, docs/payments/operator-runbooks.md, docs/payments/query-recovery-2026-09-15.md, scripts/production-migrations.json, scripts/test-provider-retry-runtime.sh, tdf-hq/sql/2026-09-15_provider_query_recovery.sql, tdf-hq/sql/2026-09-15_provider_query_recovery_rollback.sql, tdf-hq/src/TDF/App/Boot.hs, tdf-hq/src/TDF/Commerce/ProviderExecutionStore.hs, tdf-hq/src/TDF/Commerce/ProviderReconciliation.hs, tdf-hq/test/TDF/Commerce/ProviderRetrySpec.hs",BLOCKED_OR_AMBIGUOUS,high,Preserved branch; no audit deletion.,"Current payment expansion remains unique. Root PR331 has unresolved no-charge-finality safety feedback; downstream stack depends on it. Current main explicitly defers provider expansion. Some worker safety was merged via PR418, but new reconciliation worker value remains. Evidence: branch-evidence/040-commits.txt, branch-evidence/040-changes.txt, branch-evidence/040-files.txt, branch-evidence/040-references.txt, checks/139a45102c4b715cc8762b5653d0a2db061b167c.json, status/139a45102c4b715cc8762b5653d0a2db061b167c.json",,Not deleted
codex/payment-recovery-observability-20260915,c19c4f5d87abdb5a9b3e935e79af2238fdb99c43,https://github.com/diegueins680/tdf-app/pull/374,codex/payphone-cancellation-compatibility-20260915,Not protected by captured GitHub branch rules; external preview configuration not fully verifiable.,"+4/-0 vs initial intended target; +75/-435 vs initial main; merge base 4ccaaa190c4ae6b1d041d8eabd7eed8fd5327c5e; current head c19c4f5d87abdb5a9b3e935e79af2238fdb99c43, relation {'target': 'codex/payphone-cancellation-compatibility-20260915', 'target_sha': '4ccaaa190c4ae6b1d041d8eabd7eed8fd5327c5e', 'ahead': 4, 'behind': 0, 'merge_base': '4ccaaa190c4ae6b1d041d8eabd7eed8fd5327c5e'}","374: no required approval recorded, 0 unresolved; {'success': 15}",PR374 clean (mergeable=True),378: codex/payment-capture-replay-integrity-20260915,"feat(payments): add read-only query recovery observability; files: docs/adr/0122-read-only-payment-query-observability.md, docs/catalog-persistence/catalog-list-decisions.json, docs/payments/ecuador-payment-platform-audit-2026-09-11.md, docs/payments/operator-runbooks.md, docs/payments/query-observability-2026-09-15.md, scripts/__tests__/payment-query-report-contract.test.mjs, scripts/quality-repo.sh, tdf-hq-ui/src/api/commerceOperations.test.ts, tdf-hq-ui/src/api/commerceOperations.ts, tdf-hq-ui/src/api/generated/types.ts, tdf-hq-ui/src/components/payments/ProviderQueryRecoveryPanel.test.tsx, tdf-hq-ui/src/components/payments/ProviderQueryRecoveryPanel.tsx, tdf-hq-ui/src/pages/CommerceProviderEventsPage.test.tsx, tdf-hq-ui/src/pages/CommerceProviderEventsPage.tsx, tdf-hq/docs/openapi/api.yaml, tdf-hq/src/TDF/API/CommerceOperations.hs, tdf-hq/src/TDF/Server/CommerceOperations.hs, tdf-hq/test/TDF/Commerce/ProviderRetrySpec.hs, tdf-mobile",BLOCKED_OR_AMBIGUOUS,high,Preserved branch; no audit deletion.,"Current payment expansion remains unique. Root PR331 has unresolved no-charge-finality safety feedback; downstream stack depends on it. Current main explicitly defers provider expansion. Some worker safety was merged via PR418, but new reconciliation worker value remains. Evidence: branch-evidence/041-commits.txt, branch-evidence/041-changes.txt, branch-evidence/041-files.txt, branch-evidence/041-references.txt, checks/c19c4f5d87abdb5a9b3e935e79af2238fdb99c43.json, status/c19c4f5d87abdb5a9b3e935e79af2238fdb99c43.json",,Not deleted
codex/payment-refund-execution-safety-20260916,20566eab9e99685983beac359f2462386e59f8f7,https://github.com/diegueins680/tdf-app/pull/396,codex/payment-worker-log-safety-20260915,Not protected by captured GitHub branch rules; external preview configuration not fully verifiable.,"+6/-0 vs initial intended target; +117/-410 vs initial main; merge base ed064a7549f93bdd9239c5781706400c6fad5aa7; current head 20566eab9e99685983beac359f2462386e59f8f7, relation {'target': 'codex/payment-worker-log-safety-20260915', 'target_sha': 'ed064a7549f93bdd9239c5781706400c6fad5aa7', 'ahead': 6, 'behind': 0, 'merge_base': 'ed064a7549f93bdd9239c5781706400c6fad5aa7'}","396: no required approval recorded, 0 unresolved; {'success': 12, 'skipped': 3}",PR396 clean (mergeable=True),401: codex/payment-refund-reconciliation-20260916,"fix(payments): fence refund execution and preserve uncertain balances; files: docs/adr/0128-refund-execution-fence.md, docs/catalog-persistence/reports/list-consumer-matrix.csv, docs/catalog-persistence/reports/static-list-inventory.json, docs/payments/ecuador-payment-platform-audit-2026-09-11.md, docs/payments/operator-runbooks.md, docs/payments/refund-execution-safety-2026-09-16.md, tdf-hq-ui/src/pages/MerchAdminPage.test.tsx, tdf-hq-ui/src/pages/MerchAdminPage.tsx, tdf-hq/src/TDF/Commerce/RefundStore.hs, tdf-hq/src/TDF/Server/ServiceStorefront.hs, tdf-hq/tdf-hq.cabal, tdf-hq/test/TDF/Commerce/ProviderRetrySpec.hs, tdf-hq/test/TDF/Commerce/RefundSafetySpec.hs",BLOCKED_OR_AMBIGUOUS,high,Preserved branch; no audit deletion.,"Current payment expansion remains unique. Root PR331 has unresolved no-charge-finality safety feedback; downstream stack depends on it. Current main explicitly defers provider expansion. Some worker safety was merged via PR418, but new reconciliation worker value remains. Evidence: branch-evidence/042-commits.txt, branch-evidence/042-changes.txt, branch-evidence/042-files.txt, branch-evidence/042-references.txt, checks/20566eab9e99685983beac359f2462386e59f8f7.json, status/20566eab9e99685983beac359f2462386e59f8f7.json",,Not deleted
codex/payment-refund-reconciliation-20260916,66fa88e90c80866e0090761addfabd9f1e817cc2,https://github.com/diegueins680/tdf-app/pull/401,codex/payment-refund-execution-safety-20260916,Not protected by captured GitHub branch rules; external preview configuration not fully verifiable.,"+7/-0 vs initial intended target; +123/-409 vs initial main; merge base 20566eab9e99685983beac359f2462386e59f8f7; current head 66fa88e90c80866e0090761addfabd9f1e817cc2, relation {'target': 'codex/payment-refund-execution-safety-20260916', 'target_sha': '20566eab9e99685983beac359f2462386e59f8f7', 'ahead': 7, 'behind': 0, 'merge_base': '20566eab9e99685983beac359f2462386e59f8f7'}","401: no required approval recorded, 0 unresolved; {'success': 11, 'skipped': 4}",PR401 clean (mergeable=True),408: codex/payment-held-refund-query-20260916,"fix(payments): synchronize verified refunds with canonical accounting; files: docs/adr/0129-atomic-canonical-refund-accounting.md, docs/catalog-persistence/reports/list-consumer-matrix.csv, docs/catalog-persistence/reports/static-list-inventory.json, docs/payments/ecuador-payment-platform-audit-2026-09-11.md, docs/payments/operator-runbooks.md, docs/payments/refund-accounting-2026-09-16.md, tdf-hq/src/TDF/Commerce/RefundStore.hs, tdf-hq/src/TDF/Commerce/StateMachine.hs, tdf-hq/test/TDF/Commerce/RefundSafetySpec.hs",BLOCKED_OR_AMBIGUOUS,high,Preserved branch; no audit deletion.,"Current payment expansion remains unique. Root PR331 has unresolved no-charge-finality safety feedback; downstream stack depends on it. Current main explicitly defers provider expansion. Some worker safety was merged via PR418, but new reconciliation worker value remains. Evidence: branch-evidence/043-commits.txt, branch-evidence/043-changes.txt, branch-evidence/043-files.txt, branch-evidence/043-references.txt, checks/66fa88e90c80866e0090761addfabd9f1e817cc2.json, status/66fa88e90c80866e0090761addfabd9f1e817cc2.json",,Not deleted
codex/payment-stack-integration-20260915,824e1e9aeaa99d399c31bc5755c4967c03cb17fc,https://github.com/diegueins680/tdf-app/pull/389,codex/payment-reconciliation-evidence-view-20260915,Not protected by captured GitHub branch rules; external preview configuration not fully verifiable.,"+22/-0 vs initial intended target; +103/-425 vs initial main; merge base a64ea1b580faab59e547e3b307f74b0313d58866; current head 824e1e9aeaa99d399c31bc5755c4967c03cb17fc, relation {'target': 'codex/payment-reconciliation-evidence-view-20260915', 'target_sha': 'a64ea1b580faab59e547e3b307f74b0313d58866', 'ahead': 22, 'behind': 0, 'merge_base': 'a64ea1b580faab59e547e3b307f74b0313d58866'}","389: no required approval recorded, 0 unresolved; {'success': 12, 'skipped': 3}",PR389 clean (mergeable=True),393: codex/payment-worker-log-safety-20260915,"fix(payments): integrate completion qualification across hosted methods; files: .github/workflows/check-messaging-token.yml, .github/workflows/refresh-instagram-token.yml, .gitignore, docs/INSTAGRAM_TOKEN_SETUP.md, docs/adr/0126-checkout-completion-capability-gates.md, docs/catalog-persistence/catalog-list-decisions.json, docs/catalog-persistence/reports/list-consumer-matrix.csv, docs/catalog-persistence/reports/static-list-inventory.json, docs/payments/completion-capability-repair-2026-09-15.md, docs/payments/ecuador-payment-platform-audit-2026-09-11.md, docs/payments/operator-runbooks.md, docs/payments/stack-integration-2026-09-15.md, scripts/__tests__/instagram-token-workflows.test.mjs, scripts/__tests__/production-release.test.mjs, scripts/check-messaging-token.mjs, scripts/instagram-lifecycle-artifact.mjs, scripts/lib/instagram-token-lifecycle.mjs, scripts/refresh-instagram-token.mjs, tdf-hq-ui/src/features/releases/ReleaseArtwork.test.tsx, tdf-hq-ui/src/features/releases/ReleaseArtwork.tsx, tdf-hq-ui/src/features/releases/resolveReleaseArtwork.test.ts, tdf-hq-ui/src/features/releases/resolveReleaseArtwork.ts, tdf-hq-ui/src/pages/LabelReleasesPage.tsx, tdf-hq-ui/src/pages/LoginPage.test.tsx, tdf-hq/src/TDF/Commerce/PaymentRuntimeStore.hs, tdf-hq/src/TDF/Commerce/ProviderCapabilities.hs, tdf-hq/src/TDF/Server/PaymentAvailability.hs, tdf-hq/test/Spec.hs, tdf-hq/test/TDF/Commerce/ProviderRetrySpec.hs",BLOCKED_OR_AMBIGUOUS,high,Preserved branch; no audit deletion.,"Current payment expansion remains unique. Root PR331 has unresolved no-charge-finality safety feedback; downstream stack depends on it. Current main explicitly defers provider expansion. Some worker safety was merged via PR418, but new reconciliation worker value remains. Evidence: branch-evidence/044-commits.txt, branch-evidence/044-changes.txt, branch-evidence/044-files.txt, branch-evidence/044-references.txt, checks/824e1e9aeaa99d399c31bc5755c4967c03cb17fc.json, status/824e1e9aeaa99d399c31bc5755c4967c03cb17fc.json",,Not deleted
codex/payment-stack-integration-20260916,4ff7109a378d640a179601fd0ad88b38f3074526,https://github.com/diegueins680/tdf-app/pull/414,codex/payment-held-refund-query-20260916,Not protected by captured GitHub branch rules; external preview configuration not fully verifiable.,"+22/-0 vs initial intended target; +152/-406 vs initial main; merge base 365561aecff57e76d38cb0e98217a34f1d642ff4; current head 4ff7109a378d640a179601fd0ad88b38f3074526, relation {'target': 'codex/payment-held-refund-query-20260916', 'target_sha': '365561aecff57e76d38cb0e98217a34f1d642ff4', 'ahead': 22, 'behind': 0, 'merge_base': '365561aecff57e76d38cb0e98217a34f1d642ff4'}","414: no required approval recorded, 0 unresolved; {'success': 14, 'failure': 1}",PR414 unstable (mergeable=True),,"fix(payments): reconcile merchant routing and refund writers across the stack; files: .github/workflows/ci.yml, docs/catalog-persistence/catalog-list-decisions.json, docs/catalog-persistence/reports/list-consumer-matrix.csv, docs/catalog-persistence/reports/static-list-inventory.json, docs/payments/component-environment-review-2026-09-16.md, docs/payments/merchant-routing-review-2026-09-16.md, docs/payments/recurring-readiness-review-2026-09-16.md, docs/payments/review-boundaries-2026-09-16.md, docs/payments/review-repair-2026-09-16.md, docs/payments/runtime-review-followup-2026-09-16.md, docs/payments/stack-integration-2026-09-16.md, scripts/__tests__/ci-pipeline.test.mjs, scripts/lib/postgres-test-database.sh, scripts/production-migrations.json, scripts/quality-backend.sh, scripts/test-canonical-payment-lifecycle-migration.sh, scripts/test-payment-audit-runtime.sh, scripts/test-provider-retry-runtime.sh, tdf-hq-ui/src/api/accessRequests.ts, tdf-hq-ui/src/api/commerceOperations.ts, tdf-hq-ui/src/api/generated/types.ts, tdf-hq-ui/src/pages/AccessRequestsPage.test.tsx, tdf-hq-ui/src/pages/AccessRequestsPage.tsx, tdf-hq-ui/src/pages/CommerceProviderEventsPage.test.tsx, tdf-hq-ui/src/pages/CommerceProviderEventsPage.tsx, tdf-hq/docs/openapi/api.yaml, tdf-hq/sql/2026-09-16_payment_intent_refund_sync.sql, tdf-hq/sql/2026-09-16_payment_intent_refund_sync_rollback.sql, tdf-hq/src/TDF/API/CommerceOperations.hs, tdf-hq/src/TDF/Commerce/PaymentRuntimeStore.hs, tdf-hq/src/TDF/Commerce/ProviderCapabilities.hs, tdf-hq/src/TDF/Commerce/ProviderCapabilityStore.hs, tdf-hq/src/TDF/DTO.hs, tdf-hq/src/TDF/Server.hs, tdf-hq/src/TDF/Server/CommerceOperations.hs, tdf-hq/src/TDF/Server/PaymentAvailability.hs, tdf-hq/tdf-hq.cabal, tdf-hq/test/Spec.hs, tdf-hq/test/TDF/Commerce/RefundSafetySpec.hs, tdf-hq/test/TDF/Server/PaymentAuditSpec.hs, tdf-hq/test/integration/payment_audit_fixture.sql, tdf-mobile",BLOCKED_OR_AMBIGUOUS,high,Preserved branch; no audit deletion.,"Current payment expansion remains unique. Root PR331 has unresolved no-charge-finality safety feedback; downstream stack depends on it. Current main explicitly defers provider expansion. Some worker safety was merged via PR418, but new reconciliation worker value remains. Evidence: branch-evidence/045-commits.txt, branch-evidence/045-changes.txt, branch-evidence/045-files.txt, branch-evidence/045-references.txt, checks/4ff7109a378d640a179601fd0ad88b38f3074526.json, status/4ff7109a378d640a179601fd0ad88b38f3074526.json",,Not deleted
codex/payment-staging-qualification-20260914,0081b6b03bd58716090c57d936f31a364e944522,https://github.com/diegueins680/tdf-app/pull/344,codex/payment-terminal-recovery-20260914,Not protected by captured GitHub branch rules; external preview configuration not fully verifiable.,"+11/-0 vs initial intended target; +59/-449 vs initial main; merge base c263a499cc760ce7f97fe7833211f4d7de7494ea; current head 0081b6b03bd58716090c57d936f31a364e944522, relation {'target': 'codex/payment-terminal-recovery-20260914', 'target_sha': 'c263a499cc760ce7f97fe7833211f4d7de7494ea', 'ahead': 11, 'behind': 0, 'merge_base': 'c263a499cc760ce7f97fe7833211f4d7de7494ea'}","344: no required approval recorded, 0 unresolved; {'success': 15, 'skipped': 1}",PR344 clean (mergeable=True),,"chore(payments): qualify staging access without exposing secrets; files: .github/workflows/ci.yml, docs/catalog-persistence/catalog-list-decisions.json, docs/payments/operator-runbooks.md, docs/payments/staging-access-2026-09-14.md, docs/payments/staging-access-report-2026-09-15T004740Z.json, scripts/__tests__/payment-staging-inspection.test.mjs, scripts/inspect-payment-staging.mjs",BLOCKED_OR_AMBIGUOUS,high,Preserved branch; no audit deletion.,"Current payment expansion remains unique. Root PR331 has unresolved no-charge-finality safety feedback; downstream stack depends on it. Current main explicitly defers provider expansion. Some worker safety was merged via PR418, but new reconciliation worker value remains. Evidence: branch-evidence/046-commits.txt, branch-evidence/046-changes.txt, branch-evidence/046-files.txt, branch-evidence/046-references.txt, checks/0081b6b03bd58716090c57d936f31a364e944522.json, status/0081b6b03bd58716090c57d936f31a364e944522.json",,Not deleted
codex/payment-terminal-recovery-20260914,c263a499cc760ce7f97fe7833211f4d7de7494ea,https://github.com/diegueins680/tdf-app/pull/343,codex/payment-reconciliation-safety-20260914,Not protected by captured GitHub branch rules; external preview configuration not fully verifiable.,"+7/-0 vs initial intended target; +48/-449 vs initial main; merge base b8c0e38cdd365e7f977d5cf15f93c164ebfc2149; current head c263a499cc760ce7f97fe7833211f4d7de7494ea, relation {'target': 'codex/payment-reconciliation-safety-20260914', 'target_sha': 'b8c0e38cdd365e7f977d5cf15f93c164ebfc2149', 'ahead': 7, 'behind': 0, 'merge_base': 'b8c0e38cdd365e7f977d5cf15f93c164ebfc2149'}","343: REVIEW_REQUIRED, 0 unresolved; {'success': 14, 'skipped': 1}",PR343 unknown (mergeable=None),347: codex/payment-notification-minimization-20260914; 344: codex/payment-staging-qualification-20260914,"fix(payments): recover original attempts after checkout closure; files: docs/payments/operator-runbooks.md, docs/payments/terminal-recovery-2026-09-14.md, tdf-hq-ui/src/api/generated/types.ts, tdf-hq-ui/src/components/payments/HostedProviderCheckout.test.tsx, tdf-hq-ui/src/components/payments/HostedProviderCheckout.tsx, tdf-hq-ui/src/pages/CourseProductionLandingPage.tsx, tdf-hq-ui/src/pages/DomoQuoteCheckoutPage.tsx, tdf-hq-ui/src/pages/PublicBookingOrderTrackingPage.tsx, tdf-hq-ui/src/pages/PublicEventTicketsPage.tsx, tdf-hq-ui/src/pages/ServiceOrderTrackingPage.tsx, tdf-hq-ui/src/utils/providerPaymentResume.test.ts, tdf-hq-ui/src/utils/providerPaymentResume.ts, tdf-hq/docs/openapi/api.yaml, tdf-hq/src/TDF/Commerce/ProviderExecutionStore.hs, tdf-hq/src/TDF/Server/ProviderExecution.hs, tdf-hq/test/TDF/Commerce/ProviderRetrySpec.hs, tdf-mobile",BLOCKED_OR_AMBIGUOUS,high,Preserved branch; no audit deletion.,"Current payment expansion remains unique. Root PR331 has unresolved no-charge-finality safety feedback; downstream stack depends on it. Current main explicitly defers provider expansion. Some worker safety was merged via PR418, but new reconciliation worker value remains. Evidence: branch-evidence/047-commits.txt, branch-evidence/047-changes.txt, branch-evidence/047-files.txt, branch-evidence/047-references.txt, checks/c263a499cc760ce7f97fe7833211f4d7de7494ea.json, status/c263a499cc760ce7f97fe7833211f4d7de7494ea.json",,Not deleted
codex/payment-worker-log-safety-20260915,ed064a7549f93bdd9239c5781706400c6fad5aa7,https://github.com/diegueins680/tdf-app/pull/393,codex/payment-stack-integration-20260915,Not protected by captured GitHub branch rules; external preview configuration not fully verifiable.,"+23/-0 vs initial intended target; +111/-410 vs initial main; merge base 824e1e9aeaa99d399c31bc5755c4967c03cb17fc; current head ed064a7549f93bdd9239c5781706400c6fad5aa7, relation {'target': 'codex/payment-stack-integration-20260915', 'target_sha': '824e1e9aeaa99d399c31bc5755c4967c03cb17fc', 'ahead': 23, 'behind': 0, 'merge_base': '824e1e9aeaa99d399c31bc5755c4967c03cb17fc'}","393: no required approval recorded, 0 unresolved; {'success': 12, 'skipped': 3}",PR393 clean (mergeable=True),396: codex/payment-refund-execution-safety-20260916,"fix(payments): prevent sensitive worker logs and diagnostic crashes; files: STRIPE_WEBHOOK_SETUP.md, docs/adr/0127-payment-worker-diagnostic-boundaries.md, docs/catalog-persistence/reports/list-consumer-matrix.csv, docs/catalog-persistence/reports/static-list-inventory.json, docs/payments/ecuador-payment-platform-audit-2026-09-11.md, docs/payments/operator-runbooks.md, docs/payments/worker-log-safety-2026-09-15.md, docs/social/README.md, docs/social/audit.md, docs/social/evidence/.gitignore, docs/social/evidence/baseline-ui-tests.txt, docs/social/evidence/models/Feed.txt, docs/social/evidence/models/Relationships.txt, docs/social/evidence/models/StaleCache.txt, docs/social/model-evidence-2026-09-15/Feed.txt, docs/social/model-evidence-2026-09-15/Relationships.txt, docs/social/model-evidence-2026-09-15/RequestIdentity.txt, docs/social/model-evidence-2026-09-15/StaleCache.txt, docs/social/model-evidence-2026-09-15/WithdrawalOwnership.txt, docs/social/model-evidence-active-actor-2026-09-15/DeletedActor.txt, docs/social/model-evidence-active-actor-2026-09-15/Feed.txt, docs/social/model-evidence-active-actor-2026-09-15/FeedSkipped.txt, docs/social/model-evidence-active-actor-2026-09-15/Relationships.txt, docs/social/model-evidence-active-actor-2026-09-15/RequestConflict.txt, docs/social/model-evidence-active-actor-2026-09-15/RequestIdentity.txt, docs/social/model-evidence-active-actor-2026-09-15/RequestReplay.txt, docs/social/model-evidence-active-actor-2026-09-15/StaleCache.txt, docs/social/model-evidence-active-actor-2026-09-15/WithdrawalOwnership.txt, docs/social/model-evidence-independent-guarantees-2026-09-15/DeletedActor.txt, docs/social/model-evidence-independent-guarantees-2026-09-15/DeletedTarget.txt, docs/social/model-evidence-independent-guarantees-2026-09-15/Feed.txt, docs/social/model-evidence-independent-guarantees-2026-09-15/FeedSkipped.txt, docs/social/model-evidence-independent-guarantees-2026-09-15/Relationships.txt, docs/social/model-evidence-independent-guarantees-2026-09-15/RequestConflict.txt, docs/social/model-evidence-independent-guarantees-2026-09-15/RequestIdentity.txt, docs/social/model-evidence-independent-guarantees-2026-09-15/RequestOwnership.txt, docs/social/model-evidence-independent-guarantees-2026-09-15/RequestReplay.txt, docs/social/model-evidence-independent-guarantees-2026-09-15/StaleCache.txt, docs/social/model-evidence-independent-guarantees-2026-09-15/StaleCommand.txt, docs/social/model-evidence-independent-guarantees-2026-09-15/StaleDelivery.txt, docs/social/model-evidence-independent-guarantees-2026-09-15/UnblockOwnership.txt, docs/social/model-evidence-independent-guarantees-2026-09-15/UnblockResurrection.txt, docs/social/model-evidence-independent-guarantees-2026-09-15/WithdrawalOwnership.txt, docs/social/model-evidence-second-review-2026-09-15/Feed.txt, docs/social/model-evidence-second-review-2026-09-15/FeedSkipped.txt, docs/social/model-evidence-second-review-2026-09-15/Relationships.txt, docs/social/model-evidence-second-review-2026-09-15/RequestConflict.txt, docs/social/model-evidence-second-review-2026-09-15/RequestIdentity.txt, docs/social/model-evidence-second-review-2026-09-15/RequestReplay.txt, docs/social/model-evidence-second-review-2026-09-15/StaleCache.txt, docs/social/model-evidence-second-review-2026-09-15/WithdrawalOwnership.txt, docs/social/model-evidence-tombstone-2026-09-15/DeletedActor.txt, docs/social/model-evidence-tombstone-2026-09-15/DeletedTarget.txt, docs/social/model-evidence-tombstone-2026-09-15/Feed.txt, docs/social/model-evidence-tombstone-2026-09-15/FeedSkipped.txt, docs/social/model-evidence-tombstone-2026-09-15/Relationships.txt, docs/social/model-evidence-tombstone-2026-09-15/RequestConflict.txt, docs/social/model-evidence-tombstone-2026-09-15/RequestIdentity.txt, docs/social/model-evidence-tombstone-2026-09-15/RequestReplay.txt, docs/social/model-evidence-tombstone-2026-09-15/StaleCache.txt, docs/social/model-evidence-tombstone-2026-09-15/StaleCommand.txt, docs/social/model-evidence-tombstone-2026-09-15/WithdrawalOwnership.txt, docs/social/operations.md, docs/social/policy.md, docs/social/research.md, docs/social/verification.md, formal/social/DeletedActor.cfg, formal/social/DeletedTarget.cfg, formal/social/Feed.cfg, formal/social/Feed.tla, formal/social/FeedSkipped.cfg, formal/social/Relationships.cfg, formal/social/Relationships.tla, formal/social/RequestConflict.cfg, formal/social/RequestIdentity.cfg, formal/social/RequestOwnership.cfg, formal/social/RequestReplay.cfg, formal/social/RequestReplay.tla, formal/social/StaleCache.cfg, formal/social/StaleCommand.cfg, formal/social/StaleDelivery.cfg, formal/social/UnblockOwnership.cfg, formal/social/UnblockResurrection.cfg, formal/social/WithdrawalOwnership.cfg, scripts/social/check-models.sh, tdf-hq-ui/vercel.json, tdf-hq/src/TDF/Commerce/MerchReservationWorker.hs, tdf-hq/src/TDF/Commerce/ProviderEventWorker.hs, tdf-hq/src/TDF/Commerce/ProviderReconciliation.hs, tdf-hq/tdf-hq.cabal, tdf-hq/test/Spec.hs, tdf-hq/test/TDF/Commerce/WorkerLoggingSpec.hs, vercel.json",BLOCKED_OR_AMBIGUOUS,high,Preserved branch; no audit deletion.,"Current payment expansion remains unique. Root PR331 has unresolved no-charge-finality safety feedback; downstream stack depends on it. Current main explicitly defers provider expansion. Some worker safety was merged via PR418, but new reconciliation worker value remains. Evidence: branch-evidence/048-commits.txt, branch-evidence/048-changes.txt, branch-evidence/048-files.txt, branch-evidence/048-references.txt, checks/ed064a7549f93bdd9239c5781706400c6fad5aa7.json, status/ed064a7549f93bdd9239c5781706400c6fad5aa7.json",,Not deleted
codex/payphone-cancellation-compatibility-20260915,4ccaaa190c4ae6b1d041d8eabd7eed8fd5327c5e,https://github.com/diegueins680/tdf-app/pull/371,codex/payment-reconciliation-worker-20260915,Not protected by captured GitHub branch rules; external preview configuration not fully verifiable.,"+20/-0 vs initial intended target; +71/-435 vs initial main; merge base 139a45102c4b715cc8762b5653d0a2db061b167c; current head 4ccaaa190c4ae6b1d041d8eabd7eed8fd5327c5e, relation {'target': 'codex/payment-reconciliation-worker-20260915', 'target_sha': '139a45102c4b715cc8762b5653d0a2db061b167c', 'ahead': 20, 'behind': 0, 'merge_base': '139a45102c4b715cc8762b5653d0a2db061b167c'}","371: REVIEW_REQUIRED, 0 unresolved; {'success': 15}",PR371 unknown (mergeable=None),374: codex/payment-recovery-observability-20260915,"fix(payments): preserve no-charge history and PayPhone cancellation semantics; files: .github/workflows/ci-safe-install.yml, .github/workflows/datadog-synthetics.yml, .github/workflows/refresh-instagram-token.yml, docs/DATADOG_SYNTHETICS.md, docs/INSTAGRAM_TOKEN_SETUP.md, docs/adr/0121-history-preserving-no-charge-reconciliation.md, docs/catalog-persistence/catalog-list-decisions.json, docs/catalog-persistence/reports/list-consumer-matrix.csv, docs/catalog-persistence/reports/static-list-inventory.json, docs/payments/ecuador-payment-platform-audit-2026-09-11.md, docs/payments/no-charge-replay-2026-09-15.md, docs/payments/operator-runbooks.md, e2e/web/event-rsvp-sharing.spec.mjs, package.json, playwright.config.mjs, scripts/__tests__/artist-enrichment.test.mjs, scripts/__tests__/catalog-list-audit.test.mjs, scripts/__tests__/ci-pipeline.test.mjs, scripts/__tests__/instagram-token-workflows.test.mjs, scripts/__tests__/production-release.test.mjs, scripts/artist-enrichment.mjs, scripts/build-catalog-decisions.mjs, scripts/check-messaging-token.mjs, scripts/production-migrations.json, scripts/quality-repo.sh, scripts/refresh-instagram-token.mjs, tdf-hq-ui/package.json, tdf-hq-ui/src/App.tsx, tdf-hq-ui/src/main.tsx, tdf-hq-ui/src/pages/CourseRegistrationsAdminPage.test.tsx, tdf-hq-ui/src/pages/DomoVenuePage.test.tsx, tdf-hq-ui/src/pages/FanHubPage.onboarding.test.tsx, tdf-hq-ui/src/pages/FanHubPage.tsx, tdf-hq-ui/src/pages/LoginPage.test.tsx, tdf-hq-ui/src/pages/MixingMasteringPage.test.tsx, tdf-hq-ui/src/pages/ProviderPaymentReturnPage.test.tsx, tdf-hq-ui/src/routes/AppShell.test.tsx, tdf-hq-ui/src/routes/AppShell.tsx, tdf-hq-ui/src/session/OnboardingRecovery.tsx, tdf-hq-ui/src/session/SessionContext.tsx, tdf-hq-ui/vite.config.ts, tdf-hq/src/TDF/Commerce/CheckoutStore.hs, tdf-hq/src/TDF/Commerce/ProviderAdapter/PayPhone.hs, tdf-hq/src/TDF/Commerce/ProviderExecutionStore.hs, tdf-hq/src/TDF/Commerce/ProviderReconciliation.hs, tdf-hq/src/TDF/Server/SocialEventsHandlers.hs, tdf-hq/test/Spec.hs, tdf-hq/test/TDF/Commerce/ProviderRetrySpec.hs, tdf-hq/test/TDF/ServerSpec.hs",BLOCKED_OR_AMBIGUOUS,high,Preserved branch; no audit deletion.,"Current payment expansion remains unique. Root PR331 has unresolved no-charge-finality safety feedback; downstream stack depends on it. Current main explicitly defers provider expansion. Some worker safety was merged via PR418, but new reconciliation worker value remains. Evidence: branch-evidence/049-commits.txt, branch-evidence/049-changes.txt, branch-evidence/049-files.txt, branch-evidence/049-references.txt, checks/4ccaaa190c4ae6b1d041d8eabd7eed8fd5327c5e.json, status/4ccaaa190c4ae6b1d041d8eabd7eed8fd5327c5e.json",,Not deleted
codex/video-event-ingestion-20260925,b0713647b2232a77eb021e4428ed541a196de62b,https://github.com/diegueins680/tdf-app/pull/462,main,Not protected by captured GitHub branch rules; external preview configuration not fully verifiable.,"+5/-0 vs initial intended target; +5/-0 vs initial main; merge base 66dae5b8ec22f3f0fe819dfcd9bae5ed727c6b48; current head None, relation {'target': 'main', 'target_sha': 'b07f67c3ebe2022d5f70e94578944b6401616696', 'ahead': 0, 'behind': 172, 'merge_base': 'b0713647b2232a77eb021e4428ed541a196de62b'}","462: APPROVED, 0 unresolved; {'success': 33}",PR462 unknown (mergeable=None),,"Add approved resumable video ingestion and metadata refresh; files: .github/workflows/ci.yml, docs/catalog-persistence/catalog-list-decisions.json, docs/records-ingestion/runtime-rollout.md, e2e/web/records-thumbnails.spec.mjs, formal/system/inventory.json, scripts/lib/production-release.mjs, scripts/production-migrations.json, scripts/test-records-ingestion-runtime.sh, scripts/test-records-youtube-catalog-migration.sh, tdf-hq-ui/src/api/generated/types.ts, tdf-hq-ui/src/components/SidebarNav.tsx, tdf-hq-ui/src/features/records/RecordThumbnail.tsx, tdf-hq-ui/src/features/records/resolveRecordThumbnail.metadata.test.ts, tdf-hq-ui/src/features/records/resolveRecordThumbnail.ts, tdf-hq-ui/src/pages/RecordsIngestionPage.test.tsx, tdf-hq-ui/src/pages/RecordsIngestionPage.tsx, tdf-hq-ui/src/pages/RecordsPublicPage.tsx, tdf-hq-ui/src/routes/protectedRoutes.tsx, tdf-hq/docs/openapi/api.yaml, tdf-hq/sql/2026-09-20_records_ingestion_runtime.sql, tdf-hq/sql/2026-09-20_records_ingestion_runtime_rollback.sql, tdf-hq/src/TDF/API/Admin.hs, tdf-hq/src/TDF/API/Catalog.hs, tdf-hq/src/TDF/API/RecordsIngestion.hs, tdf-hq/src/TDF/App/Boot.hs, tdf-hq/src/TDF/Catalog/Models.hs, tdf-hq/src/TDF/Server/Catalog.hs, tdf-hq/src/TDF/Server/RecordsIngestion.hs, tdf-hq/src/TDF/ServerAdmin.hs, tdf-hq/src/TDF/Services/RecordsIngestion.hs, tdf-hq/tdf-hq.cabal, tdf-hq/test/RecordsRuntimeProbe.hs, tdf-hq/test/Spec.hs, tdf-hq/test/TDF/Catalog/RecordsSpec.hs, tdf-hq/test/TDF/ServerAdminSpec.hs, tdf-hq/test/TDF/Services/RecordsIngestionSpec.hs, tdf-hq/test/sql/records_ingestion_invariants.sql, tdf-hq/test/sql/records_ingestion_runtime.sql",ALREADY_MERGED,high,Remote ref concurrently deleted outside this audit; exact head retained in verified recovery bundle. No audit deletion or remote restoration. PR462 merged concurrently by another actor; not an audit merge.,"Exact branch head is an ancestor of current main b07f67c3ebe2022d5f70e94578944b6401616696; all committed source history is retained. Deletion not proven safe: preview/environment usage and downstream references must be excluded. Evidence: branch-evidence/050-commits.txt, branch-evidence/050-changes.txt, branch-evidence/050-files.txt, branch-evidence/050-references.txt, checks/b0713647b2232a77eb021e4428ed541a196de62b.json, status/b0713647b2232a77eb021e4428ed541a196de62b.json",https://github.com/diegueins680/tdf-app/commit/cc244b1f86603055997b51379b297baebfd3e7ce,git push origin b0713647b2232a77eb021e4428ed541a196de62b:refs/heads/codex/video-event-ingestion-20260925
docs/critical-completion-closeout-20260917,9523a4816b4668581eb7232212cc53398bd844ac,https://github.com/diegueins680/tdf-app/pull/423,main,Not protected by captured GitHub branch rules; external preview configuration not fully verifiable.,"+1/-345 vs initial intended target; +1/-345 vs initial main; merge base 5c84736ff5727502a77413b24f6a4ccc55a89274; current head 9523a4816b4668581eb7232212cc53398bd844ac, relation {'target': 'main', 'target_sha': 'b07f67c3ebe2022d5f70e94578944b6401616696', 'ahead': 1, 'behind': 522, 'merge_base': '5c84736ff5727502a77413b24f6a4ccc55a89274'}","423: APPROVED, 0 unresolved; {'success': 4}",PR423 unknown (mergeable=None),,docs: close critical-completion audit with production evidence; files: docs/critical-completion-2026-09-16.md,ALREADY_MERGED,high,Preserved branch; no audit deletion.,"PR423 merged exact head; stable patch equivalence (whole three-commit range for PR369) matches merge 515b39852f47e35216f67715dff3067a1862c8fe already in main. See squash-proof.json. Evidence: branch-evidence/051-commits.txt, branch-evidence/051-changes.txt, branch-evidence/051-files.txt, branch-evidence/051-references.txt, checks/9523a4816b4668581eb7232212cc53398bd844ac.json, status/9523a4816b4668581eb7232212cc53398bd844ac.json",https://github.com/diegueins680/tdf-app/commit/515b39852f47e35216f67715dff3067a1862c8fe,Not deleted
feat/artist-self-service-20260916,912f8326ba7a13611cfbad592f6680fe50bdbefc,https://github.com/diegueins680/tdf-app/pull/406,main,Not protected by captured GitHub branch rules; external preview configuration not fully verifiable.,"+0/-286 vs initial intended target; +0/-286 vs initial main; merge base 912f8326ba7a13611cfbad592f6680fe50bdbefc; current head None, relation {'target': 'main', 'target_sha': 'b07f67c3ebe2022d5f70e94578944b6401616696', 'ahead': 0, 'behind': 463, 'merge_base': '912f8326ba7a13611cfbad592f6680fe50bdbefc'}","406: APPROVED, 0 unresolved; {'success': 18}",PR406 unknown (mergeable=None),,feat: activate artist profiles without manual approval; files: ,ALREADY_MERGED,high,Remote ref concurrently deleted outside this audit; exact head retained in verified recovery bundle. No audit deletion or remote restoration.,"Exact branch head is an ancestor of current main b07f67c3ebe2022d5f70e94578944b6401616696; all committed source history is retained. Deletion not proven safe: preview/environment usage and downstream references must be excluded. Evidence: branch-evidence/052-commits.txt, branch-evidence/052-changes.txt, branch-evidence/052-files.txt, branch-evidence/052-references.txt, checks/912f8326ba7a13611cfbad592f6680fe50bdbefc.json, status/912f8326ba7a13611cfbad592f6680fe50bdbefc.json",https://github.com/diegueins680/tdf-app/commit/db69e0534e87ffcb9b3ccf3a856a7fc85e839f16,git push origin 912f8326ba7a13611cfbad592f6680fe50bdbefc:refs/heads/feat/artist-self-service-20260916
feat/event-logistics-transaction-hardening,f500b62c453e7da8981bc66138418fa59a586565,https://github.com/diegueins680/tdf-app/pull/338,feat/event-operations-api-foundation,Not protected by captured GitHub branch rules; external preview configuration not fully verifiable.,"+1/-0 vs initial intended target; +2/-448 vs initial main; merge base b6ba963623861d1e2804b18adb46e6e4f5f5be80; current head f500b62c453e7da8981bc66138418fa59a586565, relation {'target': 'feat/event-operations-api-foundation', 'target_sha': 'b6ba963623861d1e2804b18adb46e6e4f5f5be80', 'ahead': 1, 'behind': 0, 'merge_base': 'b6ba963623861d1e2804b18adb46e6e4f5f5be80'}","338: APPROVED, 0 unresolved; {'failure': 6, 'success': 8, 'skipped': 4}",PR338 unstable (mergeable=True),,"fix(events): atomic logistics activity and relation writes; files: .github/workflows/event-operations-formal.yml, docs/event-operations/README.md, docs/event-operations/delivery-plan.md, docs/event-operations/implementation-report-2026-09-14.md, docs/event-operations/pr-03-logistics-transaction-hardening.md, docs/event-operations/traceability-matrix.md, scripts/test-event-operations-foundation-migration.sh, tdf-hq/src/TDF/Server/SocialEventsHandlers.hs",ALREADY_MERGED,high,Preserved branch; no audit deletion. Closed redundant unmerged PR after exact-head ancestry verification. Source contribution integrated through verified normal merge465; see target CI and closure evidence.,"Exact source head and contributor history are integrated through approved consolidation465 and its verified normal merge. Current product/API/mobile/session/lifecycle/task integrity repairs and tests are retained in the replacement. Source closure waits for passing normal target CI; branch remains. Evidence: branch-evidence/053-commits.txt, branch-evidence/053-changes.txt, branch-evidence/053-files.txt, branch-evidence/053-references.txt, checks/f500b62c453e7da8981bc66138418fa59a586565.json, status/f500b62c453e7da8981bc66138418fa59a586565.json",https://github.com/diegueins680/tdf-app/pull/338; https://github.com/diegueins680/tdf-app/pull/338#issuecomment-5975715963; https://github.com/diegueins680/tdf-app/pull/465,Not deleted
feat/event-operations-api-foundation,b6ba963623861d1e2804b18adb46e6e4f5f5be80,https://github.com/diegueins680/tdf-app/pull/337,main,Not protected by captured GitHub branch rules; external preview configuration not fully verifiable.,"+1/-448 vs initial intended target; +1/-448 vs initial main; merge base cde0e806b6a5365e1e9f5b4052b74e38ea1aa232; current head b6ba963623861d1e2804b18adb46e6e4f5f5be80, relation {'target': 'main', 'target_sha': 'b07f67c3ebe2022d5f70e94578944b6401616696', 'ahead': 0, 'behind': 624, 'merge_base': 'b6ba963623861d1e2804b18adb46e6e4f5f5be80'}","337: APPROVED, 0 unresolved; {'failure': 9, 'success': 9}",PR337 unknown (mergeable=None),,"feat(events): guarded lifecycle API and typed clients; files: .github/workflows/event-operations-formal.yml, docs/event-operations/README.md, docs/event-operations/delivery-plan.md, docs/event-operations/implementation-report-2026-09-14.md, docs/event-operations/pr-02-api-foundation.md, docs/event-operations/traceability-matrix.md, package.json, scripts/test-event-operations-api-migration.sh, tdf-hq-ui/src/api/eventOperations.ts, tdf-hq-ui/src/api/generated/types.ts, tdf-hq/docs/openapi/api.yaml, tdf-hq/sql/2026-09-14_event_operations_api.sql, tdf-hq/sql/2026-09-14_event_operations_api_rollback.sql, tdf-hq/src/TDF/API.hs, tdf-hq/src/TDF/EventOperations/API.hs, tdf-hq/src/TDF/EventOperations/Server.hs, tdf-hq/src/TDF/EventOperations/Types.hs, tdf-hq/src/TDF/Server.hs, tdf-hq/tdf-hq.cabal, tdf-hq/test/Spec.hs, tdf-hq/test/TDF/EventOperations/TypesSpec.hs",ALREADY_MERGED,high,Preserved branch; no audit deletion. Source contribution integrated through verified normal merge465; see target CI and closure evidence.,"Exact source head and contributor history are integrated through approved consolidation465 and its verified normal merge. Current product/API/mobile/session/lifecycle/task integrity repairs and tests are retained in the replacement. Source closure waits for passing normal target CI; branch remains. Evidence: branch-evidence/054-commits.txt, branch-evidence/054-changes.txt, branch-evidence/054-files.txt, branch-evidence/054-references.txt, checks/b6ba963623861d1e2804b18adb46e6e4f5f5be80.json, status/b6ba963623861d1e2804b18adb46e6e4f5f5be80.json",https://github.com/diegueins680/tdf-app/commit/b07f67c3ebe2022d5f70e94578944b6401616696; https://github.com/diegueins680/tdf-app/pull/465,Not deleted
feat/event-operations-formal-foundation,00f796e74da9e9ec9417ead93980b8a8e71d5fcc,https://github.com/diegueins680/tdf-app/pull/336,main,Not protected by captured GitHub branch rules; external preview configuration not fully verifiable.,"+0/-352 vs initial intended target; +0/-352 vs initial main; merge base 00f796e74da9e9ec9417ead93980b8a8e71d5fcc; current head None, relation {'target': 'main', 'target_sha': 'b07f67c3ebe2022d5f70e94578944b6401616696', 'ahead': 0, 'behind': 529, 'merge_base': '00f796e74da9e9ec9417ead93980b8a8e71d5fcc'}","336: APPROVED, 0 unresolved; {'success': 30}",PR336 unknown (mergeable=None),,feat(events): formal specification and transactional foundation; files: ,ALREADY_MERGED,high,Remote ref concurrently deleted outside this audit; exact head retained in verified recovery bundle. No audit deletion or remote restoration.,"Exact branch head is an ancestor of current main b07f67c3ebe2022d5f70e94578944b6401616696; all committed source history is retained. Deletion not proven safe: preview/environment usage and downstream references must be excluded. Evidence: branch-evidence/055-commits.txt, branch-evidence/055-changes.txt, branch-evidence/055-files.txt, branch-evidence/055-references.txt, checks/00f796e74da9e9ec9417ead93980b8a8e71d5fcc.json, status/00f796e74da9e9ec9417ead93980b8a8e71d5fcc.json",https://github.com/diegueins680/tdf-app/commit/d6244296925e20ccb6b2261290204415201843f3,git push origin 00f796e74da9e9ec9417ead93980b8a8e71d5fcc:refs/heads/feat/event-operations-formal-foundation
feat/event-raci-editor-context,13abde1cba82b7b79c21b6f35e87c91de676366e,https://github.com/diegueins680/tdf-app/pull/387,feat/event-raci-reassignment-api,Not protected by captured GitHub branch rules; external preview configuration not fully verifiable.,"+1/-0 vs initial intended target; +25/-448 vs initial main; merge base bfd5f17b92d629f578bc02f4aee338ed15843806; current head 13abde1cba82b7b79c21b6f35e87c91de676366e, relation {'target': 'feat/event-raci-reassignment-api', 'target_sha': 'bfd5f17b92d629f578bc02f4aee338ed15843806', 'ahead': 1, 'behind': 0, 'merge_base': 'bfd5f17b92d629f578bc02f4aee338ed15843806'}","387: no required approval recorded, 0 unresolved; {'failure': 6, 'success': 18, 'skipped': 1}",PR387 unstable (mergeable=True),,"feat(events): add authorized paginated RACI editor context; files: .github/workflows/event-operations-formal.yml, docs/event-operations/README.md, docs/event-operations/delivery-plan.md, docs/event-operations/gap-matrix.md, docs/event-operations/pr-25-raci-editor-context.md, docs/event-operations/raci-editor-context-contract.md, docs/event-operations/threat-model.md, docs/event-operations/traceability-matrix.md, formal/event-operations/README.md, formal/event-operations/RaciEditorContext.cfg, formal/event-operations/RaciEditorContext.tla, formal/event-operations/RaciEditorContextCandidate.cfg, formal/event-operations/RaciEditorContextEarly.cfg, formal/event-operations/RaciEditorContextMixed.cfg, formal/event-operations/TaskReadStructure.als, scripts/__tests__/event-operations-http-runner.test.mjs, scripts/__tests__/event-raci-editor-context-runner.test.mjs, scripts/test-event-operations-http-ci.sh, scripts/test-event-operations-http.sh, scripts/test-event-operations-schema-rehearsal.sh, scripts/test-event-raci-editor-context-migration.sh, scripts/verify-event-operations-formal.sh, tdf-hq-ui/src/api/eventOperations.test.ts, tdf-hq-ui/src/api/eventOperations.ts, tdf-hq-ui/src/api/generated/types.ts, tdf-hq/docs/openapi/api.yaml, tdf-hq/sql/2026-09-15_event_raci_editor_context.sql, tdf-hq/sql/2026-09-15_event_raci_editor_context_rollback.sql, tdf-hq/src/TDF/EventOperations/API.hs, tdf-hq/src/TDF/EventOperations/DatabaseBoundary.hs, tdf-hq/src/TDF/EventOperations/Server.hs, tdf-hq/src/TDF/EventOperations/Types.hs, tdf-hq/test/EventOperationsHttpMain.hs, tdf-hq/test/TDF/EventOperations/DatabaseBoundarySpec.hs, tdf-hq/test/TDF/EventOperations/SessionFenceSpec.hs, tdf-hq/test/integration/event_operations_schema_reapply_assertions.sql, tdf-hq/test/integration/event_operations_schema_rollback_assertions.sql, tdf-hq/test/integration/event_raci_editor_context_assertions.sql, tdf-hq/test/integration/event_raci_editor_context_schema_assertions.sql",ALREADY_MERGED,high,Preserved branch; no audit deletion. Closed redundant unmerged PR after exact-head ancestry verification. Source contribution integrated through verified normal merge465; see target CI and closure evidence.,"Exact source head and contributor history are integrated through approved consolidation465 and its verified normal merge. Current product/API/mobile/session/lifecycle/task integrity repairs and tests are retained in the replacement. Source closure waits for passing normal target CI; branch remains. Evidence: branch-evidence/056-commits.txt, branch-evidence/056-changes.txt, branch-evidence/056-files.txt, branch-evidence/056-references.txt, checks/13abde1cba82b7b79c21b6f35e87c91de676366e.json, status/13abde1cba82b7b79c21b6f35e87c91de676366e.json",https://github.com/diegueins680/tdf-app/pull/387; https://github.com/diegueins680/tdf-app/pull/387#issuecomment-5975678645; https://github.com/diegueins680/tdf-app/pull/465,Not deleted
feat/event-raci-reassignment-api,bfd5f17b92d629f578bc02f4aee338ed15843806,https://github.com/diegueins680/tdf-app/pull/384,feat/event-raci-reassignment-command,Not protected by captured GitHub branch rules; external preview configuration not fully verifiable.,"+1/-0 vs initial intended target; +24/-448 vs initial main; merge base f6ffb2a27b87ed42d4d49289024d5b8a612b94cf; current head bfd5f17b92d629f578bc02f4aee338ed15843806, relation {'target': 'feat/event-raci-reassignment-command', 'target_sha': 'f6ffb2a27b87ed42d4d49289024d5b8a612b94cf', 'ahead': 1, 'behind': 0, 'merge_base': 'f6ffb2a27b87ed42d4d49289024d5b8a612b94cf'}","384: no required approval recorded, 0 unresolved; {'failure': 6, 'success': 16, 'skipped': 2}",PR384 unstable (mergeable=True),,"feat(events): authenticated RACI reassignment API and typed client; files: docs/event-operations/README.md, docs/event-operations/delivery-plan.md, docs/event-operations/gap-matrix.md, docs/event-operations/pr-24-raci-reassignment-api.md, docs/event-operations/raci-api-contract.md, docs/event-operations/threat-model.md, docs/event-operations/traceability-matrix.md, formal/event-operations/CommandBoundary.cfg, formal/event-operations/CommandBoundary.tla, formal/event-operations/CommandBoundaryEarly.cfg, formal/event-operations/CommandBoundaryUnbound.cfg, formal/event-operations/README.md, scripts/__tests__/event-operations-http-runner.test.mjs, scripts/test-event-operations-http-ci.sh, scripts/test-event-operations-http.sh, scripts/verify-event-operations-formal.sh, tdf-hq-ui/src/api/eventOperations.test.ts, tdf-hq-ui/src/api/eventOperations.ts, tdf-hq-ui/src/api/generated/types.ts, tdf-hq/docs/openapi/api.yaml, tdf-hq/src/TDF/EventOperations/API.hs, tdf-hq/src/TDF/EventOperations/DatabaseBoundary.hs, tdf-hq/src/TDF/EventOperations/Server.hs, tdf-hq/src/TDF/EventOperations/Types.hs, tdf-hq/test/EventOperationsHttpMain.hs, tdf-hq/test/TDF/EventOperations/DatabaseBoundarySpec.hs, tdf-hq/test/TDF/EventOperations/SessionFenceSpec.hs, tdf-hq/test/TDF/EventOperations/TypesSpec.hs",ALREADY_MERGED,high,Preserved branch; no audit deletion. Closed redundant unmerged PR after exact-head ancestry verification. Source contribution integrated through verified normal merge465; see target CI and closure evidence.,"Exact source head and contributor history are integrated through approved consolidation465 and its verified normal merge. Current product/API/mobile/session/lifecycle/task integrity repairs and tests are retained in the replacement. Source closure waits for passing normal target CI; branch remains. Evidence: branch-evidence/057-commits.txt, branch-evidence/057-changes.txt, branch-evidence/057-files.txt, branch-evidence/057-references.txt, checks/bfd5f17b92d629f578bc02f4aee338ed15843806.json, status/bfd5f17b92d629f578bc02f4aee338ed15843806.json",https://github.com/diegueins680/tdf-app/pull/384; https://github.com/diegueins680/tdf-app/pull/384#issuecomment-5975680210; https://github.com/diegueins680/tdf-app/pull/465,Not deleted
feat/event-raci-reassignment-command,f6ffb2a27b87ed42d4d49289024d5b8a612b94cf,https://github.com/diegueins680/tdf-app/pull/383,feat/event-task-revisioned-read,Not protected by captured GitHub branch rules; external preview configuration not fully verifiable.,"+1/-0 vs initial intended target; +23/-448 vs initial main; merge base 503fd7b651843e9f7cadf4fd15931256bb847ece; current head f6ffb2a27b87ed42d4d49289024d5b8a612b94cf, relation {'target': 'feat/event-task-revisioned-read', 'target_sha': '503fd7b651843e9f7cadf4fd15931256bb847ece', 'ahead': 1, 'behind': 0, 'merge_base': '503fd7b651843e9f7cadf4fd15931256bb847ece'}","383: no required approval recorded, 0 unresolved; {'failure': 5, 'success': 16, 'skipped': 3}",PR383 unstable (mergeable=True),,"feat(events): private atomic RACI reassignment with formal checks; files: .github/workflows/event-operations-formal.yml, docs/event-operations/README.md, docs/event-operations/delivery-plan.md, docs/event-operations/gap-matrix.md, docs/event-operations/pr-23-raci-reassignment-command.md, docs/event-operations/raci-reassignment-contract.md, docs/event-operations/threat-model.md, docs/event-operations/traceability-matrix.md, formal/event-operations/README.md, formal/event-operations/RaciReassignment.cfg, formal/event-operations/RaciReassignment.tla, formal/event-operations/RaciReassignmentAudit.cfg, formal/event-operations/RaciReassignmentEarly.cfg, formal/event-operations/RaciReassignmentReplay.cfg, formal/event-operations/RaciReassignmentScope.cfg, formal/event-operations/RaciReassignmentSplit.cfg, formal/event-operations/RaciReassignmentVersion.cfg, scripts/__tests__/event-raci-reassignment-runner.test.mjs, scripts/test-event-operations-schema-rehearsal.sh, scripts/test-event-raci-reassignment-migration.sh, scripts/verify-event-operations-formal.sh, tdf-hq/sql/2026-09-15_event_raci_reassignment.sql, tdf-hq/sql/2026-09-15_event_raci_reassignment_rollback.sql, tdf-hq/test/integration/event_operations_schema_reapply_assertions.sql, tdf-hq/test/integration/event_operations_schema_rollback_assertions.sql, tdf-hq/test/integration/event_raci_reassignment_assertions.sql, tdf-hq/test/integration/event_raci_reassignment_faults.sql, tdf-hq/test/integration/event_raci_reassignment_fixture.sql, tdf-hq/test/integration/event_raci_reassignment_schema_assertions.sql",ALREADY_MERGED,high,Preserved branch; no audit deletion. Closed redundant unmerged PR after exact-head ancestry verification. Source contribution integrated through verified normal merge465; see target CI and closure evidence.,"Exact source head and contributor history are integrated through approved consolidation465 and its verified normal merge. Current product/API/mobile/session/lifecycle/task integrity repairs and tests are retained in the replacement. Source closure waits for passing normal target CI; branch remains. Evidence: branch-evidence/058-commits.txt, branch-evidence/058-changes.txt, branch-evidence/058-files.txt, branch-evidence/058-references.txt, checks/f6ffb2a27b87ed42d4d49289024d5b8a612b94cf.json, status/f6ffb2a27b87ed42d4d49289024d5b8a612b94cf.json",https://github.com/diegueins680/tdf-app/pull/383; https://github.com/diegueins680/tdf-app/pull/383#issuecomment-5975681727; https://github.com/diegueins680/tdf-app/pull/465,Not deleted
feat/event-raci-web-editor,061553d085d3106a9c8877ca08ccb3e2420cdd09,https://github.com/diegueins680/tdf-app/pull/388,feat/event-raci-editor-context,Not protected by captured GitHub branch rules; external preview configuration not fully verifiable.,"+1/-0 vs initial intended target; +26/-448 vs initial main; merge base 13abde1cba82b7b79c21b6f35e87c91de676366e; current head 061553d085d3106a9c8877ca08ccb3e2420cdd09, relation {'target': 'feat/event-raci-editor-context', 'target_sha': '13abde1cba82b7b79c21b6f35e87c91de676366e', 'ahead': 1, 'behind': 0, 'merge_base': '13abde1cba82b7b79c21b6f35e87c91de676366e'}","388: no required approval recorded, 0 unresolved; {'failure': 5, 'success': 16, 'skipped': 4}",PR388 unstable (mergeable=True),,"feat(events): add confirmed scoped RACI web editor; files: .github/workflows/event-operations-formal.yml, .gitignore, docs/event-operations/README.md, docs/event-operations/delivery-plan.md, docs/event-operations/gap-matrix.md, docs/event-operations/pr-26-raci-web-editor.md, docs/event-operations/raci-web-editor-contract.md, docs/event-operations/threat-model.md, docs/event-operations/traceability-matrix.md, e2e/web/event-raci-editor.spec.mjs, formal/event-operations/README.md, formal/event-operations/RaciWebEditor.cfg, formal/event-operations/RaciWebEditor.tla, formal/event-operations/RaciWebEditorConsent.cfg, formal/event-operations/RaciWebEditorContext.cfg, formal/event-operations/RaciWebEditorFlight.cfg, formal/event-operations/RaciWebEditorReceipt.cfg, formal/event-operations/RaciWebEditorRetry.cfg, playwright.event-raci.config.mjs, scripts/__tests__/event-raci-web-editor.test.mjs, scripts/verify-event-operations-formal.sh, tdf-hq-ui/src/components/events/EventRaciEditor.tsx, tdf-hq-ui/src/i18n/locales/en.ts, tdf-hq-ui/src/i18n/locales/es.ts, tdf-hq-ui/src/pages/EventTaskPage.test.tsx, tdf-hq-ui/src/pages/EventTaskPage.tsx",ALREADY_MERGED,high,Preserved branch; no audit deletion. Closed redundant unmerged PR after exact-head ancestry verification. Source contribution integrated through verified normal merge465; see target CI and closure evidence.,"Exact source head and contributor history are integrated through approved consolidation465 and its verified normal merge. Current product/API/mobile/session/lifecycle/task integrity repairs and tests are retained in the replacement. Source closure waits for passing normal target CI; branch remains. Evidence: branch-evidence/059-commits.txt, branch-evidence/059-changes.txt, branch-evidence/059-files.txt, branch-evidence/059-references.txt, checks/061553d085d3106a9c8877ca08ccb3e2420cdd09.json, status/061553d085d3106a9c8877ca08ccb3e2420cdd09.json",https://github.com/diegueins680/tdf-app/pull/388; https://github.com/diegueins680/tdf-app/pull/388#issuecomment-5975677121; https://github.com/diegueins680/tdf-app/pull/465,Not deleted
feat/event-task-aggregate-revision,3b1ce4d9dbd0efb6d1e354ffd9f58e92a6916320,https://github.com/diegueins680/tdf-app/pull/379,test/event-task-browser-startup,Not protected by captured GitHub branch rules; external preview configuration not fully verifiable.,"+1/-0 vs initial intended target; +21/-448 vs initial main; merge base 221d1205c9cc2e992f8f36f73d441a3f9c6fda21; current head 3b1ce4d9dbd0efb6d1e354ffd9f58e92a6916320, relation {'target': 'test/event-task-browser-startup', 'target_sha': '221d1205c9cc2e992f8f36f73d441a3f9c6fda21', 'ahead': 1, 'behind': 0, 'merge_base': '221d1205c9cc2e992f8f36f73d441a3f9c6fda21'}","379: no required approval recorded, 0 unresolved; {'failure': 5, 'success': 14, 'skipped': 3}",PR379 unstable (mergeable=True),,"feat(events): add canonical task aggregate revisions and stale-write guard; files: .github/workflows/event-operations-formal.yml, docs/event-operations/README.md, docs/event-operations/delivery-plan.md, docs/event-operations/gap-matrix.md, docs/event-operations/glossary.md, docs/event-operations/pr-21-task-aggregate-revision.md, docs/event-operations/task-revision-contract.md, docs/event-operations/traceability-matrix.md, formal/event-operations/README.md, formal/event-operations/TaskRevision.cfg, formal/event-operations/TaskRevision.tla, formal/event-operations/TaskRevisionEarly.cfg, formal/event-operations/TaskRevisionRaci.cfg, scripts/__tests__/event-task-revision-runner.test.mjs, scripts/test-event-operations-schema-rehearsal.sh, scripts/test-event-task-revision-migration.sh, scripts/verify-event-operations-formal.sh, tdf-hq/sql/2026-09-15_event_task_revision.sql, tdf-hq/sql/2026-09-15_event_task_revision_rollback.sql, tdf-hq/test/integration/event_operations_schema_assertions.sql, tdf-hq/test/integration/event_operations_schema_reapply_assertions.sql, tdf-hq/test/integration/event_operations_schema_rollback_assertions.sql, tdf-hq/test/integration/event_task_revision_assertions.sql",ALREADY_MERGED,high,Preserved branch; no audit deletion. Closed redundant unmerged PR after exact-head ancestry verification. Source contribution integrated through verified normal merge465; see target CI and closure evidence.,"Exact source head and contributor history are integrated through approved consolidation465 and its verified normal merge. Current product/API/mobile/session/lifecycle/task integrity repairs and tests are retained in the replacement. Source closure waits for passing normal target CI; branch remains. Evidence: branch-evidence/060-commits.txt, branch-evidence/060-changes.txt, branch-evidence/060-files.txt, branch-evidence/060-references.txt, checks/3b1ce4d9dbd0efb6d1e354ffd9f58e92a6916320.json, status/3b1ce4d9dbd0efb6d1e354ffd9f58e92a6916320.json",https://github.com/diegueins680/tdf-app/pull/379; https://github.com/diegueins680/tdf-app/pull/379#issuecomment-5975684926; https://github.com/diegueins680/tdf-app/pull/465,Not deleted
feat/event-task-commit-invariants,259becd7b3763e084b54da8749b1e6fde8d9d862,https://github.com/diegueins680/tdf-app/pull/339,feat/event-logistics-transaction-hardening,Not protected by captured GitHub branch rules; external preview configuration not fully verifiable.,"+4/-0 vs initial intended target; +6/-448 vs initial main; merge base f500b62c453e7da8981bc66138418fa59a586565; current head 259becd7b3763e084b54da8749b1e6fde8d9d862, relation {'target': 'feat/event-logistics-transaction-hardening', 'target_sha': 'f500b62c453e7da8981bc66138418fa59a586565', 'ahead': 4, 'behind': 0, 'merge_base': 'f500b62c453e7da8981bc66138418fa59a586565'}","339: APPROVED, 0 unresolved; {'failure': 1, 'success': 1}",PR339 unknown (mergeable=None),,"fix(events): model and enforce task commit invariants; files: .github/workflows/event-operations-formal.yml, docs/event-operations/README.md, docs/event-operations/delivery-plan.md, docs/event-operations/fence-and-override-followup-2026-09-15.md, docs/event-operations/github-delivery-2026-09-14.md, docs/event-operations/implementation-report-2026-09-14.md, docs/event-operations/pr-01-formal-foundation.md, docs/event-operations/pr-02-api-foundation.md, docs/event-operations/pr-03-logistics-transaction-hardening.md, docs/event-operations/pr-04-task-commit-invariants.md, docs/event-operations/raci-validity-followup-2026-09-15.md, docs/event-operations/repository-audit-2026-09-14.md, docs/event-operations/task-commit-contract.md, docs/event-operations/traceability-matrix.md, formal/event-operations/README.md, formal/event-operations/TaskCommit.cfg, formal/event-operations/TaskCommit.tla, formal/event-operations/TaskCommitEarlyValidation.cfg, formal/event-operations/TaskCommitWriteSkew.cfg, package.json, scripts/test-event-task-commit-migration.sh, scripts/verify-event-operations-formal.sh, tdf-hq/sql/2026-09-14_event_task_commit.sql, tdf-hq/sql/2026-09-14_event_task_commit_rollback.sql",ALREADY_MERGED,high,Preserved branch; no audit deletion. Closed redundant unmerged PR after exact-head ancestry verification. Source contribution integrated through verified normal merge465; see target CI and closure evidence.,"Exact source head and contributor history are integrated through approved consolidation465 and its verified normal merge. Current product/API/mobile/session/lifecycle/task integrity repairs and tests are retained in the replacement. Source closure waits for passing normal target CI; branch remains. Evidence: branch-evidence/061-commits.txt, branch-evidence/061-changes.txt, branch-evidence/061-files.txt, branch-evidence/061-references.txt, checks/259becd7b3763e084b54da8749b1e6fde8d9d862.json, status/259becd7b3763e084b54da8749b1e6fde8d9d862.json",https://github.com/diegueins680/tdf-app/pull/339; https://github.com/diegueins680/tdf-app/pull/339#issuecomment-5975714428; https://github.com/diegueins680/tdf-app/pull/465,Not deleted
feat/event-task-completion-api,823da0fa801abe3bdb3b7679550f1315ad0946ed,https://github.com/diegueins680/tdf-app/pull/410,feat/event-task-completion-command,Not protected by captured GitHub branch rules; external preview configuration not fully verifiable.,"+1/-0 vs initial intended target; +32/-448 vs initial main; merge base 78bdd4df465d1c7d8a752f9df0ed714ecad2330d; current head 823da0fa801abe3bdb3b7679550f1315ad0946ed, relation {'target': 'feat/event-task-completion-command', 'target_sha': '78bdd4df465d1c7d8a752f9df0ed714ecad2330d', 'ahead': 1, 'behind': 0, 'merge_base': '78bdd4df465d1c7d8a752f9df0ed714ecad2330d'}","410: no required approval recorded, 0 unresolved; {'failure': 5, 'success': 20, 'skipped': 2}",PR410 unstable (mergeable=True),,"feat(events): session-fenced preparation task completion API; files: docs/event-operations/README.md, docs/event-operations/delivery-plan.md, docs/event-operations/gap-matrix.md, docs/event-operations/pr-32-task-completion-api.md, docs/event-operations/task-completion-api-contract.md, docs/event-operations/traceability-matrix.md, scripts/__tests__/event-operations-http-runner.test.mjs, scripts/test-event-operations-http-ci.sh, scripts/test-event-operations-http.sh, tdf-hq-ui/src/api/generated/types.ts, tdf-hq/docs/openapi/api.yaml, tdf-hq/src/TDF/EventOperations/API.hs, tdf-hq/src/TDF/EventOperations/DatabaseBoundary.hs, tdf-hq/src/TDF/EventOperations/Server.hs, tdf-hq/src/TDF/EventOperations/Types.hs, tdf-hq/test/EventOperationsHttpMain.hs, tdf-hq/test/TDF/EventOperations/DatabaseBoundarySpec.hs, tdf-hq/test/TDF/EventOperations/SessionFenceSpec.hs, tdf-hq/test/TDF/EventOperations/TypesSpec.hs, tdf-hq/test/integration/event_operations_http_fixture.sql",ALREADY_MERGED,high,Preserved branch; no audit deletion. Closed redundant unmerged PR after exact-head ancestry verification. Source contribution integrated through verified normal merge465; see target CI and closure evidence.,"Exact source head and contributor history are integrated through approved consolidation465 and its verified normal merge. Current product/API/mobile/session/lifecycle/task integrity repairs and tests are retained in the replacement. Source closure waits for passing normal target CI; branch remains. Evidence: branch-evidence/062-commits.txt, branch-evidence/062-changes.txt, branch-evidence/062-files.txt, branch-evidence/062-references.txt, checks/823da0fa801abe3bdb3b7679550f1315ad0946ed.json, status/823da0fa801abe3bdb3b7679550f1315ad0946ed.json",https://github.com/diegueins680/tdf-app/pull/410; https://github.com/diegueins680/tdf-app/pull/410#issuecomment-5975667904; https://github.com/diegueins680/tdf-app/pull/465,Not deleted
feat/event-task-completion-client,f2f01194090a241777c451d06cb0848af7aa759a,https://github.com/diegueins680/tdf-app/pull/411,feat/event-task-completion-api,Not protected by captured GitHub branch rules; external preview configuration not fully verifiable.,"+1/-0 vs initial intended target; +33/-448 vs initial main; merge base 823da0fa801abe3bdb3b7679550f1315ad0946ed; current head f2f01194090a241777c451d06cb0848af7aa759a, relation {'target': 'feat/event-task-completion-api', 'target_sha': '823da0fa801abe3bdb3b7679550f1315ad0946ed', 'ahead': 1, 'behind': 0, 'merge_base': '823da0fa801abe3bdb3b7679550f1315ad0946ed'}","411: no required approval recorded, 0 unresolved; {'failure': 3, 'success': 20, 'skipped': 4}",PR411 unstable (mergeable=True),,"feat(events): captured and validated task completion client; files: .github/workflows/event-operations-formal.yml, docs/event-operations/README.md, docs/event-operations/delivery-plan.md, docs/event-operations/gap-matrix.md, docs/event-operations/pr-33-task-completion-client.md, docs/event-operations/task-completion-client-contract.md, docs/event-operations/traceability-matrix.md, formal/event-operations/README.md, formal/event-operations/TaskCompletionClient.cfg, formal/event-operations/TaskCompletionClient.tla, formal/event-operations/TaskCompletionClientBinding.cfg, formal/event-operations/TaskCompletionClientCapture.cfg, formal/event-operations/TaskCompletionClientRetry.cfg, formal/event-operations/TaskCompletionClientShape.cfg, scripts/__tests__/event-task-completion-client.test.mjs, scripts/verify-event-operations-formal.sh, tdf-hq-ui/src/api/eventOperations.ts, tdf-hq-ui/src/api/eventTaskCompletion.test.ts, tdf-hq-ui/src/api/eventTaskCompletion.transport.test.ts",ALREADY_MERGED,high,Preserved branch; no audit deletion. Closed redundant unmerged PR after exact-head ancestry verification. Source contribution integrated through verified normal merge465; see target CI and closure evidence.,"Exact source head and contributor history are integrated through approved consolidation465 and its verified normal merge. Current product/API/mobile/session/lifecycle/task integrity repairs and tests are retained in the replacement. Source closure waits for passing normal target CI; branch remains. Evidence: branch-evidence/063-commits.txt, branch-evidence/063-changes.txt, branch-evidence/063-files.txt, branch-evidence/063-references.txt, checks/f2f01194090a241777c451d06cb0848af7aa759a.json, status/f2f01194090a241777c451d06cb0848af7aa759a.json",https://github.com/diegueins680/tdf-app/pull/411; https://github.com/diegueins680/tdf-app/pull/411#issuecomment-5975666303; https://github.com/diegueins680/tdf-app/pull/465,Not deleted
feat/event-task-completion-command,78bdd4df465d1c7d8a752f9df0ed714ecad2330d,https://github.com/diegueins680/tdf-app/pull/407,test/event-raci-accessibility-evidence,Not protected by captured GitHub branch rules; external preview configuration not fully verifiable.,"+1/-0 vs initial intended target; +31/-448 vs initial main; merge base 6047377348e901c919d7691b849faab30980b952; current head 78bdd4df465d1c7d8a752f9df0ed714ecad2330d, relation {'target': 'test/event-raci-accessibility-evidence', 'target_sha': '6047377348e901c919d7691b849faab30980b952', 'ahead': 1, 'behind': 0, 'merge_base': '6047377348e901c919d7691b849faab30980b952'}","407: no required approval recorded, 0 unresolved; {'failure': 3, 'success': 21, 'skipped': 3}",PR407 unstable (mergeable=True),,"feat(events): guarded preparation task completion; files: .github/workflows/event-operations-formal.yml, docs/event-operations/README.md, docs/event-operations/delivery-plan.md, docs/event-operations/gap-matrix.md, docs/event-operations/pr-31-task-completion-command.md, docs/event-operations/task-completion-contract.md, docs/event-operations/traceability-matrix.md, formal/event-operations/README.md, formal/event-operations/TaskCompletion.cfg, formal/event-operations/TaskCompletion.tla, formal/event-operations/TaskCompletionAudit.cfg, formal/event-operations/TaskCompletionAuthority.cfg, formal/event-operations/TaskCompletionDependencies.cfg, formal/event-operations/TaskCompletionLifecycle.cfg, formal/event-operations/TaskCompletionRaci.cfg, formal/event-operations/TaskCompletionReplay.cfg, formal/event-operations/TaskCompletionVersion.cfg, scripts/__tests__/event-task-completion-runner.test.mjs, scripts/test-event-operations-schema-rehearsal.sh, scripts/test-event-task-completion-migration.sh, scripts/verify-event-operations-formal.sh, tdf-hq/sql/2026-09-16_event_task_completion.sql, tdf-hq/sql/2026-09-16_event_task_completion_rollback.sql, tdf-hq/test/integration/event_task_completion_assertions.sql, tdf-hq/test/integration/event_task_completion_fixture.sql, tdf-hq/test/integration/event_task_completion_schema_assertions.sql",ALREADY_MERGED,high,Preserved branch; no audit deletion. Closed redundant unmerged PR after exact-head ancestry verification. Source contribution integrated through verified normal merge465; see target CI and closure evidence.,"Exact source head and contributor history are integrated through approved consolidation465 and its verified normal merge. Current product/API/mobile/session/lifecycle/task integrity repairs and tests are retained in the replacement. Source closure waits for passing normal target CI; branch remains. Evidence: branch-evidence/064-commits.txt, branch-evidence/064-changes.txt, branch-evidence/064-files.txt, branch-evidence/064-references.txt, checks/78bdd4df465d1c7d8a752f9df0ed714ecad2330d.json, status/78bdd4df465d1c7d8a752f9df0ed714ecad2330d.json",https://github.com/diegueins680/tdf-app/pull/407; https://github.com/diegueins680/tdf-app/pull/407#issuecomment-5975669466; https://github.com/diegueins680/tdf-app/pull/465,Not deleted
feat/event-task-raci-view,f03f366de44c8ad09248e9d399caa5994af06d5a,https://github.com/diegueins680/tdf-app/pull/373,fix/reservation-pluscal-integrity,Not protected by captured GitHub branch rules; external preview configuration not fully verifiable.,"+1/-0 vs initial intended target; +19/-448 vs initial main; merge base ec24b70b1b2319a875099cc118db0e68b62a5ed0; current head f03f366de44c8ad09248e9d399caa5994af06d5a, relation {'target': 'fix/reservation-pluscal-integrity', 'target_sha': 'ec24b70b1b2319a875099cc118db0e68b62a5ed0', 'ahead': 1, 'behind': 0, 'merge_base': 'ec24b70b1b2319a875099cc118db0e68b62a5ed0'}","373: no required approval recorded, 0 unresolved; {'failure': 5, 'success': 12, 'skipped': 4}",PR373 unstable (mergeable=True),,"feat(events): scoped task RACI view; browser startup gate unresolved; files: .gitignore, docs/event-operations/README.md, docs/event-operations/delivery-plan.md, docs/event-operations/gap-matrix.md, docs/event-operations/pr-19-task-raci-view.md, docs/event-operations/task-view-contract.md, docs/event-operations/traceability-matrix.md, e2e/web/event-task-view.spec.mjs, formal/event-operations/README.md, formal/event-operations/TaskView.cfg, formal/event-operations/TaskView.tla, formal/event-operations/TaskViewInvalid.cfg, formal/event-operations/TaskViewLate.cfg, formal/event-operations/TaskViewRetained.cfg, playwright.event-task.config.mjs, scripts/verify-event-operations-formal.sh, tdf-hq-ui/src/api/eventOperations.ts, tdf-hq-ui/src/i18n/locales/en.ts, tdf-hq-ui/src/i18n/locales/es.ts, tdf-hq-ui/src/pages/EventLogisticsPage.tsx, tdf-hq-ui/src/pages/EventTaskPage.test.tsx, tdf-hq-ui/src/pages/EventTaskPage.tsx, tdf-hq-ui/src/pages/SocialEventWorkspacePage.test.tsx, tdf-hq-ui/src/pages/SocialEventWorkspacePage.tsx, tdf-hq-ui/src/routes/protectedRoutes.tsx, tdf-hq-ui/src/utils/eventTaskRoutes.test.ts, tdf-hq-ui/src/utils/eventTaskRoutes.ts",ALREADY_MERGED,high,Preserved branch; no audit deletion. Closed redundant unmerged PR after exact-head ancestry verification. Source contribution integrated through verified normal merge465; see target CI and closure evidence.,"Exact source head and contributor history are integrated through approved consolidation465 and its verified normal merge. Current product/API/mobile/session/lifecycle/task integrity repairs and tests are retained in the replacement. Source closure waits for passing normal target CI; branch remains. Evidence: branch-evidence/065-commits.txt, branch-evidence/065-changes.txt, branch-evidence/065-files.txt, branch-evidence/065-references.txt, checks/f03f366de44c8ad09248e9d399caa5994af06d5a.json, status/f03f366de44c8ad09248e9d399caa5994af06d5a.json",https://github.com/diegueins680/tdf-app/pull/373; https://github.com/diegueins680/tdf-app/pull/373#issuecomment-5975688555; https://github.com/diegueins680/tdf-app/pull/465,Not deleted
feat/event-task-read-api,881882e15cd1b2400cc2e0452ea50683dea675de,https://github.com/diegueins680/tdf-app/pull/357,feat/event-task-read-projection,Not protected by captured GitHub branch rules; external preview configuration not fully verifiable.,"+1/-0 vs initial intended target; +14/-448 vs initial main; merge base a1b92c220691b694e5f53e7deaf4d455ce46bc44; current head 881882e15cd1b2400cc2e0452ea50683dea675de, relation {'target': 'feat/event-task-read-projection', 'target_sha': 'a1b92c220691b694e5f53e7deaf4d455ce46bc44', 'ahead': 1, 'behind': 0, 'merge_base': 'a1b92c220691b694e5f53e7deaf4d455ce46bc44'}","357: no required approval recorded, 0 unresolved; {'failure': 6, 'success': 13, 'skipped': 2}",PR357 unstable (mergeable=True),,"feat: expose authenticated task/RACI read API; files: docs/event-operations/README.md, docs/event-operations/delivery-plan.md, docs/event-operations/pr-14-task-read-api.md, docs/event-operations/task-read-api-contract.md, docs/event-operations/traceability-matrix.md, scripts/__tests__/event-operations-http-runner.test.mjs, scripts/test-event-operations-http-ci.sh, scripts/test-event-operations-http.sh, tdf-hq-ui/src/api/eventOperations.test.ts, tdf-hq-ui/src/api/eventOperations.ts, tdf-hq-ui/src/api/generated/types.ts, tdf-hq/docs/openapi/api.yaml, tdf-hq/src/TDF/EventOperations/API.hs, tdf-hq/src/TDF/EventOperations/DatabaseBoundary.hs, tdf-hq/src/TDF/EventOperations/Server.hs, tdf-hq/src/TDF/EventOperations/Types.hs, tdf-hq/test/EventOperationsHttpMain.hs, tdf-hq/test/TDF/EventOperations/DatabaseBoundarySpec.hs, tdf-hq/test/TDF/EventOperations/SessionFenceSpec.hs, tdf-hq/test/TDF/EventOperations/TypesSpec.hs, tdf-hq/test/integration/event_operations_http_fixture.sql",ALREADY_MERGED,high,Preserved branch; no audit deletion. Closed redundant unmerged PR after exact-head ancestry verification. Source contribution integrated through verified normal merge465; see target CI and closure evidence.,"Exact source head and contributor history are integrated through approved consolidation465 and its verified normal merge. Current product/API/mobile/session/lifecycle/task integrity repairs and tests are retained in the replacement. Source closure waits for passing normal target CI; branch remains. Evidence: branch-evidence/066-commits.txt, branch-evidence/066-changes.txt, branch-evidence/066-files.txt, branch-evidence/066-references.txt, checks/881882e15cd1b2400cc2e0452ea50683dea675de.json, status/881882e15cd1b2400cc2e0452ea50683dea675de.json",https://github.com/diegueins680/tdf-app/pull/357; https://github.com/diegueins680/tdf-app/pull/357#issuecomment-5975697047; https://github.com/diegueins680/tdf-app/pull/465,Not deleted
feat/event-task-read-projection,a1b92c220691b694e5f53e7deaf4d455ce46bc44,https://github.com/diegueins680/tdf-app/pull/354,test/merch-expiry-checkout-contract,Not protected by captured GitHub branch rules; external preview configuration not fully verifiable.,"+1/-0 vs initial intended target; +13/-448 vs initial main; merge base a1895105c6e15e1f95b4b72fd6218b34a311f6e6; current head a1b92c220691b694e5f53e7deaf4d455ce46bc44, relation {'target': 'test/merch-expiry-checkout-contract', 'target_sha': 'a1895105c6e15e1f95b4b72fd6218b34a311f6e6', 'ahead': 1, 'behind': 0, 'merge_base': 'a1895105c6e15e1f95b4b72fd6218b34a311f6e6'}","354: no required approval recorded, 0 unresolved; {'failure': 6, 'success': 15}",PR354 unstable (mergeable=True),,"feat: add scoped canonical task/RACI read projection; files: .github/workflows/event-operations-formal.yml, docs/event-operations/README.md, docs/event-operations/delivery-plan.md, docs/event-operations/pr-13-task-read-projection.md, docs/event-operations/task-read-contract.md, docs/event-operations/traceability-matrix.md, formal/event-operations/README.md, formal/event-operations/TaskRead.cfg, formal/event-operations/TaskRead.tla, formal/event-operations/TaskReadEarly.cfg, formal/event-operations/TaskReadEvent.cfg, formal/event-operations/TaskReadMixed.cfg, formal/event-operations/TaskReadScope.cfg, formal/event-operations/TaskReadStructure.als, package.json, scripts/__tests__/event-operations-schema-rehearsal.test.mjs, scripts/test-event-operations-schema-rehearsal.sh, scripts/test-event-task-read-migration.sh, scripts/verify-event-operations-formal.sh, tdf-hq/sql/2026-09-14_event_task_read.sql, tdf-hq/sql/2026-09-14_event_task_read_rollback.sql, tdf-hq/test/integration/event_operations_schema_assertions.sql, tdf-hq/test/integration/event_operations_schema_reapply_assertions.sql, tdf-hq/test/integration/event_task_read_assertions.sql",ALREADY_MERGED,high,Preserved branch; no audit deletion. Closed redundant unmerged PR after exact-head ancestry verification. Source contribution integrated through verified normal merge465; see target CI and closure evidence.,"Exact source head and contributor history are integrated through approved consolidation465 and its verified normal merge. Current product/API/mobile/session/lifecycle/task integrity repairs and tests are retained in the replacement. Source closure waits for passing normal target CI; branch remains. Evidence: branch-evidence/067-commits.txt, branch-evidence/067-changes.txt, branch-evidence/067-files.txt, branch-evidence/067-references.txt, checks/a1b92c220691b694e5f53e7deaf4d455ce46bc44.json, status/a1b92c220691b694e5f53e7deaf4d455ce46bc44.json",https://github.com/diegueins680/tdf-app/pull/354; https://github.com/diegueins680/tdf-app/pull/354#issuecomment-5975698759; https://github.com/diegueins680/tdf-app/pull/465,Not deleted
feat/event-task-revisioned-read,503fd7b651843e9f7cadf4fd15931256bb847ece,https://github.com/diegueins680/tdf-app/pull/381,feat/event-task-aggregate-revision,Not protected by captured GitHub branch rules; external preview configuration not fully verifiable.,"+1/-0 vs initial intended target; +22/-448 vs initial main; merge base 3b1ce4d9dbd0efb6d1e354ffd9f58e92a6916320; current head 503fd7b651843e9f7cadf4fd15931256bb847ece, relation {'target': 'feat/event-task-aggregate-revision', 'target_sha': '3b1ce4d9dbd0efb6d1e354ffd9f58e92a6916320', 'ahead': 1, 'behind': 0, 'merge_base': '3b1ce4d9dbd0efb6d1e354ffd9f58e92a6916320'}","381: no required approval recorded, 0 unresolved; {'failure': 6, 'success': 16, 'skipped': 1}",PR381 unstable (mergeable=True),,"feat(events): expose coherent task revision reads; files: .github/workflows/event-operations-formal.yml, docs/event-operations/README.md, docs/event-operations/delivery-plan.md, docs/event-operations/gap-matrix.md, docs/event-operations/glossary.md, docs/event-operations/pr-22-task-revisioned-read.md, docs/event-operations/task-revisioned-read-contract.md, docs/event-operations/traceability-matrix.md, formal/event-operations/README.md, formal/event-operations/TaskRevisionRead.cfg, formal/event-operations/TaskRevisionRead.tla, formal/event-operations/TaskRevisionReadEarly.cfg, formal/event-operations/TaskRevisionReadMixed.cfg, scripts/__tests__/event-operations-http-runner.test.mjs, scripts/__tests__/event-task-revisioned-read-runner.test.mjs, scripts/test-event-operations-http-ci.sh, scripts/test-event-operations-http.sh, scripts/test-event-operations-schema-rehearsal.sh, scripts/test-event-task-revisioned-read-migration.sh, scripts/verify-event-operations-formal.sh, tdf-hq-ui/src/api/eventOperations.test.ts, tdf-hq-ui/src/api/eventOperations.ts, tdf-hq-ui/src/api/generated/types.ts, tdf-hq/docs/openapi/api.yaml, tdf-hq/sql/2026-09-15_event_task_revisioned_read.sql, tdf-hq/sql/2026-09-15_event_task_revisioned_read_rollback.sql, tdf-hq/src/TDF/EventOperations/API.hs, tdf-hq/src/TDF/EventOperations/DatabaseBoundary.hs, tdf-hq/src/TDF/EventOperations/Server.hs, tdf-hq/src/TDF/EventOperations/Types.hs, tdf-hq/test/EventOperationsHttpMain.hs, tdf-hq/test/TDF/EventOperations/DatabaseBoundarySpec.hs, tdf-hq/test/TDF/EventOperations/SessionFenceSpec.hs, tdf-hq/test/TDF/EventOperations/TypesSpec.hs, tdf-hq/test/integration/event_operations_schema_assertions.sql, tdf-hq/test/integration/event_operations_schema_reapply_assertions.sql, tdf-hq/test/integration/event_operations_schema_rollback_assertions.sql, tdf-hq/test/integration/event_task_revisioned_read_assertions.sql, tdf-hq/test/integration/event_task_revisioned_read_barrier.sql",ALREADY_MERGED,high,Preserved branch; no audit deletion. Closed redundant unmerged PR after exact-head ancestry verification. Source contribution integrated through verified normal merge465; see target CI and closure evidence.,"Exact source head and contributor history are integrated through approved consolidation465 and its verified normal merge. Current product/API/mobile/session/lifecycle/task integrity repairs and tests are retained in the replacement. Source closure waits for passing normal target CI; branch remains. Evidence: branch-evidence/068-commits.txt, branch-evidence/068-changes.txt, branch-evidence/068-files.txt, branch-evidence/068-references.txt, checks/503fd7b651843e9f7cadf4fd15931256bb847ece.json, status/503fd7b651843e9f7cadf4fd15931256bb847ece.json",https://github.com/diegueins680/tdf-app/pull/381; https://github.com/diegueins680/tdf-app/pull/381#issuecomment-5975683294; https://github.com/diegueins680/tdf-app/pull/465,Not deleted
feat/identity-commerce-prevention-20260918,23311f29279b691cf2e80c445fb345f9cbfc57f5,https://github.com/diegueins680/tdf-app/pull/436,main,Not protected by captured GitHub branch rules; external preview configuration not fully verifiable.,"+0/-148 vs initial intended target; +0/-148 vs initial main; merge base 23311f29279b691cf2e80c445fb345f9cbfc57f5; current head None, relation {'target': 'main', 'target_sha': 'b07f67c3ebe2022d5f70e94578944b6401616696', 'ahead': 0, 'behind': 325, 'merge_base': '23311f29279b691cf2e80c445fb345f9cbfc57f5'}","436: APPROVED, 0 unresolved; {'success': 15}",PR436 unknown (mergeable=None),,Prevent guest checkout account adoption and duplicate evidence contacts; files: ,ALREADY_MERGED,high,Remote ref concurrently deleted outside this audit; exact head retained in verified recovery bundle. No audit deletion or remote restoration.,"Exact branch head is an ancestor of current main b07f67c3ebe2022d5f70e94578944b6401616696; all committed source history is retained. Deletion not proven safe: preview/environment usage and downstream references must be excluded. Evidence: branch-evidence/069-commits.txt, branch-evidence/069-changes.txt, branch-evidence/069-files.txt, branch-evidence/069-references.txt, checks/23311f29279b691cf2e80c445fb345f9cbfc57f5.json, status/23311f29279b691cf2e80c445fb345f9cbfc57f5.json",https://github.com/diegueins680/tdf-app/commit/2d7b7c7aeef810c81944f0f9417d561dc7df016b,git push origin 23311f29279b691cf2e80c445fb345f9cbfc57f5:refs/heads/feat/identity-commerce-prevention-20260918
feat/identity-consolidation-20260917,72d33c57d5723f1cda413bf8b7858cc361b5a2fb,https://github.com/diegueins680/tdf-app/pull/426,main,Not protected by captured GitHub branch rules; external preview configuration not fully verifiable.,"+0/-239 vs initial intended target; +0/-239 vs initial main; merge base 72d33c57d5723f1cda413bf8b7858cc361b5a2fb; current head None, relation {'target': 'main', 'target_sha': 'b07f67c3ebe2022d5f70e94578944b6401616696', 'ahead': 0, 'behind': 416, 'merge_base': '72d33c57d5723f1cda413bf8b7858cc361b5a2fb'}","426: APPROVED, 0 unresolved; {'success': 30}",PR426 unknown (mergeable=None),,feat(identity): add reversible contact review and prevent retry duplicates; files: ,ALREADY_MERGED,high,Remote ref concurrently deleted outside this audit; exact head retained in verified recovery bundle. No audit deletion or remote restoration.,"Exact branch head is an ancestor of current main b07f67c3ebe2022d5f70e94578944b6401616696; all committed source history is retained. Deletion not proven safe: preview/environment usage and downstream references must be excluded. Evidence: branch-evidence/070-commits.txt, branch-evidence/070-changes.txt, branch-evidence/070-files.txt, branch-evidence/070-references.txt, checks/72d33c57d5723f1cda413bf8b7858cc361b5a2fb.json, status/72d33c57d5723f1cda413bf8b7858cc361b5a2fb.json",https://github.com/diegueins680/tdf-app/commit/a81e48ea9e68b495562ae1f6592654c043dc97eb,git push origin 72d33c57d5723f1cda413bf8b7858cc361b5a2fb:refs/heads/feat/identity-consolidation-20260917
feat/identity-intake-prevention-20260918,02115f7d1b0786f3cdd4287a9466dd22682f603b,https://github.com/diegueins680/tdf-app/pull/434,main,Not protected by captured GitHub branch rules; external preview configuration not fully verifiable.,"+0/-177 vs initial intended target; +0/-177 vs initial main; merge base 02115f7d1b0786f3cdd4287a9466dd22682f603b; current head None, relation {'target': 'main', 'target_sha': 'b07f67c3ebe2022d5f70e94578944b6401616696', 'ahead': 0, 'behind': 354, 'merge_base': '02115f7d1b0786f3cdd4287a9466dd22682f603b'}","434: APPROVED, 0 unresolved; {'success': 2}",PR434 unknown (mergeable=None),,Make identity intake atomic and require contact retry keys; files: ,ALREADY_MERGED,high,Remote ref concurrently deleted outside this audit; exact head retained in verified recovery bundle. No audit deletion or remote restoration.,"Exact branch head is an ancestor of current main b07f67c3ebe2022d5f70e94578944b6401616696; all committed source history is retained. Deletion not proven safe: preview/environment usage and downstream references must be excluded. Evidence: branch-evidence/071-commits.txt, branch-evidence/071-changes.txt, branch-evidence/071-files.txt, branch-evidence/071-references.txt, checks/02115f7d1b0786f3cdd4287a9466dd22682f603b.json, status/02115f7d1b0786f3cdd4287a9466dd22682f603b.json",https://github.com/diegueins680/tdf-app/commit/2ce7a1a0d275ecc65924b5df68bc39cd7a373b1d,git push origin 02115f7d1b0786f3cdd4287a9466dd22682f603b:refs/heads/feat/identity-intake-prevention-20260918
feat/identity-registration-prevention-20260918,418c0da63a8a95639866f1e92619e6a00b7640c4,https://github.com/diegueins680/tdf-app/pull/437,main,Not protected by captured GitHub branch rules; external preview configuration not fully verifiable.,"+0/-92 vs initial intended target; +0/-92 vs initial main; merge base 418c0da63a8a95639866f1e92619e6a00b7640c4; current head None, relation {'target': 'main', 'target_sha': 'b07f67c3ebe2022d5f70e94578944b6401616696', 'ahead': 0, 'behind': 269, 'merge_base': '418c0da63a8a95639866f1e92619e6a00b7640c4'}","437: APPROVED, 0 unresolved; {'success': 15}",PR437 unknown (mergeable=None),,Keep course registration contacts separate from account identity; files: ,ALREADY_MERGED,high,Remote ref concurrently deleted outside this audit; exact head retained in verified recovery bundle. No audit deletion or remote restoration.,"Exact branch head is an ancestor of current main b07f67c3ebe2022d5f70e94578944b6401616696; all committed source history is retained. Deletion not proven safe: preview/environment usage and downstream references must be excluded. Evidence: branch-evidence/072-commits.txt, branch-evidence/072-changes.txt, branch-evidence/072-files.txt, branch-evidence/072-references.txt, checks/418c0da63a8a95639866f1e92619e6a00b7640c4.json, status/418c0da63a8a95639866f1e92619e6a00b7640c4.json",https://github.com/diegueins680/tdf-app/commit/2dfd964664ec0aed7c0a9bd6d752bfc76c1d92fb,git push origin 418c0da63a8a95639866f1e92619e6a00b7640c4:refs/heads/feat/identity-registration-prevention-20260918
feat/identity-source-prevention-20260918,da0b02d90b57c4f78ce8f20df0bb9345edf824a1,https://github.com/diegueins680/tdf-app/pull/430,main,Not protected by captured GitHub branch rules; external preview configuration not fully verifiable.,"+0/-190 vs initial intended target; +0/-190 vs initial main; merge base da0b02d90b57c4f78ce8f20df0bb9345edf824a1; current head None, relation {'target': 'main', 'target_sha': 'b07f67c3ebe2022d5f70e94578944b6401616696', 'ahead': 0, 'behind': 367, 'merge_base': 'da0b02d90b57c4f78ce8f20df0bb9345edf824a1'}","430: APPROVED, 0 unresolved; {'success': 16}",PR430 unknown (mergeable=None),,Bind Google subjects with account proof and protect contact creation retries; files: ,ALREADY_MERGED,high,Remote ref concurrently deleted outside this audit; exact head retained in verified recovery bundle. No audit deletion or remote restoration.,"Exact branch head is an ancestor of current main b07f67c3ebe2022d5f70e94578944b6401616696; all committed source history is retained. Deletion not proven safe: preview/environment usage and downstream references must be excluded. Evidence: branch-evidence/073-commits.txt, branch-evidence/073-changes.txt, branch-evidence/073-files.txt, branch-evidence/073-references.txt, checks/da0b02d90b57c4f78ce8f20df0bb9345edf824a1.json, status/da0b02d90b57c4f78ce8f20df0bb9345edf824a1.json",https://github.com/diegueins680/tdf-app/commit/f1ff05e6f591cb87ef71a9b66c5abeefa4c40095,git push origin da0b02d90b57c4f78ce8f20df0bb9345edf824a1:refs/heads/feat/identity-source-prevention-20260918
feat/identity-trials-prevention-20260918,d7ebacbff0f0e35dbd57238a8afa6f11e86cdb0e,https://github.com/diegueins680/tdf-app/pull/439,main,Not protected by captured GitHub branch rules; external preview configuration not fully verifiable.,"+0/-72 vs initial intended target; +0/-72 vs initial main; merge base d7ebacbff0f0e35dbd57238a8afa6f11e86cdb0e; current head None, relation {'target': 'main', 'target_sha': 'b07f67c3ebe2022d5f70e94578944b6401616696', 'ahead': 0, 'behind': 249, 'merge_base': 'd7ebacbff0f0e35dbd57238a8afa6f11e86cdb0e'}","439: APPROVED, 0 unresolved; {'success': 15}",PR439 unknown (mergeable=None),,Prevent duplicate trial and ad enquiries without adopting shared identities; files: ,ALREADY_MERGED,high,Remote ref concurrently deleted outside this audit; exact head retained in verified recovery bundle. No audit deletion or remote restoration.,"Exact branch head is an ancestor of current main b07f67c3ebe2022d5f70e94578944b6401616696; all committed source history is retained. Deletion not proven safe: preview/environment usage and downstream references must be excluded. Evidence: branch-evidence/074-commits.txt, branch-evidence/074-changes.txt, branch-evidence/074-files.txt, branch-evidence/074-references.txt, checks/d7ebacbff0f0e35dbd57238a8afa6f11e86cdb0e.json, status/d7ebacbff0f0e35dbd57238a8afa6f11e86cdb0e.json",https://github.com/diegueins680/tdf-app/commit/7635a5f325b9f08e129498317fecd606dfd36dc6,git push origin d7ebacbff0f0e35dbd57238a8afa6f11e86cdb0e:refs/heads/feat/identity-trials-prevention-20260918
feat/records-youtube-provider-20260918,c79041b10e86872c0a4ea3c7d16e6eab53e7a877,https://github.com/diegueins680/tdf-app/pull/459,main,Not protected by captured GitHub branch rules; external preview configuration not fully verifiable.,"+0/-43 vs initial intended target; +0/-43 vs initial main; merge base c79041b10e86872c0a4ea3c7d16e6eab53e7a877; current head None, relation {'target': 'main', 'target_sha': 'b07f67c3ebe2022d5f70e94578944b6401616696', 'ahead': 0, 'behind': 220, 'merge_base': 'c79041b10e86872c0a4ea3c7d16e6eab53e7a877'}","459: APPROVED, 0 unresolved; {'success': 13, 'skipped': 2}",PR459 unknown (mergeable=None),,feat(records): verify public YouTube metadata through bounded official API; files: ,ALREADY_MERGED,high,Remote ref concurrently deleted outside this audit; exact head retained in verified recovery bundle. No audit deletion or remote restoration.,"Exact branch head is an ancestor of current main b07f67c3ebe2022d5f70e94578944b6401616696; all committed source history is retained. Deletion not proven safe: preview/environment usage and downstream references must be excluded. Evidence: branch-evidence/075-commits.txt, branch-evidence/075-changes.txt, branch-evidence/075-files.txt, branch-evidence/075-references.txt, checks/c79041b10e86872c0a4ea3c7d16e6eab53e7a877.json, status/c79041b10e86872c0a4ea3c7d16e6eab53e7a877.json",https://github.com/diegueins680/tdf-app/commit/5b29fcf68768fce18acbc2424b733459909856d7,git push origin c79041b10e86872c0a4ea3c7d16e6eab53e7a877:refs/heads/feat/records-youtube-provider-20260918
feat/social-api-client-20260915,0bac512baed505f7f035f44c022fc0b64405b9e7,https://github.com/diegueins680/tdf-app/pull/367,feat/social-feed-filtering-20260915,Not protected by captured GitHub branch rules; external preview configuration not fully verifiable.,"+11/-0 vs initial intended target; +0/-395 vs initial main; merge base 6a6d9e02c22eee213cf56787d9de9e4252721fed; current head None, relation {'target': 'feat/social-feed-filtering-20260915', 'target_sha': None}","367: APPROVED, 0 unresolved; {'success': 15, 'skipped': 1}",PR367 clean (mergeable=True),,"feat(social): add gated Following and Discover client preview; files: .github/workflows/social-verification.yml, docs/catalog-persistence/catalog-list-decisions.json, docs/catalog-persistence/reports/list-consumer-matrix.csv, docs/catalog-persistence/reports/static-list-inventory.json, docs/social/README.md, docs/social/audit.md, docs/social/client-preview.md, docs/social/database.md, docs/social/evidence/browser-check-final.txt, docs/social/evidence/browser-refreshed-final.txt, docs/social/evidence/browser-refreshed/discover-mobile.png, docs/social/evidence/browser-refreshed/following-desktop.png, docs/social/evidence/browser-refreshed/results.json, docs/social/evidence/browser/discover-mobile.png, docs/social/evidence/browser/following-desktop.png, docs/social/evidence/browser/results.json, docs/social/evidence/canonical-generation-refreshed.txt, docs/social/evidence/canonical-generation.txt, docs/social/evidence/ci-workflow-final.txt, docs/social/evidence/haskell-contract-tests.txt, docs/social/evidence/http-refreshed-final.txt, docs/social/evidence/http-runtime-native.txt, docs/social/evidence/independent-final-models/DeletedActor.txt, docs/social/evidence/independent-final-models/DeletedTarget.txt, docs/social/evidence/independent-final-models/Feed.txt, docs/social/evidence/independent-final-models/FeedSkipped.txt, docs/social/evidence/independent-final-models/Reaction.txt, docs/social/evidence/independent-final-models/Relationships.txt, docs/social/evidence/independent-final-models/RequestConflict.txt, docs/social/evidence/independent-final-models/RequestIdentity.txt, docs/social/evidence/independent-final-models/RequestOwnership.txt, docs/social/evidence/independent-final-models/RequestReplay.txt, docs/social/evidence/independent-final-models/StaleCache.txt, docs/social/evidence/independent-final-models/StaleCommand.txt, docs/social/evidence/independent-final-models/StaleDelivery.txt, docs/social/evidence/independent-final-models/UnblockOwnership.txt, docs/social/evidence/independent-final-models/UnblockResurrection.txt, docs/social/evidence/independent-final-models/WithdrawalOwnership.txt, docs/social/evidence/independent-final-run.txt, docs/social/evidence/mobile-contract-generation.txt, docs/social/evidence/mobile-generation-refreshed.txt, docs/social/evidence/postgres-client-tests.txt, docs/social/evidence/postgres-refreshed-final.txt, docs/social/evidence/ui-build-refreshed.txt, docs/social/evidence/ui-refreshed-final.txt, docs/social/evidence/ui-social-lint-final.txt, docs/social/evidence/ui-social-tests-final.txt, docs/social/evidence/ui-social-tests-portable.txt, docs/social/evidence/ui-typecheck-regenerated.txt, docs/social/evidence/workflow-refreshed-final.txt, docs/social/handoff.md, docs/social/operations.md, docs/social/verification.md, scripts/social/ApiContractSpec.hs, scripts/social/HttpSpec.hs, scripts/social/mutation-tests.sql, scripts/social/preview-entry.tsx, scripts/social/preview.mjs, scripts/social/reconcile.sql, scripts/social/test-http.sh, scripts/social/test-postgres.sh, scripts/social/verify-preview.mjs, tdf-hq-ui/.env.example, tdf-hq-ui/jest.config.cjs, tdf-hq-ui/src/api/generated/social-v2.ts, tdf-hq-ui/src/api/generated/types.ts, tdf-hq-ui/src/api/socialV2.test.ts, tdf-hq-ui/src/api/socialV2.ts, tdf-hq-ui/src/features/social/SocialWorkspace.test.tsx, tdf-hq-ui/src/features/social/SocialWorkspace.tsx, tdf-hq-ui/src/pages/SocialPage.tsx, tdf-hq-ui/src/vite-env.d.ts, tdf-hq/config/default.env.example, tdf-hq/docs/openapi/api.yaml, tdf-hq/docs/openapi/social-v2.yaml, tdf-hq/src/TDF/API.hs, tdf-hq/src/TDF/Server.hs, tdf-hq/src/TDF/Social/API.hs, tdf-hq/src/TDF/Social/Server.hs, tdf-hq/tdf-hq.cabal, tdf-mobile",ALREADY_MERGED,high,Remote ref concurrently deleted outside this audit; exact head retained in verified recovery bundle. No audit deletion or remote restoration.,"Exact branch head is an ancestor of current main b07f67c3ebe2022d5f70e94578944b6401616696; all committed source history is retained. Deletion not proven safe: preview/environment usage and downstream references must be excluded. Evidence: branch-evidence/076-commits.txt, branch-evidence/076-changes.txt, branch-evidence/076-files.txt, branch-evidence/076-references.txt, checks/0bac512baed505f7f035f44c022fc0b64405b9e7.json, status/0bac512baed505f7f035f44c022fc0b64405b9e7.json",,git push origin 0bac512baed505f7f035f44c022fc0b64405b9e7:refs/heads/feat/social-api-client-20260915
feat/social-authority-20260914,c671a5acbe1403ba89d1d70db165b2b327b6cdec,https://github.com/diegueins680/tdf-app/pull/356,main,Not protected by captured GitHub branch rules; external preview configuration not fully verifiable.,"+0/-409 vs initial intended target; +0/-409 vs initial main; merge base c671a5acbe1403ba89d1d70db165b2b327b6cdec; current head None, relation {'target': 'main', 'target_sha': 'b07f67c3ebe2022d5f70e94578944b6401616696', 'ahead': 0, 'behind': 586, 'merge_base': 'c671a5acbe1403ba89d1d70db165b2b327b6cdec'}","356: APPROVED, 0 unresolved; {'success': 12, 'skipped': 3}",PR356 unknown (mergeable=None),,"feat(social): add inactive consent, policy and feed SQL foundation; files: ",ALREADY_MERGED,high,Remote ref concurrently deleted outside this audit; exact head retained in verified recovery bundle. No audit deletion or remote restoration.,"Exact branch head is an ancestor of current main b07f67c3ebe2022d5f70e94578944b6401616696; all committed source history is retained. Deletion not proven safe: preview/environment usage and downstream references must be excluded. Evidence: branch-evidence/077-commits.txt, branch-evidence/077-changes.txt, branch-evidence/077-files.txt, branch-evidence/077-references.txt, checks/c671a5acbe1403ba89d1d70db165b2b327b6cdec.json, status/c671a5acbe1403ba89d1d70db165b2b327b6cdec.json",https://github.com/diegueins680/tdf-app/commit/16a4eef7477eb160feb20210406f70adb58be814,git push origin c671a5acbe1403ba89d1d70db165b2b327b6cdec:refs/heads/feat/social-authority-20260914
feat/social-chat-cache-isolation-20260915,fd94ed7163fe8afe80f559a664a55576e781aa51,https://github.com/diegueins680/tdf-app/pull/391,feat/social-dm-api-boundary-20260915,Not protected by captured GitHub branch rules; external preview configuration not fully verifiable.,"+4/-0 vs initial intended target; +0/-401 vs initial main; merge base 44a1c7bededf0ba4b54068d482667ac24299f8e4; current head None, relation {'target': 'feat/social-dm-api-boundary-20260915', 'target_sha': None}","391: no required approval recorded, 0 unresolved; {'success': 11, 'skipped': 4}",PR391 dirty (mergeable=False),,"fix(chat): isolate account caches and withdraw denied conversation previews; files: .github/workflows/social-verification.yml, docs/social/chat-client-isolation.md, docs/social/evidence/chat-client-isolation/app-typecheck.txt, docs/social/evidence/chat-client-isolation/catalog.txt, docs/social/evidence/chat-client-isolation/ci-8b7daf9c8.json, docs/social/evidence/chat-client-isolation/commands.txt, docs/social/evidence/chat-client-isolation/extra-test-inclusive-typecheck-failed.txt, docs/social/evidence/chat-client-isolation/lint.txt, docs/social/evidence/chat-client-isolation/source-sha256.txt, docs/social/evidence/chat-client-isolation/tests.txt, tdf-hq-ui/src/hooks/useChatUnreadCount.ts, tdf-hq-ui/src/pages/ChatPage.privacy.test.tsx, tdf-hq-ui/src/pages/ChatPage.tsx, tdf-hq-ui/src/utils/chatReadState.test.ts, tdf-hq-ui/src/utils/chatReadState.ts",ALREADY_MERGED,high,Remote ref concurrently deleted outside this audit; exact head retained in verified recovery bundle. No audit deletion or remote restoration. Closed redundant unmerged PR after exact-head ancestry verification.,"Exact branch head is an ancestor of current main b07f67c3ebe2022d5f70e94578944b6401616696; all committed source history is retained. Deletion not proven safe: preview/environment usage and downstream references must be excluded. Evidence: branch-evidence/078-commits.txt, branch-evidence/078-changes.txt, branch-evidence/078-files.txt, branch-evidence/078-references.txt, checks/fd94ed7163fe8afe80f559a664a55576e781aa51.json, status/fd94ed7163fe8afe80f559a664a55576e781aa51.json",https://github.com/diegueins680/tdf-app/pull/391; https://github.com/diegueins680/tdf-app/pull/391#issuecomment-5862823250,git push origin fd94ed7163fe8afe80f559a664a55576e781aa51:refs/heads/feat/social-chat-cache-isolation-20260915
feat/social-chat-verification-20260915,547490105d12e0581b6ca5fddc135f127abedf07,https://github.com/diegueins680/tdf-app/pull/394,feat/social-dm-api-boundary-20260915,Not protected by captured GitHub branch rules; external preview configuration not fully verifiable.,"+9/-0 vs initial intended target; +0/-396 vs initial main; merge base 44a1c7bededf0ba4b54068d482667ac24299f8e4; current head None, relation {'target': 'feat/social-dm-api-boundary-20260915', 'target_sha': None}","394: no required approval recorded, 0 unresolved; {'success': 1}",PR394 dirty (mergeable=False),,"docs(social): record DM and chat verification and remaining rollout gates; files: docs/social/audit.md, docs/social/dm-read-boundary.md, docs/social/evidence/chat-client-baseline/comparison.txt, docs/social/evidence/chat-client-baseline/test-inclusive-typecheck-baseline.txt, docs/social/evidence/completed-parent-ci/dm-api-final.json, docs/social/evidence/completed-parent-ci/profile-browser-first-failure.txt, docs/social/evidence/completed-parent-ci/profile-rerun-final.json, docs/social/evidence/dm-read-boundary/backend-result.txt, docs/social/evidence/dm-read-boundary/child-schema-startup-failed.txt, docs/social/evidence/dm-read-boundary/ci-44a1c7bed-in-progress.json, docs/social/evidence/dm-read-boundary/schema-docker.txt, docs/social/evidence/fan-effects-ci/full-current.json, docs/social/evidence/fan-effects-ci/initial-checks.json, docs/social/evidence/fan-effects-ci/latest-checks.json, docs/social/evidence/fan-effects-ci/social-current.json, docs/social/evidence/legacy-write-ci/current-checks.json, docs/social/evidence/legacy-write-ci/final-full-ci.json, docs/social/evidence/legacy-write-ci/initial-checks.json, docs/social/evidence/profile-ci/initial-final-head-checks.json, docs/social/evidence/relationship-ci/final-full-ci.json, docs/social/evidence/relationship-ci/initial-checks.json, docs/social/fan-integration-next.md, docs/social/handoff.md, docs/social/policy.md",ALREADY_MERGED,high,Remote ref concurrently deleted outside this audit; exact head retained in verified recovery bundle. No audit deletion or remote restoration. Closed redundant unmerged PR after exact-head ancestry verification.,"Exact branch head is an ancestor of current main b07f67c3ebe2022d5f70e94578944b6401616696; all committed source history is retained. Deletion not proven safe: preview/environment usage and downstream references must be excluded. Evidence: branch-evidence/079-commits.txt, branch-evidence/079-changes.txt, branch-evidence/079-files.txt, branch-evidence/079-references.txt, checks/547490105d12e0581b6ca5fddc135f127abedf07.json, status/547490105d12e0581b6ca5fddc135f127abedf07.json",https://github.com/diegueins680/tdf-app/pull/394; https://github.com/diegueins680/tdf-app/pull/394#issuecomment-5862821556,git push origin 547490105d12e0581b6ca5fddc135f127abedf07:refs/heads/feat/social-chat-verification-20260915
feat/social-dm-api-boundary-20260915,44a1c7bededf0ba4b54068d482667ac24299f8e4,https://github.com/diegueins680/tdf-app/pull/390,feat/social-dm-write-boundary-20260915,Not protected by captured GitHub branch rules; external preview configuration not fully verifiable.,"+2/-22 vs initial intended target; +0/-405 vs initial main; merge base 50131ef4489e980846a7d524f27475828aeef7cd; current head None, relation {'target': 'feat/social-dm-write-boundary-20260915', 'target_sha': None}","390: no required approval recorded, 0 unresolved; {'success': 12, 'skipped': 3}",PR390 dirty (mergeable=False),,"fix(social): enforce canonical policy on legacy DM reads and API operations; files: .github/workflows/social-verification.yml, docs/social/README.md, docs/social/dm-read-boundary.md, docs/social/evidence/dm-read-boundary/DmReads.txt, docs/social/evidence/dm-read-boundary/DmReadsCache.txt, docs/social/evidence/dm-read-boundary/DmReadsCursor.txt, docs/social/evidence/dm-read-boundary/DmReadsOutsider.txt, docs/social/evidence/dm-read-boundary/http.txt, docs/social/evidence/dm-read-boundary/model-source-sha256.txt, docs/social/evidence/dm-read-boundary/schema.txt, docs/social/evidence/dm-read-boundary/sql-controls.txt, docs/social/evidence/dm-read-boundary/trace-export.txt, docs/social/handoff.md, docs/social/research.md, formal/social/DmReadTraces.cfg, formal/social/DmReads.cfg, formal/social/DmReads.tla, formal/social/DmReadsCache.cfg, formal/social/DmReadsCursor.cfg, formal/social/DmReadsOutsider.cfg, scripts/social/ChatSpec.hs, scripts/social/HttpSpec.hs, scripts/social/check-dm-reads-model.sh, scripts/social/dm-read-model-cases.sql, scripts/social/dm-read-negative.sql, scripts/social/dm-read-refinement.sql, scripts/social/generate-dm-read-cases.py, scripts/social/test-http.sh, scripts/social/test-schema-compatibility.sh, tdf-hq/sql/2026-09-15_social_v2_chat_api.sql, tdf-hq/src/TDF/API.hs, tdf-hq/src/TDF/API/Chat.hs, tdf-hq/src/TDF/DTO.hs, tdf-hq/src/TDF/Server.hs, tdf-hq/src/TDF/Social/Chat.hs, tdf-hq/src/TDF/Social/Session.hs, tdf-hq/tdf-hq.cabal",ALREADY_MERGED,high,Remote ref concurrently deleted outside this audit; exact head retained in verified recovery bundle. No audit deletion or remote restoration. Closed redundant unmerged PR after exact-head ancestry verification.,"Exact branch head is an ancestor of current main b07f67c3ebe2022d5f70e94578944b6401616696; all committed source history is retained. Deletion not proven safe: preview/environment usage and downstream references must be excluded. Evidence: branch-evidence/080-commits.txt, branch-evidence/080-changes.txt, branch-evidence/080-files.txt, branch-evidence/080-references.txt, checks/44a1c7bededf0ba4b54068d482667ac24299f8e4.json, status/44a1c7bededf0ba4b54068d482667ac24299f8e4.json",https://github.com/diegueins680/tdf-app/pull/390; https://github.com/diegueins680/tdf-app/pull/390#issuecomment-5862824961,git push origin 44a1c7bededf0ba4b54068d482667ac24299f8e4:refs/heads/feat/social-dm-api-boundary-20260915
feat/social-dm-write-boundary-20260915,e03ce193c2e9c6788fad5f1360aef1088006616f,https://github.com/diegueins680/tdf-app/pull/386,feat/social-token-boundary-20260915,Not protected by captured GitHub branch rules; external preview configuration not fully verifiable.,"+3/-0 vs initial intended target; +0/-385 vs initial main; merge base 2be39150f626dcd5181951532a8ebe25a3ce3fa4; current head None, relation {'target': 'feat/social-token-boundary-20260915', 'target_sha': None}","386: APPROVED, 0 unresolved; {'success': 14, 'skipped': 3}",PR386 clean (mergeable=True),,"fix(social): preserve DM write restrictions through pause and revocation; files: .github/workflows/social-verification.yml, docs/catalog-persistence/reports/list-consumer-matrix.csv, docs/catalog-persistence/reports/static-list-inventory.json, docs/social/dm-write-boundary.md, docs/social/evidence/dm-benchmark.txt, docs/social/evidence/dm-catalog-result.txt, docs/social/evidence/dm-ci-efc827f76.json, docs/social/evidence/dm-full-ci-efc827f76.json, docs/social/evidence/dm-full-schema.txt, docs/social/evidence/dm-models/LegacyDm.txt, docs/social/evidence/dm-models/LegacyDmUnsafeConsent.txt, docs/social/evidence/dm-models/LegacyDmUnsafePause.txt, docs/social/evidence/dm-traces.txt, docs/social/evidence/dm-workflows.txt, docs/social/evidence/dm-writes-before.txt, docs/social/evidence/dm-writes.txt, docs/social/evidence/session-ci-80cd4a1a4.json, docs/social/evidence/session-first-full-ci.json, docs/social/evidence/session-pr-80cd4a1a4.json, docs/social/handoff.md, docs/social/research.md, docs/social/verification.md, formal/social/LegacyDm.cfg, formal/social/LegacyDm.dot, formal/social/LegacyDm.tla, formal/social/LegacyDmUnsafeConsent.cfg, formal/social/LegacyDmUnsafePause.cfg, scripts/social/check-dm-model.sh, scripts/social/dm-model-cases.sql, scripts/social/generate-dm-cases.py, scripts/social/schema-compatibility.sql, scripts/social/test-dm-writes.sh, scripts/social/test-schema-compatibility.sh, tdf-hq/sql/2026-09-15_social_v2_dm_write_boundary.sql",ALREADY_MERGED,high,Remote ref concurrently deleted outside this audit; exact head retained in verified recovery bundle. No audit deletion or remote restoration.,"Exact branch head is an ancestor of current main b07f67c3ebe2022d5f70e94578944b6401616696; all committed source history is retained. Deletion not proven safe: preview/environment usage and downstream references must be excluded. Evidence: branch-evidence/081-commits.txt, branch-evidence/081-changes.txt, branch-evidence/081-files.txt, branch-evidence/081-references.txt, checks/e03ce193c2e9c6788fad5f1360aef1088006616f.json, status/e03ce193c2e9c6788fad5f1360aef1088006616f.json",,git push origin e03ce193c2e9c6788fad5f1360aef1088006616f:refs/heads/feat/social-dm-write-boundary-20260915
feat/social-fanclub-effects-20260916,daf6c5a680b81928c2e2c66df98063328e6d5e9c,https://github.com/diegueins680/tdf-app/pull/415,feat/social-legacy-write-boundary-20260916,Not protected by captured GitHub branch rules; external preview configuration not fully verifiable.,"+1/-0 vs initial intended target; +0/-400 vs initial main; merge base 7e601607f60b2987e502c4a14db821bbf37df296; current head None, relation {'target': 'feat/social-legacy-write-boundary-20260916', 'target_sha': None}","415: no required approval recorded, 0 unresolved; {'success': 13, 'skipped': 2}",PR415 dirty (mergeable=False),,"Retire implicit fan-club effects and serialize artist subscriptions; files: .github/workflows/social-verification.yml, docs/social/README.md, docs/social/audit.md, docs/social/evidence/fan-effects-20260916/FanEffects.txt, docs/social/evidence/fan-effects-20260916/FanEffectsGoverned.txt, docs/social/evidence/fan-effects-20260916/FanEffectsLocks.txt, docs/social/evidence/fan-effects-20260916/FanEffectsPause.txt, docs/social/evidence/fan-effects-20260916/FanEffectsRetry.txt, docs/social/evidence/fan-effects-20260916/catalog.txt, docs/social/evidence/fan-effects-20260916/commands.md, docs/social/evidence/fan-effects-20260916/development-failures.txt, docs/social/evidence/fan-effects-20260916/http-and-benchmark.txt, docs/social/evidence/fan-effects-20260916/parent-409-full-ci.json, docs/social/evidence/fan-effects-20260916/parent-409-pr.json, docs/social/evidence/fan-effects-20260916/schema-native-pg16.txt, docs/social/evidence/fan-effects-20260916/source-sha256.txt, docs/social/evidence/fan-effects-20260916/stack-pass-excerpt.txt, docs/social/evidence/fan-effects-20260916/ui-eslint.txt, docs/social/evidence/fan-effects-20260916/ui-jest.txt, docs/social/evidence/fan-effects-20260916/ui-tsc.txt, docs/social/fan-effects-boundary.md, docs/social/handoff.md, formal/social/FanEffects.cfg, formal/social/FanEffects.tla, formal/social/FanEffectsGoverned.cfg, formal/social/FanEffectsLocks.cfg, formal/social/FanEffectsPause.cfg, formal/social/FanEffectsRetry.cfg, scripts/social/FanEffectsBenchmark.hs, scripts/social/FanEffectsModelCases.hs, scripts/social/FanEffectsSpec.hs, scripts/social/HttpSpec.hs, scripts/social/check-fan-effects-model.sh, scripts/social/fan-effects-fixture.sql, scripts/social/generate-fan-effects-cases.py, scripts/social/schema-compatibility.sql, scripts/social/test-http.sh, scripts/social/test-schema-compatibility.sh, tdf-hq-ui/src/pages/FanClubMemberProfilePage.tsx, tdf-hq/sql/2026-09-16_social_v2_fan_effects.sql, tdf-hq/src/TDF/API.hs, tdf-hq/src/TDF/API/FanFollowing.hs, tdf-hq/src/TDF/Server.hs, tdf-hq/src/TDF/Social/FanEffects.hs, tdf-hq/tdf-hq.cabal",ALREADY_MERGED,high,Remote ref concurrently deleted outside this audit; exact head retained in verified recovery bundle. No audit deletion or remote restoration. Closed redundant unmerged PR after exact-head ancestry verification.,"Exact branch head is an ancestor of current main b07f67c3ebe2022d5f70e94578944b6401616696; all committed source history is retained. Deletion not proven safe: preview/environment usage and downstream references must be excluded. Evidence: branch-evidence/082-commits.txt, branch-evidence/082-changes.txt, branch-evidence/082-files.txt, branch-evidence/082-references.txt, checks/daf6c5a680b81928c2e2c66df98063328e6d5e9c.json, status/daf6c5a680b81928c2e2c66df98063328e6d5e9c.json",https://github.com/diegueins680/tdf-app/pull/415; https://github.com/diegueins680/tdf-app/pull/415#issuecomment-5862814435,git push origin daf6c5a680b81928c2e2c66df98063328e6d5e9c:refs/heads/feat/social-fanclub-effects-20260916
feat/social-feed-filtering-20260915,6a6d9e02c22eee213cf56787d9de9e4252721fed,https://github.com/diegueins680/tdf-app/pull/366,feat/social-reaction-repair-20260915,Not protected by captured GitHub branch rules; external preview configuration not fully verifiable.,"+1/-0 vs initial intended target; +0/-406 vs initial main; merge base 24590a40787d81a1681cd14a46f2f0ab7cac5632; current head None, relation {'target': 'feat/social-reaction-repair-20260915', 'target_sha': None}","366: APPROVED, 0 unresolved; {'success': 16, 'skipped': 3, 'cancelled': 8, 'failure': 3}",PR366 clean (mergeable=True),,"perf(social): scope Following queries to authorized clubs; files: docs/social/database.md, docs/social/evidence/postgres-large-feed-baseline.txt, docs/social/evidence/postgres-large-feed-final.txt, docs/social/performance.md, docs/social/research.md, scripts/social/feed-benchmark.sql, scripts/social/read-model-tests.sql, scripts/social/test-postgres.sh, tdf-hq/sql/2026-09-14_social_v2_read_models.sql",ALREADY_MERGED,high,Remote ref concurrently deleted outside this audit; exact head retained in verified recovery bundle. No audit deletion or remote restoration.,"Exact branch head is an ancestor of current main b07f67c3ebe2022d5f70e94578944b6401616696; all committed source history is retained. Deletion not proven safe: preview/environment usage and downstream references must be excluded. Evidence: branch-evidence/083-commits.txt, branch-evidence/083-changes.txt, branch-evidence/083-files.txt, branch-evidence/083-references.txt, checks/6a6d9e02c22eee213cf56787d9de9e4252721fed.json, status/6a6d9e02c22eee213cf56787d9de9e4252721fed.json",,git push origin 6a6d9e02c22eee213cf56787d9de9e4252721fed:refs/heads/feat/social-feed-filtering-20260915
feat/social-formal-audit-20260914,0cb8d2e15ac024682933485ed122c34826f2ba6f,https://github.com/diegueins680/tdf-app/pull/355,main,Not protected by captured GitHub branch rules; external preview configuration not fully verifiable.,"+0/-417 vs initial intended target; +0/-417 vs initial main; merge base 0cb8d2e15ac024682933485ed122c34826f2ba6f; current head None, relation {'target': 'main', 'target_sha': 'b07f67c3ebe2022d5f70e94578944b6401616696', 'ahead': 0, 'behind': 594, 'merge_base': '0cb8d2e15ac024682933485ed122c34826f2ba6f'}","355: APPROVED, 0 unresolved; {'success': 11, 'skipped': 4}",PR355 unknown (mergeable=None),,docs(social): audit consent boundaries and model critical behavior; files: ,ALREADY_MERGED,high,Remote ref concurrently deleted outside this audit; exact head retained in verified recovery bundle. No audit deletion or remote restoration.,"Exact branch head is an ancestor of current main b07f67c3ebe2022d5f70e94578944b6401616696; all committed source history is retained. Deletion not proven safe: preview/environment usage and downstream references must be excluded. Evidence: branch-evidence/084-commits.txt, branch-evidence/084-changes.txt, branch-evidence/084-files.txt, branch-evidence/084-references.txt, checks/0cb8d2e15ac024682933485ed122c34826f2ba6f.json, status/0cb8d2e15ac024682933485ed122c34826f2ba6f.json",https://github.com/diegueins680/tdf-app/commit/3763a407146874a09095e26303a999f5a348afd1,git push origin 0cb8d2e15ac024682933485ed122c34826f2ba6f:refs/heads/feat/social-formal-audit-20260914
feat/social-legacy-write-boundary-20260916,7e601607f60b2987e502c4a14db821bbf37df296,https://github.com/diegueins680/tdf-app/pull/409,feat/social-relationship-read-boundary-20260915,Not protected by captured GitHub branch rules; external preview configuration not fully verifiable.,"+1/-0 vs initial intended target; +0/-401 vs initial main; merge base 8b2d1557a5e72e0346af1fd43dc7cf36033da067; current head None, relation {'target': 'feat/social-relationship-read-boundary-20260915', 'target_sha': None}","409: no required approval recorded, 0 unresolved; {'success': 12, 'skipped': 3}",PR409 dirty (mergeable=False),,"[CF-Pages-Skip] Retire governed legacy relationship writes atomically; files: .github/workflows/social-verification.yml, docs/social/README.md, docs/social/audit.md, docs/social/evidence/legacy-write-boundary/LegacyWrites.txt, docs/social/evidence/legacy-write-boundary/LegacyWritesLocks.txt, docs/social/evidence/legacy-write-boundary/LegacyWritesPair.txt, docs/social/evidence/legacy-write-boundary/LegacyWritesPause.txt, docs/social/evidence/legacy-write-boundary/catalog.txt, docs/social/evidence/legacy-write-boundary/http-and-benchmark.txt, docs/social/evidence/legacy-write-boundary/initial-model-construction-failure.txt, docs/social/evidence/legacy-write-boundary/initial-stack-failure.txt, docs/social/evidence/legacy-write-boundary/model-dump.txt, docs/social/evidence/legacy-write-boundary/parent-ci.json, docs/social/evidence/legacy-write-boundary/raw-log-digests.json, docs/social/evidence/legacy-write-boundary/schema.txt, docs/social/evidence/legacy-write-boundary/source-fingerprints.json, docs/social/evidence/legacy-write-boundary/stack-summary.txt, docs/social/handoff.md, docs/social/legacy-write-boundary.md, formal/social/LegacyWrites.cfg, formal/social/LegacyWrites.tla, formal/social/LegacyWritesLocks.cfg, formal/social/LegacyWritesPair.cfg, formal/social/LegacyWritesPause.cfg, scripts/social/HttpSpec.hs, scripts/social/LegacyWriteBenchmark.hs, scripts/social/LegacyWriteModelCases.hs, scripts/social/LegacyWriteSpec.hs, scripts/social/check-legacy-writes-model.sh, scripts/social/generate-legacy-write-cases.py, scripts/social/test-http.sh, scripts/social/test-schema-compatibility.sh, tdf-hq/sql/2026-09-16_social_v2_legacy_writes.sql, tdf-hq/src/TDF/API.hs, tdf-hq/src/TDF/API/SocialRelationships.hs, tdf-hq/src/TDF/Server.hs, tdf-hq/src/TDF/Social/RelationshipWrites.hs, tdf-hq/tdf-hq.cabal",ALREADY_MERGED,high,Remote ref concurrently deleted outside this audit; exact head retained in verified recovery bundle. No audit deletion or remote restoration. Closed redundant unmerged PR after exact-head ancestry verification.,"Exact branch head is an ancestor of current main b07f67c3ebe2022d5f70e94578944b6401616696; all committed source history is retained. Deletion not proven safe: preview/environment usage and downstream references must be excluded. Evidence: branch-evidence/085-commits.txt, branch-evidence/085-changes.txt, branch-evidence/085-files.txt, branch-evidence/085-references.txt, checks/7e601607f60b2987e502c4a14db821bbf37df296.json, status/7e601607f60b2987e502c4a14db821bbf37df296.json",https://github.com/diegueins680/tdf-app/pull/409; https://github.com/diegueins680/tdf-app/pull/409#issuecomment-5862816157,git push origin 7e601607f60b2987e502c4a14db821bbf37df296:refs/heads/feat/social-legacy-write-boundary-20260916
feat/social-profile-read-boundary-20260915,7c452efcbc7b45e797b7ebd590dfffccf0fc9751,https://github.com/diegueins680/tdf-app/pull/397,feat/social-dm-api-boundary-20260915,Not protected by captured GitHub branch rules; external preview configuration not fully verifiable.,"+2/-0 vs initial intended target; +0/-403 vs initial main; merge base 44a1c7bededf0ba4b54068d482667ac24299f8e4; current head None, relation {'target': 'feat/social-dm-api-boundary-20260915', 'target_sha': None}","397: no required approval recorded, 0 unresolved; {'success': 12, 'skipped': 3}",PR397 dirty (mergeable=False),,"Enforce modeled block and closure rules on legacy profile reads; files: .github/workflows/social-verification.yml, docs/social/audit.md, docs/social/evidence/profile-read-boundary/ProfileReads.txt, docs/social/evidence/profile-read-boundary/ProfileReadsCache.txt, docs/social/evidence/profile-read-boundary/ProfileReadsPause.txt, docs/social/evidence/profile-read-boundary/ProfileReadsPreferences.txt, docs/social/evidence/profile-read-boundary/README.md, docs/social/evidence/profile-read-boundary/bulk-http-benchmark.txt, docs/social/evidence/profile-read-boundary/catalog-audit.txt, docs/social/evidence/profile-read-boundary/complete-schema.txt, docs/social/evidence/profile-read-boundary/raw-log-digests.sha256, docs/social/evidence/profile-read-boundary/results.json, docs/social/evidence/profile-read-boundary/scalar-benchmark-failed.txt, docs/social/evidence/profile-read-boundary/sources.sha256, docs/social/evidence/profile-read-boundary/stack-final.txt, docs/social/evidence/profile-read-boundary/trace-export.txt, docs/social/handoff.md, docs/social/profile-read-boundary.md, formal/social/ProfileReads.cfg, formal/social/ProfileReads.tla, formal/social/ProfileReadsCache.cfg, formal/social/ProfileReadsPause.cfg, formal/social/ProfileReadsPreferences.cfg, scripts/social/HttpSpec.hs, scripts/social/ProfileBenchmark.hs, scripts/social/ProfileSpec.hs, scripts/social/check-profile-reads-model.sh, scripts/social/generate-profile-read-cases.py, scripts/social/profile-read-model-cases.sql, scripts/social/profile-read-negative.sql, scripts/social/profile-read-refinement.sql, scripts/social/test-http.sh, scripts/social/test-schema-compatibility.sh, tdf-hq/sql/2026-09-15_social_v2_profile_reads.sql, tdf-hq/src/TDF/API.hs, tdf-hq/src/TDF/API/SocialProfiles.hs, tdf-hq/src/TDF/Server.hs, tdf-hq/src/TDF/Social/Profiles.hs, tdf-hq/tdf-hq.cabal",ALREADY_MERGED,high,Remote ref concurrently deleted outside this audit; exact head retained in verified recovery bundle. No audit deletion or remote restoration. Closed redundant unmerged PR after exact-head ancestry verification.,"Exact branch head is an ancestor of current main b07f67c3ebe2022d5f70e94578944b6401616696; all committed source history is retained. Deletion not proven safe: preview/environment usage and downstream references must be excluded. Evidence: branch-evidence/086-commits.txt, branch-evidence/086-changes.txt, branch-evidence/086-files.txt, branch-evidence/086-references.txt, checks/7c452efcbc7b45e797b7ebd590dfffccf0fc9751.json, status/7c452efcbc7b45e797b7ebd590dfffccf0fc9751.json",https://github.com/diegueins680/tdf-app/pull/397; https://github.com/diegueins680/tdf-app/pull/397#issuecomment-5862819559,git push origin 7c452efcbc7b45e797b7ebd590dfffccf0fc9751:refs/heads/feat/social-profile-read-boundary-20260915
feat/social-query-budget-20260914,f52b1f8b906d5bf61774dfaf6b6173233b0d2172,https://github.com/diegueins680/tdf-app/pull/360,feat/social-authority-20260914,Not protected by captured GitHub branch rules; external preview configuration not fully verifiable.,"+1/-0 vs initial intended target; +0/-408 vs initial main; merge base c671a5acbe1403ba89d1d70db165b2b327b6cdec; current head None, relation {'target': 'feat/social-authority-20260914', 'target_sha': None}","360: APPROVED, 0 unresolved; {'success': 12, 'skipped': 3}",PR360 clean (mergeable=True),,"perf(social): bound and batch Discover policy evaluation; files: docs/social/evidence/postgres-benchmark.txt, docs/social/evidence/postgres-foundation.txt, docs/social/evidence/postgres-percentiles.txt, docs/social/operations.md, docs/social/performance.md, scripts/social/benchmark.sql, scripts/social/read-model-tests.sql, scripts/social/test-postgres.sh, tdf-hq/sql/2026-09-14_social_v2_foundation.sql, tdf-hq/sql/2026-09-14_social_v2_read_models.sql",ALREADY_MERGED,high,Remote ref concurrently deleted outside this audit; exact head retained in verified recovery bundle. No audit deletion or remote restoration.,"Exact branch head is an ancestor of current main b07f67c3ebe2022d5f70e94578944b6401616696; all committed source history is retained. Deletion not proven safe: preview/environment usage and downstream references must be excluded. Evidence: branch-evidence/087-commits.txt, branch-evidence/087-changes.txt, branch-evidence/087-files.txt, branch-evidence/087-references.txt, checks/f52b1f8b906d5bf61774dfaf6b6173233b0d2172.json, status/f52b1f8b906d5bf61774dfaf6b6173233b0d2172.json",,git push origin f52b1f8b906d5bf61774dfaf6b6173233b0d2172:refs/heads/feat/social-query-budget-20260914
feat/social-reaction-repair-20260915,24590a40787d81a1681cd14a46f2f0ab7cac5632,https://github.com/diegueins680/tdf-app/pull/365,feat/social-query-budget-20260914,Not protected by captured GitHub branch rules; external preview configuration not fully verifiable.,"+1/-0 vs initial intended target; +0/-407 vs initial main; merge base f52b1f8b906d5bf61774dfaf6b6173233b0d2172; current head None, relation {'target': 'feat/social-query-budget-20260914', 'target_sha': None}","365: APPROVED, 0 unresolved; {'success': 14, 'skipped': 5, 'cancelled': 8, 'failure': 3}",PR365 clean (mergeable=True),,"test(social): model explicit reaction retries; files: docs/social/evidence/backend-runtime-result.txt, docs/social/evidence/ci-workflow-regression.txt, docs/social/evidence/reaction-model.txt, docs/social/reaction-repair.md, formal/social/Reaction.cfg, formal/social/Reaction.tla, scripts/social/check-models.sh",ALREADY_MERGED,high,Remote ref concurrently deleted outside this audit; exact head retained in verified recovery bundle. No audit deletion or remote restoration.,"Exact branch head is an ancestor of current main b07f67c3ebe2022d5f70e94578944b6401616696; all committed source history is retained. Deletion not proven safe: preview/environment usage and downstream references must be excluded. Evidence: branch-evidence/088-commits.txt, branch-evidence/088-changes.txt, branch-evidence/088-files.txt, branch-evidence/088-references.txt, checks/24590a40787d81a1681cd14a46f2f0ab7cac5632.json, status/24590a40787d81a1681cd14a46f2f0ab7cac5632.json",,git push origin 24590a40787d81a1681cd14a46f2f0ab7cac5632:refs/heads/feat/social-reaction-repair-20260915
feat/social-relationship-read-boundary-20260915,8b2d1557a5e72e0346af1fd43dc7cf36033da067,https://github.com/diegueins680/tdf-app/pull/402,feat/social-profile-read-boundary-20260915,Not protected by captured GitHub branch rules; external preview configuration not fully verifiable.,"+1/-0 vs initial intended target; +0/-402 vs initial main; merge base 7c452efcbc7b45e797b7ebd590dfffccf0fc9751; current head None, relation {'target': 'feat/social-profile-read-boundary-20260915', 'target_sha': None}","402: no required approval recorded, 0 unresolved; {'success': 12, 'skipped': 3}",PR402 dirty (mergeable=False),,"Authorize legacy relationship lists and retire unconsented suggestion counts; files: .github/workflows/social-verification.yml, docs/social/audit.md, docs/social/evidence/relationship-read-boundary/README.md, docs/social/evidence/relationship-read-boundary/RelationshipReads.txt, docs/social/evidence/relationship-read-boundary/RelationshipReadsCounts.txt, docs/social/evidence/relationship-read-boundary/RelationshipReadsDeleted.txt, docs/social/evidence/relationship-read-boundary/RelationshipReadsPolicy.txt, docs/social/evidence/relationship-read-boundary/benchmark-fixture-failure.txt, docs/social/evidence/relationship-read-boundary/benchmark.txt, docs/social/evidence/relationship-read-boundary/catalog-audit.txt, docs/social/evidence/relationship-read-boundary/complete-schema.txt, docs/social/evidence/relationship-read-boundary/http-final.txt, docs/social/evidence/relationship-read-boundary/raw-log-digests.sha256, docs/social/evidence/relationship-read-boundary/results.json, docs/social/evidence/relationship-read-boundary/sources.sha256, docs/social/evidence/relationship-read-boundary/sql-final.txt, docs/social/evidence/relationship-read-boundary/stack-final.txt, docs/social/evidence/relationship-read-boundary/trace-export.txt, docs/social/handoff.md, docs/social/relationship-read-boundary.md, formal/social/RelationshipReads.cfg, formal/social/RelationshipReads.tla, formal/social/RelationshipReadsCounts.cfg, formal/social/RelationshipReadsDeleted.cfg, formal/social/RelationshipReadsPolicy.cfg, scripts/social/HttpSpec.hs, scripts/social/RelationshipReadBenchmark.hs, scripts/social/RelationshipReadSpec.hs, scripts/social/check-relationship-reads-model.sh, scripts/social/generate-relationship-read-cases.py, scripts/social/relationship-read-model-cases.sql, scripts/social/relationship-read-negative-counts.sql, scripts/social/relationship-read-negative-policy.sql, scripts/social/relationship-read-refinement.sql, scripts/social/test-http.sh, scripts/social/test-schema-compatibility.sh, tdf-hq/sql/2026-09-15_social_v2_relationship_reads.sql, tdf-hq/src/TDF/API.hs, tdf-hq/src/TDF/API/SocialRelationships.hs, tdf-hq/src/TDF/Server.hs, tdf-hq/src/TDF/Social/RelationshipReads.hs, tdf-hq/tdf-hq.cabal",ALREADY_MERGED,high,Remote ref concurrently deleted outside this audit; exact head retained in verified recovery bundle. No audit deletion or remote restoration. Closed redundant unmerged PR after exact-head ancestry verification.,"Exact branch head is an ancestor of current main b07f67c3ebe2022d5f70e94578944b6401616696; all committed source history is retained. Deletion not proven safe: preview/environment usage and downstream references must be excluded. Evidence: branch-evidence/089-commits.txt, branch-evidence/089-changes.txt, branch-evidence/089-files.txt, branch-evidence/089-references.txt, checks/8b2d1557a5e72e0346af1fd43dc7cf36033da067.json, status/8b2d1557a5e72e0346af1fd43dc7cf36033da067.json",https://github.com/diegueins680/tdf-app/pull/402; https://github.com/diegueins680/tdf-app/pull/402#issuecomment-5862817682,git push origin 8b2d1557a5e72e0346af1fd43dc7cf36033da067:refs/heads/feat/social-relationship-read-boundary-20260915
feat/social-schema-compatibility-20260915,3606fb5c2215e00b1f3661abdf9e969231ac3b36,https://github.com/diegueins680/tdf-app/pull/377,feat/social-api-client-20260915,Not protected by captured GitHub branch rules; external preview configuration not fully verifiable.,"+3/-0 vs initial intended target; +0/-392 vs initial main; merge base 0bac512baed505f7f035f44c022fc0b64405b9e7; current head None, relation {'target': 'feat/social-api-client-20260915', 'target_sha': None}","377: APPROVED, 0 unresolved; {'success': 12, 'skipped': 5}",PR377 clean (mergeable=True),,"test(social): qualify complete schema migration and preserved-write pause; files: .github/workflows/social-verification.yml, docs/catalog-persistence/reports/list-consumer-matrix.csv, docs/catalog-persistence/reports/static-list-inventory.json, docs/social/database.md, docs/social/evidence/backend-refreshed-result.txt, docs/social/evidence/ci-schema-b689f88.json, docs/social/evidence/current-pr-355.json, docs/social/evidence/current-pr-356.json, docs/social/evidence/current-pr-360.json, docs/social/evidence/current-pr-365.json, docs/social/evidence/current-pr-366.json, docs/social/evidence/current-pr-367.json, docs/social/evidence/schema-compatibility-final.txt, docs/social/evidence/schema-workflow-tests.txt, docs/social/handoff.md, docs/social/operations.md, docs/social/schema-compatibility.md, docs/social/verification.md, scripts/social/schema-compatibility.sql, scripts/social/test-schema-compatibility.sh",ALREADY_MERGED,high,Remote ref concurrently deleted outside this audit; exact head retained in verified recovery bundle. No audit deletion or remote restoration.,"Exact branch head is an ancestor of current main b07f67c3ebe2022d5f70e94578944b6401616696; all committed source history is retained. Deletion not proven safe: preview/environment usage and downstream references must be excluded. Evidence: branch-evidence/090-commits.txt, branch-evidence/090-changes.txt, branch-evidence/090-files.txt, branch-evidence/090-references.txt, checks/3606fb5c2215e00b1f3661abdf9e969231ac3b36.json, status/3606fb5c2215e00b1f3661abdf9e969231ac3b36.json",,git push origin 3606fb5c2215e00b1f3661abdf9e969231ac3b36:refs/heads/feat/social-schema-compatibility-20260915
feat/social-token-boundary-20260915,2be39150f626dcd5181951532a8ebe25a3ce3fa4,https://github.com/diegueins680/tdf-app/pull/382,feat/social-schema-compatibility-20260915,Not protected by captured GitHub branch rules; external preview configuration not fully verifiable.,"+4/-0 vs initial intended target; +0/-388 vs initial main; merge base 3606fb5c2215e00b1f3661abdf9e969231ac3b36; current head None, relation {'target': 'feat/social-schema-compatibility-20260915', 'target_sha': None}","382: APPROVED, 0 unresolved; {'success': 17}",PR382 clean (mergeable=True),,"fix(social): enforce current sessions through protected operations; files: .github/workflows/ci.yml, .github/workflows/social-verification.yml, docs/catalog-persistence/catalog-list-decisions.json, docs/catalog-persistence/reports/list-consumer-matrix.csv, docs/catalog-persistence/reports/static-list-inventory.json, docs/social/audit.md, docs/social/evidence/session-backend-result.txt, docs/social/evidence/session-catalog-reviewed.txt, docs/social/evidence/session-http-before.txt, docs/social/evidence/session-http-external.txt, docs/social/evidence/session-http-final.txt, docs/social/evidence/session-models/SessionBoundary.txt, docs/social/evidence/session-models/SessionCachedRead.txt, docs/social/evidence/session-models/SessionIdentity.txt, docs/social/evidence/session-models/SessionUnlockedWrite.txt, docs/social/evidence/session-parent-ci-complete.json, docs/social/evidence/session-traces.txt, docs/social/evidence/session-workflows.txt, docs/social/handoff.md, docs/social/policy.md, docs/social/research.md, docs/social/session-boundary.md, docs/social/verification.md, formal/social/SessionBoundary.cfg, formal/social/SessionBoundary.tla, formal/social/SessionCachedRead.cfg, formal/social/SessionIdentity.cfg, formal/social/SessionTraces.cfg, formal/social/SessionTraces.dot, formal/social/SessionUnlockedWrite.cfg, scripts/social/HttpSpec.hs, scripts/social/SessionBenchmark.hs, scripts/social/SessionModelCases.hs, scripts/social/SessionSpec.hs, scripts/social/check-session-model.sh, scripts/social/generate-session-cases.py, scripts/social/test-http.sh, tdf-hq/src/TDF/Auth.hs, tdf-hq/src/TDF/Server.hs, tdf-hq/src/TDF/Social/Server.hs, tdf-hq/src/TDF/Social/Session.hs, tdf-hq/tdf-hq.cabal, tdf-hq/test/Spec.hs, tdf-hq/test/TDF/Server/EventResearchSpec.hs, tdf-hq/test/TDF/Server/MerchRuntimeSpec.hs, tdf-hq/test/TDF/ServerAdminSpec.hs, tdf-hq/test/TDF/ServerAuthSpec.hs, tdf-hq/test/TDF/ServerExtraSpec.hs, tdf-hq/test/TDF/ServerFanClubSpec.hs, tdf-hq/test/TDF/ServerProposalsSpec.hs, tdf-hq/test/TDF/ServerSpec.hs, tdf-hq/test/TDF/Social/FollowHandlerSpec.hs, tdf-hq/test/TDF/Trials/PublicLeadSpec.hs",ALREADY_MERGED,high,Remote ref concurrently deleted outside this audit; exact head retained in verified recovery bundle. No audit deletion or remote restoration.,"Exact branch head is an ancestor of current main b07f67c3ebe2022d5f70e94578944b6401616696; all committed source history is retained. Deletion not proven safe: preview/environment usage and downstream references must be excluded. Evidence: branch-evidence/091-commits.txt, branch-evidence/091-changes.txt, branch-evidence/091-files.txt, branch-evidence/091-references.txt, checks/2be39150f626dcd5181951532a8ebe25a3ce3fa4.json, status/2be39150f626dcd5181951532a8ebe25a3ce3fa4.json",,git push origin 2be39150f626dcd5181951532a8ebe25a3ce3fa4:refs/heads/feat/social-token-boundary-20260915
fix/access-request-name-production-20260916,954e995f1cd08f363afe2b0e34ccf02dcd80ea8c,,main,Production-compatible name preservation / PayPal webhook backport; current critical-completion document records deployed revision.,"+2/-747 vs initial intended target; +2/-747 vs initial main; merge base 1157258b6a6551d49708fa9eb21ab893b6a051f1; current head 954e995f1cd08f363afe2b0e34ccf02dcd80ea8c, relation {'target': 'main', 'target_sha': 'b07f67c3ebe2022d5f70e94578944b6401616696', 'ahead': 2, 'behind': 924, 'merge_base': '1157258b6a6551d49708fa9eb21ab893b6a051f1'}",; {'success': 14},No PR mergeability; see recorded git comparisons,,"fix(release): preserve approved PayPal webhook intake on restart; files: docs/automatic-production-migrations.md, scripts/lib/production-release.mjs, scripts/test-automatic-migrations-production-schema.sh, tdf-hq/src/TDF/DTO.hs, tdf-hq/src/TDF/Server.hs",PROTECTED_OR_OPERATIONAL,high,Preserved branch; no audit deletion.,"Production-compatible name preservation / PayPal webhook backport; current critical-completion document records deployed revision. Evidence: branch-evidence/092-commits.txt, branch-evidence/092-changes.txt, branch-evidence/092-files.txt, branch-evidence/092-references.txt, checks/954e995f1cd08f363afe2b0e34ccf02dcd80ea8c.json, status/954e995f1cd08f363afe2b0e34ccf02dcd80ea8c.json",,Not deleted
fix/access-request-requester-name-20260916,efb09219be25941af574eaac4ec5d2e7e3a421b2,https://github.com/diegueins680/tdf-app/pull/405,main,Not protected by captured GitHub branch rules; external preview configuration not fully verifiable.,"+1/-409 vs initial intended target; +1/-409 vs initial main; merge base 7eafd3f479817f267ba0de6592c3e16ea920f4ae; current head efb09219be25941af574eaac4ec5d2e7e3a421b2, relation {'target': 'main', 'target_sha': 'b07f67c3ebe2022d5f70e94578944b6401616696', 'ahead': 1, 'behind': 586, 'merge_base': '7eafd3f479817f267ba0de6592c3e16ea920f4ae'}","405: APPROVED, 0 unresolved; {'success': 15, 'skipped': 1}",PR405 unknown (mergeable=None),,"fix(access): show requester names on requests and review notifications; files: tdf-hq-ui/src/api/accessRequests.ts, tdf-hq-ui/src/api/generated/types.ts, tdf-hq-ui/src/pages/AccessRequestsPage.test.tsx, tdf-hq-ui/src/pages/AccessRequestsPage.tsx, tdf-hq/docs/openapi/api.yaml, tdf-hq/src/TDF/DTO.hs, tdf-hq/src/TDF/Server.hs, tdf-mobile",ALREADY_MERGED,high,Preserved branch; no audit deletion.,"PR405 merged exact head; stable patch equivalence (whole three-commit range for PR369) matches merge 43466ad532d83b3bfdb3730f07567d1c45214462 already in main. See squash-proof.json. Evidence: branch-evidence/093-commits.txt, branch-evidence/093-changes.txt, branch-evidence/093-files.txt, branch-evidence/093-references.txt, checks/efb09219be25941af574eaac4ec5d2e7e3a421b2.json, status/efb09219be25941af574eaac4ec5d2e7e3a421b2.json",https://github.com/diegueins680/tdf-app/commit/43466ad532d83b3bfdb3730f07567d1c45214462,Not deleted
fix/artist-follow-onboarding-continuity,1299f9c63a325e17dff0bfe1f048ff52f7bb8b15,https://github.com/diegueins680/tdf-app/pull/364,fix/web-onboarding-reconciliation-integration,Not protected by captured GitHub branch rules; external preview configuration not fully verifiable.,"+1/-0 vs initial intended target; +16/-448 vs initial main; merge base 827d745629f8cdbaee4429ded3689d3bf520a09d; current head 1299f9c63a325e17dff0bfe1f048ff52f7bb8b15, relation {'target': 'fix/web-onboarding-reconciliation-integration', 'target_sha': '827d745629f8cdbaee4429ded3689d3bf520a09d', 'ahead': 1, 'behind': 0, 'merge_base': '827d745629f8cdbaee4429ded3689d3bf520a09d'}","364: no required approval recorded, 0 unresolved; {'failure': 5, 'success': 12, 'skipped': 4}",PR364 unstable (mergeable=True),,"fix(discovery): restore consent-bound artist follow continuity; files: .gitignore, docs/event-operations/README.md, docs/event-operations/artist-follow-continuity-contract.md, docs/event-operations/delivery-plan.md, docs/event-operations/gap-matrix.md, docs/event-operations/pr-16-artist-follow-continuity.md, docs/event-operations/threat-model.md, docs/event-operations/traceability-matrix.md, e2e/web/artist-follow.spec.mjs, formal/event-operations/ArtistFollowConsent.cfg, formal/event-operations/ArtistFollowConsent.tla, formal/event-operations/ArtistFollowConsentClick.cfg, formal/event-operations/ArtistFollowConsentStale.cfg, formal/event-operations/ArtistFollowConsentUnknown.cfg, formal/event-operations/README.md, playwright.artist-follow.config.mjs, scripts/verify-event-operations-formal.sh, tdf-hq-ui/src/analytics/onboardingProgress.test.ts, tdf-hq-ui/src/analytics/onboardingProgress.ts, tdf-hq-ui/src/i18n/locales/en.ts, tdf-hq-ui/src/i18n/locales/es.ts, tdf-hq-ui/src/pages/ArtistPublicPage.component.test.tsx, tdf-hq-ui/src/pages/ArtistPublicPage.intent.test.ts, tdf-hq-ui/src/pages/ArtistPublicPage.tsx, tdf-hq-ui/src/pages/FanHubPage.tsx",ALREADY_MERGED,high,Preserved branch; no audit deletion. Closed redundant unmerged PR after exact-head ancestry verification. Source contribution integrated through verified normal merge465; see target CI and closure evidence.,"Exact source head and contributor history are integrated through approved consolidation465 and its verified normal merge. Current product/API/mobile/session/lifecycle/task integrity repairs and tests are retained in the replacement. Source closure waits for passing normal target CI; branch remains. Evidence: branch-evidence/094-commits.txt, branch-evidence/094-changes.txt, branch-evidence/094-files.txt, branch-evidence/094-references.txt, checks/1299f9c63a325e17dff0bfe1f048ff52f7bb8b15.json, status/1299f9c63a325e17dff0bfe1f048ff52f7bb8b15.json",https://github.com/diegueins680/tdf-app/pull/364; https://github.com/diegueins680/tdf-app/pull/364#issuecomment-5975693527; https://github.com/diegueins680/tdf-app/pull/465,Not deleted
fix/auth-locale-20260917,209b21b07f304d21ab397353653b531646ae72be,https://github.com/diegueins680/tdf-app/pull/422,main,Not protected by captured GitHub branch rules; external preview configuration not fully verifiable.,"+0/-266 vs initial intended target; +0/-266 vs initial main; merge base 209b21b07f304d21ab397353653b531646ae72be; current head None, relation {'target': 'main', 'target_sha': 'b07f67c3ebe2022d5f70e94578944b6401616696', 'ahead': 0, 'behind': 443, 'merge_base': '209b21b07f304d21ab397353653b531646ae72be'}","422: APPROVED, 0 unresolved; {'success': 17, 'skipped': 1}",PR422 unknown (mergeable=None),,fix(ux): preserve onboarding intent and accessible public journeys; files: ,ALREADY_MERGED,high,Remote ref concurrently deleted outside this audit; exact head retained in verified recovery bundle. No audit deletion or remote restoration.,"Exact branch head is an ancestor of current main b07f67c3ebe2022d5f70e94578944b6401616696; all committed source history is retained. Deletion not proven safe: preview/environment usage and downstream references must be excluded. Evidence: branch-evidence/095-commits.txt, branch-evidence/095-changes.txt, branch-evidence/095-files.txt, branch-evidence/095-references.txt, checks/209b21b07f304d21ab397353653b531646ae72be.json, status/209b21b07f304d21ab397353653b531646ae72be.json",https://github.com/diegueins680/tdf-app/commit/f19bb8855e8a9bc5b73ee4c3199c631540eb0df9,git push origin 209b21b07f304d21ab397353653b531646ae72be:refs/heads/fix/auth-locale-20260917
fix/ci-green-baseline-20260912,5bceb329f034cdfadf077f8f2889aa50bd402c7c,https://github.com/diegueins680/tdf-app/pull/333,main,Not protected by captured GitHub branch rules; external preview configuration not fully verifiable.,"+0/-436 vs initial intended target; +0/-436 vs initial main; merge base 5bceb329f034cdfadf077f8f2889aa50bd402c7c; current head None, relation {'target': 'main', 'target_sha': 'b07f67c3ebe2022d5f70e94578944b6401616696', 'ahead': 0, 'behind': 613, 'merge_base': '5bceb329f034cdfadf077f8f2889aa50bd402c7c'}","333: APPROVED, 0 unresolved; {'success': 29, 'failure': 1}",PR333 unknown (mergeable=None),,fix(ci): restore green workflow baseline; files: ,ALREADY_MERGED,high,Remote ref concurrently deleted outside this audit; exact head retained in verified recovery bundle. No audit deletion or remote restoration.,"Exact branch head is an ancestor of current main b07f67c3ebe2022d5f70e94578944b6401616696; all committed source history is retained. Deletion not proven safe: preview/environment usage and downstream references must be excluded. Evidence: branch-evidence/096-commits.txt, branch-evidence/096-changes.txt, branch-evidence/096-files.txt, branch-evidence/096-references.txt, checks/5bceb329f034cdfadf077f8f2889aa50bd402c7c.json, status/5bceb329f034cdfadf077f8f2889aa50bd402c7c.json",https://github.com/diegueins680/tdf-app/commit/73edd77a36c8dcc73e5217303c62376ae684853b,git push origin 5bceb329f034cdfadf077f8f2889aa50bd402c7c:refs/heads/fix/ci-green-baseline-20260912
fix/ci-messaging-readonly-20260915,75c096bea71dbf58f92852fca3ab140116e6697f,https://github.com/diegueins680/tdf-app/pull/370,main,Not protected by captured GitHub branch rules; external preview configuration not fully verifiable.,"+0/-431 vs initial intended target; +0/-431 vs initial main; merge base 75c096bea71dbf58f92852fca3ab140116e6697f; current head None, relation {'target': 'main', 'target_sha': 'b07f67c3ebe2022d5f70e94578944b6401616696', 'ahead': 0, 'behind': 608, 'merge_base': '75c096bea71dbf58f92852fca3ab140116e6697f'}","370: APPROVED, 0 unresolved; {'success': 12, 'skipped': 5}",PR370 unknown (mergeable=None),,fix(ci): make manual messaging token checks read-only; files: ,ALREADY_MERGED,high,Remote ref concurrently deleted outside this audit; exact head retained in verified recovery bundle. No audit deletion or remote restoration.,"Exact branch head is an ancestor of current main b07f67c3ebe2022d5f70e94578944b6401616696; all committed source history is retained. Deletion not proven safe: preview/environment usage and downstream references must be excluded. Evidence: branch-evidence/097-commits.txt, branch-evidence/097-changes.txt, branch-evidence/097-files.txt, branch-evidence/097-references.txt, checks/75c096bea71dbf58f92852fca3ab140116e6697f.json, status/75c096bea71dbf58f92852fca3ab140116e6697f.json",https://github.com/diegueins680/tdf-app/commit/6f67081a73e66e422f331cb31c455a78977a400e,git push origin 75c096bea71dbf58f92852fca3ab140116e6697f:refs/heads/fix/ci-messaging-readonly-20260915
fix/directory-privacy-migration-order-20260917,c7643f0ba07f330995415c4848194938536d51ae,https://github.com/diegueins680/tdf-app/pull/419,main,Not protected by captured GitHub branch rules; external preview configuration not fully verifiable.,"+0/-347 vs initial intended target; +0/-347 vs initial main; merge base c7643f0ba07f330995415c4848194938536d51ae; current head None, relation {'target': 'main', 'target_sha': 'b07f67c3ebe2022d5f70e94578944b6401616696', 'ahead': 0, 'behind': 524, 'merge_base': 'c7643f0ba07f330995415c4848194938536d51ae'}","419: APPROVED, 0 unresolved; {'success': 13, 'skipped': 3}",PR419 unknown (mergeable=None),,fix(directory): preserve both privacy boundaries across migration histories; files: ,ALREADY_MERGED,high,Remote ref concurrently deleted outside this audit; exact head retained in verified recovery bundle. No audit deletion or remote restoration.,"Exact branch head is an ancestor of current main b07f67c3ebe2022d5f70e94578944b6401616696; all committed source history is retained. Deletion not proven safe: preview/environment usage and downstream references must be excluded. Evidence: branch-evidence/098-commits.txt, branch-evidence/098-changes.txt, branch-evidence/098-files.txt, branch-evidence/098-references.txt, checks/c7643f0ba07f330995415c4848194938536d51ae.json, status/c7643f0ba07f330995415c4848194938536d51ae.json",https://github.com/diegueins680/tdf-app/commit/9f0da14de84919f8fba391fa752b7df7412a600d,git push origin c7643f0ba07f330995415c4848194938536d51ae:refs/heads/fix/directory-privacy-migration-order-20260917
fix/disable-unverified-service-escrow-20260920,989d0663cc249bcee74331604561628d3435c961,https://github.com/diegueins680/tdf-app/pull/461,main,Not protected by captured GitHub branch rules; external preview configuration not fully verifiable.,"+0/-1 vs initial intended target; +0/-1 vs initial main; merge base 989d0663cc249bcee74331604561628d3435c961; current head None, relation {'target': 'main', 'target_sha': 'b07f67c3ebe2022d5f70e94578944b6401616696', 'ahead': 0, 'behind': 178, 'merge_base': '989d0663cc249bcee74331604561628d3435c961'}","461: APPROVED, 0 unresolved; {'success': 33}",PR461 unknown (mergeable=None),,fix(payments): disable unverified legacy escrow writes and unsafe recovery; files: ,ALREADY_MERGED,high,Remote ref concurrently deleted outside this audit; exact head retained in verified recovery bundle. No audit deletion or remote restoration.,"Exact branch head is an ancestor of current main b07f67c3ebe2022d5f70e94578944b6401616696; all committed source history is retained. Deletion not proven safe: preview/environment usage and downstream references must be excluded. Evidence: branch-evidence/099-commits.txt, branch-evidence/099-changes.txt, branch-evidence/099-files.txt, branch-evidence/099-references.txt, checks/989d0663cc249bcee74331604561628d3435c961.json, status/989d0663cc249bcee74331604561628d3435c961.json",https://github.com/diegueins680/tdf-app/commit/66dae5b8ec22f3f0fe819dfcd9bae5ed727c6b48,git push origin 989d0663cc249bcee74331604561628d3435c961:refs/heads/fix/disable-unverified-service-escrow-20260920
fix/event-command-existence-privacy,892038c7d7ec64082b39917127f67748e6d1dca7,https://github.com/diegueins680/tdf-app/pull/346,test/event-operations-http-boundary,Not protected by captured GitHub branch rules; external preview configuration not fully verifiable.,"+1/-0 vs initial intended target; +8/-448 vs initial main; merge base dbe975d3143446c5e7cd9b132b6f994067065e7b; current head 892038c7d7ec64082b39917127f67748e6d1dca7, relation {'target': 'test/event-operations-http-boundary', 'target_sha': 'dbe975d3143446c5e7cd9b132b6f994067065e7b', 'ahead': 1, 'behind': 0, 'merge_base': 'dbe975d3143446c5e7cd9b132b6f994067065e7b'}","346: APPROVED, 0 unresolved; {'failure': 8, 'success': 10, 'skipped': 1}",PR346 unknown (mergeable=None),,"fix(events): hide unreadable transition target existence; files: .github/workflows/event-operations-formal.yml, docs/event-operations/README.md, docs/event-operations/command-privacy-contract.md, docs/event-operations/delivery-plan.md, docs/event-operations/http-verification-contract.md, docs/event-operations/implementation-report-2026-09-14.md, docs/event-operations/pr-07-http-verification.md, docs/event-operations/pr-08-command-privacy.md, docs/event-operations/receipt-replay-contract.md, docs/event-operations/threat-model.md, docs/event-operations/traceability-matrix.md, formal/event-operations/CommandPrivacy.cfg, formal/event-operations/CommandPrivacy.tla, formal/event-operations/CommandPrivacyExistenceLeak.cfg, formal/event-operations/CommandPrivacyReceiptLeak.cfg, formal/event-operations/README.md, scripts/test-event-operations-api-migration.sh, scripts/verify-event-operations-formal.sh, tdf-hq-ui/src/api/generated/types.ts, tdf-hq/docs/openapi/api.yaml, tdf-hq/sql/2026-09-14_event_operations_api.sql, tdf-hq/test/EventOperationsHttpMain.hs, tdf-hq/test/integration/event_operations_command_privacy_assertions.sql, tdf-hq/test/integration/event_operations_http_fixture.sql, tdf-hq/test/integration/event_operations_replay_assertions.sql",ALREADY_MERGED,high,Preserved branch; no audit deletion. Closed redundant unmerged PR after exact-head ancestry verification. Source contribution integrated through verified normal merge465; see target CI and closure evidence.,"Exact source head and contributor history are integrated through approved consolidation465 and its verified normal merge. Current product/API/mobile/session/lifecycle/task integrity repairs and tests are retained in the replacement. Source closure waits for passing normal target CI; branch remains. Evidence: branch-evidence/100-commits.txt, branch-evidence/100-changes.txt, branch-evidence/100-files.txt, branch-evidence/100-references.txt, checks/892038c7d7ec64082b39917127f67748e6d1dca7.json, status/892038c7d7ec64082b39917127f67748e6d1dca7.json",https://github.com/diegueins680/tdf-app/pull/346; https://github.com/diegueins680/tdf-app/pull/346#issuecomment-5975707721; https://github.com/diegueins680/tdf-app/pull/465,Not deleted
fix/event-command-replay-authorization,6b0913bab2b065b327149a6d3a042efecd9e75d7,https://github.com/diegueins680/tdf-app/pull/341,feat/event-task-commit-invariants,Not protected by captured GitHub branch rules; external preview configuration not fully verifiable.,"+1/-2 vs initial intended target; +5/-448 vs initial main; merge base 35f261097d9e295794f4db7404ae7d9556a8e9d4; current head 6b0913bab2b065b327149a6d3a042efecd9e75d7, relation {'target': 'feat/event-task-commit-invariants', 'target_sha': '259becd7b3763e084b54da8749b1e6fde8d9d862', 'ahead': 1, 'behind': 2, 'merge_base': '35f261097d9e295794f4db7404ae7d9556a8e9d4'}","341: APPROVED, 0 unresolved; {'failure': 8, 'skipped': 3, 'success': 8}",PR341 unknown (mergeable=None),,"fix(events): reauthorize lifecycle command replay; files: .github/workflows/event-operations-formal.yml, docs/event-operations/README.md, docs/event-operations/delivery-plan.md, docs/event-operations/github-delivery-2026-09-14.md, docs/event-operations/implementation-report-2026-09-14.md, docs/event-operations/pr-02-api-foundation.md, docs/event-operations/pr-05-replay-authorization.md, docs/event-operations/receipt-replay-contract.md, docs/event-operations/traceability-matrix.md, formal/event-operations/README.md, formal/event-operations/ReceiptReplay.cfg, formal/event-operations/ReceiptReplay.tla, formal/event-operations/ReceiptReplayBypass.cfg, formal/event-operations/ReceiptReplayStaleClock.cfg, formal/event-operations/ReceiptReplayStaleSnapshot.cfg, scripts/test-event-operations-api-migration.sh, scripts/verify-event-operations-formal.sh, tdf-hq/sql/2026-09-14_event_operations_api.sql, tdf-hq/test/integration/event_operations_replay_assertions.sql",ALREADY_MERGED,high,Preserved branch; no audit deletion. Closed redundant unmerged PR after exact-head ancestry verification. Source contribution integrated through verified normal merge465; see target CI and closure evidence.,"Exact source head and contributor history are integrated through approved consolidation465 and its verified normal merge. Current product/API/mobile/session/lifecycle/task integrity repairs and tests are retained in the replacement. Source closure waits for passing normal target CI; branch remains. Evidence: branch-evidence/101-commits.txt, branch-evidence/101-changes.txt, branch-evidence/101-files.txt, branch-evidence/101-references.txt, checks/6b0913bab2b065b327149a6d3a042efecd9e75d7.json, status/6b0913bab2b065b327149a6d3a042efecd9e75d7.json",https://github.com/diegueins680/tdf-app/pull/341; https://github.com/diegueins680/tdf-app/pull/341#issuecomment-5975712914; https://github.com/diegueins680/tdf-app/pull/465,Not deleted
fix/event-confirmed-end-20260920,648f2d6dc69080d4438ae2a25309497012ded2d1,https://github.com/diegueins680/tdf-app/pull/460,main,Not protected by captured GitHub branch rules; external preview configuration not fully verifiable.,"+45/-0 vs initial intended target; +2/-0 vs initial main; merge base f4223a98d82bebfd5b15147795379a6c8cf58fb6; current head None, relation {'target': 'fix/event-discovery-schedule-20260918', 'target_sha': None}","460: APPROVED, 0 unresolved; {'success': 20}",PR460 unknown (mergeable=None),,"fix(events): preserve unconfirmed end times during ingestion; files: .github/workflows/ci.yml, .github/workflows/event-operations-formal.yml, .github/workflows/social-verification.yml, FORMAL_VERIFICATION.md, docs/catalog-persistence/catalog-list-decisions.json, docs/event-operations/pluscal-integrity-contract.md, docs/identity/course-prevention.md, docs/identity/provider-prevention.md, docs/identity/reconciliation.md, docs/records-ingestion/youtube-provider.md, formal/event-operations/ReservationRace.tla, formal/system/README.md, formal/system/delivery-2026-09-20.md, formal/system/evidence/PaymentCounterexample.hs, formal/system/evidence/baseline.json, formal/system/evidence/consent-graph.log, formal/system/evidence/continuation-2026-09-20/baseline.json, formal/system/evidence/continuation-2026-09-20/haskell-oracle.log, formal/system/evidence/continuation-2026-09-20/hosted/formal-evidence-da80b963da8b88f7db4ea123ad750e7ce837c649-1/models.log, formal/system/evidence/continuation-2026-09-20/hosted/formal-evidence-da80b963da8b88f7db4ea123ad750e7ce837c649-1/result.json, formal/system/evidence/continuation-2026-09-20/hosted/formal-evidence-da80b963da8b88f7db4ea123ad750e7ce837c649-1/sources.json, formal/system/evidence/continuation-2026-09-20/hosted/payment-proof-da80b963da8b88f7db4ea123ad750e7ce837c649-1/result.json, formal/system/evidence/continuation-2026-09-20/local-models/models.log, formal/system/evidence/continuation-2026-09-20/local-models/result.json, formal/system/evidence/continuation-2026-09-20/local-models/sources.json, formal/system/evidence/continuation-2026-09-20/mobile-inventory.json, formal/system/evidence/continuation-2026-09-20/payment-proof.json, formal/system/evidence/continuation-2026-09-20/payment-verifier-tests.log, formal/system/evidence/continuation-2026-09-20/regressions.log, formal/system/evidence/continuation-2026-09-20/release-plan.json, formal/system/evidence/continuation-2026-09-20/repository-quality.log, formal/system/evidence/event-models/models.log, formal/system/evidence/event-models/result.json, formal/system/evidence/event-models/sources.json, formal/system/evidence/identity-recovery-tests.log, formal/system/evidence/identity-recovery.json, formal/system/evidence/local-results.json, formal/system/evidence/payment-after.log, formal/system/evidence/payment-before.log, formal/system/evidence/payment-proof.json, formal/system/evidence/payment-verifier-tests.log, formal/system/evidence/social-models-summary.json, formal/system/evidence/social-models/check-dm-model/LegacyDm.txt, formal/system/evidence/social-models/check-dm-model/LegacyDmUnsafeConsent.txt, formal/system/evidence/social-models/check-dm-model/LegacyDmUnsafePause.txt, formal/system/evidence/social-models/check-dm-reads-model/DmReads.txt, formal/system/evidence/social-models/check-dm-reads-model/DmReadsCache.txt, formal/system/evidence/social-models/check-dm-reads-model/DmReadsCursor.txt, formal/system/evidence/social-models/check-dm-reads-model/DmReadsOutsider.txt, formal/system/evidence/social-models/check-fan-effects-model/FanEffects.txt, formal/system/evidence/social-models/check-fan-effects-model/FanEffectsGoverned.txt, formal/system/evidence/social-models/check-fan-effects-model/FanEffectsLocks.txt, formal/system/evidence/social-models/check-fan-effects-model/FanEffectsPause.txt, formal/system/evidence/social-models/check-fan-effects-model/FanEffectsRetry.txt, formal/system/evidence/social-models/check-legacy-writes-model/LegacyWrites.txt, formal/system/evidence/social-models/check-legacy-writes-model/LegacyWritesLocks.txt, formal/system/evidence/social-models/check-legacy-writes-model/LegacyWritesPair.txt, formal/system/evidence/social-models/check-legacy-writes-model/LegacyWritesPause.txt, formal/system/evidence/social-models/check-models/DeletedActor.txt, formal/system/evidence/social-models/check-models/DeletedTarget.txt, formal/system/evidence/social-models/check-models/Feed.txt, formal/system/evidence/social-models/check-models/FeedSkipped.txt, formal/system/evidence/social-models/check-models/Reaction.txt, formal/system/evidence/social-models/check-models/Relationships.txt, formal/system/evidence/social-models/check-models/RequestConflict.txt, formal/system/evidence/social-models/check-models/RequestIdentity.txt, formal/system/evidence/social-models/check-models/RequestOwnership.txt, formal/system/evidence/social-models/check-models/RequestReplay.txt, formal/system/evidence/social-models/check-models/StaleCache.txt, formal/system/evidence/social-models/check-models/StaleCommand.txt, formal/system/evidence/social-models/check-models/StaleDelivery.txt, formal/system/evidence/social-models/check-models/UnblockOwnership.txt, formal/system/evidence/social-models/check-models/UnblockResurrection.txt, formal/system/evidence/social-models/check-models/WithdrawalOwnership.txt, formal/system/evidence/social-models/check-profile-reads-model/ProfileReads.txt, formal/system/evidence/social-models/check-profile-reads-model/ProfileReadsCache.txt, formal/system/evidence/social-models/check-profile-reads-model/ProfileReadsPause.txt, formal/system/evidence/social-models/check-profile-reads-model/ProfileReadsPreferences.txt, formal/system/evidence/social-models/check-relationship-reads-model/RelationshipReads.txt, formal/system/evidence/social-models/check-relationship-reads-model/RelationshipReadsCounts.txt, formal/system/evidence/social-models/check-relationship-reads-model/RelationshipReadsDeleted.txt, formal/system/evidence/social-models/check-relationship-reads-model/RelationshipReadsPolicy.txt, formal/system/evidence/social-models/check-session-model/SessionBoundary.txt, formal/system/evidence/social-models/check-session-model/SessionCachedRead.txt, formal/system/evidence/social-models/check-session-model/SessionIdentity.txt, formal/system/evidence/social-models/check-session-model/SessionUnlockedWrite.txt, formal/system/evidence/social-postgres.log, formal/system/identity-recovery.md, formal/system/inventory.json, formal/system/legacy-escrow.md, formal/system/payment-arithmetic.md, formal/system/requirements-verification.txt, formal/system/requirements.json, package.json, scripts/__tests__/event-operations-pluscal.test.mjs, scripts/__tests__/legacy-escrow-contract.test.mjs, scripts/__tests__/provider-rollback.test.mjs, scripts/__tests__/verification-evidence.test.mjs, scripts/lib/legacy-escrow-contract.mjs, scripts/lib/verification-evidence.mjs, scripts/production-release.mjs, scripts/specification-inventory.py, scripts/test-payment-arithmetic-verifier.py, scripts/test-specification-inventory.py, scripts/verify-event-operations-formal.sh, scripts/verify-event-operations-pluscal.mjs, scripts/verify-payment-arithmetic.py, scripts/verify-system-evidence.mjs, tdf-hq-ui/src/pages/LoginPage.test.tsx, tdf-hq-ui/src/pages/LoginPage.tsx, tdf-hq/docs/service_marketplace_formal_spec.md, tdf-hq/src/TDF/Commerce/StateMachine.hs, tdf-hq/src/TDF/Server.hs, tdf-hq/src/TDF/Services/EventDiscovery.hs, tdf-hq/src/TDF/Services/YouTube.hs, tdf-hq/tdf-hq.cabal, tdf-hq/test/PaymentArithmeticProbe.hs, tdf-hq/test/Spec.hs, tdf-hq/test/TDF/Commerce/PaymentArithmeticSpec.hs, tdf-hq/test/TDF/ServerSpec.hs, tdf-hq/test/TDF/Services/EventDiscoverySpec.hs, tdf-hq/test/TDF/Services/YouTubeSpec.hs",ALREADY_MERGED,high,Remote ref concurrently deleted outside this audit; exact head retained in verified recovery bundle. No audit deletion or remote restoration. Retargeted PR460 to main; head unchanged. GitHub automatically recognized merge through PR469/de76dc7df; no separate direct merge call.,"Exact branch head is an ancestor of current main b07f67c3ebe2022d5f70e94578944b6401616696; all committed source history is retained. Deletion not proven safe: preview/environment usage and downstream references must be excluded. Evidence: branch-evidence/102-commits.txt, branch-evidence/102-changes.txt, branch-evidence/102-files.txt, branch-evidence/102-references.txt, checks/648f2d6dc69080d4438ae2a25309497012ded2d1.json, status/648f2d6dc69080d4438ae2a25309497012ded2d1.json",https://github.com/diegueins680/tdf-app/commit/de76dc7df247937144e1802c17d1842f983cbe13; https://github.com/diegueins680/tdf-app/pull/460,git push origin 648f2d6dc69080d4438ae2a25309497012ded2d1:refs/heads/fix/event-confirmed-end-20260920
fix/event-discovery-schedule-20260918,f4223a98d82bebfd5b15147795379a6c8cf58fb6,https://github.com/diegueins680/tdf-app/pull/456,main,Not protected by captured GitHub branch rules; external preview configuration not fully verifiable.,"+0/-43 vs initial intended target; +0/-43 vs initial main; merge base f4223a98d82bebfd5b15147795379a6c8cf58fb6; current head None, relation {'target': 'main', 'target_sha': 'b07f67c3ebe2022d5f70e94578944b6401616696', 'ahead': 0, 'behind': 220, 'merge_base': 'f4223a98d82bebfd5b15147795379a6c8cf58fb6'}","456: APPROVED, 1 unresolved; {'success': 13, 'skipped': 2}",PR456 unknown (mergeable=None),,fix(events): consolidate daily cron and reject incomplete inventories; files: ,ALREADY_MERGED,high,Remote ref concurrently deleted outside this audit; exact head retained in verified recovery bundle. No audit deletion or remote restoration.,"Exact branch head is an ancestor of current main b07f67c3ebe2022d5f70e94578944b6401616696; all committed source history is retained. Deletion not proven safe: preview/environment usage and downstream references must be excluded. Evidence: branch-evidence/103-commits.txt, branch-evidence/103-changes.txt, branch-evidence/103-files.txt, branch-evidence/103-references.txt, checks/f4223a98d82bebfd5b15147795379a6c8cf58fb6.json, status/f4223a98d82bebfd5b15147795379a6c8cf58fb6.json",https://github.com/diegueins680/tdf-app/commit/3dd26e0fa8cab6405bc3105078a4ee651d43bbca,git push origin f4223a98d82bebfd5b15147795379a6c8cf58fb6:refs/heads/fix/event-discovery-schedule-20260918
fix/event-raci-review-contrast,cbbb3da9f20c2314c73a5114b8c0aa943647054e,https://github.com/diegueins680/tdf-app/pull/413,feat/event-task-completion-client,Not protected by captured GitHub branch rules; external preview configuration not fully verifiable.,"+1/-0 vs initial intended target; +34/-448 vs initial main; merge base f2f01194090a241777c451d06cb0848af7aa759a; current head cbbb3da9f20c2314c73a5114b8c0aa943647054e, relation {'target': 'feat/event-task-completion-client', 'target_sha': 'f2f01194090a241777c451d06cb0848af7aa759a', 'ahead': 1, 'behind': 0, 'merge_base': 'f2f01194090a241777c451d06cb0848af7aa759a'}","413: no required approval recorded, 0 unresolved; {'success': 20, 'skipped': 5, 'failure': 1}",PR413 unstable (mergeable=True),,"test(events): require settled paint before RACI contrast scan; files: docs/event-operations/README.md, docs/event-operations/pr-34-raci-review-paint.md, docs/event-operations/raci-review-paint-contract.md, docs/event-operations/traceability-matrix.md, e2e/web/event-raci-editor.spec.mjs, e2e/web/helpers/review-paint.mjs, scripts/__tests__/event-raci-web-editor.test.mjs",ALREADY_MERGED,high,Preserved branch; no audit deletion. Closed redundant unmerged PR after exact-head ancestry verification. Source contribution integrated through verified normal merge465; see target CI and closure evidence.,"Exact source head and contributor history are integrated through approved consolidation465 and its verified normal merge. Current product/API/mobile/session/lifecycle/task integrity repairs and tests are retained in the replacement. Source closure waits for passing normal target CI; branch remains. Evidence: branch-evidence/104-commits.txt, branch-evidence/104-changes.txt, branch-evidence/104-files.txt, branch-evidence/104-references.txt, checks/cbbb3da9f20c2314c73a5114b8c0aa943647054e.json, status/cbbb3da9f20c2314c73a5114b8c0aa943647054e.json",https://github.com/diegueins680/tdf-app/pull/413; https://github.com/diegueins680/tdf-app/pull/413#issuecomment-5975664764; https://github.com/diegueins680/tdf-app/pull/465,Not deleted
fix/event-schema-migration-dependencies,192f9578665109e52d28a96c772e3307bdc684e5,https://github.com/diegueins680/tdf-app/pull/351,test/event-operations-schema-rehearsal,Not protected by captured GitHub branch rules; external preview configuration not fully verifiable.,"+1/-0 vs initial intended target; +11/-448 vs initial main; merge base cf591e1faa975b8023c6c06892fb50a51ba06dff; current head 192f9578665109e52d28a96c772e3307bdc684e5, relation {'target': 'test/event-operations-schema-rehearsal', 'target_sha': 'cf591e1faa975b8023c6c06892fb50a51ba06dff', 'ahead': 1, 'behind': 0, 'merge_base': 'cf591e1faa975b8023c6c06892fb50a51ba06dff'}","351: APPROVED, 0 unresolved; {'failure': 5, 'success': 12, 'skipped': 3}",PR351 unstable (mergeable=True),,"fix(migrations): restore canonical dependencies for event schema rehearsal; files: docs/event-operations/README.md, docs/event-operations/delivery-plan.md, docs/event-operations/pr-10-schema-rehearsal.md, docs/event-operations/pr-11-schema-dependencies.md, docs/event-operations/traceability-matrix.md, scripts/__tests__/production-release.test.mjs, scripts/production-migrations.json, scripts/test-event-operations-schema-rehearsal.sh, tdf-hq/test/integration/event_operations_schema_seed.sql",ALREADY_MERGED,high,Preserved branch; no audit deletion. Closed redundant unmerged PR after exact-head ancestry verification. Source contribution integrated through verified normal merge465; see target CI and closure evidence.,"Exact source head and contributor history are integrated through approved consolidation465 and its verified normal merge. Current product/API/mobile/session/lifecycle/task integrity repairs and tests are retained in the replacement. Source closure waits for passing normal target CI; branch remains. Evidence: branch-evidence/105-commits.txt, branch-evidence/105-changes.txt, branch-evidence/105-files.txt, branch-evidence/105-references.txt, checks/192f9578665109e52d28a96c772e3307bdc684e5.json, status/192f9578665109e52d28a96c772e3307bdc684e5.json",https://github.com/diegueins680/tdf-app/pull/351; https://github.com/diegueins680/tdf-app/pull/351#issuecomment-5975702348; https://github.com/diegueins680/tdf-app/pull/465,Not deleted
fix/event-session-transaction-fence,3cd978045aa406c55512a6673c2ba5f2983ebc7c,https://github.com/diegueins680/tdf-app/pull/348,fix/event-command-existence-privacy,Not protected by captured GitHub branch rules; external preview configuration not fully verifiable.,"+1/-0 vs initial intended target; +9/-448 vs initial main; merge base 892038c7d7ec64082b39917127f67748e6d1dca7; current head 3cd978045aa406c55512a6673c2ba5f2983ebc7c, relation {'target': 'fix/event-command-existence-privacy', 'target_sha': '892038c7d7ec64082b39917127f67748e6d1dca7', 'ahead': 1, 'behind': 0, 'merge_base': '892038c7d7ec64082b39917127f67748e6d1dca7'}","348: APPROVED, 0 unresolved; {'failure': 5, 'skipped': 4, 'success': 10}",PR348 unknown (mergeable=None),,"fix(events): fence event transactions with authenticated sessions; files: .github/workflows/event-operations-formal.yml, docs/event-operations/README.md, docs/event-operations/delivery-plan.md, docs/event-operations/http-verification-contract.md, docs/event-operations/implementation-report-2026-09-14.md, docs/event-operations/pr-08-command-privacy.md, docs/event-operations/pr-09-session-fence.md, docs/event-operations/session-fence-contract.md, docs/event-operations/threat-model.md, docs/event-operations/traceability-matrix.md, formal/event-operations/README.md, formal/event-operations/SessionFence.cfg, formal/event-operations/SessionFence.tla, formal/event-operations/SessionFenceCredential.cfg, formal/event-operations/SessionFenceParty.cfg, formal/event-operations/SessionFencePurpose.cfg, formal/event-operations/SessionFenceStale.cfg, formal/event-operations/SessionFenceUnlocked.cfg, formal/event-operations/SessionFenceWitness.cfg, scripts/verify-event-operations-formal.sh, tdf-hq/src/TDF/Auth.hs, tdf-hq/src/TDF/EventOperations/Server.hs, tdf-hq/src/TDF/Server.hs, tdf-hq/test/EventOperationsHttpMain.hs, tdf-hq/test/Spec.hs, tdf-hq/test/TDF/EventOperations/SessionFenceSpec.hs, tdf-hq/test/TDF/Server/EventResearchSpec.hs, tdf-hq/test/TDF/Server/MerchRuntimeSpec.hs, tdf-hq/test/TDF/ServerAdminSpec.hs, tdf-hq/test/TDF/ServerAuthSpec.hs, tdf-hq/test/TDF/ServerExtraSpec.hs, tdf-hq/test/TDF/ServerFanClubSpec.hs, tdf-hq/test/TDF/ServerProposalsSpec.hs, tdf-hq/test/TDF/ServerSpec.hs, tdf-hq/test/TDF/Social/FollowHandlerSpec.hs, tdf-hq/test/TDF/Trials/PublicLeadSpec.hs, tdf-hq/test/integration/event_operations_http_fixture.sql",ALREADY_MERGED,high,Preserved branch; no audit deletion. Closed redundant unmerged PR after exact-head ancestry verification. Source contribution integrated through verified normal merge465; see target CI and closure evidence.,"Exact source head and contributor history are integrated through approved consolidation465 and its verified normal merge. Current product/API/mobile/session/lifecycle/task integrity repairs and tests are retained in the replacement. Source closure waits for passing normal target CI; branch remains. Evidence: branch-evidence/106-commits.txt, branch-evidence/106-changes.txt, branch-evidence/106-files.txt, branch-evidence/106-references.txt, checks/3cd978045aa406c55512a6673c2ba5f2983ebc7c.json, status/3cd978045aa406c55512a6673c2ba5f2983ebc7c.json",https://github.com/diegueins680/tdf-app/pull/348; https://github.com/diegueins680/tdf-app/pull/348#issuecomment-5975705897; https://github.com/diegueins680/tdf-app/pull/465,Not deleted
fix/event-snapshot-privacy-boundary,db81fdbe71d9b8e83d40d279b98c69df3749b316,https://github.com/diegueins680/tdf-app/pull/342,fix/event-command-replay-authorization,Not protected by captured GitHub branch rules; external preview configuration not fully verifiable.,"+1/-0 vs initial intended target; +6/-448 vs initial main; merge base 6b0913bab2b065b327149a6d3a042efecd9e75d7; current head db81fdbe71d9b8e83d40d279b98c69df3749b316, relation {'target': 'fix/event-command-replay-authorization', 'target_sha': '6b0913bab2b065b327149a6d3a042efecd9e75d7', 'ahead': 1, 'behind': 0, 'merge_base': '6b0913bab2b065b327149a6d3a042efecd9e75d7'}","342: APPROVED, 0 unresolved; {'failure': 8, 'skipped': 3, 'success': 8}",PR342 unknown (mergeable=None),,"fix: authorize coherent event snapshots and redact database errors; files: .github/workflows/event-operations-formal.yml, docs/event-operations/README.md, docs/event-operations/delivery-plan.md, docs/event-operations/implementation-report-2026-09-14.md, docs/event-operations/pr-06-snapshot-privacy.md, docs/event-operations/snapshot-privacy-contract.md, docs/event-operations/traceability-matrix.md, formal/event-operations/README.md, formal/event-operations/SnapshotRead.cfg, formal/event-operations/SnapshotRead.tla, formal/event-operations/SnapshotReadEarlyAuth.cfg, formal/event-operations/SnapshotReadMixedClock.cfg, formal/event-operations/SnapshotReadRawLog.cfg, scripts/test-event-operations-api-migration.sh, scripts/verify-event-operations-formal.sh, tdf-hq/sql/2026-09-14_event_operations_api.sql, tdf-hq/sql/2026-09-14_event_operations_api_rollback.sql, tdf-hq/src/TDF/EventOperations/DatabaseBoundary.hs, tdf-hq/src/TDF/EventOperations/Server.hs, tdf-hq/tdf-hq.cabal, tdf-hq/test/EventOperationsBoundaryMain.hs, tdf-hq/test/Spec.hs, tdf-hq/test/TDF/EventOperations/DatabaseBoundarySpec.hs, tdf-hq/test/integration/event_operations_snapshot_assertions.sql",ALREADY_MERGED,high,Preserved branch; no audit deletion. Closed redundant unmerged PR after exact-head ancestry verification. Source contribution integrated through verified normal merge465; see target CI and closure evidence.,"Exact source head and contributor history are integrated through approved consolidation465 and its verified normal merge. Current product/API/mobile/session/lifecycle/task integrity repairs and tests are retained in the replacement. Source closure waits for passing normal target CI; branch remains. Evidence: branch-evidence/107-commits.txt, branch-evidence/107-changes.txt, branch-evidence/107-files.txt, branch-evidence/107-references.txt, checks/db81fdbe71d9b8e83d40d279b98c69df3749b316.json, status/db81fdbe71d9b8e83d40d279b98c69df3749b316.json",https://github.com/diegueins680/tdf-app/pull/342; https://github.com/diegueins680/tdf-app/pull/342#issuecomment-5975711232; https://github.com/diegueins680/tdf-app/pull/465,Not deleted
fix/event-ui-lazy-validation,d4e7ed0505a87a03706b765fc304ffa50362b8fb,https://github.com/diegueins680/tdf-app/pull/399,test/event-rsvp-ci-contracts,Not protected by captured GitHub branch rules; external preview configuration not fully verifiable.,"+1/-0 vs initial intended target; +29/-448 vs initial main; merge base 5ad2333c2a6ce379579a1cffa2708d56cbb21f5f; current head d4e7ed0505a87a03706b765fc304ffa50362b8fb, relation {'target': 'test/event-rsvp-ci-contracts', 'target_sha': '5ad2333c2a6ce379579a1cffa2708d56cbb21f5f', 'ahead': 1, 'behind': 0, 'merge_base': '5ad2333c2a6ce379579a1cffa2708d56cbb21f5f'}","399: no required approval recorded, 0 unresolved; {'failure': 4, 'success': 22}",PR399 unstable (mergeable=True),,"fix(ui): preserve lazy validation and initial bundle budget; files: docs/event-operations/gap-matrix.md, docs/event-operations/pr-29-lazy-validation-bundle.md, docs/event-operations/traceability-matrix.md, scripts/__tests__/ci-pipeline.test.mjs, scripts/__tests__/ui-validation-bundle.test.mjs, scripts/quality-ui.sh, tdf-hq-ui/scripts/check-initial-bundle.mjs, tdf-hq-ui/vite.config.ts",ALREADY_MERGED,high,Preserved branch; no audit deletion. Closed redundant unmerged PR after exact-head ancestry verification. Source contribution integrated through verified normal merge465; see target CI and closure evidence.,"Exact source head and contributor history are integrated through approved consolidation465 and its verified normal merge. Current product/API/mobile/session/lifecycle/task integrity repairs and tests are retained in the replacement. Source closure waits for passing normal target CI; branch remains. Evidence: branch-evidence/108-commits.txt, branch-evidence/108-changes.txt, branch-evidence/108-files.txt, branch-evidence/108-references.txt, checks/d4e7ed0505a87a03706b765fc304ffa50362b8fb.json, status/d4e7ed0505a87a03706b765fc304ffa50362b8fb.json",https://github.com/diegueins680/tdf-app/pull/399; https://github.com/diegueins680/tdf-app/pull/399#issuecomment-5975672645; https://github.com/diegueins680/tdf-app/pull/465,Not deleted
fix/fanhub-audit-20260917,36f254d14b62efc10268df5545a15bfe157cb0a3,https://github.com/diegueins680/tdf-app/pull/425,main,Not protected by captured GitHub branch rules; external preview configuration not fully verifiable.,"+0/-336 vs initial intended target; +0/-336 vs initial main; merge base 36f254d14b62efc10268df5545a15bfe157cb0a3; current head None, relation {'target': 'main', 'target_sha': 'b07f67c3ebe2022d5f70e94578944b6401616696', 'ahead': 0, 'behind': 513, 'merge_base': '36f254d14b62efc10268df5545a15bfe157cb0a3'}","425: APPROVED, 0 unresolved; {'success': 13, 'skipped': 4}",PR425 unknown (mergeable=None),,fix: confirm FanHub onboarding within the current session; files: ,ALREADY_MERGED,high,Remote ref concurrently deleted outside this audit; exact head retained in verified recovery bundle. No audit deletion or remote restoration.,"Exact branch head is an ancestor of current main b07f67c3ebe2022d5f70e94578944b6401616696; all committed source history is retained. Deletion not proven safe: preview/environment usage and downstream references must be excluded. Evidence: branch-evidence/109-commits.txt, branch-evidence/109-changes.txt, branch-evidence/109-files.txt, branch-evidence/109-references.txt, checks/36f254d14b62efc10268df5545a15bfe157cb0a3.json, status/36f254d14b62efc10268df5545a15bfe157cb0a3.json",https://github.com/diegueins680/tdf-app/commit/437fdddea907ba7a20b8626242bf2aed108d6789,git push origin 36f254d14b62efc10268df5545a15bfe157cb0a3:refs/heads/fix/fanhub-audit-20260917
fix/fanhub-authoritative-onboarding,ff3cd1676a6db7b6ceef56d44407b0846a4f2071,https://github.com/diegueins680/tdf-app/pull/368,fix/artist-follow-onboarding-continuity,Not protected by captured GitHub branch rules; external preview configuration not fully verifiable.,"+1/-0 vs initial intended target; +17/-448 vs initial main; merge base 1299f9c63a325e17dff0bfe1f048ff52f7bb8b15; current head ff3cd1676a6db7b6ceef56d44407b0846a4f2071, relation {'target': 'fix/artist-follow-onboarding-continuity', 'target_sha': '1299f9c63a325e17dff0bfe1f048ff52f7bb8b15', 'ahead': 1, 'behind': 0, 'merge_base': '1299f9c63a325e17dff0bfe1f048ff52f7bb8b15'}","368: no required approval recorded, 0 unresolved; {'failure': 5, 'success': 12, 'skipped': 4}",PR368 unstable (mergeable=True),,"fix(onboarding): restore account-bound FanHub exit recovery; files: .gitignore, docs/event-operations/README.md, docs/event-operations/delivery-plan.md, docs/event-operations/fanhub-onboarding-contract.md, docs/event-operations/gap-matrix.md, docs/event-operations/pr-17-fanhub-onboarding.md, docs/event-operations/threat-model.md, docs/event-operations/traceability-matrix.md, e2e/web/fanhub-onboarding.spec.mjs, formal/event-operations/FanHubOnboarding.cfg, formal/event-operations/FanHubOnboarding.tla, formal/event-operations/FanHubOnboardingConsent.cfg, formal/event-operations/FanHubOnboardingContext.cfg, formal/event-operations/FanHubOnboardingFlight.cfg, formal/event-operations/FanHubOnboardingTerminal.cfg, formal/event-operations/README.md, playwright.fanhub.config.mjs, scripts/verify-event-operations-formal.sh, tdf-hq-ui/src/api/session.test.ts, tdf-hq-ui/src/api/session.ts, tdf-hq-ui/src/features/fans/useFanHubOnboarding.ts, tdf-hq-ui/src/i18n/locales/en.ts, tdf-hq-ui/src/i18n/locales/es.ts, tdf-hq-ui/src/pages/FanHubPage.onboarding.test.tsx, tdf-hq-ui/src/pages/FanHubPage.tsx",ALREADY_MERGED,high,Preserved branch; no audit deletion. Closed redundant unmerged PR after exact-head ancestry verification. Source contribution integrated through verified normal merge465; see target CI and closure evidence.,"Exact source head and contributor history are integrated through approved consolidation465 and its verified normal merge. Current product/API/mobile/session/lifecycle/task integrity repairs and tests are retained in the replacement. Source closure waits for passing normal target CI; branch remains. Evidence: branch-evidence/110-commits.txt, branch-evidence/110-changes.txt, branch-evidence/110-files.txt, branch-evidence/110-references.txt, checks/ff3cd1676a6db7b6ceef56d44407b0846a4f2071.json, status/ff3cd1676a6db7b6ceef56d44407b0846a4f2071.json",https://github.com/diegueins680/tdf-app/pull/368; https://github.com/diegueins680/tdf-app/pull/368#issuecomment-5975691870; https://github.com/diegueins680/tdf-app/pull/465,Not deleted
fix/identity-request-recovery-20260918,261bfdfbbdab0520b35725a72b776f160b608dd3,https://github.com/diegueins680/tdf-app/pull/453,main,Not protected by captured GitHub branch rules; external preview configuration not fully verifiable.,"+0/-56 vs initial intended target; +0/-56 vs initial main; merge base 261bfdfbbdab0520b35725a72b776f160b608dd3; current head None, relation {'target': 'main', 'target_sha': 'b07f67c3ebe2022d5f70e94578944b6401616696', 'ahead': 0, 'behind': 233, 'merge_base': '261bfdfbbdab0520b35725a72b776f160b608dd3'}","453: REVIEW_REQUIRED, 0 unresolved; {'success': 22, 'failure': 2, 'skipped': 3}",PR453 unknown (mergeable=None),,Preserve identity request receipts during application recovery; files: ,ALREADY_MERGED,high,Remote ref concurrently deleted outside this audit; exact head retained in verified recovery bundle. No audit deletion or remote restoration.,"Exact branch head is an ancestor of current main b07f67c3ebe2022d5f70e94578944b6401616696; all committed source history is retained. Deletion not proven safe: preview/environment usage and downstream references must be excluded. Evidence: branch-evidence/111-commits.txt, branch-evidence/111-changes.txt, branch-evidence/111-files.txt, branch-evidence/111-references.txt, checks/261bfdfbbdab0520b35725a72b776f160b608dd3.json, status/261bfdfbbdab0520b35725a72b776f160b608dd3.json",https://github.com/diegueins680/tdf-app/commit/d517d6ed12a0f9ed3929df124507c7f4b025d16d,git push origin 261bfdfbbdab0520b35725a72b776f160b608dd3:refs/heads/fix/identity-request-recovery-20260918
fix/instagram-checkpoint-metadata-20260916,40034a31e32ca7d1dbbf6dae67efda8eef982586,https://github.com/diegueins680/tdf-app/pull/420,main,Not protected by captured GitHub branch rules; external preview configuration not fully verifiable.,"+1/-376 vs initial intended target; +1/-376 vs initial main; merge base 16a4eef7477eb160feb20210406f70adb58be814; current head 40034a31e32ca7d1dbbf6dae67efda8eef982586, relation {'target': 'main', 'target_sha': 'b07f67c3ebe2022d5f70e94578944b6401616696', 'ahead': 1, 'behind': 553, 'merge_base': '16a4eef7477eb160feb20210406f70adb58be814'}","420: APPROVED, 0 unresolved; {'success': 11, 'skipped': 5}",PR420 unknown (mergeable=None),,"fix: bound Instagram checkpoint metadata before subprocess capture; files: docs/INSTAGRAM_TOKEN_SETUP.md, scripts/__tests__/instagram-token-workflows.test.mjs, scripts/instagram-lifecycle-artifact.mjs",ALREADY_MERGED,high,Preserved branch; no audit deletion.,"PR420 merged exact head; stable patch equivalence (whole three-commit range for PR369) matches merge 5c84736ff5727502a77413b24f6a4ccc55a89274 already in main. See squash-proof.json. Evidence: branch-evidence/112-commits.txt, branch-evidence/112-changes.txt, branch-evidence/112-files.txt, branch-evidence/112-references.txt, checks/40034a31e32ca7d1dbbf6dae67efda8eef982586.json, status/40034a31e32ca7d1dbbf6dae67efda8eef982586.json",https://github.com/diegueins680/tdf-app/commit/5c84736ff5727502a77413b24f6a4ccc55a89274,Not deleted
fix/mail-delivery-observability-20260918,ab9bbacc9da845b6bfe70ac3fda2ace44f17c918,https://github.com/diegueins680/tdf-app/pull/452,main,Not protected by captured GitHub branch rules; external preview configuration not fully verifiable.,"+0/-114 vs initial intended target; +0/-114 vs initial main; merge base ab9bbacc9da845b6bfe70ac3fda2ace44f17c918; current head None, relation {'target': 'main', 'target_sha': 'b07f67c3ebe2022d5f70e94578944b6401616696', 'ahead': 0, 'behind': 291, 'merge_base': 'ab9bbacc9da845b6bfe70ac3fda2ace44f17c918'}","452: APPROVED, 0 unresolved; {'success': 23, 'skipped': 4}",PR452 unknown (mergeable=None),,"Fix SMTP message identity, repeated delivery failures and Webador broadcasts; files: ",ALREADY_MERGED,high,Remote ref concurrently deleted outside this audit; exact head retained in verified recovery bundle. No audit deletion or remote restoration.,"Exact branch head is an ancestor of current main b07f67c3ebe2022d5f70e94578944b6401616696; all committed source history is retained. Deletion not proven safe: preview/environment usage and downstream references must be excluded. Evidence: branch-evidence/113-commits.txt, branch-evidence/113-changes.txt, branch-evidence/113-files.txt, branch-evidence/113-references.txt, checks/ab9bbacc9da845b6bfe70ac3fda2ace44f17c918.json, status/ab9bbacc9da845b6bfe70ac3fda2ace44f17c918.json",https://github.com/diegueins680/tdf-app/commit/ccd8dca819fd4ef9a044cb35696f58dea27e8900,git push origin ab9bbacc9da845b6bfe70ac3fda2ace44f17c918:refs/heads/fix/mail-delivery-observability-20260918
fix/mail-smtp-log-flush-20260918,592916f2a7fbcd740409acda42e69d1a6bfb128a,https://github.com/diegueins680/tdf-app/pull/458,main,Not protected by captured GitHub branch rules; external preview configuration not fully verifiable.,"+0/-113 vs initial intended target; +0/-113 vs initial main; merge base 592916f2a7fbcd740409acda42e69d1a6bfb128a; current head None, relation {'target': 'main', 'target_sha': 'b07f67c3ebe2022d5f70e94578944b6401616696', 'ahead': 0, 'behind': 290, 'merge_base': '592916f2a7fbcd740409acda42e69d1a6bfb128a'}","458: APPROVED, 0 unresolved; {'success': 23, 'skipped': 4}",PR458 unknown (mergeable=None),,Flush SMTP attempt and acceptance events immediately; files: ,ALREADY_MERGED,high,Remote ref concurrently deleted outside this audit; exact head retained in verified recovery bundle. No audit deletion or remote restoration.,"Exact branch head is an ancestor of current main b07f67c3ebe2022d5f70e94578944b6401616696; all committed source history is retained. Deletion not proven safe: preview/environment usage and downstream references must be excluded. Evidence: branch-evidence/114-commits.txt, branch-evidence/114-changes.txt, branch-evidence/114-files.txt, branch-evidence/114-references.txt, checks/592916f2a7fbcd740409acda42e69d1a6bfb128a.json, status/592916f2a7fbcd740409acda42e69d1a6bfb128a.json",https://github.com/diegueins680/tdf-app/commit/968006b69562a65ba214a8018a22a26563d41337,git push origin 592916f2a7fbcd740409acda42e69d1a6bfb128a:refs/heads/fix/mail-smtp-log-flush-20260918
fix/migration-introduction-ancestry-audit-20260916,e24922210d09226bec610a8fe0f1b6f05867e8d7,https://github.com/diegueins680/tdf-app/pull/404,main,Not protected by captured GitHub branch rules; external preview configuration not fully verifiable.,"+0/-408 vs initial intended target; +0/-408 vs initial main; merge base e24922210d09226bec610a8fe0f1b6f05867e8d7; current head None, relation {'target': 'main', 'target_sha': 'b07f67c3ebe2022d5f70e94578944b6401616696', 'ahead': 0, 'behind': 585, 'merge_base': 'e24922210d09226bec610a8fe0f1b6f05867e8d7'}","404: APPROVED, 0 unresolved; {'success': 12, 'skipped': 4}",PR404 unknown (mergeable=None),,fix(release): identify ancestor commits containing migration files; files: ,ALREADY_MERGED,high,Remote ref concurrently deleted outside this audit; exact head retained in verified recovery bundle. No audit deletion or remote restoration.,"Exact branch head is an ancestor of current main b07f67c3ebe2022d5f70e94578944b6401616696; all committed source history is retained. Deletion not proven safe: preview/environment usage and downstream references must be excluded. Evidence: branch-evidence/115-commits.txt, branch-evidence/115-changes.txt, branch-evidence/115-files.txt, branch-evidence/115-references.txt, checks/e24922210d09226bec610a8fe0f1b6f05867e8d7.json, status/e24922210d09226bec610a8fe0f1b6f05867e8d7.json",https://github.com/diegueins680/tdf-app/commit/d4bd497df6979f639dcd112e4f60b57f3526b9e0,git push origin e24922210d09226bec610a8fe0f1b6f05867e8d7:refs/heads/fix/migration-introduction-ancestry-audit-20260916
fix/notification-mobile-release-pin-20260918,6449b75fe5387fcb1b80e55f4a71602a3fed2403,https://github.com/diegueins680/tdf-app/pull/441,main,Not protected by captured GitHub branch rules; external preview configuration not fully verifiable.,"+1/-170 vs initial intended target; +1/-170 vs initial main; merge base 5d49f61fa68000abb188bf6d9bb19a3bce035aec; current head 6449b75fe5387fcb1b80e55f4a71602a3fed2403, relation {'target': 'main', 'target_sha': 'b07f67c3ebe2022d5f70e94578944b6401616696', 'ahead': 1, 'behind': 347, 'merge_base': '5d49f61fa68000abb188bf6d9bb19a3bce035aec'}","441: APPROVED, 0 unresolved; {'success': 11, 'skipped': 4, 'failure': 1}",PR441 dirty (mergeable=False),,"fix(notifications): pin verified native cold-start navigation; files: docs/notifications/navigation-2026-09-17.md, tdf-mobile",ALREADY_MERGED,high,Preserved branch; no audit deletion.,"PR441 already closed in favor of merged PR449 mobile pin. Its unique historical delivery/recovery notes are now preserved with attribution and explicit dated scope in documentation-only PR476; the old mobile pin is already an ancestor of the integrated companion. Replacement476 received current-head independent approval and merged normally atc4d479c7 with exact tested tree. Source text and original mobile-pin ancestry are verified; source branch retained. Evidence: branch-evidence/116-commits.txt, branch-evidence/116-changes.txt, branch-evidence/116-files.txt, branch-evidence/116-references.txt, checks/6449b75fe5387fcb1b80e55f4a71602a3fed2403.json, status/6449b75fe5387fcb1b80e55f4a71602a3fed2403.json",,Not deleted
fix/notification-navigation-20260917,a5a391954ec4152a19e1502c08347edd34624060,https://github.com/diegueins680/tdf-app/pull/428,main,Not protected by captured GitHub branch rules; external preview configuration not fully verifiable.,"+0/-226 vs initial intended target; +0/-226 vs initial main; merge base a5a391954ec4152a19e1502c08347edd34624060; current head None, relation {'target': 'main', 'target_sha': 'b07f67c3ebe2022d5f70e94578944b6401616696', 'ahead': 0, 'behind': 403, 'merge_base': 'a5a391954ec4152a19e1502c08347edd34624060'}","428: APPROVED, 0 unresolved; {'success': 18}",PR428 unknown (mergeable=None),,fix: make existing notifications open specific authorized destinations; files: ,ALREADY_MERGED,high,Remote ref concurrently deleted outside this audit; exact head retained in verified recovery bundle. No audit deletion or remote restoration.,"Exact branch head is an ancestor of current main b07f67c3ebe2022d5f70e94578944b6401616696; all committed source history is retained. Deletion not proven safe: preview/environment usage and downstream references must be excluded. Evidence: branch-evidence/117-commits.txt, branch-evidence/117-changes.txt, branch-evidence/117-files.txt, branch-evidence/117-references.txt, checks/a5a391954ec4152a19e1502c08347edd34624060.json, status/a5a391954ec4152a19e1502c08347edd34624060.json",https://github.com/diegueins680/tdf-app/commit/4b0bc6ed703089b25dc3480e2fb3acbb9277fac3,git push origin a5a391954ec4152a19e1502c08347edd34624060:refs/heads/fix/notification-navigation-20260917
fix/preserve-enabled-paypal-webhooks-20260916,a28b94d74a49ebdf71481694bc910ab95298e027,https://github.com/diegueins680/tdf-app/pull/412,main,Not protected by captured GitHub branch rules; external preview configuration not fully verifiable.,"+1/-408 vs initial intended target; +1/-408 vs initial main; merge base 43466ad532d83b3bfdb3730f07567d1c45214462; current head a28b94d74a49ebdf71481694bc910ab95298e027, relation {'target': 'main', 'target_sha': 'b07f67c3ebe2022d5f70e94578944b6401616696', 'ahead': 1, 'behind': 585, 'merge_base': '43466ad532d83b3bfdb3730f07567d1c45214462'}","412: APPROVED, 0 unresolved; {'success': 12, 'skipped': 4}",PR412 unknown (mergeable=None),,"fix(release): preserve approved PayPal webhook intake on restart; files: docs/automatic-production-migrations.md, scripts/lib/production-release.mjs, scripts/test-automatic-migrations-production-schema.sh",ALREADY_MERGED,high,Preserved branch; no audit deletion.,"PR412 merged exact head; stable patch equivalence (whole three-commit range for PR369) matches merge 4c66687dcba76dc7036f0c44089959b55a7bf3b0 already in main. See squash-proof.json. Evidence: branch-evidence/118-commits.txt, branch-evidence/118-changes.txt, branch-evidence/118-files.txt, branch-evidence/118-references.txt, checks/a28b94d74a49ebdf71481694bc910ab95298e027.json, status/a28b94d74a49ebdf71481694bc910ab95298e027.json",https://github.com/diegueins680/tdf-app/commit/4c66687dcba76dc7036f0c44089959b55a7bf3b0,Not deleted
fix/records-thumbnails-ingestion-20260918,697a5c748332a7179d3a3e7f7bbfd7d5323579b9,https://github.com/diegueins680/tdf-app/pull/451,main,Not protected by captured GitHub branch rules; external preview configuration not fully verifiable.,"+0/-60 vs initial intended target; +0/-60 vs initial main; merge base 697a5c748332a7179d3a3e7f7bbfd7d5323579b9; current head None, relation {'target': 'main', 'target_sha': 'b07f67c3ebe2022d5f70e94578944b6401616696', 'ahead': 0, 'behind': 237, 'merge_base': '697a5c748332a7179d3a3e7f7bbfd7d5323579b9'}","451: APPROVED, 0 unresolved; {'success': 14, 'skipped': 1}",PR451 unknown (mergeable=None),,fix(records): handle deleted source videos and thumbnail failures; files: ,ALREADY_MERGED,high,Remote ref concurrently deleted outside this audit; exact head retained in verified recovery bundle. No audit deletion or remote restoration.,"Exact branch head is an ancestor of current main b07f67c3ebe2022d5f70e94578944b6401616696; all committed source history is retained. Deletion not proven safe: preview/environment usage and downstream references must be excluded. Evidence: branch-evidence/119-commits.txt, branch-evidence/119-changes.txt, branch-evidence/119-files.txt, branch-evidence/119-references.txt, checks/697a5c748332a7179d3a3e7f7bbfd7d5323579b9.json, status/697a5c748332a7179d3a3e7f7bbfd7d5323579b9.json",https://github.com/diegueins680/tdf-app/commit/3d0b43942e3db9597cd159ffa37bf10713069a0b,git push origin 697a5c748332a7179d3a3e7f7bbfd7d5323579b9:refs/heads/fix/records-thumbnails-ingestion-20260918
fix/recovery-dialog-navigation-20260918,65cc350a68bf293720bed21afb771d75ab8fbea7,https://github.com/diegueins680/tdf-app/pull/457,main,Not protected by captured GitHub branch rules; external preview configuration not fully verifiable.,"+0/-66 vs initial intended target; +0/-66 vs initial main; merge base 65cc350a68bf293720bed21afb771d75ab8fbea7; current head None, relation {'target': 'main', 'target_sha': 'b07f67c3ebe2022d5f70e94578944b6401616696', 'ahead': 0, 'behind': 243, 'merge_base': '65cc350a68bf293720bed21afb771d75ab8fbea7'}","457: APPROVED, 0 unresolved; {'success': 12, 'skipped': 4}",PR457 unknown (mergeable=None),,fix(auth): close recovery dialog after route changes; files: ,ALREADY_MERGED,high,Remote ref concurrently deleted outside this audit; exact head retained in verified recovery bundle. No audit deletion or remote restoration.,"Exact branch head is an ancestor of current main b07f67c3ebe2022d5f70e94578944b6401616696; all committed source history is retained. Deletion not proven safe: preview/environment usage and downstream references must be excluded. Evidence: branch-evidence/120-commits.txt, branch-evidence/120-changes.txt, branch-evidence/120-files.txt, branch-evidence/120-references.txt, checks/65cc350a68bf293720bed21afb771d75ab8fbea7.json, status/65cc350a68bf293720bed21afb771d75ab8fbea7.json",https://github.com/diegueins680/tdf-app/commit/183cd29a3046b0d590ec0bbb1c62fb8429dddc10,git push origin 65cc350a68bf293720bed21afb771d75ab8fbea7:refs/heads/fix/recovery-dialog-navigation-20260918
fix/redact-stripe-webhook-example-20260916,2455951713967642de9b429c5a790ceec6cb1fa2,https://github.com/diegueins680/tdf-app/pull/392,main,Not protected by captured GitHub branch rules; external preview configuration not fully verifiable.,"+0/-410 vs initial intended target; +0/-410 vs initial main; merge base 2455951713967642de9b429c5a790ceec6cb1fa2; current head None, relation {'target': 'main', 'target_sha': 'b07f67c3ebe2022d5f70e94578944b6401616696', 'ahead': 0, 'behind': 587, 'merge_base': '2455951713967642de9b429c5a790ceec6cb1fa2'}","392: APPROVED, 0 unresolved; {'success': 4}",PR392 unknown (mergeable=None),,docs: replace webhook signing-secret example with placeholder; files: ,ALREADY_MERGED,high,Remote ref concurrently deleted outside this audit; exact head retained in verified recovery bundle. No audit deletion or remote restoration.,"Exact branch head is an ancestor of current main b07f67c3ebe2022d5f70e94578944b6401616696; all committed source history is retained. Deletion not proven safe: preview/environment usage and downstream references must be excluded. Evidence: branch-evidence/121-commits.txt, branch-evidence/121-changes.txt, branch-evidence/121-files.txt, branch-evidence/121-references.txt, checks/2455951713967642de9b429c5a790ceec6cb1fa2.json, status/2455951713967642de9b429c5a790ceec6cb1fa2.json",https://github.com/diegueins680/tdf-app/commit/7eafd3f479817f267ba0de6592c3e16ea920f4ae,git push origin 2455951713967642de9b429c5a790ceec6cb1fa2:refs/heads/fix/redact-stripe-webhook-example-20260916
fix/release-artwork-20260915,760763642ae9641b19ef0adfb317f4243ff30a25,https://github.com/diegueins680/tdf-app/pull/369,main,Not protected by captured GitHub branch rules; external preview configuration not fully verifiable.,"+3/-435 vs initial intended target; +3/-435 vs initial main; merge base 73edd77a36c8dcc73e5217303c62376ae684853b; current head 760763642ae9641b19ef0adfb317f4243ff30a25, relation {'target': 'main', 'target_sha': 'b07f67c3ebe2022d5f70e94578944b6401616696', 'ahead': 3, 'behind': 612, 'merge_base': '73edd77a36c8dcc73e5217303c62376ae684853b'}","369: APPROVED, 0 unresolved; {'success': 12, 'skipped': 4}",PR369 unknown (mergeable=None),,"fix(releases): restore missing catalog artwork; files: docs/catalog-persistence/catalog-list-decisions.json, tdf-hq-ui/src/features/releases/ReleaseArtwork.test.tsx, tdf-hq-ui/src/features/releases/ReleaseArtwork.tsx, tdf-hq-ui/src/features/releases/resolveReleaseArtwork.test.ts, tdf-hq-ui/src/features/releases/resolveReleaseArtwork.ts, tdf-hq-ui/src/pages/LabelReleasesPage.tsx",ALREADY_MERGED,high,Preserved branch; no audit deletion.,"PR369 merged exact head; stable patch equivalence (whole three-commit range for PR369) matches merge 52b32e4c17b3b0485c66e666137f85d44cc962d4 already in main. See squash-proof.json. Evidence: branch-evidence/122-commits.txt, branch-evidence/122-changes.txt, branch-evidence/122-files.txt, branch-evidence/122-references.txt, checks/760763642ae9641b19ef0adfb317f4243ff30a25.json, status/760763642ae9641b19ef0adfb317f4243ff30a25.json",https://github.com/diegueins680/tdf-app/commit/52b32e4c17b3b0485c66e666137f85d44cc962d4,Not deleted
fix/reservation-pluscal-integrity,ec24b70b1b2319a875099cc118db0e68b62a5ed0,https://github.com/diegueins680/tdf-app/pull/372,fix/fanhub-authoritative-onboarding,Not protected by captured GitHub branch rules; external preview configuration not fully verifiable.,"+1/-0 vs initial intended target; +18/-448 vs initial main; merge base ff3cd1676a6db7b6ceef56d44407b0846a4f2071; current head ec24b70b1b2319a875099cc118db0e68b62a5ed0, relation {'target': 'fix/fanhub-authoritative-onboarding', 'target_sha': 'ff3cd1676a6db7b6ceef56d44407b0846a4f2071', 'ahead': 1, 'behind': 0, 'merge_base': 'ff3cd1676a6db7b6ceef56d44407b0846a4f2071'}","372: no required approval recorded, 0 unresolved; {'failure': 5, 'success': 14, 'skipped': 2}",PR372 unstable (mergeable=True),,"fix(formal): verify exact PlusCal reservation regeneration; files: .github/workflows/event-operations-formal.yml, docs/event-operations/README.md, docs/event-operations/delivery-plan.md, docs/event-operations/pluscal-integrity-contract.md, docs/event-operations/pr-18-pluscal-integrity.md, docs/event-operations/traceability-matrix.md, formal/event-operations/README.md, formal/event-operations/ReservationRace.tla, package.json, scripts/__tests__/event-operations-pluscal.test.mjs, scripts/verify-event-operations-formal.sh, scripts/verify-event-operations-pluscal.mjs",ALREADY_MERGED,high,Preserved branch; no audit deletion. Closed redundant unmerged PR after exact-head ancestry verification. Source contribution integrated through verified normal merge465; see target CI and closure evidence.,"Exact source head and contributor history are integrated through approved consolidation465 and its verified normal merge. Current product/API/mobile/session/lifecycle/task integrity repairs and tests are retained in the replacement. Source closure waits for passing normal target CI; branch remains. Evidence: branch-evidence/123-commits.txt, branch-evidence/123-changes.txt, branch-evidence/123-files.txt, branch-evidence/123-references.txt, checks/ec24b70b1b2319a875099cc118db0e68b62a5ed0.json, status/ec24b70b1b2319a875099cc118db0e68b62a5ed0.json",https://github.com/diegueins680/tdf-app/pull/372; https://github.com/diegueins680/tdf-app/pull/372#issuecomment-5975690283; https://github.com/diegueins680/tdf-app/pull/465,Not deleted
fix/social-stack-integration-20260916,5fcd17c926a70073c8ef3eda33904e1b207859ee,https://github.com/diegueins680/tdf-app/pull/400,main,Not protected by captured GitHub branch rules; external preview configuration not fully verifiable.,"+0/-378 vs initial intended target; +0/-378 vs initial main; merge base 5fcd17c926a70073c8ef3eda33904e1b207859ee; current head None, relation {'target': 'main', 'target_sha': 'b07f67c3ebe2022d5f70e94578944b6401616696', 'ahead': 0, 'behind': 555, 'merge_base': '5fcd17c926a70073c8ef3eda33904e1b207859ee'}","400: APPROVED, 0 unresolved; {'success': 18}",PR400 unknown (mergeable=None),,fix(social): integrate inactive foundation without rewriting shared branches; files: ,ALREADY_MERGED,high,Remote ref concurrently deleted outside this audit; exact head retained in verified recovery bundle. No audit deletion or remote restoration.,"Exact branch head is an ancestor of current main b07f67c3ebe2022d5f70e94578944b6401616696; all committed source history is retained. Deletion not proven safe: preview/environment usage and downstream references must be excluded. Evidence: branch-evidence/124-commits.txt, branch-evidence/124-changes.txt, branch-evidence/124-files.txt, branch-evidence/124-references.txt, checks/5fcd17c926a70073c8ef3eda33904e1b207859ee.json, status/5fcd17c926a70073c8ef3eda33904e1b207859ee.json",https://github.com/diegueins680/tdf-app/commit/16a4eef7477eb160feb20210406f70adb58be814,git push origin 5fcd17c926a70073c8ef3eda33904e1b207859ee:refs/heads/fix/social-stack-integration-20260916
fix/web-onboarding-reconciliation-integration,827d745629f8cdbaee4429ded3689d3bf520a09d,https://github.com/diegueins680/tdf-app/pull/359,feat/event-task-read-api,Not protected by captured GitHub branch rules; external preview configuration not fully verifiable.,"+1/-0 vs initial intended target; +15/-448 vs initial main; merge base 881882e15cd1b2400cc2e0452ea50683dea675de; current head 827d745629f8cdbaee4429ded3689d3bf520a09d, relation {'target': 'feat/event-task-read-api', 'target_sha': '881882e15cd1b2400cc2e0452ea50683dea675de', 'ahead': 1, 'behind': 0, 'merge_base': '881882e15cd1b2400cc2e0452ea50683dea675de'}","359: no required approval recorded, 0 unresolved; {'failure': 5, 'success': 12, 'skipped': 4}",PR359 unstable (mergeable=True),,"fix(web): restore canonical onboarding reconciliation integration; files: docs/event-operations/README.md, docs/event-operations/delivery-plan.md, docs/event-operations/pr-15-web-onboarding-integration.md, docs/event-operations/traceability-matrix.md, docs/event-operations/web-onboarding-integration-contract.md, formal/event-operations/README.md, formal/event-operations/WebOnboardingRecovery.cfg, formal/event-operations/WebOnboardingRecovery.tla, formal/event-operations/WebOnboardingRecoveryOverlap.cfg, formal/event-operations/WebOnboardingRecoveryReceipt.cfg, formal/event-operations/WebOnboardingRecoveryStale.cfg, scripts/verify-event-operations-formal.sh, tdf-hq-ui/src/pages/LoginPage.test.tsx, tdf-hq-ui/src/pages/LoginPage.tsx, tdf-hq-ui/src/routes/AppShell.test.tsx, tdf-hq-ui/src/routes/AppShell.tsx, tdf-hq-ui/src/session/SessionContext.reconciliation.test.tsx, tdf-hq-ui/src/session/SessionContext.tsx, tdf-hq-ui/src/session/SessionProvider.personalData.test.tsx",ALREADY_MERGED,high,Preserved branch; no audit deletion. Closed redundant unmerged PR after exact-head ancestry verification. Source contribution integrated through verified normal merge465; see target CI and closure evidence.,"Exact source head and contributor history are integrated through approved consolidation465 and its verified normal merge. Current product/API/mobile/session/lifecycle/task integrity repairs and tests are retained in the replacement. Source closure waits for passing normal target CI; branch remains. Evidence: branch-evidence/125-commits.txt, branch-evidence/125-changes.txt, branch-evidence/125-files.txt, branch-evidence/125-references.txt, checks/827d745629f8cdbaee4429ded3689d3bf520a09d.json, status/827d745629f8cdbaee4429ded3689d3bf520a09d.json",https://github.com/diegueins680/tdf-app/pull/359; https://github.com/diegueins680/tdf-app/pull/359#issuecomment-5975695199; https://github.com/diegueins680/tdf-app/pull/465,Not deleted
main,66dae5b8ec22f3f0fe819dfcd9bae5ed727c6b48,https://github.com/diegueins680/tdf-app/pull/194; https://github.com/diegueins680/tdf-app/pull/189; https://github.com/diegueins680/tdf-app/pull/183; https://github.com/diegueins680/tdf-app/pull/179; https://github.com/diegueins680/tdf-app/pull/162; https://github.com/diegueins680/tdf-app/pull/103; https://github.com/diegueins680/tdf-app/pull/102; https://github.com/diegueins680/tdf-app/pull/99; https://github.com/diegueins680/tdf-app/pull/97; https://github.com/diegueins680/tdf-app/pull/95; https://github.com/diegueins680/tdf-app/pull/93; https://github.com/diegueins680/tdf-app/pull/89; https://github.com/diegueins680/tdf-app/pull/86; https://github.com/diegueins680/tdf-app/pull/80; https://github.com/diegueins680/tdf-app/pull/78; https://github.com/diegueins680/tdf-app/pull/76; https://github.com/diegueins680/tdf-app/pull/67; https://github.com/diegueins680/tdf-app/pull/55; https://github.com/diegueins680/tdf-app/pull/45; https://github.com/diegueins680/tdf-app/pull/43; https://github.com/diegueins680/tdf-app/pull/41; https://github.com/diegueins680/tdf-app/pull/29; https://github.com/diegueins680/tdf-app/pull/24; https://github.com/diegueins680/tdf-app/pull/22; https://github.com/diegueins680/tdf-app/pull/20; https://github.com/diegueins680/tdf-app/pull/18; https://github.com/diegueins680/tdf-app/pull/16; https://github.com/diegueins680/tdf-app/pull/13; https://github.com/diegueins680/tdf-app/pull/10; https://github.com/diegueins680/tdf-app/pull/8; https://github.com/diegueins680/tdf-app/pull/5; https://github.com/diegueins680/tdf-app/pull/2,codex/event-research-entity-alias-reconciliation; codex/release-event-importer-20260818; copilot/add-offline-first-support; copilot/add-user-role-management; copilot/fix-ci-build-errors; copilot/refactor-user-role-management; copilot/sub-pr-27; copilot/sub-pr-30; copilot/suggest-application-features; copilot/update-readme-links-to-absolute-urls; feat/social-events-backend; feat/whatsapp-enroll; feature-recovery; fix/artist-enrichment-revoked-profile; fix/music-directory-scoped-evidence-20260818; fix/public-profile-catalog-session-20260820; pr-72; pr-73,Protected default branch; production workflows and releases target main.,"+0/-0 vs initial intended target; +0/-0 vs initial main; merge base 66dae5b8ec22f3f0fe819dfcd9bae5ed727c6b48; current head b07f67c3ebe2022d5f70e94578944b6401616696, relation {'target': 'main', 'target_sha': 'b07f67c3ebe2022d5f70e94578944b6401616696', 'ahead': 0, 'behind': 0, 'merge_base': 'b07f67c3ebe2022d5f70e94578944b6401616696'}","194: no required approval recorded, 0 unresolved; 189: no required approval recorded, 0 unresolved; 183: no required approval recorded, 0 unresolved; 179: no required approval recorded, 0 unresolved; 162: no required approval recorded, 0 unresolved; 103: no required approval recorded, 0 unresolved; 102: no required approval recorded, 0 unresolved; 99: no required approval recorded, 0 unresolved; 97: no required approval recorded, 0 unresolved; 95: no required approval recorded, 0 unresolved; 93: no required approval recorded, 0 unresolved; 89: no required approval recorded, 0 unresolved; 86: no required approval recorded, 0 unresolved; 80: no required approval recorded, 0 unresolved; 78: no required approval recorded, 0 unresolved; 76: no required approval recorded, 0 unresolved; 67: no required approval recorded, 0 unresolved; 55: no required approval recorded, 0 unresolved; 45: no required approval recorded, 0 unresolved; 43: no required approval recorded, 0 unresolved; 41: no required approval recorded, 0 unresolved; 29: no required approval recorded, 0 unresolved; 24: no required approval recorded, 0 unresolved; 22: no required approval recorded, 0 unresolved; 20: no required approval recorded, 0 unresolved; 18: no required approval recorded, 0 unresolved; 16: no required approval recorded, 0 unresolved; 13: no required approval recorded, 0 unresolved; 10: no required approval recorded, 0 unresolved; 8: no required approval recorded, 0 unresolved; 5: no required approval recorded, 0 unresolved; 2: no required approval recorded, 0 unresolved; {'success': 31, 'skipped': 2}",PR194 None (mergeable=None); PR189 None (mergeable=None); PR183 None (mergeable=None); PR179 None (mergeable=None); PR162 None (mergeable=None); PR103 None (mergeable=None); PR102 None (mergeable=None); PR99 None (mergeable=None); PR97 None (mergeable=None); PR95 None (mergeable=None); PR93 None (mergeable=None); PR89 None (mergeable=None); PR86 None (mergeable=None); PR80 None (mergeable=None); PR78 None (mergeable=None); PR76 None (mergeable=None); PR67 None (mergeable=None); PR55 None (mergeable=None); PR45 None (mergeable=None); PR43 None (mergeable=None); PR41 None (mergeable=None); PR29 None (mergeable=None); PR24 None (mergeable=None); PR22 None (mergeable=None); PR20 None (mergeable=None); PR18 None (mergeable=None); PR16 None (mergeable=None); PR13 None (mergeable=None); PR10 None (mergeable=None); PR8 None (mergeable=None); PR5 None (mergeable=None); PR2 None (mergeable=None),468: codex/hetzner-cutover-evidence-20260928; 331: codex/payment-platform-20260911,Merge; Merge; Merge; Merge; Merge; Merge; Merge; Merge pull request #98 from diegueins680/copilot/sub-pr-30; Merge pull request #96 from diegueins680/copilot/sub-pr-30; Merge pull request #94 from diegueins680/copilot/sub-pr-30; Merge; Merge; Merge; Merge; Merge PR-73; Merge; Merge Mobile feature; Merge; Merge pull request #44 from diegueins680/feat/whatsapp-enroll; Merge pull request #42 from diegueins680/feat/whatsapp-enroll; Merge WhatsApp features; Merge pull request #27 from diegueins680/feat/whatsapp-enroll; Merge; Merge user role management; Merge; Merge; Merge pull request #15 from diegueins680/feature-recovery; Merge; Merge pull request #9 from diegueins680/copilot/update-readme-links-t…; Merge reorganization; Merge; Merge pull request #1 from diegueins680/copilot/suggest-application-f…; files: ,PROTECTED_OR_OPERATIONAL,high,Preserved branch; no audit deletion.,"Protected default branch; production workflows and releases target main. Evidence: branch-evidence/126-commits.txt, branch-evidence/126-changes.txt, branch-evidence/126-files.txt, branch-evidence/126-references.txt, checks/66dae5b8ec22f3f0fe819dfcd9bae5ed727c6b48.json, status/66dae5b8ec22f3f0fe819dfcd9bae5ed727c6b48.json",,Not deleted
release/identity-compatible-recovery-20260918,bdd9e24bddaaa96e2da72d75041b1e1b20236e04,,main,Documented identity-compatible recovery reference; preserved for operational rollback.,"+0/-85 vs initial intended target; +0/-85 vs initial main; merge base bdd9e24bddaaa96e2da72d75041b1e1b20236e04; current head None, relation {'target': 'main', 'target_sha': 'b07f67c3ebe2022d5f70e94578944b6401616696', 'ahead': 0, 'behind': 262, 'merge_base': 'bdd9e24bddaaa96e2da72d75041b1e1b20236e04'}","; {'skipped': 1, 'failure': 2, 'success': 25}",No PR mergeability; see recorded git comparisons,,Merge commit 'e1a825bda26dbb16b1c732e551cc4880d5626943' into feat/identity-trials-prevention-20260918; files: ,PROTECTED_OR_OPERATIONAL,high,Remote ref concurrently deleted outside this audit; exact head retained in verified recovery bundle. No audit deletion or remote restoration.,"Documented identity-compatible recovery reference; preserved for operational rollback. Evidence: branch-evidence/127-commits.txt, branch-evidence/127-changes.txt, branch-evidence/127-files.txt, branch-evidence/127-references.txt, checks/bdd9e24bddaaa96e2da72d75041b1e1b20236e04.json, status/bdd9e24bddaaa96e2da72d75041b1e1b20236e04.json",,git push origin bdd9e24bddaaa96e2da72d75041b1e1b20236e04:refs/heads/release/identity-compatible-recovery-20260918
test/event-operations-http-boundary,dbe975d3143446c5e7cd9b132b6f994067065e7b,https://github.com/diegueins680/tdf-app/pull/345,fix/event-snapshot-privacy-boundary,Not protected by captured GitHub branch rules; external preview configuration not fully verifiable.,"+1/-0 vs initial intended target; +7/-448 vs initial main; merge base db81fdbe71d9b8e83d40d279b98c69df3749b316; current head dbe975d3143446c5e7cd9b132b6f994067065e7b, relation {'target': 'fix/event-snapshot-privacy-boundary', 'target_sha': 'db81fdbe71d9b8e83d40d279b98c69df3749b316', 'ahead': 1, 'behind': 0, 'merge_base': 'db81fdbe71d9b8e83d40d279b98c69df3749b316'}","345: APPROVED, 0 unresolved; {'failure': 8, 'success': 11}",PR345 unknown (mergeable=None),,"test: cover event operations authenticated HTTP boundary; files: .github/workflows/ci.yml, .github/workflows/event-operations-formal.yml, docs/event-operations/README.md, docs/event-operations/delivery-plan.md, docs/event-operations/http-verification-contract.md, docs/event-operations/implementation-report-2026-09-14.md, docs/event-operations/pr-07-http-verification.md, docs/event-operations/threat-model.md, docs/event-operations/traceability-matrix.md, package.json, scripts/__tests__/ci-change-scope.test.mjs, scripts/__tests__/ci-pipeline.test.mjs, scripts/__tests__/event-operations-http-runner.test.mjs, scripts/ci-change-scope.mjs, scripts/run-event-operations-http-harness.sh, scripts/test-event-operations-http-ci.sh, scripts/test-event-operations-http.sh, tdf-hq/test/EventOperationsHttpMain.hs, tdf-hq/test/TDF/EventOperations/HttpTestConfig.hs, tdf-hq/test/integration/event_operations_http_fixture.sql",ALREADY_MERGED,high,Preserved branch; no audit deletion. Closed redundant unmerged PR after exact-head ancestry verification. Source contribution integrated through verified normal merge465; see target CI and closure evidence.,"Exact source head and contributor history are integrated through approved consolidation465 and its verified normal merge. Current product/API/mobile/session/lifecycle/task integrity repairs and tests are retained in the replacement. Source closure waits for passing normal target CI; branch remains. Evidence: branch-evidence/128-commits.txt, branch-evidence/128-changes.txt, branch-evidence/128-files.txt, branch-evidence/128-references.txt, checks/dbe975d3143446c5e7cd9b132b6f994067065e7b.json, status/dbe975d3143446c5e7cd9b132b6f994067065e7b.json",https://github.com/diegueins680/tdf-app/pull/345; https://github.com/diegueins680/tdf-app/pull/345#issuecomment-5975709481; https://github.com/diegueins680/tdf-app/pull/465,Not deleted
test/event-operations-schema-rehearsal,cf591e1faa975b8023c6c06892fb50a51ba06dff,https://github.com/diegueins680/tdf-app/pull/349,fix/event-session-transaction-fence,Not protected by captured GitHub branch rules; external preview configuration not fully verifiable.,"+1/-0 vs initial intended target; +10/-448 vs initial main; merge base 3cd978045aa406c55512a6673c2ba5f2983ebc7c; current head cf591e1faa975b8023c6c06892fb50a51ba06dff, relation {'target': 'fix/event-session-transaction-fence', 'target_sha': '3cd978045aa406c55512a6673c2ba5f2983ebc7c', 'ahead': 1, 'behind': 0, 'merge_base': '3cd978045aa406c55512a6673c2ba5f2983ebc7c'}","349: APPROVED, 0 unresolved; {'failure': 7, 'success': 12, 'skipped': 1}",PR349 unknown (mergeable=None),,"test(events): expose complete-schema migration blockers; files: .github/workflows/event-operations-formal.yml, docs/event-operations/README.md, docs/event-operations/delivery-plan.md, docs/event-operations/pr-10-schema-rehearsal.md, docs/event-operations/traceability-matrix.md, package.json, scripts/__tests__/event-operations-schema-rehearsal.test.mjs, scripts/test-event-operations-schema-rehearsal.sh, tdf-hq/test/integration/event_operations_schema_assertions.sql, tdf-hq/test/integration/event_operations_schema_reapply_assertions.sql, tdf-hq/test/integration/event_operations_schema_rollback_assertions.sql, tdf-hq/test/integration/event_operations_schema_seed.sql",ALREADY_MERGED,high,Preserved branch; no audit deletion. Closed redundant unmerged PR after exact-head ancestry verification. Source contribution integrated through verified normal merge465; see target CI and closure evidence.,"Exact source head and contributor history are integrated through approved consolidation465 and its verified normal merge. Current product/API/mobile/session/lifecycle/task integrity repairs and tests are retained in the replacement. Source closure waits for passing normal target CI; branch remains. Evidence: branch-evidence/129-commits.txt, branch-evidence/129-changes.txt, branch-evidence/129-files.txt, branch-evidence/129-references.txt, checks/cf591e1faa975b8023c6c06892fb50a51ba06dff.json, status/cf591e1faa975b8023c6c06892fb50a51ba06dff.json",https://github.com/diegueins680/tdf-app/pull/349; https://github.com/diegueins680/tdf-app/pull/349#issuecomment-5975704149; https://github.com/diegueins680/tdf-app/pull/465,Not deleted
test/event-raci-accessibility-evidence,6047377348e901c919d7691b849faab30980b952,https://github.com/diegueins680/tdf-app/pull/403,fix/event-ui-lazy-validation,Not protected by captured GitHub branch rules; external preview configuration not fully verifiable.,"+1/-0 vs initial intended target; +30/-448 vs initial main; merge base d4e7ed0505a87a03706b765fc304ffa50362b8fb; current head 6047377348e901c919d7691b849faab30980b952, relation {'target': 'fix/event-ui-lazy-validation', 'target_sha': 'd4e7ed0505a87a03706b765fc304ffa50362b8fb', 'ahead': 1, 'behind': 0, 'merge_base': 'd4e7ed0505a87a03706b765fc304ffa50362b8fb'}","403: no required approval recorded, 0 unresolved; {'success': 19, 'skipped': 5, 'failure': 1}",PR403 unstable (mergeable=True),,"test(events): retain actionable RACI accessibility evidence; files: docs/event-operations/gap-matrix.md, docs/event-operations/pr-30-raci-review-accessibility.md, docs/event-operations/traceability-matrix.md, e2e/web/event-raci-editor.spec.mjs, scripts/__tests__/event-raci-web-editor.test.mjs",ALREADY_MERGED,high,Preserved branch; no audit deletion. Closed redundant unmerged PR after exact-head ancestry verification. Source contribution integrated through verified normal merge465; see target CI and closure evidence.,"Exact source head and contributor history are integrated through approved consolidation465 and its verified normal merge. Current product/API/mobile/session/lifecycle/task integrity repairs and tests are retained in the replacement. Source closure waits for passing normal target CI; branch remains. Evidence: branch-evidence/130-commits.txt, branch-evidence/130-changes.txt, branch-evidence/130-files.txt, branch-evidence/130-references.txt, checks/6047377348e901c919d7691b849faab30980b952.json, status/6047377348e901c919d7691b849faab30980b952.json",https://github.com/diegueins680/tdf-app/pull/403; https://github.com/diegueins680/tdf-app/pull/403#issuecomment-5975671064; https://github.com/diegueins680/tdf-app/pull/465,Not deleted
test/event-raci-full-stack,7cdd712568311975407cf0b7cb2ee2081a0c0414,https://github.com/diegueins680/tdf-app/pull/395,feat/event-raci-web-editor,Not protected by captured GitHub branch rules; external preview configuration not fully verifiable.,"+1/-0 vs initial intended target; +27/-448 vs initial main; merge base 061553d085d3106a9c8877ca08ccb3e2420cdd09; current head 7cdd712568311975407cf0b7cb2ee2081a0c0414, relation {'target': 'feat/event-raci-web-editor', 'target_sha': '061553d085d3106a9c8877ca08ccb3e2420cdd09', 'ahead': 1, 'behind': 0, 'merge_base': '061553d085d3106a9c8877ca08ccb3e2420cdd09'}","395: no required approval recorded, 0 unresolved; {'failure': 5, 'success': 17, 'skipped': 4}",PR395 unstable (mergeable=True),,"test(events): verify RACI editor through real auth and PostgreSQL; files: .github/workflows/event-raci-browser.yml, .gitignore, docs/event-operations/gap-matrix.md, docs/event-operations/pr-27-raci-real-browser.md, docs/event-operations/raci-browser-integration-contract.md, docs/event-operations/traceability-matrix.md, e2e/integration/event-raci-browser.spec.mjs, playwright.event-raci-browser.config.mjs, scripts/__tests__/event-raci-browser-runner.test.mjs, scripts/run-event-raci-browser.mjs, scripts/test-event-raci-browser.sh, tdf-hq/test/EventRaciBrowserMain.hs, tdf-hq/test/integration/event_raci_browser_fixture.sql",ALREADY_MERGED,high,Preserved branch; no audit deletion. Closed redundant unmerged PR after exact-head ancestry verification. Source contribution integrated through verified normal merge465; see target CI and closure evidence.,"Exact source head and contributor history are integrated through approved consolidation465 and its verified normal merge. Current product/API/mobile/session/lifecycle/task integrity repairs and tests are retained in the replacement. Source closure waits for passing normal target CI; branch remains. Evidence: branch-evidence/131-commits.txt, branch-evidence/131-changes.txt, branch-evidence/131-files.txt, branch-evidence/131-references.txt, checks/7cdd712568311975407cf0b7cb2ee2081a0c0414.json, status/7cdd712568311975407cf0b7cb2ee2081a0c0414.json",https://github.com/diegueins680/tdf-app/pull/395; https://github.com/diegueins680/tdf-app/pull/395#issuecomment-5975675653; https://github.com/diegueins680/tdf-app/pull/465,Not deleted
test/event-rsvp-ci-contracts,5ad2333c2a6ce379579a1cffa2708d56cbb21f5f,https://github.com/diegueins680/tdf-app/pull/398,test/event-raci-full-stack,Not protected by captured GitHub branch rules; external preview configuration not fully verifiable.,"+1/-0 vs initial intended target; +28/-448 vs initial main; merge base 7cdd712568311975407cf0b7cb2ee2081a0c0414; current head 5ad2333c2a6ce379579a1cffa2708d56cbb21f5f, relation {'target': 'test/event-raci-full-stack', 'target_sha': '7cdd712568311975407cf0b7cb2ee2081a0c0414', 'ahead': 1, 'behind': 0, 'merge_base': '7cdd712568311975407cf0b7cb2ee2081a0c0414'}","398: no required approval recorded, 0 unresolved; {'failure': 4, 'success': 18, 'skipped': 4}",PR398 unstable (mergeable=True),,"fix(events): restore directory contact continuity and RSVP CI contracts; files: docs/event-operations/gap-matrix.md, docs/event-operations/pr-28-ci-test-contracts.md, docs/event-operations/traceability-matrix.md, e2e/web/event-rsvp-sharing.spec.mjs, tdf-hq-ui/src/pages/DirectoryPublicDetailPage.test.tsx, tdf-hq-ui/src/pages/DirectoryPublicDetailPage.tsx",ALREADY_MERGED,high,Preserved branch; no audit deletion. Closed redundant unmerged PR after exact-head ancestry verification. Source contribution integrated through verified normal merge465; see target CI and closure evidence.,"Exact source head and contributor history are integrated through approved consolidation465 and its verified normal merge. Current product/API/mobile/session/lifecycle/task integrity repairs and tests are retained in the replacement. Source closure waits for passing normal target CI; branch remains. Evidence: branch-evidence/132-commits.txt, branch-evidence/132-changes.txt, branch-evidence/132-files.txt, branch-evidence/132-references.txt, checks/5ad2333c2a6ce379579a1cffa2708d56cbb21f5f.json, status/5ad2333c2a6ce379579a1cffa2708d56cbb21f5f.json",https://github.com/diegueins680/tdf-app/pull/398; https://github.com/diegueins680/tdf-app/pull/398#issuecomment-5975674115; https://github.com/diegueins680/tdf-app/pull/465,Not deleted
test/event-task-browser-startup,221d1205c9cc2e992f8f36f73d441a3f9c6fda21,https://github.com/diegueins680/tdf-app/pull/375,feat/event-task-raci-view,Not protected by captured GitHub branch rules; external preview configuration not fully verifiable.,"+1/-0 vs initial intended target; +20/-448 vs initial main; merge base f03f366de44c8ad09248e9d399caa5994af06d5a; current head 221d1205c9cc2e992f8f36f73d441a3f9c6fda21, relation {'target': 'feat/event-task-raci-view', 'target_sha': 'f03f366de44c8ad09248e9d399caa5994af06d5a', 'ahead': 1, 'behind': 0, 'merge_base': 'f03f366de44c8ad09248e9d399caa5994af06d5a'}","375: no required approval recorded, 0 unresolved; {'failure': 6, 'success': 15}",PR375 unstable (mergeable=True),,"test(events): verify task browser startup without module interception overhead; files: docs/event-operations/README.md, docs/event-operations/delivery-plan.md, docs/event-operations/gap-matrix.md, docs/event-operations/pr-19-task-raci-view.md, docs/event-operations/pr-20-task-browser-startup.md, docs/event-operations/task-browser-isolation-contract.md, docs/event-operations/traceability-matrix.md, e2e/web/event-task-view.spec.mjs, e2e/web/helpers/local-api-fixture.mjs, scripts/__tests__/local-api-fixture.test.mjs, scripts/quality-repo.sh",ALREADY_MERGED,high,Preserved branch; no audit deletion. Closed redundant unmerged PR after exact-head ancestry verification. Source contribution integrated through verified normal merge465; see target CI and closure evidence.,"Exact source head and contributor history are integrated through approved consolidation465 and its verified normal merge. Current product/API/mobile/session/lifecycle/task integrity repairs and tests are retained in the replacement. Source closure waits for passing normal target CI; branch remains. Evidence: branch-evidence/133-commits.txt, branch-evidence/133-changes.txt, branch-evidence/133-files.txt, branch-evidence/133-references.txt, checks/221d1205c9cc2e992f8f36f73d441a3f9c6fda21.json, status/221d1205c9cc2e992f8f36f73d441a3f9c6fda21.json",https://github.com/diegueins680/tdf-app/pull/375; https://github.com/diegueins680/tdf-app/pull/375#issuecomment-5975686657; https://github.com/diegueins680/tdf-app/pull/465,Not deleted
test/merch-expiry-checkout-contract,a1895105c6e15e1f95b4b72fd6218b34a311f6e6,https://github.com/diegueins680/tdf-app/pull/352,fix/event-schema-migration-dependencies,Not protected by captured GitHub branch rules; external preview configuration not fully verifiable.,"+1/-0 vs initial intended target; +12/-448 vs initial main; merge base 192f9578665109e52d28a96c772e3307bdc684e5; current head a1895105c6e15e1f95b4b72fd6218b34a311f6e6, relation {'target': 'fix/event-schema-migration-dependencies', 'target_sha': '192f9578665109e52d28a96c772e3307bdc684e5', 'ahead': 1, 'behind': 0, 'merge_base': '192f9578665109e52d28a96c772e3307bdc684e5'}","352: no required approval recorded, 0 unresolved; {'failure': 6, 'success': 14}",PR352 unstable (mergeable=True),,"test(merch): verify canonical checkout expiry and CI coverage; files: .github/workflows/ci.yml, docs/event-operations/README.md, docs/event-operations/delivery-plan.md, docs/event-operations/merch-expiry-test-contract.md, docs/event-operations/pr-11-schema-dependencies.md, docs/event-operations/pr-12-merch-expiry-contract.md, docs/event-operations/traceability-matrix.md, scripts/__tests__/ci-change-scope.test.mjs, scripts/__tests__/ci-pipeline.test.mjs, scripts/ci-change-scope.mjs, scripts/test-artist-merch-storefronts-migration.sh, tdf-hq/test/integration/merch_checkout_expiry_assertions.sql",ALREADY_MERGED,high,Preserved branch; no audit deletion. Closed redundant unmerged PR after exact-head ancestry verification. Source contribution integrated through verified normal merge465; see target CI and closure evidence.,"Exact source head and contributor history are integrated through approved consolidation465 and its verified normal merge. Current product/API/mobile/session/lifecycle/task integrity repairs and tests are retained in the replacement. Source closure waits for passing normal target CI; branch remains. Evidence: branch-evidence/134-commits.txt, branch-evidence/134-changes.txt, branch-evidence/134-files.txt, branch-evidence/134-references.txt, checks/a1895105c6e15e1f95b4b72fd6218b34a311f6e6.json, status/a1895105c6e15e1f95b4b72fd6218b34a311f6e6.json",https://github.com/diegueins680/tdf-app/pull/352; https://github.com/diegueins680/tdf-app/pull/352#issuecomment-5975700579; https://github.com/diegueins680/tdf-app/pull/465,Not deleted
